image,box_index,class_id,number_candidate,word_candidate,final_text,final_type,final_score
409.jpg,1,40,,,,,
409.jpg,2,32,,,,,
409.jpg,3,5,,,,,
409.jpg,4,6,৬,,৬,number,98.53
409.jpg,5,7,,,,,
409.jpg,6,8,৮,,৮,number,7.65
409.jpg,7,9,,,,,
409.jpg,8,0,,,,,
409.jpg,ALL,N/A,৬,,৬,summary,N/A
297.jpg,1,49,,ঢাকা,ঢাকা,word,90.32
297.jpg,2,10,,মেট্রো,মেট্রো,word,86.85
297.jpg,3,18,,,,,
297.jpg,4,3,,,,,
297.jpg,5,3,,,,,
297.jpg,6,3,,,,,
297.jpg,7,7,,,,,
297.jpg,8,4,,,,,
297.jpg,9,6,,,,,
297.jpg,ALL,N/A,,ঢাকা,ঢাকা,summary,N/A
1672.jpg,1,64,,কিশোরগঞ্জ,কিশোরগঞ্জ,word,89.90
1672.jpg,2,20,,,,,
1672.jpg,3,1,১,,১,number,88.35
1672.jpg,4,2,১,,১,number,80.36
1672.jpg,5,7,৭,,৭,number,74.18
1672.jpg,6,1,,,,,
1672.jpg,7,6,৬,,৬,number,99.35
1672.jpg,8,5,,,,,
1672.jpg,ALL,N/A,১,কিশোরগঞ্জ,কিশোরগঞ্জ ১,summary,N/A
2153.jpg,1,49,,,,,
2153.jpg,2,10,,,,,
2153.jpg,3,18,,,,,
2153.jpg,4,3,,,,,
2153.jpg,5,1,,,,,
2153.jpg,6,1,,,,,
2153.jpg,7,3,,,,,
2153.jpg,8,2,,,,,
2153.jpg,9,3,,,,,
2153.jpg,ALL,N/A,,,N/A,summary,N/A
517.jpg,1,46,,চুয়াডাঙ্গা,চুয়াডাঙ্গা,word,83.26
517.jpg,2,11,,,,,
517.jpg,3,7,,,,,
517.jpg,4,8,৮,,৮,number,82.35
517.jpg,5,9,,,,,
517.jpg,6,0,,,,,
517.jpg,7,1,১,,১,number,99.72
517.jpg,8,2,২,,২,number,99.78
517.jpg,ALL,N/A,৮,চুয়াডাঙ্গা,চুয়াডাঙ্গা ৮,summary,N/A
1201.jpg,1,69,,মাদারীপুর,মাদারীপুর,word,91.23
1201.jpg,2,14,,,,,
1201.jpg,3,1,,,,,
1201.jpg,4,4,,,,,
1201.jpg,5,7,,,,,
1201.jpg,6,8,,,,,
1201.jpg,7,9,,,,,
1201.jpg,8,2,,,,,
1201.jpg,ALL,N/A,,মাদারীপুর,মাদারীপুর,summary,N/A
893.jpg,1,91,,রংপুর,রংপুর,word,99.14
893.jpg,2,25,,,,,
893.jpg,3,1,,,,,
893.jpg,4,1,,,,,
893.jpg,5,2,,,,,
893.jpg,6,0,,,,,
893.jpg,7,0,,,,,
893.jpg,8,3,,,,,
893.jpg,ALL,N/A,,রংপুর,রংপুর,summary,N/A
135.jpg,1,77,,নারায়ণগঞ্জ,নারায়ণগঞ্জ,word,78.67
135.jpg,2,14,,,,,
135.jpg,3,1,,,,,
135.jpg,4,1,,,,,
135.jpg,5,0,,,,,
135.jpg,6,2,,,,,
135.jpg,7,4,,,,,
135.jpg,8,8,,,,,
135.jpg,ALL,N/A,,নারায়ণগঞ্জ,নারায়ণগঞ্জ,summary,N/A
548.jpg,1,51,,,,,
548.jpg,2,17,,,,,
548.jpg,3,1,,,,,
548.jpg,4,2,,,,,
548.jpg,5,3,,,,,
548.jpg,6,4,৪,,৪,number,12.95
548.jpg,7,5,,,,,
548.jpg,8,6,,,,,
548.jpg,ALL,N/A,৪,,৪,summary,N/A
2650.jpg,1,80,,নেত্রকোনা,নেত্রকোনা,word,80.98
2650.jpg,2,20,,,,,
2650.jpg,3,1,,,,,
2650.jpg,4,1,,,,,
2650.jpg,5,9,,,,,
2650.jpg,6,3,,,,,
2650.jpg,7,2,,,,,
2650.jpg,8,8,৮,,৮,number,99.96
2650.jpg,ALL,N/A,৮,নেত্রকোনা,নেত্রকোনা ৮,summary,N/A
254.jpg,1,49,,ঢাকা,ঢাকা,word,93.88
254.jpg,2,10,,মেট্রো,মেট্রো,word,85.79
254.jpg,3,18,,,,,
254.jpg,4,2,,,,,
254.jpg,5,1,,,,,
254.jpg,6,1,,,,,
254.jpg,7,8,,,,,
254.jpg,8,5,,,,,
254.jpg,9,7,,,,,
254.jpg,ALL,N/A,,ঢাকা,ঢাকা,summary,N/A
1742.jpg,1,49,,,,,
1742.jpg,2,10,,মেট্রো,মেট্রো,word,97.00
1742.jpg,3,18,,,,,
1742.jpg,4,3,,,,,
1742.jpg,5,5,,,,,
1742.jpg,6,8,৮,,৮,number,100.00
1742.jpg,7,7,,,,,
1742.jpg,8,8,৮,,৮,number,64.61
1742.jpg,9,8,৮,,৮,number,100.00
1742.jpg,ALL,N/A,৮,মেট্রো,মেট্রো ৮,summary,N/A
1221.jpg,1,71,,,,,
1221.jpg,2,17,,,,,
1221.jpg,3,2,,,,,
1221.jpg,4,4,৪,,৪,number,4.47
1221.jpg,5,6,,,,,
1221.jpg,6,8,,,,,
1221.jpg,7,0,,,,,
1221.jpg,8,1,,,,,
1221.jpg,ALL,N/A,৪,,৪,summary,N/A
2233.jpg,1,64,,,,,
2233.jpg,2,20,,,,,
2233.jpg,3,1,,,,,
2233.jpg,4,2,,,,,
2233.jpg,5,1,৩,,৩,number,0.49
2233.jpg,6,3,,,,,
2233.jpg,7,5,,,,,
2233.jpg,8,5,৫,,৫,number,52.35
2233.jpg,ALL,N/A,৩,,৩,summary,N/A
385.jpg,1,36,,,,,
385.jpg,2,34,,,,,
385.jpg,3,7,৭,,৭,number,70.50
385.jpg,4,8,৮,,৮,number,24.51
385.jpg,5,9,,,,,
385.jpg,6,0,,,,,
385.jpg,7,1,,,,,
385.jpg,8,2,১,,১,number,67.07
385.jpg,ALL,N/A,৭,,৭,summary,N/A
1864.jpg,1,49,,,,,
1864.jpg,2,10,,মেট্রো,মেট্রো,word,73.73
1864.jpg,3,18,,,,,
1864.jpg,4,3,,,,,
1864.jpg,5,5,৫,,৫,number,97.89
1864.jpg,6,9,,,,,
1864.jpg,7,5,৫,,৫,number,98.97
1864.jpg,8,6,৬,,৬,number,98.14
1864.jpg,9,8,৮,,৮,number,100.00
1864.jpg,ALL,N/A,৫,মেট্রো,মেট্রো ৫,summary,N/A
2450.jpg,1,49,,,,,
2450.jpg,2,10,,,,,
2450.jpg,3,25,,,,,
2450.jpg,4,2,,,,,
2450.jpg,5,9,৯,,৯,number,5.80
2450.jpg,6,6,,,,,
2450.jpg,7,1,,,,,
2450.jpg,8,3,,,,,
2450.jpg,9,9,,,,,
2450.jpg,ALL,N/A,৯,,৯,summary,N/A
1107.jpg,1,62,,,,,
1107.jpg,2,30,,,,,
1107.jpg,3,2,,,,,
1107.jpg,4,4,,,,,
1107.jpg,5,6,,,,,
1107.jpg,6,8,৮,,৮,number,22.48
1107.jpg,7,0,,,,,
1107.jpg,8,1,,,,,
1107.jpg,ALL,N/A,৮,,৮,summary,N/A
1785.jpg,1,44,,,,,
1785.jpg,2,10,,মেট্রো,মেট্রো,word,88.19
1785.jpg,3,18,,,,,
1785.jpg,4,1,,,,,
1785.jpg,5,3,,,,,
1785.jpg,6,5,,,,,
1785.jpg,7,7,,,,,
1785.jpg,8,8,,,,,
1785.jpg,9,5,,,,,
1785.jpg,ALL,N/A,,মেট্রো,মেট্রো,summary,N/A
521.jpg,1,38,,বরগুনা,বরগুনা,word,91.92
521.jpg,2,17,,,,,
521.jpg,3,1,,,,,
521.jpg,4,2,,,,,
521.jpg,5,3,,,,,
521.jpg,6,4,,,,,
521.jpg,7,5,,,,,
521.jpg,8,6,,,,,
521.jpg,ALL,N/A,,বরগুনা,বরগুনা,summary,N/A
933.jpg,1,98,,টাঙ্গাইল,টাঙ্গাইল,word,84.82
933.jpg,2,20,,,,,
933.jpg,3,1,১,,১,number,99.95
933.jpg,4,1,১,,১,number,99.99
933.jpg,5,5,৫,,৫,number,94.43
933.jpg,6,5,,,,,
933.jpg,7,8,৮,,৮,number,77.45
933.jpg,8,8,,,,,
933.jpg,ALL,N/A,১,টাঙ্গাইল,টাঙ্গাইল ১,summary,N/A
749.jpg,1,58,,,,,
749.jpg,2,25,,,,,
749.jpg,3,1,,,,,
749.jpg,4,2,২,,২,number,85.57
749.jpg,5,3,,,,,
749.jpg,6,2,১,,১,number,52.79
749.jpg,7,0,,,,,
749.jpg,8,1,১,,১,number,100.00
749.jpg,ALL,N/A,১,,১,summary,N/A
810.jpg,1,85,,,,,
810.jpg,2,20,,,,,
810.jpg,3,1,,,,,
810.jpg,4,1,,,,,
810.jpg,5,8,,,,,
810.jpg,6,5,,,,,
810.jpg,7,9,,,,,
810.jpg,8,9,৯,,৯,number,90.96
810.jpg,ALL,N/A,৯,,৯,summary,N/A
492.jpg,1,41,০,,০,number,8.19
492.jpg,2,31,,,,,
492.jpg,3,9,,,,,
492.jpg,4,0,,,,,
492.jpg,5,1,,,,,
492.jpg,6,2,,,,,
492.jpg,7,3,,,,,
492.jpg,8,4,,,,,
492.jpg,ALL,N/A,০,,০,summary,N/A
2191.jpg,1,49,,,,,
2191.jpg,2,10,৫,,৫,number,7.49
2191.jpg,3,19,,,,,
2191.jpg,4,1,,,,,
2191.jpg,5,7,,,,,
2191.jpg,6,0,,,,,
2191.jpg,7,8,৮,,৮,number,100.00
2191.jpg,8,0,,,,,
2191.jpg,9,2,,,,,
2191.jpg,ALL,N/A,৫,,৫,summary,N/A
878.jpg,1,88,,রাজবাড়ী,রাজবাড়ী,word,81.86
878.jpg,2,20,,,,,
878.jpg,3,1,,,,,
878.jpg,4,1,,,,,
878.jpg,5,2,,,,,
878.jpg,6,5,,,,,
878.jpg,7,3,,,,,
878.jpg,8,7,৭,,৭,number,89.27
878.jpg,ALL,N/A,৭,রাজবাড়ী,রাজবাড়ী ৭,summary,N/A
840.jpg,1,87,,,,,
840.jpg,2,10,,মেট্রো,মেট্রো,word,78.87
840.jpg,3,31,,,,,
840.jpg,4,1,১,,১,number,93.37
840.jpg,5,1,১,,১,number,99.21
840.jpg,6,0,,,,,
840.jpg,7,2,২,,২,number,99.58
840.jpg,8,0,,,,,
840.jpg,9,9,,,,,
840.jpg,ALL,N/A,১,মেট্রো,মেট্রো ১,summary,N/A
1375.jpg,1,91,,রংপুর,রংপুর,word,99.95
1375.jpg,2,27,,,,,
1375.jpg,3,2,১,,১,number,30.57
1375.jpg,4,3,,,,,
1375.jpg,5,4,,,,,
1375.jpg,6,5,,,,,
1375.jpg,7,6,৬,,৬,number,99.84
1375.jpg,8,7,,,,,
1375.jpg,ALL,N/A,১,রংপুর,রংপুর ১,summary,N/A
121.jpeg,1,98,,,,,
121.jpeg,2,33,,,,,
121.jpeg,3,1,,,,,
121.jpeg,4,1,,,,,
121.jpeg,5,1,,,,,
121.jpeg,6,3,,,,,
121.jpeg,7,0,,,,,
121.jpeg,8,7,,,,,
121.jpeg,ALL,N/A,,,N/A,summary,N/A
275.jpg,1,49,,,,,
275.jpg,2,10,,,,,
275.jpg,3,24,,,,,
275.jpg,4,1,,,,,
275.jpg,5,2,,,,,
275.jpg,6,2,,,,,
275.jpg,7,2,,,,,
275.jpg,8,9,,,,,
275.jpg,9,9,,,,,
275.jpg,ALL,N/A,,,N/A,summary,N/A
595.jpg,1,55,,গোপালগঞ্জ,গোপালগঞ্জ,word,73.74
595.jpg,2,21,,,,,
595.jpg,3,2,২,,২,number,99.95
595.jpg,4,3,,,,,
595.jpg,5,4,,,,,
595.jpg,6,5,,,,,
595.jpg,7,6,৬,,৬,number,99.94
595.jpg,8,7,,,,,
595.jpg,ALL,N/A,২,গোপালগঞ্জ,গোপালগঞ্জ ২,summary,N/A
1817.jpg,1,49,,,,,
1817.jpg,2,10,৫৬৬,,৫৬৬,number,10.12
1817.jpg,3,25,,,,,
1817.jpg,4,2,১,,১,number,3.75
1817.jpg,5,1,১,,১,number,71.69
1817.jpg,6,5,৫,,৫,number,85.54
1817.jpg,7,8,৮,,৮,number,14.19
1817.jpg,8,8,,,,,
1817.jpg,9,2,,,,,
1817.jpg,ALL,N/A,১,,১,summary,N/A
2405.jpg,1,49,,,,,
2405.jpg,2,10,,মেট্রো,মেট্রো,word,77.83
2405.jpg,3,18,,,,,
2405.jpg,4,4,৪,,৪,number,33.52
2405.jpg,5,5,৫,,৫,number,85.57
2405.jpg,6,6,৬,,৬,number,93.45
2405.jpg,7,4,৪,,৪,number,65.62
2405.jpg,8,3,,,,,
2405.jpg,9,2,,,,,
2405.jpg,ALL,N/A,৪,মেট্রো,মেট্রো ৪,summary,N/A
90.jpeg,1,39,,বরিশাল,বরিশাল,word,93.07
90.jpeg,2,10,,,,,
90.jpeg,3,20,,,,,
90.jpeg,4,1,১,,১,number,38.92
90.jpeg,5,2,২,,২,number,71.02
90.jpeg,6,9,,,,,
90.jpeg,7,4,,,,,
90.jpeg,8,6,,,,,
90.jpeg,9,8,,,,,
90.jpeg,ALL,N/A,১,বরিশাল,বরিশাল ১,summary,N/A
1339.jpg,1,76,,,,,
1339.jpg,2,32,,,,,
1339.jpg,3,9,,,,,
1339.jpg,4,0,,,,,
1339.jpg,5,1,,,,,
1339.jpg,6,2,,,,,
1339.jpg,7,3,,,,,
1339.jpg,8,4,,,,,
1339.jpg,ALL,N/A,,,N/A,summary,N/A
882.jpg,1,88,,রাজবাড়ী,রাজবাড়ী,word,77.10
882.jpg,2,25,,,,,
882.jpg,3,1,১,,১,number,99.97
882.jpg,4,1,১,,১,number,99.98
882.jpg,5,2,,,,,
882.jpg,6,9,,,,,
882.jpg,7,3,,,,,
882.jpg,8,3,৩,,৩,number,98.83
882.jpg,ALL,N/A,১,রাজবাড়ী,রাজবাড়ী ১,summary,N/A
1371.jpg,1,91,,রংপুর,রংপুর,word,99.86
1371.jpg,2,3,,,,,
1371.jpg,3,4,,,,,
1371.jpg,4,27,,,,,
1371.jpg,5,0,,,,,
1371.jpg,6,9,,,,,
1371.jpg,7,8,৮,,৮,number,58.10
1371.jpg,8,7,,,,,
1371.jpg,ALL,N/A,৮,রংপুর,রংপুর ৮,summary,N/A
1835.jpg,1,49,,ঢাকা,ঢাকা,word,84.10
1835.jpg,2,10,,মেট্রো,মেট্রো,word,84.20
1835.jpg,3,25,,,,,
1835.jpg,4,3,,,,,
1835.jpg,5,2,,,,,
1835.jpg,6,2,,,,,
1835.jpg,7,2,১,,১,number,2.57
1835.jpg,8,5,,,,,
1835.jpg,9,2,,,,,
1835.jpg,ALL,N/A,১,ঢাকা,ঢাকা ১,summary,N/A
2609.jpg,1,65,,,,,
2609.jpg,2,25,,,,,
2609.jpg,3,1,,,,,
2609.jpg,4,3,,,,,
2609.jpg,5,1,,,,,
2609.jpg,6,2,,,,,
2609.jpg,7,5,,,,,
2609.jpg,8,0,,,,,
2609.jpg,ALL,N/A,,,N/A,summary,N/A
1156.jpg,1,65,,কুড়িগ্রাম,কুড়িগ্রাম,word,69.49
1156.jpg,2,100,,,,,
1156.jpg,3,1,,,,,
1156.jpg,4,2,২,,২,number,89.82
1156.jpg,5,3,,,,,
1156.jpg,6,4,,,,,
1156.jpg,7,5,,,,,
1156.jpg,8,6,৬,,৬,number,76.66
1156.jpg,ALL,N/A,২,কুড়িগ্রাম,কুড়িগ্রাম ২,summary,N/A
248.jpg,1,49,,ঢাকা,ঢাকা,word,86.49
248.jpg,2,10,,মেট্রো,মেট্রো,word,72.83
248.jpg,3,18,,,,,
248.jpg,4,3,,,,,
248.jpg,5,3,,,,,
248.jpg,6,6,,,,,
248.jpg,7,1,১,,১,number,100.00
248.jpg,8,2,,,,,
248.jpg,9,8,,,,,
248.jpg,ALL,N/A,১,ঢাকা,ঢাকা ১,summary,N/A
1537.jpg,1,92,,সাতক্ষীরা,সাতক্ষীরা,word,93.94
1537.jpg,2,25,,,,,
1537.jpg,3,1,১,,১,number,100.00
1537.jpg,4,9,৯,,৯,number,99.99
1537.jpg,5,8,,,,,
1537.jpg,6,2,,,,,
1537.jpg,7,2,১,,১,number,90.81
1537.jpg,8,2,১,,১,number,76.42
1537.jpg,ALL,N/A,১,সাতক্ষীরা,সাতক্ষীরা ১,summary,N/A
1385.jpg,1,90,,,,,
1385.jpg,2,15,,,,,
1385.jpg,3,7,,,,,
1385.jpg,4,8,,,,,
1385.jpg,5,9,,,,,
1385.jpg,6,0,,,,,
1385.jpg,7,1,,,,,
1385.jpg,8,2,,,,,
1385.jpg,ALL,N/A,,,N/A,summary,N/A
2193.jpg,1,49,,,,,
2193.jpg,2,10,,,,,
2193.jpg,3,31,,,,,
2193.jpg,4,1,,,,,
2193.jpg,5,3,,,,,
2193.jpg,6,0,,,,,
2193.jpg,7,0,,,,,
2193.jpg,8,1,,,,,
2193.jpg,9,7,,,,,
2193.jpg,ALL,N/A,,,N/A,summary,N/A
1704.jpg,1,94,,,,,
1704.jpg,2,25,,,,,
1704.jpg,3,3,,,,,
1704.jpg,4,4,,,,,
1704.jpg,5,5,,,,,
1704.jpg,6,6,৬,,৬,number,20.77
1704.jpg,7,7,,,,,
1704.jpg,8,8,,,,,
1704.jpg,ALL,N/A,৬,,৬,summary,N/A
897.jpg,1,91,,রংপুর,রংপুর,word,99.84
897.jpg,2,20,,,,,
897.jpg,3,1,১,,১,number,100.00
897.jpg,4,7,,,,,
897.jpg,5,1,১,,১,number,100.00
897.jpg,6,7,,,,,
897.jpg,7,5,৫,,৫,number,93.00
897.jpg,8,8,৮,,৮,number,99.98
897.jpg,ALL,N/A,১,রংপুর,রংপুর ১,summary,N/A
1882.jpg,1,49,,ঢাকা,ঢাকা,word,81.03
1882.jpg,2,10,,,,,
1882.jpg,3,13,,,,,
1882.jpg,4,5,,,,,
1882.jpg,5,3,,,,,
1882.jpg,6,4,,,,,
1882.jpg,7,5,৫,,৫,number,83.68
1882.jpg,8,4,,,,,
1882.jpg,9,1,,,,,
1882.jpg,ALL,N/A,৫,ঢাকা,ঢাকা ৫,summary,N/A
1067.jpg,1,73,,মৌলভীবাজার,মৌলভীবাজার,word,98.55
1067.jpg,2,25,,,,,
1067.jpg,3,1,১,,১,number,100.00
1067.jpg,4,1,১,,১,number,100.00
1067.jpg,5,2,২,,২,number,80.23
1067.jpg,6,7,,,,,
1067.jpg,7,6,,,,,
1067.jpg,8,3,৩,,৩,number,98.24
1067.jpg,ALL,N/A,১,মৌলভীবাজার,মৌলভীবাজার ১,summary,N/A
1254.jpg,1,73,,মৌলভীবাজার,মৌলভীবাজার,word,71.61
1254.jpg,2,100,,,,,
1254.jpg,3,8,৩,,৩,number,13.89
1254.jpg,4,8,৩,,৩,number,76.78
1254.jpg,5,9,,,,,
1254.jpg,6,0,,,,,
1254.jpg,7,1,,,,,
1254.jpg,8,7,,,,,
1254.jpg,ALL,N/A,৩,মৌলভীবাজার,মৌলভীবাজার ৩,summary,N/A
2643.jpg,1,49,,ঢাকা,ঢাকা,word,83.74
2643.jpg,2,10,,মেট্রো,মেট্রো,word,79.33
2643.jpg,3,20,,,,,
2643.jpg,4,8,৮,,৮,number,83.35
2643.jpg,5,6,৬,,৬,number,99.97
2643.jpg,6,6,৬,,৬,number,46.49
2643.jpg,7,0,,,,,
2643.jpg,8,2,,,,,
2643.jpg,9,3,৩,,৩,number,99.92
2643.jpg,ALL,N/A,৬,ঢাকা,ঢাকা ৬,summary,N/A
151.jpeg,1,36,,,,,
151.jpeg,2,25,,,,,
151.jpeg,3,1,,,,,
151.jpeg,4,3,,,,,
151.jpeg,5,3,,,,,
151.jpeg,6,2,,,,,
151.jpeg,7,6,,,,,
151.jpeg,8,9,,,,,
151.jpeg,ALL,N/A,,,N/A,summary,N/A
159.jpeg,1,49,,ঢাকা,ঢাকা,word,82.24
159.jpeg,2,10,,মেট্রো,মেট্রো,word,95.61
159.jpeg,3,18,,,,,
159.jpeg,4,1,,,,,
159.jpeg,5,49,,ঢাকা,ঢাকা,word,82.24
159.jpeg,6,7,৭,,৭,number,67.26
159.jpeg,7,9,,,,,
159.jpeg,8,6,,,,,
159.jpeg,9,6,,,,,
159.jpeg,10,7,৭,,৭,number,62.94
159.jpeg,ALL,N/A,৭,ঢাকা,ঢাকা ৭,summary,N/A
615.jpg,1,57,,জামালপুর,জামালপুর,word,98.52
615.jpg,2,23,,,,,
615.jpg,3,3,,,,,
615.jpg,4,4,,,,,
615.jpg,5,5,,,,,
615.jpg,6,6,৬,,৬,number,49.49
615.jpg,7,7,৭,,৭,number,65.84
615.jpg,8,8,৮,,৮,number,28.13
615.jpg,ALL,N/A,৬,জামালপুর,জামালপুর ৬,summary,N/A
2491.jpg,1,35,,বাগেরহাট,বাগেরহাট,word,58.43
2491.jpg,2,20,,,,,
2491.jpg,3,1,,,,,
2491.jpg,4,2,,,,,
2491.jpg,5,0,,,,,
2491.jpg,6,3,,,,,
2491.jpg,7,2,১,,১,number,27.76
2491.jpg,8,1,১,,১,number,99.96
2491.jpg,ALL,N/A,১,বাগেরহাট,বাগেরহাট ১,summary,N/A
1163.jpg,1,66,,,,,
1163.jpg,2,101,,,,,
1163.jpg,3,2,,,,,
1163.jpg,4,4,,,,,
1163.jpg,5,6,,,,,
1163.jpg,6,8,৮,,৮,number,99.79
1163.jpg,7,0,,,,,
1163.jpg,8,1,,,,,
1163.jpg,ALL,N/A,৮,,৮,summary,N/A
1461.jpg,1,73,,মৌলভীবাজার,মৌলভীবাজার,word,92.40
1461.jpg,2,20,,,,,
1461.jpg,3,1,,,,,
1461.jpg,4,1,১,,১,number,100.00
1461.jpg,5,3,,,,,
1461.jpg,6,3,,,,,
1461.jpg,7,2,২,,২,number,94.97
1461.jpg,8,6,,,,,
1461.jpg,ALL,N/A,১,মৌলভীবাজার,মৌলভীবাজার ১,summary,N/A
1124.jpg,1,63,,খুলনা,খুলনা,word,80.68
1124.jpg,2,1,,,,,
1124.jpg,3,2,১,,১,number,92.44
1124.jpg,4,10,,,,,
1124.jpg,5,32,,,,,
1124.jpg,6,3,,,,,
1124.jpg,7,4,,,,,
1124.jpg,8,5,,,,,
1124.jpg,9,6,,,,,
1124.jpg,ALL,N/A,১,খুলনা,খুলনা ১,summary,N/A
2428.jpg,1,49,,,,,
2428.jpg,2,10,,,,,
2428.jpg,3,24,,,,,
2428.jpg,4,1,,,,,
2428.jpg,5,2,১,,১,number,62.16
2428.jpg,6,0,,,,,
2428.jpg,7,0,,,,,
2428.jpg,8,8,,,,,
2428.jpg,9,8,,,,,
2428.jpg,ALL,N/A,১,,১,summary,N/A
1854.jpg,1,44,৮,,৮,number,92.06
1854.jpg,2,10,,মেট্রো,মেট্রো,word,67.15
1854.jpg,3,18,,,,,
1854.jpg,4,1,,,,,
1854.jpg,5,1,,,,,
1854.jpg,6,9,,,,,
1854.jpg,7,1,,,,,
1854.jpg,8,9,,,,,
1854.jpg,9,4,,,,,
1854.jpg,ALL,N/A,৮,মেট্রো,মেট্রো ৮,summary,N/A
2431.jpg,1,49,,,,,
2431.jpg,2,10,,,,,
2431.jpg,3,20,,,,,
2431.jpg,4,2,,,,,
2431.jpg,5,9,,,,,
2431.jpg,6,2,,,,,
2431.jpg,7,9,,,,,
2431.jpg,8,0,,,,,
2431.jpg,9,1,,,,,
2431.jpg,ALL,N/A,,,N/A,summary,N/A
2290.jpg,1,44,,,,,
2290.jpg,2,10,,,,,
2290.jpg,3,34,,,,,
2290.jpg,4,1,১,,১,number,2.87
2290.jpg,5,1,১,,১,number,13.01
2290.jpg,6,1,,,,,
2290.jpg,7,0,,,,,
2290.jpg,8,1,১,,১,number,99.43
2290.jpg,9,7,,,,,
2290.jpg,ALL,N/A,১,,১,summary,N/A
1304.jpg,1,78,,,,,
1304.jpg,2,30,,,,,
1304.jpg,3,1,,,,,
1304.jpg,4,9,,,,,
1304.jpg,5,5,,,,,
1304.jpg,6,6,,,,,
1304.jpg,7,7,,,,,
1304.jpg,8,8,৩,,৩,number,9.32
1304.jpg,ALL,N/A,৩,,৩,summary,N/A
219.jpg,1,49,,,,,
219.jpg,2,10,,,,,
219.jpg,3,24,,,,,
219.jpg,4,1,,,,,
219.jpg,5,1,,,,,
219.jpg,6,8,,,,,
219.jpg,7,4,,,,,
219.jpg,8,7,,,,,
219.jpg,9,7,,,,,
219.jpg,ALL,N/A,,,N/A,summary,N/A
2658.jpg,1,44,,,,,
2658.jpg,2,10,,মেট্রো,মেট্রো,word,88.17
2658.jpg,3,11,,,,,
2658.jpg,4,0,,,,,
2658.jpg,5,0,,,,,
2658.jpg,6,0,,,,,
2658.jpg,7,1,১,,১,number,100.00
2658.jpg,8,2,২,,২,number,95.33
2658.jpg,9,9,১,,১,number,57.39
2658.jpg,ALL,N/A,১,মেট্রো,মেট্রো ১,summary,N/A
2468.jpg,1,74,,,,,
2468.jpg,2,25,,,,,
2468.jpg,3,1,,,,,
2468.jpg,4,1,,,,,
2468.jpg,5,1,,,,,
2468.jpg,6,8,,,,,
2468.jpg,7,2,,,,,
2468.jpg,8,6,,,,,
2468.jpg,ALL,N/A,,,N/A,summary,N/A
415.jpg,1,44,০,,০,number,16.16
415.jpg,2,10,০,,০,number,4.22
415.jpg,3,15,,,,,
415.jpg,4,5,,,,,
415.jpg,5,6,৬,,৬,number,96.31
415.jpg,6,7,,,,,
415.jpg,7,8,,,,,
415.jpg,8,9,,,,,
415.jpg,9,0,,,,,
415.jpg,ALL,N/A,০,,০,summary,N/A
1818.jpg,1,63,,,,,
1818.jpg,2,10,,মেট্রো,মেট্রো,word,80.17
1818.jpg,3,25,,,,,
1818.jpg,4,1,,,,,
1818.jpg,5,2,,,,,
1818.jpg,6,4,,,,,
1818.jpg,7,2,,,,,
1818.jpg,8,3,,,,,
1818.jpg,9,4,,,,,
1818.jpg,ALL,N/A,,মেট্রো,মেট্রো,summary,N/A
559.jpg,1,52,,,,,
559.jpg,2,18,,,,,
559.jpg,3,2,,,,,
559.jpg,4,4,,,,,
559.jpg,5,6,৬,,৬,number,99.78
559.jpg,6,8,,,,,
559.jpg,7,0,,,,,
559.jpg,8,1,১,,১,number,54.69
559.jpg,ALL,N/A,৬,,৬,summary,N/A
1431.jpg,1,71,,মানিকগঞ্জ,মানিকগঞ্জ,word,96.06
1431.jpg,2,33,,,,,
1431.jpg,3,1,১,,১,number,100.00
1431.jpg,4,1,১,,১,number,48.56
1431.jpg,ALL,N/A,১,মানিকগঞ্জ,মানিকগঞ্জ ১,summary,N/A
325.jpg,1,49,,,,,
325.jpg,2,10,,,,,
325.jpg,3,20,,,,,
325.jpg,4,4,,,,,
325.jpg,5,4,,,,,
325.jpg,6,5,,,,,
325.jpg,7,2,,,,,
325.jpg,8,3,,,,,
325.jpg,9,3,,,,,
325.jpg,10,0,,,,,
325.jpg,11,7,,,,,
325.jpg,ALL,N/A,,,N/A,summary,N/A
2116.jpg,1,49,,ঢাকা,ঢাকা,word,67.96
2116.jpg,2,10,,মেট্রো,মেট্রো,word,56.43
2116.jpg,3,18,,,,,
2116.jpg,4,2,,,,,
2116.jpg,5,7,,,,,
2116.jpg,6,2,,,,,
2116.jpg,7,1,,,,,
2116.jpg,8,9,,,,,
2116.jpg,9,1,১,,১,number,98.15
2116.jpg,ALL,N/A,১,ঢাকা,ঢাকা ১,summary,N/A
1957.jpg,1,39,,,,,
1957.jpg,2,20,,,,,
1957.jpg,3,1,,,,,
1957.jpg,4,2,,,,,
1957.jpg,5,3,,,,,
1957.jpg,6,9,,,,,
1957.jpg,7,4,,,,,
1957.jpg,8,1,১,,১,number,99.90
1957.jpg,ALL,N/A,১,,১,summary,N/A
2306.jpg,1,49,,,,,
2306.jpg,2,10,,,,,
2306.jpg,3,13,,,,,
2306.jpg,4,1,,,,,
2306.jpg,5,5,,,,,
2306.jpg,6,8,,,,,
2306.jpg,7,8,,,,,
2306.jpg,8,7,,,,,
2306.jpg,9,7,,,,,
2306.jpg,ALL,N/A,,,N/A,summary,N/A
1399.jpg,1,92,,,,,
1399.jpg,2,26,,,,,
1399.jpg,3,3,,,,,
1399.jpg,4,4,,,,,
1399.jpg,5,7,,,,,
1399.jpg,6,8,৮,,৮,number,27.62
1399.jpg,7,9,,,,,
1399.jpg,8,0,,,,,
1399.jpg,ALL,N/A,৮,,৮,summary,N/A
731.jpg,1,88,,রাজবাড়ী,রাজবাড়ী,word,70.92
731.jpg,2,101,,,,,
731.jpg,3,1,,,,,
731.jpg,4,1,১,,১,number,54.72
731.jpg,5,1,,,,,
731.jpg,6,9,১,,১,number,31.03
731.jpg,7,2,২,,২,number,99.61
731.jpg,8,8,,,,,
731.jpg,ALL,N/A,১,রাজবাড়ী,রাজবাড়ী ১,summary,N/A
1344.jpg,1,76,,,,,
1344.jpg,2,32,,,,,
1344.jpg,3,2,১,,১,number,85.30
1344.jpg,4,2,২,,২,number,70.69
1344.jpg,5,3,,,,,
1344.jpg,6,1,১,,১,number,99.70
1344.jpg,7,5,৫,,৫,number,100.00
1344.jpg,8,6,৬,,৬,number,97.83
1344.jpg,ALL,N/A,১,,১,summary,N/A
2351.jpg,1,49,,,,,
2351.jpg,2,10,,,,,
2351.jpg,3,13,,,,,
2351.jpg,4,1,,,,,
2351.jpg,5,3,,,,,
2351.jpg,6,7,৭,,৭,number,92.10
2351.jpg,7,0,,,,,
2351.jpg,8,1,১,,১,number,97.96
2351.jpg,9,0,,,,,
2351.jpg,ALL,N/A,৭,,৭,summary,N/A
2554.jpg,1,90,,,,,
2554.jpg,2,25,,,,,
2554.jpg,3,1,,,,,
2554.jpg,4,1,,,,,
2554.jpg,5,0,,,,,
2554.jpg,6,1,,,,,
2554.jpg,7,4,,,,,
2554.jpg,8,6,,,,,
2554.jpg,ALL,N/A,,,N/A,summary,N/A
1332.jpg,1,80,,,,,
1332.jpg,2,25,,,,,
1332.jpg,3,3,,,,,
1332.jpg,4,4,,,,,
1332.jpg,5,7,,,,,
1332.jpg,6,8,৮,,৮,number,96.86
1332.jpg,7,9,,,,,
1332.jpg,8,0,,,,,
1332.jpg,ALL,N/A,৮,,৮,summary,N/A
307.jpg,1,49,,ঢাকা,ঢাকা,word,75.55
307.jpg,2,10,,,,,
307.jpg,3,18,,,,,
307.jpg,4,1,,,,,
307.jpg,5,1,,,,,
307.jpg,6,9,,,,,
307.jpg,7,8,,,,,
307.jpg,8,6,,,,,
307.jpg,9,2,,,,,
307.jpg,ALL,N/A,,ঢাকা,ঢাকা,summary,N/A
959.jpg,1,98,,টাঙ্গাইল,টাঙ্গাইল,word,86.72
959.jpg,2,25,,,,,
959.jpg,3,1,,,,,
959.jpg,4,1,১,,১,number,98.59
959.jpg,5,9,৯,,৯,number,99.80
959.jpg,6,9,,,,,
959.jpg,7,6,,,,,
959.jpg,8,3,৩,,৩,number,50.12
959.jpg,ALL,N/A,১,টাঙ্গাইল,টাঙ্গাইল ১,summary,N/A
2595.jpg,1,36,,,,,
2595.jpg,2,25,,,,,
2595.jpg,3,1,১,,১,number,99.64
2595.jpg,4,1,১,,১,number,52.62
2595.jpg,5,8,৮,,৮,number,56.60
2595.jpg,6,3,৬,,৬,number,79.58
2595.jpg,7,2,,,,,
2595.jpg,8,5,,,,,
2595.jpg,ALL,N/A,১,,১,summary,N/A
508.jpg,1,48,,কুমিল্লা,কুমিল্লা,word,84.42
508.jpg,2,13,৮,,৮,number,20.83
508.jpg,3,1,,,,,
508.jpg,4,2,,,,,
508.jpg,5,3,,,,,
508.jpg,6,8,৮,,৮,number,31.90
508.jpg,7,9,,,,,
508.jpg,8,4,,,,,
508.jpg,ALL,N/A,৮,কুমিল্লা,কুমিল্লা ৮,summary,N/A
695.jpg,1,86,,পিরোজপুর,পিরোজপুর,word,83.18
695.jpg,2,18,,,,,
695.jpg,3,1,,,,,
695.jpg,4,1,,,,,
695.jpg,5,1,,,,,
695.jpg,6,9,,,,,
695.jpg,7,2,,,,,
695.jpg,8,8,,,,,
695.jpg,ALL,N/A,,পিরোজপুর,পিরোজপুর,summary,N/A
335.jpg,1,49,,,,,
335.jpg,2,10,,,,,
335.jpg,3,18,,,,,
335.jpg,4,1,,,,,
335.jpg,5,1,,,,,
335.jpg,6,5,,,,,
335.jpg,7,4,,,,,
335.jpg,8,4,,,,,
335.jpg,9,5,,,,,
335.jpg,10,0,,,,,
335.jpg,11,9,,,,,
335.jpg,ALL,N/A,,,N/A,summary,N/A
545.jpg,1,50,,দিনাজপুর,দিনাজপুর,word,93.60
545.jpg,2,16,,,,,
545.jpg,3,2,২,,২,number,99.81
545.jpg,4,3,,,,,
545.jpg,5,4,,,,,
545.jpg,6,5,৫,,৫,number,99.99
545.jpg,7,6,৬,,৬,number,99.95
545.jpg,8,7,,,,,
545.jpg,ALL,N/A,২,দিনাজপুর,দিনাজপুর ২,summary,N/A
2100.jpg,1,49,,ঢাকা,ঢাকা,word,81.68
2100.jpg,2,10,,,,,
2100.jpg,3,18,,,,,
2100.jpg,4,2,,,,,
2100.jpg,5,2,,,,,
2100.jpg,6,2,,,,,
2100.jpg,7,8,৮,,৮,number,99.92
2100.jpg,8,6,,,,,
2100.jpg,9,4,৪,,৪,number,87.20
2100.jpg,ALL,N/A,৮,ঢাকা,ঢাকা ৮,summary,N/A
588.jpg,1,55,,,,,
588.jpg,2,21,,,,,
588.jpg,3,1,,,,,
588.jpg,4,3,৩,,৩,number,95.92
588.jpg,5,5,,,,,
588.jpg,6,7,০,,০,number,15.75
588.jpg,7,9,,,,,
588.jpg,8,0,,,,,
588.jpg,ALL,N/A,৩,,৩,summary,N/A
1300.jpg,1,77,৩,,৩,number,0.07
1300.jpg,2,31,,,,,
1300.jpg,3,1,,,,,
1300.jpg,4,2,,,,,
1300.jpg,5,3,,,,,
1300.jpg,6,4,,,,,
1300.jpg,7,5,,,,,
1300.jpg,8,6,,,,,
1300.jpg,ALL,N/A,৩,,৩,summary,N/A
761.jpg,1,58,,যশোর,যশোর,word,82.22
761.jpg,2,25,,,,,
761.jpg,3,1,১,,১,number,99.97
761.jpg,4,2,,,,,
761.jpg,5,7,৭,,৭,number,85.27
761.jpg,6,4,,,,,
761.jpg,7,8,৮,,৮,number,99.94
761.jpg,8,3,,,,,
761.jpg,ALL,N/A,১,যশোর,যশোর ১,summary,N/A
388.jpg,1,44,,,,,
388.jpg,2,10,,,,,
388.jpg,3,15,,,,,
388.jpg,4,7,,,,,
388.jpg,5,8,,,,,
388.jpg,6,9,,,,,
388.jpg,7,0,,,,,
388.jpg,8,1,,,,,
388.jpg,9,2,,,,,
388.jpg,ALL,N/A,,,N/A,summary,N/A
2498.jpg,1,49,,ঢাকা,ঢাকা,word,96.80
2498.jpg,2,10,,মেট্রো,মেট্রো,word,83.57
2498.jpg,3,25,,,,,
2498.jpg,4,3,৩,,৩,number,97.49
2498.jpg,5,8,৮,,৮,number,99.94
2498.jpg,6,7,৭,,৭,number,90.98
2498.jpg,7,1,১,,১,number,100.00
2498.jpg,8,3,,,,,
2498.jpg,9,6,৬,,৬,number,99.99
2498.jpg,ALL,N/A,৩,ঢাকা,ঢাকা ৩,summary,N/A
780.jpg,1,82,,,,,
780.jpg,2,20,,,,,
780.jpg,3,1,,,,,
780.jpg,4,1,,,,,
780.jpg,5,5,,,,,
780.jpg,6,7,,,,,
780.jpg,7,7,,,,,
780.jpg,8,0,,,,,
780.jpg,ALL,N/A,,,N/A,summary,N/A
2496.jpg,1,52,,ফেনী,ফেনী,word,92.36
2496.jpg,2,25,,,,,
2496.jpg,3,1,১,,১,number,100.00
2496.jpg,4,1,১,,১,number,100.00
2496.jpg,5,7,৭,,৭,number,90.63
2496.jpg,6,0,,,,,
2496.jpg,7,0,,,,,
2496.jpg,8,9,৯,,৯,number,99.73
2496.jpg,ALL,N/A,১,ফেনী,ফেনী ১,summary,N/A
1102.jpg,1,62,,,,,
1102.jpg,2,30,,,,,
1102.jpg,3,1,,,,,
1102.jpg,4,2,,,,,
1102.jpg,5,3,,,,,
1102.jpg,6,4,৪,,৪,number,21.13
1102.jpg,7,5,,,,,
1102.jpg,8,6,,,,,
1102.jpg,ALL,N/A,৪,,৪,summary,N/A
1963.jpg,1,49,,ঢাকা,ঢাকা,word,90.66
1963.jpg,2,10,,মেট্রো,মেট্রো,word,74.76
1963.jpg,3,27,,,,,
1963.jpg,4,1,,,,,
1963.jpg,5,1,,,,,
1963.jpg,6,3,,,,,
1963.jpg,7,4,,,,,
1963.jpg,8,9,,,,,
1963.jpg,9,2,,,,,
1963.jpg,ALL,N/A,,ঢাকা,ঢাকা,summary,N/A
1920.jpg,1,87,,,,,
1920.jpg,2,10,,মেট্রো,মেট্রো,word,80.60
1920.jpg,3,20,,,,,
1920.jpg,4,1,,,,,
1920.jpg,5,2,২,,২,number,62.47
1920.jpg,6,3,৩,,৩,number,80.86
1920.jpg,7,4,,,,,
1920.jpg,8,5,,,,,
1920.jpg,9,0,,,,,
1920.jpg,ALL,N/A,২,মেট্রো,মেট্রো ২,summary,N/A
2202.jpg,1,49,৬,,৬,number,1.51
2202.jpg,2,10,,,,,
2202.jpg,3,18,,,,,
2202.jpg,4,2,,,,,
2202.jpg,5,3,,,,,
2202.jpg,6,8,৮,,৮,number,88.36
2202.jpg,7,1,,,,,
2202.jpg,8,4,,,,,
2202.jpg,9,0,,,,,
2202.jpg,ALL,N/A,৬,,৬,summary,N/A
102.jpeg,1,49,,,,,
102.jpeg,2,10,,,,,
102.jpeg,3,18,,,,,
102.jpeg,4,2,,,,,
102.jpeg,5,2,,,,,
102.jpeg,6,1,,,,,
102.jpeg,7,1,,,,,
102.jpeg,8,6,,,,,
102.jpeg,9,8,,,,,
102.jpeg,ALL,N/A,,,N/A,summary,N/A
1350.jpg,1,89,,রাজশাহী,রাজশাহী,word,98.99
1350.jpg,2,31,,,,,
1350.jpg,3,2,১,,১,number,95.00
1350.jpg,4,3,,,,,
1350.jpg,5,4,,,,,
1350.jpg,6,5,,,,,
1350.jpg,7,6,৬,,৬,number,99.70
1350.jpg,8,7,,,,,
1350.jpg,ALL,N/A,১,রাজশাহী,রাজশাহী ১,summary,N/A
2452.jpg,1,83,,পাবনা,পাবনা,word,93.25
2452.jpg,2,25,,,,,
2452.jpg,3,1,১,,১,number,92.50
2452.jpg,4,1,১,,১,number,99.87
2452.jpg,5,2,,,,,
2452.jpg,6,8,,,,,
2452.jpg,7,1,১,,১,number,98.95
2452.jpg,8,9,,,,,
2452.jpg,ALL,N/A,১,পাবনা,পাবনা ১,summary,N/A
2132.jpg,1,49,,,,,
2132.jpg,2,10,,,,,
2132.jpg,3,18,,,,,
2132.jpg,4,2,,,,,
2132.jpg,5,1,,,,,
2132.jpg,6,1,,,,,
2132.jpg,7,7,৭,,৭,number,94.59
2132.jpg,8,1,১,,১,number,91.30
2132.jpg,9,2,,,,,
2132.jpg,ALL,N/A,৭,,৭,summary,N/A
2659.jpg,1,55,,,,,
2659.jpg,2,20,,,,,
2659.jpg,3,1,,,,,
2659.jpg,4,1,১,,১,number,99.76
2659.jpg,5,3,৩,,৩,number,11.18
2659.jpg,6,3,৩,,৩,number,93.90
2659.jpg,7,6,,,,,
2659.jpg,8,7,৭,,৭,number,67.87
2659.jpg,ALL,N/A,৩,,৩,summary,N/A
163.jpeg,1,58,,যশোর,যশোর,word,90.18
163.jpeg,2,20,,,,,
163.jpeg,3,1,,,,,
163.jpeg,4,5,,,,,
163.jpeg,5,6,,,,,
163.jpeg,6,3,,,,,
163.jpeg,7,4,,,,,
163.jpeg,8,4,,,,,
163.jpeg,ALL,N/A,,যশোর,যশোর,summary,N/A
1648.jpg,1,59,,,,,
1648.jpg,2,27,,,,,
1648.jpg,3,8,৩,,৩,number,4.33
1648.jpg,4,9,,,,,
1648.jpg,5,0,,,,,
1648.jpg,6,1,,,,,
1648.jpg,7,2,,,,,
1648.jpg,8,3,,,,,
1648.jpg,ALL,N/A,৩,,৩,summary,N/A
2495.jpg,1,36,,,,,
2495.jpg,2,31,,,,,
2495.jpg,3,1,,,,,
2495.jpg,4,1,,,,,
2495.jpg,5,2,,,,,
2495.jpg,6,1,,,,,
2495.jpg,7,3,,,,,
2495.jpg,8,9,,,,,
2495.jpg,ALL,N/A,,,N/A,summary,N/A
781.jpg,1,82,,,,,
781.jpg,2,25,,,,,
781.jpg,3,1,,,,,
781.jpg,4,1,,,,,
781.jpg,5,1,,,,,
781.jpg,6,2,,,,,
781.jpg,7,3,,,,,
781.jpg,8,0,,,,,
781.jpg,ALL,N/A,,,N/A,summary,N/A
515.jpg,1,36,,,,,
515.jpg,2,34,,,,,
515.jpg,3,1,,,,,
515.jpg,4,2,,,,,
515.jpg,5,3,,,,,
515.jpg,6,4,,,,,
515.jpg,7,5,,,,,
515.jpg,8,6,,,,,
515.jpg,ALL,N/A,,,N/A,summary,N/A
2307.jpg,1,49,,,,,
2307.jpg,2,10,,,,,
2307.jpg,3,22,,,,,
2307.jpg,4,1,,,,,
2307.jpg,5,1,,,,,
2307.jpg,6,1,,,,,
2307.jpg,7,1,,,,,
2307.jpg,8,2,,,,,
2307.jpg,9,1,,,,,
2307.jpg,ALL,N/A,,,N/A,summary,N/A
2580.jpg,1,53,,গাইবান্ধা,গাইবান্ধা,word,71.79
2580.jpg,2,20,,,,,
2580.jpg,3,1,,,,,
2580.jpg,4,1,০১,,০১,number,58.04
2580.jpg,5,8,,,,,
2580.jpg,6,0,,,,,
2580.jpg,7,4,,,,,
2580.jpg,8,0,,,,,
2580.jpg,ALL,N/A,০১,গাইবান্ধা,গাইবান্ধা ০১,summary,N/A
334.jpg,1,49,,,,,
334.jpg,2,10,,,,,
334.jpg,3,12,,,,,
334.jpg,4,1,,,,,
334.jpg,5,1,,,,,
334.jpg,6,1,,,,,
334.jpg,7,4,,,,,
334.jpg,8,2,,,,,
334.jpg,9,3,,,,,
334.jpg,ALL,N/A,,,N/A,summary,N/A
308.jpg,1,49,,ঢাকা,ঢাকা,word,79.64
308.jpg,2,10,,,,,
308.jpg,3,18,,,,,
308.jpg,4,3,,,,,
308.jpg,5,1,,,,,
308.jpg,6,9,,,,,
308.jpg,7,9,,,,,
308.jpg,8,7,,,,,
308.jpg,9,4,৪,,৪,number,34.79
308.jpg,ALL,N/A,৪,ঢাকা,ঢাকা ৪,summary,N/A
641.jpg,1,81,,নীলফামারী,নীলফামারী,word,93.88
641.jpg,2,23,,,,,
641.jpg,3,3,,,,,
641.jpg,4,4,,,,,
641.jpg,5,7,৭,,৭,number,55.32
641.jpg,6,8,৮,,৮,number,88.86
641.jpg,7,9,,,,,
641.jpg,8,0,,,,,
641.jpg,ALL,N/A,৭,নীলফামারী,নীলফামারী ৭,summary,N/A
566.jpg,1,52,,,,,
566.jpg,2,18,,,,,
566.jpg,3,1,,,,,
566.jpg,4,2,১,,১,number,99.12
566.jpg,5,3,,,,,
566.jpg,6,4,,,,,
566.jpg,7,5,,,,,
566.jpg,8,6,৬,,৬,number,97.71
566.jpg,ALL,N/A,১,,১,summary,N/A
573.jpg,1,53,,,,,
573.jpg,2,19,,,,,
573.jpg,3,1,,,,,
573.jpg,4,4,,,,,
573.jpg,5,7,,,,,
573.jpg,6,8,,,,,
573.jpg,7,9,,,,,
573.jpg,8,2,,,,,
573.jpg,ALL,N/A,,,N/A,summary,N/A
700.jpg,1,86,,পিরোজপুর,পিরোজপুর,word,99.44
700.jpg,2,18,,,,,
700.jpg,3,9,,,,,
700.jpg,4,1,,,,,
700.jpg,5,0,,,,,
700.jpg,6,2,১,,১,number,96.39
700.jpg,7,1,,,,,
700.jpg,8,9,,,,,
700.jpg,ALL,N/A,১,পিরোজপুর,পিরোজপুর ১,summary,N/A
2040.jpg,1,49,,,,,
2040.jpg,2,10,,মেট্রো,মেট্রো,word,86.17
2040.jpg,3,19,,,,,
2040.jpg,4,1,,,,,
2040.jpg,5,5,৫,,৫,number,99.62
2040.jpg,6,5,৫,,৫,number,99.62
2040.jpg,7,2,,,,,
2040.jpg,8,7,৭,,৭,number,87.00
2040.jpg,9,6,৬,,৬,number,100.00
2040.jpg,ALL,N/A,৫,মেট্রো,মেট্রো ৫,summary,N/A
1235.jpg,1,72,,,,,
1235.jpg,2,101,,,,,
1235.jpg,3,9,,,,,
1235.jpg,4,0,,,,,
1235.jpg,5,1,,,,,
1235.jpg,6,2,,,,,
1235.jpg,7,3,,,,,
1235.jpg,8,4,,,,,
1235.jpg,ALL,N/A,,,N/A,summary,N/A
2245.jpg,1,63,,খুলনা,খুলনা,word,67.16
2245.jpg,2,10,,,,,
2245.jpg,3,23,,,,,
2245.jpg,4,1,,,,,
2245.jpg,5,1,,,,,
2245.jpg,6,0,,,,,
2245.jpg,7,0,,,,,
2245.jpg,8,3,,,,,
2245.jpg,9,6,৬,,৬,number,80.40
2245.jpg,ALL,N/A,৬,খুলনা,খুলনা ৬,summary,N/A
662.jpg,1,43,,,,,
662.jpg,2,15,,,,,
662.jpg,3,9,,,,,
662.jpg,4,0,,,,,
662.jpg,5,1,,,,,
662.jpg,6,2,,,,,
662.jpg,7,3,,,,,
662.jpg,8,4,,,,,
662.jpg,ALL,N/A,,,N/A,summary,N/A
1804.jpg,1,63,,খুলনা,খুলনা,word,69.76
1804.jpg,2,10,,মেট্রো,মেট্রো,word,85.89
1804.jpg,3,20,,,,,
1804.jpg,4,1,১,,১,number,85.96
1804.jpg,5,1,১,,১,number,13.36
1804.jpg,6,6,৬,,৬,number,12.03
1804.jpg,7,9,৯,,৯,number,71.08
1804.jpg,8,1,১,,১,number,23.20
1804.jpg,9,3,৩,,৩,number,46.46
1804.jpg,ALL,N/A,১,খুলনা,খুলনা ১,summary,N/A
1423.jpg,1,69,,,,,
1423.jpg,2,25,,,,,
1423.jpg,3,1,,,,,
1423.jpg,4,1,,,,,
1423.jpg,5,3,,,,,
1423.jpg,6,9,,,,,
1423.jpg,7,7,৭,,৭,number,90.61
1423.jpg,8,2,,,,,
1423.jpg,ALL,N/A,৭,,৭,summary,N/A
1263.jpg,1,73,,,,,
1263.jpg,2,25,,,,,
1263.jpg,3,3,,,,,
1263.jpg,4,4,,,,,
1263.jpg,5,5,,,,,
1263.jpg,6,6,,,,,
1263.jpg,7,7,,,,,
1263.jpg,8,8,৩,,৩,number,5.64
1263.jpg,ALL,N/A,৩,,৩,summary,N/A
681.jpg,1,83,,,,,
681.jpg,2,21,,,,,
681.jpg,3,2,,,,,
681.jpg,4,3,,,,,
681.jpg,5,4,,,,,
681.jpg,6,5,,,,,
681.jpg,7,6,৬,,৬,number,99.95
681.jpg,8,7,,,,,
681.jpg,ALL,N/A,৬,,৬,summary,N/A
1052.jpg,1,98,,টাঙ্গাইল,টাঙ্গাইল,word,86.91
1052.jpg,2,24,,,,,
1052.jpg,3,1,,,,,
1052.jpg,4,1,,,,,
1052.jpg,5,1,১,,১,number,99.27
1052.jpg,6,9,,,,,
1052.jpg,7,2,২,,২,number,99.85
1052.jpg,8,8,৮,,৮,number,97.25
1052.jpg,ALL,N/A,১,টাঙ্গাইল,টাঙ্গাইল ১,summary,N/A
2561.jpg,1,49,,,,,
2561.jpg,2,10,,,,,
2561.jpg,3,0,,,,,
2561.jpg,4,1,,,,,
2561.jpg,5,5,,,,,
2561.jpg,6,3,,,,,
2561.jpg,7,2,,,,,
2561.jpg,8,4,,,,,
2561.jpg,9,17,,,,,
2561.jpg,ALL,N/A,,,N/A,summary,N/A
336.jpg,1,49,,,,,
336.jpg,2,10,,,,,
336.jpg,3,18,,,,,
336.jpg,4,1,,,,,
336.jpg,5,7,,,,,
336.jpg,6,5,,,,,
336.jpg,7,1,,,,,
336.jpg,8,2,,,,,
336.jpg,9,0,,,,,
336.jpg,ALL,N/A,,,N/A,summary,N/A
1908.jpg,1,39,,বরিশাল,বরিশাল,word,77.65
1908.jpg,2,10,,মেট্রো,মেট্রো,word,64.49
1908.jpg,3,20,,,,,
1908.jpg,4,1,,,,,
1908.jpg,5,2,,,,,
1908.jpg,6,4,,,,,
1908.jpg,7,3,,,,,
1908.jpg,8,1,,,,,
1908.jpg,9,0,,,,,
1908.jpg,ALL,N/A,,বরিশাল,বরিশাল,summary,N/A
1393.jpg,1,92,,সাতক্ষীরা,সাতক্ষীরা,word,65.62
1393.jpg,2,26,,,,,
1393.jpg,3,3,,,,,
1393.jpg,4,4,৪,,৪,number,21.63
1393.jpg,5,5,,,,,
1393.jpg,6,6,,,,,
1393.jpg,7,7,৭,,৭,number,93.13
1393.jpg,8,8,,,,,
1393.jpg,ALL,N/A,৪,সাতক্ষীরা,সাতক্ষীরা ৪,summary,N/A
1291.jpg,1,77,,,,,
1291.jpg,2,31,,,,,
1291.jpg,3,7,,,,,
1291.jpg,4,8,,,,,
1291.jpg,5,9,,,,,
1291.jpg,6,0,,,,,
1291.jpg,7,1,,,,,
1291.jpg,8,2,,,,,
1291.jpg,ALL,N/A,,,N/A,summary,N/A
309.jpg,1,49,,ঢাকা,ঢাকা,word,97.71
309.jpg,2,10,,মেট্রো,মেট্রো,word,96.28
309.jpg,3,18,,,,,
309.jpg,4,2,,,,,
309.jpg,5,5,,,,,
309.jpg,6,8,,,,,
309.jpg,7,8,,,,,
309.jpg,8,0,,,,,
309.jpg,9,0,,,,,
309.jpg,ALL,N/A,,ঢাকা,ঢাকা,summary,N/A
2049.jpg,1,49,,ঢাকা,ঢাকা,word,61.70
2049.jpg,2,10,,,,,
2049.jpg,3,18,,,,,
2049.jpg,4,1,,,,,
2049.jpg,5,7,৭,,৭,number,94.61
2049.jpg,6,6,,,,,
2049.jpg,7,2,,,,,
2049.jpg,8,9,,,,,
2049.jpg,9,9,,,,,
2049.jpg,ALL,N/A,৭,ঢাকা,ঢাকা ৭,summary,N/A
723.jpg,1,87,,,,,
723.jpg,2,10,,,,,
723.jpg,3,13,,,,,
723.jpg,4,3,,,,,
723.jpg,5,4,,,,,
723.jpg,6,5,,,,,
723.jpg,7,6,,,,,
723.jpg,8,7,,,,,
723.jpg,9,8,,,,,
723.jpg,ALL,N/A,,,N/A,summary,N/A
1594.jpg,1,96,,সুনামগঞ্জ,সুনামগঞ্জ,word,99.02
1594.jpg,2,20,,,,,
1594.jpg,3,1,১,,১,number,99.99
1594.jpg,4,1,১,,১,number,99.99
1594.jpg,5,1,,,,,
1594.jpg,6,4,,,,,
1594.jpg,7,5,,,,,
1594.jpg,8,3,,,,,
1594.jpg,ALL,N/A,১,সুনামগঞ্জ,সুনামগঞ্জ ১,summary,N/A
2400.jpg,1,49,,,,,
2400.jpg,2,10,,,,,
2400.jpg,3,18,,,,,
2400.jpg,4,3,৬,,৬,number,1.82
2400.jpg,5,7,,,,,
2400.jpg,6,7,৫,,৫,number,15.01
2400.jpg,7,7,,,,,
2400.jpg,8,0,,,,,
2400.jpg,9,8,৮,,৮,number,52.25
2400.jpg,ALL,N/A,৬,,৬,summary,N/A
1624.jpg,1,62,,,,,
1624.jpg,2,20,,,,,
1624.jpg,3,1,,,,,
1624.jpg,4,1,১,,১,number,99.97
1624.jpg,5,2,,,,,
1624.jpg,6,2,,,,,
1624.jpg,7,8,৮,,৮,number,99.97
1624.jpg,8,8,৮,,৮,number,86.58
1624.jpg,ALL,N/A,৮,,৮,summary,N/A
1997.jpg,1,44,,,,,
1997.jpg,2,10,,মেট্রো,মেট্রো,word,99.06
1997.jpg,3,15,,,,,
1997.jpg,4,1,,,,,
1997.jpg,5,1,১,,১,number,98.83
1997.jpg,6,0,,,,,
1997.jpg,7,0,,,,,
1997.jpg,8,5,৫,,৫,number,89.82
1997.jpg,9,2,,,,,
1997.jpg,ALL,N/A,১,মেট্রো,মেট্রো ১,summary,N/A
343.jpg,1,49,,,,,
343.jpg,2,10,,,,,
343.jpg,3,1,,,,,
343.jpg,4,3,,,,,
343.jpg,5,1,,,,,
343.jpg,6,7,,,,,
343.jpg,7,9,,,,,
343.jpg,8,9,,,,,
343.jpg,9,24,,,,,
343.jpg,ALL,N/A,,,N/A,summary,N/A
2346.jpg,1,97,,সিলেট,সিলেট,word,97.27
2346.jpg,2,20,,,,,
2346.jpg,3,1,১,,১,number,3.32
2346.jpg,4,4,,,,,
2346.jpg,5,7,,,,,
2346.jpg,6,8,৮,,৮,number,83.72
2346.jpg,7,9,,,,,
2346.jpg,8,3,,,,,
2346.jpg,ALL,N/A,১,সিলেট,সিলেট ১,summary,N/A
624.jpg,1,58,,যশোর,যশোর,word,98.81
624.jpg,2,26,,,,,
624.jpg,3,2,,,,,
624.jpg,4,4,,,,,
624.jpg,5,6,,,,,
624.jpg,6,8,৮,,৮,number,54.05
624.jpg,7,0,,,,,
624.jpg,8,1,,,,,
624.jpg,ALL,N/A,৮,যশোর,যশোর ৮,summary,N/A
1118.jpg,1,63,,,,,
1118.jpg,2,10,,,,,
1118.jpg,3,32,,,,,
1118.jpg,4,1,,,,,
1118.jpg,5,4,,,,,
1118.jpg,6,7,,,,,
1118.jpg,7,8,,,,,
1118.jpg,8,9,,,,,
1118.jpg,9,2,,,,,
1118.jpg,ALL,N/A,,,N/A,summary,N/A
2607.jpg,1,38,,,,,
2607.jpg,2,25,,,,,
2607.jpg,3,1,১,,১,number,92.84
2607.jpg,4,1,১,,১,number,99.28
2607.jpg,5,0,,,,,
2607.jpg,6,3,৩,,৩,number,62.34
2607.jpg,7,7,,,,,
2607.jpg,8,7,,,,,
2607.jpg,ALL,N/A,১,,১,summary,N/A
2189.jpg,1,49,,,,,
2189.jpg,2,10,,,,,
2189.jpg,3,18,,,,,
2189.jpg,4,1,,,,,
2189.jpg,5,5,৫,,৫,number,99.92
2189.jpg,6,0,,,,,
2189.jpg,7,0,,,,,
2189.jpg,8,5,৫,,৫,number,99.97
2189.jpg,9,5,৫,,৫,number,99.83
2189.jpg,ALL,N/A,৫,,৫,summary,N/A
353.jpg,1,49,,ঢাকা,ঢাকা,word,72.84
353.jpg,2,10,,মেট্রো,মেট্রো,word,95.87
353.jpg,3,12,,,,,
353.jpg,4,1,,,,,
353.jpg,5,1,,,,,
353.jpg,6,1,,,,,
353.jpg,7,5,,,,,
353.jpg,8,8,,,,,
353.jpg,9,4,,,,,
353.jpg,ALL,N/A,,ঢাকা,ঢাকা,summary,N/A
1719.jpg,1,95,,সিরাজগঞ্জ,সিরাজগঞ্জ,word,85.27
1719.jpg,2,22,,,,,
1719.jpg,3,3,,,,,
1719.jpg,4,4,,,,,
1719.jpg,5,5,,,,,
1719.jpg,6,6,,,,,
1719.jpg,7,7,৭,,৭,number,72.82
1719.jpg,8,8,,,,,
1719.jpg,ALL,N/A,৭,সিরাজগঞ্জ,সিরাজগঞ্জ ৭,summary,N/A
2492.jpg,1,49,,,,,
2492.jpg,2,10,,মেট্রো,মেট্রো,word,81.46
2492.jpg,3,20,,,,,
2492.jpg,4,4,,,,,
2492.jpg,5,7,,,,,
2492.jpg,6,0,,,,,
2492.jpg,7,5,৫,,৫,number,32.47
2492.jpg,8,6,,,,,
2492.jpg,9,5,,,,,
2492.jpg,ALL,N/A,৫,মেট্রো,মেট্রো ৫,summary,N/A
434.jpg,1,42,,,,,
434.jpg,2,34,,,,,
434.jpg,3,7,,,,,
434.jpg,4,8,,,,,
434.jpg,5,9,,,,,
434.jpg,6,0,,,,,
434.jpg,7,1,,,,,
434.jpg,8,2,,,,,
434.jpg,ALL,N/A,,,N/A,summary,N/A
2429.jpg,1,98,,,,,
2429.jpg,2,25,৫,,৫,number,48.15
2429.jpg,3,1,,,,,
2429.jpg,4,1,,,,,
2429.jpg,5,4,৪,,৪,number,26.70
2429.jpg,6,1,১,,১,number,94.56
2429.jpg,7,4,৪,,৪,number,24.57
2429.jpg,8,5,,,,,
2429.jpg,ALL,N/A,৪,,৪,summary,N/A
1397.jpg,1,92,,,,,
1397.jpg,2,26,,,,,
1397.jpg,3,3,,,,,
1397.jpg,4,4,,,,,
1397.jpg,5,5,,,,,
1397.jpg,6,6,,,,,
1397.jpg,7,7,,,,,
1397.jpg,8,8,,,,,
1397.jpg,ALL,N/A,,,N/A,summary,N/A
1146.jpg,1,64,,কিশোরগঞ্জ,কিশোরগঞ্জ,word,96.27
1146.jpg,2,33,,,,,
1146.jpg,3,5,,,,,
1146.jpg,4,6,৬,,৬,number,99.39
1146.jpg,5,7,,,,,
1146.jpg,6,8,৮,,৮,number,99.05
1146.jpg,7,0,,,,,
1146.jpg,8,1,,,,,
1146.jpg,ALL,N/A,৬,কিশোরগঞ্জ,কিশোরগঞ্জ ৬,summary,N/A
2337.jpg,1,44,,,,,
2337.jpg,2,10,,মেট্রো,মেট্রো,word,76.78
2337.jpg,3,18,,,,,
2337.jpg,4,1,১,,১,number,100.00
2337.jpg,5,5,,,,,
2337.jpg,6,5,,,,,
2337.jpg,7,3,৩,,৩,number,97.09
2337.jpg,8,3,,,,,
2337.jpg,9,1,,,,,
2337.jpg,ALL,N/A,১,মেট্রো,মেট্রো ১,summary,N/A
1076.jpg,1,60,,ঝিনাইদহ,ঝিনাইদহ,word,99.20
1076.jpg,2,28,,,,,
1076.jpg,3,2,,,,,
1076.jpg,4,4,,,,,
1076.jpg,5,6,,,,,
1076.jpg,6,8,৮,,৮,number,39.65
1076.jpg,7,0,,,,,
1076.jpg,8,1,১১,,১১,number,45.16
1076.jpg,ALL,N/A,৮,ঝিনাইদহ,ঝিনাইদহ ৮,summary,N/A
1207.jpg,1,69,,মাদারীপুর,মাদারীপুর,word,79.44
1207.jpg,2,14,,,,,
1207.jpg,3,8,৮,,৮,number,9.79
1207.jpg,4,9,,,,,
1207.jpg,5,0,,,,,
1207.jpg,6,1,,,,,
1207.jpg,7,7,৭,,৭,number,76.76
1207.jpg,8,8,৩,,৩,number,36.12
1207.jpg,ALL,N/A,৮,মাদারীপুর,মাদারীপুর ৮,summary,N/A
664.jpg,1,43,,,,,
664.jpg,2,15,,,,,
664.jpg,3,1,,,,,
664.jpg,4,2,১,,১,number,95.34
664.jpg,5,3,,,,,
664.jpg,6,4,,,,,
664.jpg,7,5,৫,,৫,number,99.60
664.jpg,8,6,৬,,৬,number,100.00
664.jpg,ALL,N/A,১,,১,summary,N/A
1849.jpg,1,49,,,,,
1849.jpg,2,10,,,,,
1849.jpg,3,19,,,,,
1849.jpg,4,1,,,,,
1849.jpg,5,1,,,,,
1849.jpg,6,4,,,,,
1849.jpg,7,9,,,,,
1849.jpg,8,3,,,,,
1849.jpg,9,6,৬,,৬,number,98.79
1849.jpg,ALL,N/A,৬,,৬,summary,N/A
774.jpg,1,82,,,,,
774.jpg,2,20,,,,,
774.jpg,3,1,,,,,
774.jpg,4,1,,,,,
774.jpg,5,7,,,,,
774.jpg,6,8,,,,,
774.jpg,7,2,,,,,
774.jpg,8,9,,,,,
774.jpg,ALL,N/A,,,N/A,summary,N/A
1487.jpg,1,75,,নওগাঁ,নওগাঁ,word,87.41
1487.jpg,2,20,,,,,
1487.jpg,3,1,,,,,
1487.jpg,4,5,৫,,৫,number,45.34
1487.jpg,5,8,,,,,
1487.jpg,6,8,,,,,
1487.jpg,7,6,৬,,৬,number,99.84
1487.jpg,8,2,১,,১,number,91.60
1487.jpg,ALL,N/A,৫,নওগাঁ,নওগাঁ ৫,summary,N/A
494.jpg,1,39,,বরিশাল,বরিশাল,word,92.54
494.jpg,2,27,,,,,
494.jpg,3,1,১,,১,number,100.00
494.jpg,4,2,১,,১,number,86.72
494.jpg,5,3,,,,,
494.jpg,6,4,,,,,
494.jpg,7,5,৫,,৫,number,87.20
494.jpg,8,6,৬,,৬,number,99.99
494.jpg,ALL,N/A,১,বরিশাল,বরিশাল ১,summary,N/A
1019.jpg,1,56,,,,,
1019.jpg,2,20,,,,,
1019.jpg,3,1,১,,১,number,20.89
1019.jpg,4,1,,,,,
1019.jpg,5,8,৮,,৮,number,62.59
1019.jpg,6,9,,,,,
1019.jpg,7,7,,,,,
1019.jpg,8,6,৬,,৬,number,48.79
1019.jpg,ALL,N/A,১,,১,summary,N/A
1505.jpg,1,78,,নরসিংদী,নরসিংদী,word,98.79
1505.jpg,2,20,,,,,
1505.jpg,3,1,,,,,
1505.jpg,4,1,,,,,
1505.jpg,5,1,,,,,
1505.jpg,6,5,,,,,
1505.jpg,7,5,,,,,
1505.jpg,8,6,,,,,
1505.jpg,ALL,N/A,,নরসিংদী,নরসিংদী,summary,N/A
1673.jpg,1,64,,,,,
1673.jpg,2,33,,,,,
1673.jpg,3,1,,,,,
1673.jpg,4,1,,,,,
1673.jpg,5,1,,,,,
1673.jpg,6,2,,,,,
1673.jpg,7,2,,,,,
1673.jpg,8,3,,,,,
1673.jpg,ALL,N/A,,,N/A,summary,N/A
1865.jpg,1,49,,,,,
1865.jpg,2,18,,,,,
1865.jpg,3,2,,,,,
1865.jpg,4,5,,,,,
1865.jpg,5,0,,,,,
1865.jpg,6,10,,মেট্রো,মেট্রো,word,64.28
1865.jpg,7,9,,,,,
1865.jpg,8,0,,,,,
1865.jpg,9,9,,,,,
1865.jpg,ALL,N/A,,মেট্রো,মেট্রো,summary,N/A
2493.jpg,1,49,,ঢাকা,ঢাকা,word,93.65
2493.jpg,2,10,,,,,
2493.jpg,3,20,,,,,
2493.jpg,4,2,,,,,
2493.jpg,5,4,,,,,
2493.jpg,6,6,,,,,
2493.jpg,7,0,,,,,
2493.jpg,8,5,,,,,
2493.jpg,9,8,৮,,৮,number,99.91
2493.jpg,ALL,N/A,৮,ঢাকা,ঢাকা ৮,summary,N/A
1700.jpg,1,93,,শরীয়তপুর,শরীয়তপুর,word,83.53
1700.jpg,2,14,,,,,
1700.jpg,3,2,২,,২,number,99.61
1700.jpg,4,3,,,,,
1700.jpg,5,4,,,,,
1700.jpg,6,5,,,,,
1700.jpg,7,6,৬,,৬,number,94.49
1700.jpg,8,7,,,,,
1700.jpg,ALL,N/A,২,শরীয়তপুর,শরীয়তপুর ২,summary,N/A
1772.jpg,1,44,,,,,
1772.jpg,2,10,,মেট্রো,মেট্রো,word,91.67
1772.jpg,3,18,,,,,
1772.jpg,4,1,১,,১,number,98.05
1772.jpg,5,2,,,,,
1772.jpg,6,6,৬,,৬,number,84.36
1772.jpg,7,6,,,,,
1772.jpg,8,7,৭,,৭,number,98.31
1772.jpg,9,1,,,,,
1772.jpg,ALL,N/A,১,মেট্রো,মেট্রো ১,summary,N/A
1031.jpg,1,57,,জামালপুর,জামালপুর,word,91.26
1031.jpg,2,20,,,,,
1031.jpg,3,1,,,,,
1031.jpg,4,2,,,,,
1031.jpg,5,9,,,,,
1031.jpg,6,8,,,,,
1031.jpg,7,8,,,,,
1031.jpg,8,9,,,,,
1031.jpg,ALL,N/A,,জামালপুর,জামালপুর,summary,N/A
683.jpg,1,84,,,,,
683.jpg,2,20,,,,,
683.jpg,3,1,,,,,
683.jpg,4,1,,,,,
683.jpg,5,1,,,,,
683.jpg,6,9,১,,১,number,32.19
683.jpg,7,2,২,,২,number,99.93
683.jpg,8,8,৮,,৮,number,94.50
683.jpg,ALL,N/A,১,,১,summary,N/A
130.jpeg,1,98,,,,,
130.jpeg,2,20,,,,,
130.jpeg,3,1,,,,,
130.jpeg,4,4,,,,,
130.jpeg,5,7,,,,,
130.jpeg,6,8,,,,,
130.jpeg,7,0,,,,,
130.jpeg,8,2,,,,,
130.jpeg,ALL,N/A,,,N/A,summary,N/A
1096.jpg,1,60,,ঝিনাইদহ,ঝিনাইদহ,word,87.36
1096.jpg,2,28,,,,,
1096.jpg,3,5,,,,,
1096.jpg,4,6,,,,,
1096.jpg,5,7,,,,,
1096.jpg,6,8,৮,,৮,number,71.12
1096.jpg,7,0,,,,,
1096.jpg,8,1,,,,,
1096.jpg,ALL,N/A,৮,ঝিনাইদহ,ঝিনাইদহ ৮,summary,N/A
2178.jpg,1,49,,,,,
2178.jpg,2,10,,,,,
2178.jpg,3,18,,,,,
2178.jpg,4,2,,,,,
2178.jpg,5,2,,,,,
2178.jpg,6,6,,,,,
2178.jpg,7,3,,,,,
2178.jpg,8,0,,,,,
2178.jpg,9,7,৭,,৭,number,55.24
2178.jpg,ALL,N/A,৭,,৭,summary,N/A
1458.jpg,1,73,,মৌলভীবাজার,মৌলভীবাজার,word,80.48
1458.jpg,2,25,,,,,
1458.jpg,3,1,,,,,
1458.jpg,4,1,১,,১,number,100.00
1458.jpg,5,1,,,,,
1458.jpg,6,1,,,,,
1458.jpg,7,5,,,,,
1458.jpg,8,5,,,,,
1458.jpg,ALL,N/A,১,মৌলভীবাজার,মৌলভীবাজার ১,summary,N/A
300.jpg,1,49,,ঢাকা,ঢাকা,word,87.37
300.jpg,2,10,,,,,
300.jpg,3,19,,,,,
300.jpg,4,1,,,,,
300.jpg,5,5,,,,,
300.jpg,6,5,,,,,
300.jpg,7,5,,,,,
300.jpg,8,2,,,,,
300.jpg,9,0,,,,,
300.jpg,ALL,N/A,,ঢাকা,ঢাকা,summary,N/A
321.jpg,1,44,,,,,
321.jpg,2,10,,,,,
321.jpg,3,13,,,,,
321.jpg,4,1,,,,,
321.jpg,5,1,,,,,
321.jpg,6,1,,,,,
321.jpg,7,7,,,,,
321.jpg,8,2,,,,,
321.jpg,9,6,,,,,
321.jpg,ALL,N/A,,,N/A,summary,N/A
1047.jpg,1,97,,সিলেট,সিলেট,word,79.39
1047.jpg,2,26,,,,,
1047.jpg,3,2,২,,২,number,99.81
1047.jpg,4,3,,,,,
1047.jpg,5,4,,,,,
1047.jpg,6,5,,,,,
1047.jpg,7,6,৬,,৬,number,99.95
1047.jpg,8,7,,,,,
1047.jpg,ALL,N/A,২,সিলেট,সিলেট ২,summary,N/A
2373.jpg,1,49,,,,,
2373.jpg,2,10,,,,,
2373.jpg,3,18,,,,,
2373.jpg,4,3,,,,,
2373.jpg,5,1,১,,১,number,99.36
2373.jpg,6,0,,,,,
2373.jpg,7,3,,,,,
2373.jpg,8,8,৮,,৮,number,100.00
2373.jpg,9,4,,,,,
2373.jpg,ALL,N/A,১,,১,summary,N/A
311.jpg,1,49,,ঢাকা,ঢাকা,word,61.00
311.jpg,2,10,,,,,
311.jpg,3,18,,,,,
311.jpg,4,1,,,,,
311.jpg,5,4,,,,,
311.jpg,6,4,,,,,
311.jpg,7,1,,,,,
311.jpg,8,9,,,,,
311.jpg,9,6,,,,,
311.jpg,ALL,N/A,,ঢাকা,ঢাকা,summary,N/A
827.jpg,1,86,,পিরোজপুর,পিরোজপুর,word,83.58
827.jpg,2,20,,,,,
827.jpg,3,1,,,,,
827.jpg,4,1,,,,,
827.jpg,5,7,,,,,
827.jpg,6,6,৬,,৬,number,100.00
827.jpg,7,3,,,,,
827.jpg,8,5,,,,,
827.jpg,ALL,N/A,৬,পিরোজপুর,পিরোজপুর ৬,summary,N/A
2560.jpg,1,60,,ঝিনাইদহ,ঝিনাইদহ,word,72.80
2560.jpg,2,20,,,,,
2560.jpg,3,1,,,,,
2560.jpg,4,2,,,,,
2560.jpg,5,5,,,,,
2560.jpg,6,0,,,,,
2560.jpg,7,4,,,,,
2560.jpg,8,2,,,,,
2560.jpg,ALL,N/A,,ঝিনাইদহ,ঝিনাইদহ,summary,N/A
1260.jpg,1,73,,,,,
1260.jpg,2,25,,,,,
1260.jpg,3,9,,,,,
1260.jpg,4,0,,,,,
1260.jpg,5,1,,,,,
1260.jpg,6,2,,,,,
1260.jpg,7,3,,,,,
1260.jpg,8,4,,,,,
1260.jpg,ALL,N/A,,,N/A,summary,N/A
1682.jpg,1,65,,কুড়িগ্রাম,কুড়িগ্রাম,word,86.04
1682.jpg,2,25,,,,,
1682.jpg,3,1,,,,,
1682.jpg,4,1,,,,,
1682.jpg,5,0,,,,,
1682.jpg,6,4,,,,,
1682.jpg,7,0,,,,,
1682.jpg,8,9,,,,,
1682.jpg,ALL,N/A,,কুড়িগ্রাম,কুড়িগ্রাম,summary,N/A
1695.jpg,1,93,,,,,
1695.jpg,2,14,,,,,
1695.jpg,3,3,,,,,
1695.jpg,4,4,৪,,৪,number,20.13
1695.jpg,5,5,,,,,
1695.jpg,6,6,,,,,
1695.jpg,7,7,৭,,৭,number,96.64
1695.jpg,8,8,,,,,
1695.jpg,ALL,N/A,৪,,৪,summary,N/A
537.jpg,1,50,,দিনাজপুর,দিনাজপুর,word,95.68
537.jpg,2,16,,,,,
537.jpg,3,5,,,,,
537.jpg,4,6,,,,,
537.jpg,5,7,,,,,
537.jpg,6,8,৮,,৮,number,86.36
537.jpg,7,0,,,,,
537.jpg,8,1,,,,,
537.jpg,ALL,N/A,৮,দিনাজপুর,দিনাজপুর ৮,summary,N/A
1619.jpg,1,62,,,,,
1619.jpg,2,20,,,,,
1619.jpg,3,1,,,,,
1619.jpg,4,1,,,,,
1619.jpg,5,3,,,,,
1619.jpg,6,2,,,,,
1619.jpg,7,3,,,,,
1619.jpg,8,3,,,,,
1619.jpg,ALL,N/A,,,N/A,summary,N/A
1480.jpg,1,74,,ময়মনসিংহ,ময়মনসিংহ,word,97.42
1480.jpg,2,20,,,,,
1480.jpg,3,1,১,,১,number,99.77
1480.jpg,4,2,১,,১,number,29.58
1480.jpg,5,4,,,,,
1480.jpg,6,3,৩,,৩,number,97.96
1480.jpg,7,5,৫,,৫,number,99.89
1480.jpg,8,5,৫,,৫,number,99.96
1480.jpg,ALL,N/A,১,ময়মনসিংহ,ময়মনসিংহ ১,summary,N/A
510.jpg,1,98,,টাঙ্গাইল,টাঙ্গাইল,word,86.32
510.jpg,2,20,,,,,
510.jpg,3,1,১,,১,number,99.99
510.jpg,4,1,১,,১,number,83.52
510.jpg,5,7,৭,,৭,number,91.66
510.jpg,6,7,৭,,৭,number,95.27
510.jpg,7,9,৯,,৯,number,99.92
510.jpg,8,8,৮,,৮,number,100.00
510.jpg,ALL,N/A,১,টাঙ্গাইল,টাঙ্গাইল ১,summary,N/A
1032.jpg,1,57,,,,,
1032.jpg,2,25,,,,,
1032.jpg,3,1,,,,,
1032.jpg,4,1,,,,,
1032.jpg,5,2,,,,,
1032.jpg,6,2,,,,,
1032.jpg,7,0,,,,,
1032.jpg,8,8,,,,,
1032.jpg,ALL,N/A,,,N/A,summary,N/A
2097.jpg,1,49,,,,,
2097.jpg,2,10,,,,,
2097.jpg,3,13,,,,,
2097.jpg,4,5,,,,,
2097.jpg,5,1,১,,১,number,25.90
2097.jpg,6,6,,,,,
2097.jpg,7,0,,,,,
2097.jpg,8,4,,,,,
2097.jpg,9,6,,,,,
2097.jpg,ALL,N/A,১,,১,summary,N/A
439.jpg,1,45,,,,,
439.jpg,2,33,,,,,
439.jpg,3,3,৬,,৬,number,8.36
439.jpg,4,4,,,,,
439.jpg,5,5,,,,,
439.jpg,6,6,,,,,
439.jpg,7,7,,,,,
439.jpg,8,8,,,,,
439.jpg,ALL,N/A,৬,,৬,summary,N/A
837.jpg,1,86,,পিরোজপুর,পিরোজপুর,word,88.66
837.jpg,2,25,,,,,
837.jpg,3,1,১,,১,number,89.96
837.jpg,4,1,,,,,
837.jpg,5,1,,,,,
837.jpg,6,0,,,,,
837.jpg,7,5,,,,,
837.jpg,8,5,,,,,
837.jpg,ALL,N/A,১,পিরোজপুর,পিরোজপুর ১,summary,N/A
1115.jpg,1,63,,,,,
1115.jpg,2,31,,,,,
1115.jpg,3,1,,,,,
1115.jpg,4,2,,,,,
1115.jpg,5,3,,,,,
1115.jpg,6,4,৪,,৪,number,31.80
1115.jpg,7,5,,,,,
1115.jpg,8,6,,,,,
1115.jpg,ALL,N/A,৪,,৪,summary,N/A
2251.jpg,1,63,,,,,
2251.jpg,2,10,,,,,
2251.jpg,3,31,,,,,
2251.jpg,4,1,,,,,
2251.jpg,5,1,,,,,
2251.jpg,6,1,,,,,
2251.jpg,7,6,,,,,
2251.jpg,8,3,,,,,
2251.jpg,9,6,৬,,৬,number,99.33
2251.jpg,ALL,N/A,৬,,৬,summary,N/A
1244.jpg,1,72,,মেহেরপুর,মেহেরপুর,word,93.17
1244.jpg,2,101,,,,,
1244.jpg,3,5,,,,,
1244.jpg,4,6,,,,,
1244.jpg,5,7,,,,,
1244.jpg,6,8,,,,,
1244.jpg,7,1,,,,,
1244.jpg,8,0,,,,,
1244.jpg,ALL,N/A,,মেহেরপুর,মেহেরপুর,summary,N/A
2553.jpg,1,53,,গাইবান্ধা,গাইবান্ধা,word,94.54
2553.jpg,2,25,,,,,
2553.jpg,3,1,১১,,১১,number,45.53
2553.jpg,4,1,১,,১,number,40.44
2553.jpg,5,3,৩,,৩,number,96.55
2553.jpg,6,8,৮,,৮,number,99.99
2553.jpg,7,7,৭,,৭,number,77.86
2553.jpg,8,1,১,,১,number,98.37
2553.jpg,ALL,N/A,১,গাইবান্ধা,গাইবান্ধা ১,summary,N/A
1160.jpg,1,66,,কুষ্টিয়া,কুষ্টিয়া,word,82.94
1160.jpg,2,101,,,,,
1160.jpg,3,5,,,,,
1160.jpg,4,6,,,,,
1160.jpg,5,7,,,,,
1160.jpg,6,8,৮,,৮,number,99.43
1160.jpg,7,0,,,,,
1160.jpg,8,1,,,,,
1160.jpg,ALL,N/A,৮,কুষ্টিয়া,কুষ্টিয়া ৮,summary,N/A
709.jpg,1,85,,,,,
709.jpg,2,19,,,,,
709.jpg,3,3,,,,,
709.jpg,4,4,,,,,
709.jpg,5,5,,,,,
709.jpg,6,6,,,,,
709.jpg,7,7,৭,,৭,number,97.70
709.jpg,8,8,,,,,
709.jpg,ALL,N/A,৭,,৭,summary,N/A
987.jpg,1,52,,ফেনী,ফেনী,word,99.19
987.jpg,2,25,,,,,
987.jpg,3,1,১,,১,number,31.01
987.jpg,4,1,,,,,
987.jpg,5,3,,,,,
987.jpg,6,7,৭,,৭,number,24.23
987.jpg,7,9,,,,,
987.jpg,8,0,,,,,
987.jpg,ALL,N/A,১,ফেনী,ফেনী ১,summary,N/A
1824.jpg,1,89,,রাজশাহী,রাজশাহী,word,65.13
1824.jpg,2,20,,,,,
1824.jpg,3,1,,,,,
1824.jpg,4,1,১,,১,number,99.98
1824.jpg,5,5,০,,০,number,21.84
1824.jpg,6,2,,,,,
1824.jpg,7,6,,,,,
1824.jpg,8,5,,,,,
1824.jpg,ALL,N/A,১,রাজশাহী,রাজশাহী ১,summary,N/A
2293.jpg,1,49,,ঢাকা,ঢাকা,word,88.11
2293.jpg,2,10,,,,,
2293.jpg,3,25,,,,,
2293.jpg,4,3,,,,,
2293.jpg,5,6,,,,,
2293.jpg,6,0,,,,,
2293.jpg,7,0,,,,,
2293.jpg,8,6,,,,,
2293.jpg,9,5,,,,,
2293.jpg,ALL,N/A,,ঢাকা,ঢাকা,summary,N/A
194.jpeg,1,79,,,,,
194.jpeg,2,20,,,,,
194.jpeg,3,1,,,,,
194.jpeg,4,2,,,,,
194.jpeg,5,6,,,,,
194.jpeg,6,6,,,,,
194.jpeg,7,3,,,,,
194.jpeg,8,3,,,,,
194.jpeg,ALL,N/A,,,N/A,summary,N/A
974.jpg,1,52,,ফেনী,ফেনী,word,99.98
974.jpg,2,20,,,,,
974.jpg,3,1,১,,১,number,99.53
974.jpg,4,2,২,,২,number,94.84
974.jpg,5,4,,,,,
974.jpg,6,9,,,,,
974.jpg,7,8,,,,,
974.jpg,8,3,,,,,
974.jpg,ALL,N/A,১,ফেনী,ফেনী ১,summary,N/A
1712.jpg,1,94,,শেরপুর,শেরপুর,word,99.82
1712.jpg,2,25,,,,,
1712.jpg,3,2,২,,২,number,99.97
1712.jpg,4,3,,,,,
1712.jpg,5,4,,,,,
1712.jpg,6,5,৫,,৫,number,99.89
1712.jpg,7,6,৬,,৬,number,99.82
1712.jpg,8,7,,,,,
1712.jpg,ALL,N/A,২,শেরপুর,শেরপুর ২,summary,N/A
2310.jpg,1,97,,,,,
2310.jpg,2,25,,,,,
2310.jpg,3,1,,,,,
2310.jpg,4,1,,,,,
2310.jpg,5,7,,,,,
2310.jpg,6,1,,,,,
2310.jpg,7,1,,,,,
2310.jpg,ALL,N/A,,,N/A,summary,N/A
753.jpg,1,58,০,,০,number,0.87
753.jpg,2,20,,,,,
753.jpg,3,1,১,,১,number,98.70
753.jpg,4,1,,,,,
753.jpg,5,1,১,,১,number,4.37
753.jpg,6,9,,,,,
753.jpg,7,3,,,,,
753.jpg,8,6,,,,,
753.jpg,ALL,N/A,১,,১,summary,N/A
1947.jpg,1,49,,,,,
1947.jpg,2,10,,,,,
1947.jpg,3,31,,,,,
1947.jpg,4,1,,,,,
1947.jpg,5,6,,,,,
1947.jpg,6,4,,,,,
1947.jpg,7,1,১,,১,number,38.66
1947.jpg,8,2,,,,,
1947.jpg,9,6,,,,,
1947.jpg,ALL,N/A,১,,১,summary,N/A
452.jpg,1,47,,,,,
452.jpg,2,12,,,,,
452.jpg,3,3,,,,,
452.jpg,4,4,,,,,
452.jpg,5,5,,,,,
452.jpg,6,6,,,,,
452.jpg,7,7,,,,,
452.jpg,8,8,৩,,৩,number,54.43
452.jpg,ALL,N/A,৩,,৩,summary,N/A
1021.jpg,1,56,,হবিগঞ্জ,হবিগঞ্জ,word,95.97
1021.jpg,2,25,,,,,
1021.jpg,3,1,,,,,
1021.jpg,4,1,,,,,
1021.jpg,5,2,,,,,
1021.jpg,6,0,,,,,
1021.jpg,7,3,,,,,
1021.jpg,8,4,,,,,
1021.jpg,ALL,N/A,,হবিগঞ্জ,হবিগঞ্জ,summary,N/A
384.jpg,1,39,,বরিশাল,বরিশাল,word,61.54
384.jpg,2,27,,,,,
384.jpg,3,5,,,,,
384.jpg,4,6,৬,,৬,number,70.70
384.jpg,5,7,,,,,
384.jpg,6,8,৩,,৩,number,34.02
384.jpg,7,9,,,,,
384.jpg,8,0,,,,,
384.jpg,ALL,N/A,৬,বরিশাল,বরিশাল ৬,summary,N/A
1098.jpg,1,61,,,,,
1098.jpg,2,29,,,,,
1098.jpg,3,1,,,,,
1098.jpg,4,2,১,,১,number,53.89
1098.jpg,5,3,,,,,
1098.jpg,6,4,,,,,
1098.jpg,7,5,,,,,
1098.jpg,8,6,৬,,৬,number,89.93
1098.jpg,ALL,N/A,১,,১,summary,N/A
1769.jpg,1,44,,,,,
1769.jpg,2,10,,মেট্রো,মেট্রো,word,91.55
1769.jpg,3,25,,,,,
1769.jpg,4,1,,,,,
1769.jpg,5,6,,,,,
1769.jpg,6,4,,,,,
1769.jpg,7,2,২,,২,number,99.98
1769.jpg,8,3,,,,,
1769.jpg,9,1,১,,১,number,100.00
1769.jpg,ALL,N/A,২,মেট্রো,মেট্রো ২,summary,N/A
618.jpg,1,57,,,,,
618.jpg,2,23,,,,,
618.jpg,3,8,,,,,
618.jpg,4,9,,,,,
618.jpg,5,0,,,,,
618.jpg,6,1,,,,,
618.jpg,7,2,,,,,
618.jpg,8,3,,,,,
618.jpg,ALL,N/A,,,N/A,summary,N/A
230.jpg,1,49,,,,,
230.jpg,2,10,,,,,
230.jpg,3,18,,,,,
230.jpg,4,2,,,,,
230.jpg,5,8,,,,,
230.jpg,6,6,,,,,
230.jpg,7,9,,,,,
230.jpg,8,9,,,,,
230.jpg,9,9,,,,,
230.jpg,ALL,N/A,,,N/A,summary,N/A
2638.jpg,1,40,,ভোলা,ভোলা,word,72.72
2638.jpg,2,20,,,,,
2638.jpg,3,1,,,,,
2638.jpg,4,1,১,,১,number,99.95
2638.jpg,5,3,,,,,
2638.jpg,6,5,,,,,
2638.jpg,7,8,,,,,
2638.jpg,8,9,,,,,
2638.jpg,ALL,N/A,১,ভোলা,ভোলা ১,summary,N/A
1.jpeg,1,74,,ময়মনসিংহ,ময়মনসিংহ,word,91.70
1.jpeg,2,20,,,,,
1.jpeg,3,1,,,,,
1.jpeg,4,5,,,,,
1.jpeg,5,2,,,,,
1.jpeg,6,6,,,,,
1.jpeg,7,6,,,,,
1.jpeg,8,4,৪,,৪,number,44.31
1.jpeg,ALL,N/A,৪,ময়মনসিংহ,ময়মনসিংহ ৪,summary,N/A
1383.jpg,1,90,,রাঙামাটি,রাঙামাটি,word,65.55
1383.jpg,2,15,,,,,
1383.jpg,3,3,,,,,
1383.jpg,4,4,,,,,
1383.jpg,5,7,,,,,
1383.jpg,6,8,৮,,৮,number,92.99
1383.jpg,7,9,,,,,
1383.jpg,8,0,,,,,
1383.jpg,ALL,N/A,৮,রাঙামাটি,রাঙামাটি ৮,summary,N/A
1825.jpg,1,95,,,,,
1825.jpg,2,20,,,,,
1825.jpg,3,1,,,,,
1825.jpg,4,2,,,,,
1825.jpg,5,1,১,,১,number,89.14
1825.jpg,6,5,৫,,৫,number,29.20
1825.jpg,7,4,৪,,৪,number,85.88
1825.jpg,8,5,,,,,
1825.jpg,ALL,N/A,১,,১,summary,N/A
956.jpg,1,98,,টাঙ্গাইল,টাঙ্গাইল,word,87.81
956.jpg,2,25,,,,,
956.jpg,3,1,,,,,
956.jpg,4,1,,,,,
956.jpg,5,9,৯,,৯,number,99.72
956.jpg,6,9,,,,,
956.jpg,7,6,,,,,
956.jpg,8,3,,,,,
956.jpg,ALL,N/A,৯,টাঙ্গাইল,টাঙ্গাইল ৯,summary,N/A
116.jpg,1,77,,,,,
116.jpg,2,33,,,,,
116.jpg,3,1,,,,,
116.jpg,4,1,,,,,
116.jpg,5,1,,,,,
116.jpg,6,1,,,,,
116.jpg,7,2,,,,,
116.jpg,8,5,,,,,
116.jpg,ALL,N/A,,,N/A,summary,N/A
1591.jpg,1,96,,,,,
1591.jpg,2,25,,,,,
1591.jpg,3,1,,,,,
1591.jpg,4,1,১,,১,number,97.84
1591.jpg,5,1,১,,১,number,99.89
1591.jpg,6,0,,,,,
1591.jpg,7,9,,,,,
1591.jpg,8,8,,,,,
1591.jpg,ALL,N/A,১,,১,summary,N/A
2382.jpg,1,49,,,,,
2382.jpg,2,0,,,,,
2382.jpg,3,5,,,,,
2382.jpg,4,4,,,,,
2382.jpg,5,4,,,,,
2382.jpg,6,30,,,,,
2382.jpg,ALL,N/A,,,N/A,summary,N/A
1287.jpg,1,75,,,,,
1287.jpg,2,33,,,,,
1287.jpg,3,8,৩,,৩,number,73.88
1287.jpg,4,8,৩,,৩,number,33.35
1287.jpg,5,9,,,,,
1287.jpg,6,0,,,,,
1287.jpg,7,1,,,,,
1287.jpg,8,7,৭,,৭,number,26.42
1287.jpg,ALL,N/A,৩,,৩,summary,N/A
2652.jpg,1,37,,,,,
2652.jpg,2,20,,,,,
2652.jpg,ALL,N/A,,,N/A,summary,N/A
1336.jpg,1,80,,,,,
1336.jpg,2,25,,,,,
1336.jpg,3,2,,,,,
1336.jpg,4,3,,,,,
1336.jpg,5,4,,,,,
1336.jpg,6,5,৫,,৫,number,48.91
1336.jpg,7,6,৬,,৬,number,99.56
1336.jpg,8,7,,,,,
1336.jpg,ALL,N/A,৫,,৫,summary,N/A
524.jpg,1,49,,,,,
524.jpg,2,14,,,,,
524.jpg,3,3,,,,,
524.jpg,4,4,,,,,
524.jpg,5,5,,,,,
524.jpg,6,6,,,,,
524.jpg,7,7,,,,,
524.jpg,8,8,৬,,৬,number,8.03
524.jpg,ALL,N/A,৬,,৬,summary,N/A
706.jpg,1,85,,,,,
706.jpg,2,19,,,,,
706.jpg,3,3,,,,,
706.jpg,4,4,,,,,
706.jpg,5,5,,,,,
706.jpg,6,6,৬,,৬,number,59.52
706.jpg,7,7,,,,,
706.jpg,8,8,,,,,
706.jpg,ALL,N/A,৬,,৬,summary,N/A
2587.jpg,1,44,,,,,
2587.jpg,2,10,,মেট্রো,মেট্রো,word,89.11
2587.jpg,3,25,,,,,
2587.jpg,4,0,,,,,
2587.jpg,5,4,,,,,
2587.jpg,6,1,,,,,
2587.jpg,7,3,,,,,
2587.jpg,8,4,,,,,
2587.jpg,9,1,,,,,
2587.jpg,ALL,N/A,,মেট্রো,মেট্রো,summary,N/A
1615.jpg,1,60,,ঝিনাইদহ,ঝিনাইদহ,word,85.95
1615.jpg,2,20,,,,,
1615.jpg,3,1,১,,১,number,100.00
1615.jpg,4,1,১,,১,number,100.00
1615.jpg,5,3,৩,,৩,number,99.69
1615.jpg,6,7,৭,,৭,number,65.82
1615.jpg,7,0,,,,,
1615.jpg,8,7,৭,,৭,number,88.13
1615.jpg,ALL,N/A,১,ঝিনাইদহ,ঝিনাইদহ ১,summary,N/A
1421.jpg,1,69,,মাদারীপুর,মাদারীপুর,word,91.30
1421.jpg,2,25,,,,,
1421.jpg,3,1,১,,১,number,99.97
1421.jpg,4,1,১,,১,number,99.99
1421.jpg,5,3,৩,,৩,number,99.88
1421.jpg,6,4,,,,,
1421.jpg,7,4,,,,,
1421.jpg,8,1,১,,১,number,99.97
1421.jpg,ALL,N/A,১,মাদারীপুর,মাদারীপুর ১,summary,N/A
1525.jpg,1,79,,নাটোর,নাটোর,word,80.96
1525.jpg,2,25,,,,,
1525.jpg,3,1,১,,১,number,99.99
1525.jpg,4,1,১,,১,number,100.00
1525.jpg,5,7,,,,,
1525.jpg,6,0,,,,,
1525.jpg,7,4,,,,,
1525.jpg,8,4,,,,,
1525.jpg,ALL,N/A,১,নাটোর,নাটোর ১,summary,N/A
972.jpg,1,52,,ফেনী,ফেনী,word,81.63
972.jpg,2,20,,,,,
972.jpg,3,1,,,,,
972.jpg,4,2,,,,,
972.jpg,5,2,,,,,
972.jpg,6,5,,,,,
972.jpg,7,0,,,,,
972.jpg,8,4,,,,,
972.jpg,ALL,N/A,,ফেনী,ফেনী,summary,N/A
955.jpg,1,98,,,,,
955.jpg,2,25,৫,,৫,number,10.10
955.jpg,3,1,,,,,
955.jpg,4,2,,,,,
955.jpg,5,8,৮,,৮,number,100.00
955.jpg,6,8,৮,,৮,number,99.82
955.jpg,7,0,,,,,
955.jpg,8,6,,,,,
955.jpg,ALL,N/A,৮,,৮,summary,N/A
2294.jpg,1,49,,ঢাকা,ঢাকা,word,90.88
2294.jpg,2,10,,,,,
2294.jpg,3,19,,,,,
2294.jpg,4,1,,,,,
2294.jpg,5,5,৫,,৫,number,99.84
2294.jpg,6,5,৫,,৫,number,99.09
2294.jpg,7,2,,,,,
2294.jpg,8,7,৭,,৭,number,51.09
2294.jpg,9,6,৬,,৬,number,99.96
2294.jpg,ALL,N/A,৫,ঢাকা,ঢাকা ৫,summary,N/A
1558.jpg,1,94,,শেরপুর,শেরপুর,word,95.20
1558.jpg,2,25,,,,,
1558.jpg,3,1,১,,১,number,99.99
1558.jpg,4,1,১,,১,number,100.00
1558.jpg,5,2,২,,২,number,66.27
1558.jpg,6,4,,,,,
1558.jpg,7,5,,,,,
1558.jpg,8,5,,,,,
1558.jpg,ALL,N/A,১,শেরপুর,শেরপুর ১,summary,N/A
2121.jpg,1,49,,,,,
2121.jpg,2,10,,মেট্রো,মেট্রো,word,61.05
2121.jpg,3,18,,,,,
2121.jpg,4,2,,,,,
2121.jpg,5,2,২,,২,number,87.61
2121.jpg,6,5,৫,,৫,number,36.34
2121.jpg,7,6,৬,,৬,number,99.94
2121.jpg,8,2,,,,,
2121.jpg,9,7,৭,,৭,number,96.57
2121.jpg,ALL,N/A,২,মেট্রো,মেট্রো ২,summary,N/A
476.jpg,1,48,,,,,
476.jpg,2,13,১,,১,number,3.29
476.jpg,3,1,,,,,
476.jpg,4,3,,,,,
476.jpg,5,5,,,,,
476.jpg,6,7,,,,,
476.jpg,7,9,,,,,
476.jpg,8,0,,,,,
476.jpg,ALL,N/A,১,,১,summary,N/A
1007.jpg,1,55,,গোপালগঞ্জ,গোপালগঞ্জ,word,99.24
1007.jpg,2,25,,,,,
1007.jpg,3,1,১,,১,number,48.88
1007.jpg,4,1,১,,১,number,89.15
1007.jpg,5,2,২,,২,number,30.47
1007.jpg,6,2,২,,২,number,44.56
1007.jpg,7,2,২,,২,number,99.93
1007.jpg,8,5,,,,,
1007.jpg,ALL,N/A,২,গোপালগঞ্জ,গোপালগঞ্জ ২,summary,N/A
2237.jpg,1,58,,,,,
2237.jpg,2,20,,,,,
2237.jpg,3,1,১,,১,number,99.50
2237.jpg,4,3,৩,,৩,number,70.74
2237.jpg,5,4,৪,,৪,number,33.17
2237.jpg,6,2,,,,,
2237.jpg,7,0,,,,,
2237.jpg,8,2,,,,,
2237.jpg,ALL,N/A,১,,১,summary,N/A
633.jpg,1,81,,নীলফামারী,নীলফামারী,word,90.92
633.jpg,2,23,,,,,
633.jpg,3,2,১,,১,number,33.31
633.jpg,4,3,,,,,
633.jpg,5,4,,,,,
633.jpg,6,5,,,,,
633.jpg,7,6,৬,,৬,number,99.93
633.jpg,8,7,,,,,
633.jpg,ALL,N/A,১,নীলফামারী,নীলফামারী ১,summary,N/A
142.jpeg,1,79,,,,,
142.jpeg,2,20,,,,,
142.jpeg,3,1,,,,,
142.jpeg,4,1,,,,,
142.jpeg,5,3,,,,,
142.jpeg,6,6,,,,,
142.jpeg,7,7,,,,,
142.jpeg,8,7,,,,,
142.jpeg,ALL,N/A,,,N/A,summary,N/A
106.jpeg,1,98,,টাঙ্গাইল,টাঙ্গাইল,word,79.10
106.jpeg,2,25,,,,,
106.jpeg,3,1,,,,,
106.jpeg,4,2,,,,,
106.jpeg,5,7,,,,,
106.jpeg,6,7,,,,,
106.jpeg,7,6,,,,,
106.jpeg,8,8,৮,,৮,number,97.91
106.jpeg,ALL,N/A,৮,টাঙ্গাইল,টাঙ্গাইল ৮,summary,N/A
558.jpg,1,52,,,,,
558.jpg,2,18,,,,,
558.jpg,3,1,,,,,
558.jpg,4,2,১,,১,number,96.34
558.jpg,5,3,,,,,
558.jpg,6,4,৪,,৪,number,29.33
558.jpg,7,5,,,,,
558.jpg,8,6,৬,,৬,number,99.99
558.jpg,ALL,N/A,১,,১,summary,N/A
472.jpg,1,47,,,,,
472.jpg,2,12,,,,,
472.jpg,3,8,,,,,
472.jpg,4,9,,,,,
472.jpg,5,0,,,,,
472.jpg,6,1,,,,,
472.jpg,7,2,,,,,
472.jpg,8,3,,,,,
472.jpg,ALL,N/A,,,N/A,summary,N/A
2477.jpg,1,49,,ঢাকা,ঢাকা,word,99.97
2477.jpg,2,10,,মেট্রো,মেট্রো,word,65.79
2477.jpg,3,20,,,,,
2477.jpg,4,4,,,,,
2477.jpg,5,3,,,,,
2477.jpg,6,6,,,,,
2477.jpg,7,1,,,,,
2477.jpg,8,4,,,,,
2477.jpg,9,9,,,,,
2477.jpg,ALL,N/A,,ঢাকা,ঢাকা,summary,N/A
1306.jpg,1,78,,,,,
1306.jpg,2,30,,,,,
1306.jpg,3,3,,,,,
1306.jpg,4,4,,,,,
1306.jpg,5,5,,,,,
1306.jpg,6,6,৬,,৬,number,5.03
1306.jpg,7,7,,,,,
1306.jpg,8,8,,,,,
1306.jpg,ALL,N/A,৬,,৬,summary,N/A
599.jpg,1,56,,,,,
599.jpg,2,22,,,,,
599.jpg,3,1,,,,,
599.jpg,4,3,,,,,
599.jpg,5,5,,,,,
599.jpg,6,7,০,,০,number,49.45
599.jpg,7,9,,,,,
599.jpg,8,0,,,,,
599.jpg,ALL,N/A,০,,০,summary,N/A
266.jpg,1,49,,,,,
266.jpg,2,10,,,,,
266.jpg,3,18,,,,,
266.jpg,4,3,,,,,
266.jpg,5,3,,,,,
266.jpg,6,7,,,,,
266.jpg,7,3,,,,,
266.jpg,8,8,,,,,
266.jpg,9,2,,,,,
266.jpg,ALL,N/A,,,N/A,summary,N/A
1296.jpg,1,77,,,,,
1296.jpg,2,31,,,,,
1296.jpg,3,3,,,,,
1296.jpg,4,4,,,,,
1296.jpg,5,5,,,,,
1296.jpg,6,6,,,,,
1296.jpg,7,7,৭,,৭,number,29.22
1296.jpg,8,8,৮,,৮,number,25.44
1296.jpg,ALL,N/A,৭,,৭,summary,N/A
1476.jpg,1,74,,ময়মনসিংহ,ময়মনসিংহ,word,92.07
1476.jpg,2,25,,,,,
1476.jpg,3,1,১,,১,number,71.95
1476.jpg,4,1,১,,১,number,94.49
1476.jpg,5,5,৫,,৫,number,45.11
1476.jpg,6,7,,,,,
1476.jpg,7,7,৭,,৭,number,91.08
1476.jpg,8,4,,,,,
1476.jpg,ALL,N/A,১,ময়মনসিংহ,ময়মনসিংহ ১,summary,N/A
2137.jpg,1,49,,,,,
2137.jpg,2,10,,মেট্রো,মেট্রো,word,83.04
2137.jpg,3,19,,,,,
2137.jpg,4,1,১,,১,number,98.18
2137.jpg,5,5,,,,,
2137.jpg,6,8,৮,,৮,number,99.58
2137.jpg,7,2,,,,,
2137.jpg,8,1,১১,,১১,number,42.58
2137.jpg,9,6,৬,,৬,number,100.00
2137.jpg,ALL,N/A,১,মেট্রো,মেট্রো ১,summary,N/A
796.jpg,1,83,,পাবনা,পাবনা,word,82.88
796.jpg,2,20,,,,,
796.jpg,3,1,১,,১,number,99.99
796.jpg,4,5,,,,,
796.jpg,5,5,,,,,
796.jpg,6,8,৮,,৮,number,94.87
796.jpg,7,6,৬,,৬,number,100.00
796.jpg,8,2,,,,,
796.jpg,ALL,N/A,১,পাবনা,পাবনা ১,summary,N/A
824.jpg,1,86,,পিরোজপুর,পিরোজপুর,word,83.00
824.jpg,2,20,,,,,
824.jpg,3,1,,,,,
824.jpg,4,1,১৬,,১৬,number,27.01
824.jpg,5,7,,,,,
824.jpg,6,6,৬,,৬,number,98.96
824.jpg,7,3,,,,,
824.jpg,8,5,,,,,
824.jpg,ALL,N/A,১৬,পিরোজপুর,পিরোজপুর ১৬,summary,N/A
1650.jpg,1,63,,খুলনা,খুলনা,word,96.95
1650.jpg,2,10,,মেট্রো,মেট্রো,word,98.93
1650.jpg,3,19,,,,,
1650.jpg,4,0,,,,,
1650.jpg,5,0,,,,,
1650.jpg,6,0,,,,,
1650.jpg,7,0,,,,,
1650.jpg,8,5,৫,,৫,number,61.77
1650.jpg,9,4,৪,,৪,number,43.51
1650.jpg,ALL,N/A,৫,খুলনা,খুলনা ৫,summary,N/A
72.jpg,1,63,,খুলনা,খুলনা,word,87.12
72.jpg,2,10,,মেট্রো,মেট্রো,word,65.56
72.jpg,3,13,,,,,
72.jpg,4,5,,,,,
72.jpg,5,1,,,,,
72.jpg,6,1,,,,,
72.jpg,7,0,,,,,
72.jpg,8,2,,,,,
72.jpg,9,3,,,,,
72.jpg,ALL,N/A,,খুলনা,খুলনা,summary,N/A
2297.jpg,1,49,,,,,
2297.jpg,2,10,,মেট্রো,মেট্রো,word,59.29
2297.jpg,3,26,,,,,
2297.jpg,4,5,৫,,৫,number,26.52
2297.jpg,5,4,,,,,
2297.jpg,6,0,,,,,
2297.jpg,7,1,,,,,
2297.jpg,8,8,৮,,৮,number,85.58
2297.jpg,9,0,,,,,
2297.jpg,ALL,N/A,৫,মেট্রো,মেট্রো ৫,summary,N/A
2622.jpg,1,20,,,,,
2622.jpg,2,1,১,,১,number,99.99
2622.jpg,3,1,১,,১,number,62.14
2622.jpg,4,9,,,,,
2622.jpg,5,5,৫,,৫,number,57.66
2622.jpg,6,5,৫,,৫,number,61.29
2622.jpg,7,7,৭,,৭,number,27.51
2622.jpg,8,84,,পঞ্চগড়,পঞ্চগড়,word,83.86
2622.jpg,ALL,N/A,১,পঞ্চগড়,পঞ্চগড় ১,summary,N/A
1465.jpg,1,74,,,,,
1465.jpg,2,25,,,,,
1465.jpg,3,1,,,,,
1465.jpg,4,1,,,,,
1465.jpg,5,1,,,,,
1465.jpg,6,1,,,,,
1465.jpg,7,0,,,,,
1465.jpg,8,0,,,,,
1465.jpg,ALL,N/A,,,N/A,summary,N/A
162.jpeg,1,36,,,,,
162.jpeg,2,20,,,,,
162.jpeg,3,1,,,,,
162.jpeg,4,4,,,,,
162.jpeg,5,4,,,,,
162.jpeg,6,2,,,,,
162.jpeg,7,5,,,,,
162.jpeg,8,5,,,,,
162.jpeg,ALL,N/A,,,N/A,summary,N/A
1309.jpg,1,78,,নরসিংদী,নরসিংদী,word,99.99
1309.jpg,2,30,,,,,
1309.jpg,3,2,২,,২,number,99.89
1309.jpg,4,3,৩,,৩,number,89.63
1309.jpg,5,4,,,,,
1309.jpg,6,5,,,,,
1309.jpg,7,6,৬৬,,৬৬,number,35.28
1309.jpg,8,7,,,,,
1309.jpg,ALL,N/A,২,নরসিংদী,নরসিংদী ২,summary,N/A
1568.jpg,1,95,,,,,
1568.jpg,2,20,,,,,
1568.jpg,3,1,১,,১,number,99.95
1568.jpg,4,1,,,,,
1568.jpg,5,2,১,,১,number,45.74
1568.jpg,6,5,৫,,৫,number,69.86
1568.jpg,7,5,,,,,
1568.jpg,8,4,,,,,
1568.jpg,ALL,N/A,১,,১,summary,N/A
525.jpg,1,49,,,,,
525.jpg,2,14,,,,,
525.jpg,3,1,,,,,
525.jpg,4,2,,,,,
525.jpg,5,3,,,,,
525.jpg,6,4,,,,,
525.jpg,7,5,,,,,
525.jpg,8,6,৬,,৬,number,100.00
525.jpg,ALL,N/A,৬,,৬,summary,N/A
1783.jpg,1,44,৮,,৮,number,20.94
1783.jpg,2,10,,মেট্রো,মেট্রো,word,91.93
1783.jpg,3,23,,,,,
1783.jpg,4,1,১,,১,number,95.59
1783.jpg,5,1,১,,১,number,99.95
1783.jpg,6,0,,,,,
1783.jpg,7,8,৮,,৮,number,97.95
1783.jpg,8,9,,,,,
1783.jpg,9,4,,,,,
1783.jpg,ALL,N/A,৮,মেট্রো,মেট্রো ৮,summary,N/A
2623.jpg,1,65,,,,,
2623.jpg,2,25,,,,,
2623.jpg,3,7,,,,,
2623.jpg,4,7,,,,,
2623.jpg,5,7,,,,,
2623.jpg,6,2,,,,,
2623.jpg,7,1,,,,,
2623.jpg,8,1,,,,,
2623.jpg,ALL,N/A,,,N/A,summary,N/A
2326.jpg,1,95,,সিরাজগঞ্জ,সিরাজগঞ্জ,word,68.92
2326.jpg,2,20,,,,,
2326.jpg,3,4,,,,,
2326.jpg,4,9,,,,,
2326.jpg,5,6,৬,,৬,number,96.99
2326.jpg,6,7,,,,,
2326.jpg,7,1,১,,১,number,99.94
2326.jpg,8,1,১,,১,number,97.98
2326.jpg,ALL,N/A,১,সিরাজগঞ্জ,সিরাজগঞ্জ ১,summary,N/A
850.jpg,1,87,,,,,
850.jpg,2,10,,,,,
850.jpg,3,20,,,,,
850.jpg,4,1,,,,,
850.jpg,5,2,,,,,
850.jpg,6,3,,,,,
850.jpg,7,4,৪,,৪,number,12.40
850.jpg,8,9,,,,,
850.jpg,9,7,,,,,
850.jpg,ALL,N/A,৪,,৪,summary,N/A
188.jpeg,1,1,,,,,
188.jpeg,2,1,,,,,
188.jpeg,3,1,,,,,
188.jpeg,4,2,,,,,
188.jpeg,5,5,,,,,
188.jpeg,6,7,,,,,
188.jpeg,7,25,,,,,
188.jpeg,8,79,,নাটোর,নাটোর,word,71.47
188.jpeg,ALL,N/A,,নাটোর,নাটোর,summary,N/A
250.jpg,1,49,,,,,
250.jpg,2,10,,,,,
250.jpg,3,18,,,,,
250.jpg,4,3,,,,,
250.jpg,5,3,,,,,
250.jpg,6,3,,,,,
250.jpg,7,1,,,,,
250.jpg,8,2,,,,,
250.jpg,9,8,,,,,
250.jpg,ALL,N/A,,,N/A,summary,N/A
1773.jpg,1,44,,,,,
1773.jpg,2,10,,মেট্রো,মেট্রো,word,82.34
1773.jpg,3,33,,,,,
1773.jpg,4,1,,,,,
1773.jpg,5,3,,,,,
1773.jpg,6,3,,,,,
1773.jpg,7,2,,,,,
1773.jpg,8,1,,,,,
1773.jpg,9,3,,,,,
1773.jpg,ALL,N/A,,মেট্রো,মেট্রো,summary,N/A
2133.jpg,1,49,,,,,
2133.jpg,2,10,,,,,
2133.jpg,3,18,,,,,
2133.jpg,4,1,,,,,
2133.jpg,5,3,,,,,
2133.jpg,6,9,,,,,
2133.jpg,7,4,,,,,
2133.jpg,8,3,,,,,
2133.jpg,9,0,,,,,
2133.jpg,ALL,N/A,,,N/A,summary,N/A
1579.jpg,1,96,,সুনামগঞ্জ,সুনামগঞ্জ,word,78.51
1579.jpg,2,101,,,,,
1579.jpg,3,3,,,,,
1579.jpg,4,4,,,,,
1579.jpg,5,7,,,,,
1579.jpg,6,8,৮,,৮,number,94.18
1579.jpg,7,9,,,,,
1579.jpg,8,0,,,,,
1579.jpg,ALL,N/A,৮,সুনামগঞ্জ,সুনামগঞ্জ ৮,summary,N/A
2303.jpg,1,49,,,,,
2303.jpg,2,10,,মেট্রো,মেট্রো,word,79.68
2303.jpg,3,31,,,,,
2303.jpg,4,1,,,,,
2303.jpg,5,1,,,,,
2303.jpg,6,5,,,,,
2303.jpg,7,8,,,,,
2303.jpg,8,9,,,,,
2303.jpg,9,5,,,,,
2303.jpg,ALL,N/A,,মেট্রো,মেট্রো,summary,N/A
2168.jpg,1,49,,ঢাকা,ঢাকা,word,58.50
2168.jpg,2,10,,মেট্রো,মেট্রো,word,74.30
2168.jpg,3,18,,,,,
2168.jpg,4,2,,,,,
2168.jpg,5,3,,,,,
2168.jpg,6,8,৮,,৮,number,44.83
2168.jpg,7,1,১,,১,number,57.55
2168.jpg,8,4,,,,,
2168.jpg,9,0,,,,,
2168.jpg,ALL,N/A,৮,ঢাকা,ঢাকা ৮,summary,N/A
1250.jpg,1,73,,,,,
1250.jpg,2,100,৬,,৬,number,1.85
1250.jpg,3,2,,,,,
1250.jpg,4,4,,,,,
1250.jpg,5,6,,,,,
1250.jpg,6,8,,,,,
1250.jpg,7,0,,,,,
1250.jpg,8,1,,,,,
1250.jpg,ALL,N/A,৬,,৬,summary,N/A
495.jpg,1,48,,,,,
495.jpg,2,13,,,,,
495.jpg,3,1,,,,,
495.jpg,4,4,,,,,
495.jpg,5,7,,,,,
495.jpg,6,8,,,,,
495.jpg,7,9,,,,,
495.jpg,8,2,,,,,
495.jpg,ALL,N/A,,,N/A,summary,N/A
1041.jpg,1,97,,,,,
1041.jpg,2,26,,,,,
1041.jpg,3,1,,,,,
1041.jpg,4,9,,,,,
1041.jpg,5,5,,,,,
1041.jpg,6,6,৬,,৬,number,93.23
1041.jpg,7,7,,,,,
1041.jpg,8,8,৩,,৩,number,28.45
1041.jpg,ALL,N/A,৬,,৬,summary,N/A
458.jpg,1,47,,,,,
458.jpg,2,12,,,,,
458.jpg,3,1,,,,,
458.jpg,4,2,১,,১,number,65.34
458.jpg,5,3,,,,,
458.jpg,6,4,৪,,৪,number,12.95
458.jpg,7,5,,,,,
458.jpg,8,6,,,,,
458.jpg,ALL,N/A,১,,১,summary,N/A
1795.jpg,1,44,,,,,
1795.jpg,2,10,,মেট্রো,মেট্রো,word,87.29
1795.jpg,3,13,,,,,
1795.jpg,4,1,১,,১,number,99.90
1795.jpg,5,1,১,,১,number,100.00
1795.jpg,6,7,,,,,
1795.jpg,7,4,,,,,
1795.jpg,8,6,৬,,৬,number,100.00
1795.jpg,9,1,১,,১,number,100.00
1795.jpg,ALL,N/A,১,মেট্রো,মেট্রো ১,summary,N/A
1710.jpg,1,94,,শেরপুর,শেরপুর,word,94.29
1710.jpg,2,25,,,,,
1710.jpg,3,9,,,,,
1710.jpg,4,1,,,,,
1710.jpg,5,0,,,,,
1710.jpg,6,2,,,,,
1710.jpg,7,1,,,,,
1710.jpg,8,9,,,,,
1710.jpg,ALL,N/A,,শেরপুর,শেরপুর,summary,N/A
2059.jpg,1,49,,,,,
2059.jpg,2,10,,,,,
2059.jpg,3,18,,,,,
2059.jpg,4,3,,,,,
2059.jpg,5,1,,,,,
2059.jpg,6,0,,,,,
2059.jpg,7,0,,,,,
2059.jpg,8,8,৮,,৮,number,99.17
2059.jpg,9,0,,,,,
2059.jpg,ALL,N/A,৮,,৮,summary,N/A
1037.jpg,1,58,,যশোর,যশোর,word,98.32
1037.jpg,2,20,,,,,
1037.jpg,3,1,১,,১,number,58.43
1037.jpg,4,3,,,,,
1037.jpg,5,9,,,,,
1037.jpg,ALL,N/A,১,যশোর,যশোর ১,summary,N/A
2130.jpg,1,49,,ঢাকা,ঢাকা,word,75.66
2130.jpg,2,10,,,,,
2130.jpg,3,18,,,,,
2130.jpg,4,2,,,,,
2130.jpg,5,3,,,,,
2130.jpg,6,9,,,,,
2130.jpg,7,0,,,,,
2130.jpg,8,0,,,,,
2130.jpg,9,3,,,,,
2130.jpg,ALL,N/A,,ঢাকা,ঢাকা,summary,N/A
2104.jpg,1,49,,ঢাকা,ঢাকা,word,78.76
2104.jpg,2,10,,মেট্রো,মেট্রো,word,63.54
2104.jpg,3,18,,,,,
2104.jpg,4,1,১,,১,number,29.28
2104.jpg,5,7,,,,,
2104.jpg,6,3,,,,,
2104.jpg,7,0,,,,,
2104.jpg,8,2,,,,,
2104.jpg,9,2,,,,,
2104.jpg,ALL,N/A,১,ঢাকা,ঢাকা ১,summary,N/A
12.jpeg,1,74,,ময়মনসিংহ,ময়মনসিংহ,word,92.60
12.jpeg,2,20,,,,,
12.jpeg,3,1,,,,,
12.jpeg,4,4,,,,,
12.jpeg,5,5,,,,,
12.jpeg,6,5,,,,,
12.jpeg,7,5,,,,,
12.jpeg,8,5,,,,,
12.jpeg,ALL,N/A,,ময়মনসিংহ,ময়মনসিংহ,summary,N/A
1534.jpg,1,92,,,,,
1534.jpg,2,25,,,,,
1534.jpg,3,1,,,,,
1534.jpg,4,2,,,,,
1534.jpg,5,3,,,,,
1534.jpg,6,6,,,,,
1534.jpg,7,1,,,,,
1534.jpg,8,8,৬,,৬,number,8.92
1534.jpg,ALL,N/A,৬,,৬,summary,N/A
1100.jpg,1,62,,,,,
1100.jpg,2,30,,,,,
1100.jpg,3,5,,,,,
1100.jpg,4,6,৬,,৬,number,99.12
1100.jpg,5,7,,,,,
1100.jpg,6,8,৮,,৮,number,16.54
1100.jpg,7,0,,,,,
1100.jpg,8,1,,,,,
1100.jpg,ALL,N/A,৬,,৬,summary,N/A
2512.jpg,1,55,,গোপালগঞ্জ,গোপালগঞ্জ,word,96.11
2512.jpg,2,20,,,,,
2512.jpg,3,5,৫,,৫,number,92.14
2512.jpg,4,2,,,,,
2512.jpg,5,0,,,,,
2512.jpg,6,5,৫,,৫,number,89.24
2512.jpg,7,1,১,,১,number,89.89
2512.jpg,8,1,,,,,
2512.jpg,ALL,N/A,৫,গোপালগঞ্জ,গোপালগঞ্জ ৫,summary,N/A
1082.jpg,1,60,,,,,
1082.jpg,2,28,,,,,
1082.jpg,3,1,,,,,
1082.jpg,4,2,১,,১,number,68.97
1082.jpg,5,3,,,,,
1082.jpg,6,4,,,,,
1082.jpg,7,5,,,,,
1082.jpg,8,6,,,,,
1082.jpg,ALL,N/A,১,,১,summary,N/A
1844.jpg,1,82,,নোয়াখালী,নোয়াখালী,word,74.15
1844.jpg,2,102,,,,,
1844.jpg,3,1,১,,১,number,100.00
1844.jpg,4,1,১,,১,number,100.00
1844.jpg,5,0,,,,,
1844.jpg,6,3,৩,,৩,number,99.85
1844.jpg,7,5,৫,,৫,number,100.00
1844.jpg,8,8,৮,,৮,number,93.01
1844.jpg,ALL,N/A,১,নোয়াখালী,নোয়াখালী ১,summary,N/A
312.jpg,1,49,,,,,
312.jpg,2,10,,,,,
312.jpg,3,12,,,,,
312.jpg,4,1,,,,,
312.jpg,5,1,,,,,
312.jpg,6,1,,,,,
312.jpg,7,5,,,,,
312.jpg,8,9,,,,,
312.jpg,9,6,,,,,
312.jpg,ALL,N/A,,,N/A,summary,N/A
684.jpg,1,84,,,,,
684.jpg,2,20,,,,,
684.jpg,3,1,,,,,
684.jpg,4,9,,,,,
684.jpg,5,5,,,,,
684.jpg,6,6,,,,,
684.jpg,7,7,,,,,
684.jpg,8,8,৩,,৩,number,34.63
684.jpg,ALL,N/A,৩,,৩,summary,N/A
985.jpg,1,52,,ফেনী,ফেনী,word,87.73
985.jpg,2,25,,,,,
985.jpg,3,1,,,,,
985.jpg,4,1,১,,১,number,99.99
985.jpg,5,4,,,,,
985.jpg,6,5,,,,,
985.jpg,7,5,,,,,
985.jpg,8,5,,,,,
985.jpg,ALL,N/A,১,ফেনী,ফেনী ১,summary,N/A
28.jpeg,1,44,,,,,
28.jpeg,2,10,,,,,
28.jpeg,3,31,,,,,
28.jpeg,4,1,,,,,
28.jpeg,5,1,,,,,
28.jpeg,6,8,,,,,
28.jpeg,7,8,,,,,
28.jpeg,8,8,,,,,
28.jpeg,9,5,,,,,
28.jpeg,ALL,N/A,,,N/A,summary,N/A
1188.jpg,1,68,,,,,
1188.jpg,2,12,,,,,
1188.jpg,3,1,,,,,
1188.jpg,4,2,১,,১,number,54.09
1188.jpg,5,3,,,,,
1188.jpg,6,4,,,,,
1188.jpg,7,5,,,,,
1188.jpg,8,6,৬,,৬,number,74.79
1188.jpg,ALL,N/A,১,,১,summary,N/A
2565.jpg,1,47,,,,,
2565.jpg,2,14,,,,,
2565.jpg,3,3,,,,,
2565.jpg,4,7,,,,,
2565.jpg,5,0,,,,,
2565.jpg,6,0,,,,,
2565.jpg,7,1,১,,১,number,87.40
2565.jpg,8,1,,,,,
2565.jpg,ALL,N/A,১,,১,summary,N/A
99.jpeg,1,98,,টাঙ্গাইল,টাঙ্গাইল,word,86.74
99.jpeg,2,20,,,,,
99.jpeg,3,1,,,,,
99.jpeg,4,1,,,,,
99.jpeg,5,1,১,,১,number,100.00
99.jpeg,6,8,,,,,
99.jpeg,7,5,,,,,
99.jpeg,8,5,,,,,
99.jpeg,ALL,N/A,১,টাঙ্গাইল,টাঙ্গাইল ১,summary,N/A
491.jpg,1,36,২০,,২০,number,0.75
491.jpg,2,34,,,,,
491.jpg,3,7,,,,,
491.jpg,4,8,৩,,৩,number,54.18
491.jpg,5,9,,,,,
491.jpg,6,0,,,,,
491.jpg,7,1,,,,,
491.jpg,8,2,,,,,
491.jpg,ALL,N/A,২০,,২০,summary,N/A
46.jpeg,1,49,,ঢাকা,ঢাকা,word,99.28
46.jpeg,2,10,,মেট্রো,মেট্রো,word,84.27
46.jpeg,3,34,,,,,
46.jpeg,4,1,,,,,
46.jpeg,5,1,,,,,
46.jpeg,6,1,,,,,
46.jpeg,7,5,,,,,
46.jpeg,8,2,,,,,
46.jpeg,9,6,৬,,৬,number,100.00
46.jpeg,ALL,N/A,৬,ঢাকা,ঢাকা ৬,summary,N/A
1338.jpg,1,76,,,,,
1338.jpg,2,32,,,,,
1338.jpg,3,2,২,,২,number,99.77
1338.jpg,4,3,,,,,
1338.jpg,5,4,,,,,
1338.jpg,6,5,,,,,
1338.jpg,7,6,,,,,
1338.jpg,8,7,,,,,
1338.jpg,ALL,N/A,২,,২,summary,N/A
777.jpg,1,35,,বাগেরহাট,বাগেরহাট,word,88.43
777.jpg,2,27,,,,,
777.jpg,3,7,,,,,
777.jpg,4,8,৮,,৮,number,84.27
777.jpg,5,9,,,,,
777.jpg,6,0,,,,,
777.jpg,7,1,,,,,
777.jpg,8,2,,,,,
777.jpg,ALL,N/A,৮,বাগেরহাট,বাগেরহাট ৮,summary,N/A
1683.jpg,1,67,,লক্ষ্মীপুর,লক্ষ্মীপুর,word,94.87
1683.jpg,2,25,,,,,
1683.jpg,3,1,১,,১,number,91.78
1683.jpg,4,1,,,,,
1683.jpg,5,3,,,,,
1683.jpg,6,0,,,,,
1683.jpg,7,4,৪,,৪,number,63.99
1683.jpg,8,9,,,,,
1683.jpg,ALL,N/A,১,লক্ষ্মীপুর,লক্ষ্মীপুর ১,summary,N/A
1666.jpg,1,64,,,,,
1666.jpg,2,25,,,,,
1666.jpg,3,1,,,,,
1666.jpg,4,1,,,,,
1666.jpg,5,1,,,,,
1666.jpg,6,2,,,,,
1666.jpg,7,2,,,,,
1666.jpg,8,0,,,,,
1666.jpg,ALL,N/A,,,N/A,summary,N/A
963.jpg,1,35,,বাগেরহাট,বাগেরহাট,word,77.40
963.jpg,2,16,,,,,
963.jpg,3,1,,,,,
963.jpg,4,2,১,,১,number,91.37
963.jpg,5,3,,,,,
963.jpg,6,4,,,,,
963.jpg,7,5,৫,,৫,number,91.58
963.jpg,8,6,৬,,৬,number,99.90
963.jpg,ALL,N/A,১,বাগেরহাট,বাগেরহাট ১,summary,N/A
1283.jpg,1,75,,নওগাঁ,নওগাঁ,word,80.92
1283.jpg,2,33,,,,,
1283.jpg,3,3,,,,,
1283.jpg,4,4,,,,,
1283.jpg,5,5,,,,,
1283.jpg,6,6,,,,,
1283.jpg,7,7,৭,,৭,number,26.37
1283.jpg,8,8,,,,,
1283.jpg,ALL,N/A,৭,নওগাঁ,নওগাঁ ৭,summary,N/A
1406.jpg,1,67,,লক্ষ্মীপুর,লক্ষ্মীপুর,word,81.59
1406.jpg,2,20,,,,,
1406.jpg,3,1,১,,১,number,99.39
1406.jpg,4,1,১,,১,number,32.48
1406.jpg,5,2,,,,,
1406.jpg,6,0,,,,,
1406.jpg,7,6,৬,,৬,number,71.18
1406.jpg,8,7,,,,,
1406.jpg,ALL,N/A,১,লক্ষ্মীপুর,লক্ষ্মীপুর ১,summary,N/A
48.jpeg,1,83,,,,,
48.jpeg,2,34,,,,,
48.jpeg,3,1,,,,,
48.jpeg,4,1,,,,,
48.jpeg,5,0,,,,,
48.jpeg,6,0,,,,,
48.jpeg,7,5,,,,,
48.jpeg,8,5,৫,,৫,number,99.81
48.jpeg,ALL,N/A,৫,,৫,summary,N/A
2010.jpg,1,39,,বরিশাল,বরিশাল,word,79.95
2010.jpg,2,10,,মেট্রো,মেট্রো,word,87.79
2010.jpg,3,25,,,,,
2010.jpg,4,1,,,,,
2010.jpg,5,1,৬,,৬,number,21.66
2010.jpg,6,0,,,,,
2010.jpg,7,7,,,,,
2010.jpg,8,9,,,,,
2010.jpg,9,1,১,,১,number,91.77
2010.jpg,ALL,N/A,৬,বরিশাল,বরিশাল ৬,summary,N/A
799.jpg,1,83,,পাবনা,পাবনা,word,74.22
799.jpg,2,20,,,,,
799.jpg,3,1,১,,১,number,95.04
799.jpg,4,2,,,,,
799.jpg,5,5,৫,,৫,number,17.19
799.jpg,6,6,৬,,৬,number,99.74
799.jpg,7,7,,,,,
799.jpg,8,7,৭,,৭,number,87.46
799.jpg,ALL,N/A,১,পাবনা,পাবনা ১,summary,N/A
1427.jpg,1,70,,মাগুরা,মাগুরা,word,78.68
1427.jpg,2,25,,,,,
1427.jpg,3,1,১,,১,number,100.00
1427.jpg,4,1,১,,১,number,100.00
1427.jpg,5,1,১,,১,number,99.99
1427.jpg,6,6,,,,,
1427.jpg,7,6,,,,,
1427.jpg,8,0,,,,,
1427.jpg,ALL,N/A,১,মাগুরা,মাগুরা ১,summary,N/A
132.jpeg,1,98,,টাঙ্গাইল,টাঙ্গাইল,word,87.87
132.jpeg,2,20,,,,,
132.jpeg,3,1,,,,,
132.jpeg,4,3,,,,,
132.jpeg,5,3,,,,,
132.jpeg,6,8,,,,,
132.jpeg,7,4,,,,,
132.jpeg,8,4,,,,,
132.jpeg,ALL,N/A,,টাঙ্গাইল,টাঙ্গাইল,summary,N/A
140.jpeg,1,79,,,,,
140.jpeg,2,20,,,,,
140.jpeg,3,1,,,,,
140.jpeg,4,6,,,,,
140.jpeg,5,7,,,,,
140.jpeg,6,2,,,,,
140.jpeg,7,2,,,,,
140.jpeg,8,2,,,,,
140.jpeg,ALL,N/A,,,N/A,summary,N/A
437.jpg,1,41,,,,,
437.jpg,2,31,,,,,
437.jpg,3,1,,,,,
437.jpg,4,2,২,,২,number,99.91
437.jpg,5,3,,,,,
437.jpg,6,4,,,,,
437.jpg,7,5,,,,,
437.jpg,8,6,,,,,
437.jpg,ALL,N/A,২,,২,summary,N/A
1546.jpg,1,60,,ঝিনাইদহ,ঝিনাইদহ,word,86.11
1546.jpg,2,20,,,,,
1546.jpg,3,1,১,,১,number,99.98
1546.jpg,4,1,১,,১,number,99.99
1546.jpg,5,3,,,,,
1546.jpg,6,2,২,,২,number,40.46
1546.jpg,7,6,,,,,
1546.jpg,8,7,৭,,৭,number,99.38
1546.jpg,ALL,N/A,১,ঝিনাইদহ,ঝিনাইদহ ১,summary,N/A
1602.jpg,1,99,,ঠাকুরগাঁও,ঠাকুরগাঁও,word,91.58
1602.jpg,2,25,,,,,
1602.jpg,3,1,১,,১,number,100.00
1602.jpg,4,1,১,,১,number,99.93
1602.jpg,5,1,১,,১,number,100.00
1602.jpg,6,1,১,,১,number,99.19
1602.jpg,7,4,,,,,
1602.jpg,8,7,,,,,
1602.jpg,ALL,N/A,১,ঠাকুরগাঁও,ঠাকুরগাঁও ১,summary,N/A
1972.jpg,1,49,,,,,
1972.jpg,2,10,,,,,
1972.jpg,3,101,,,,,
1972.jpg,4,1,,,,,
1972.jpg,5,2,,,,,
1972.jpg,6,0,,,,,
1972.jpg,7,9,,,,,
1972.jpg,8,2,,,,,
1972.jpg,9,4,,,,,
1972.jpg,ALL,N/A,,,N/A,summary,N/A
202.jpg,1,49,,,,,
202.jpg,2,10,,,,,
202.jpg,3,24,,,,,
202.jpg,4,1,,,,,
202.jpg,5,2,,,,,
202.jpg,6,2,,,,,
202.jpg,7,2,,,,,
202.jpg,8,9,,,,,
202.jpg,9,9,,,,,
202.jpg,ALL,N/A,,,N/A,summary,N/A
696.jpg,1,86,,,,,
696.jpg,2,18,,,,,
696.jpg,3,1,,,,,
696.jpg,4,9,,,,,
696.jpg,5,5,,,,,
696.jpg,6,6,,,,,
696.jpg,7,7,,,,,
696.jpg,8,8,৩,,৩,number,37.13
696.jpg,ALL,N/A,৩,,৩,summary,N/A
2558.jpg,1,49,,ঢাকা,ঢাকা,word,77.66
2558.jpg,2,10,,মেট্রো,মেট্রো,word,65.79
2558.jpg,3,33,,,,,
2558.jpg,4,1,১,,১,number,99.94
2558.jpg,5,4,,,,,
2558.jpg,6,2,,,,,
2558.jpg,7,6,৬,,৬,number,99.98
2558.jpg,8,0,,,,,
2558.jpg,9,9,,,,,
2558.jpg,ALL,N/A,১,ঢাকা,ঢাকা ১,summary,N/A
2474.jpg,1,60,,,,,
2474.jpg,2,31,,,,,
2474.jpg,3,1,,,,,
2474.jpg,4,1,,,,,
2474.jpg,5,1,,,,,
2474.jpg,6,1,,,,,
2474.jpg,7,7,,,,,
2474.jpg,8,8,,,,,
2474.jpg,ALL,N/A,,,N/A,summary,N/A
2574.jpg,1,44,,,,,
2574.jpg,2,10,,মেট্রো,মেট্রো,word,67.49
2574.jpg,3,18,,,,,
2574.jpg,4,1,১,,১,number,99.91
2574.jpg,5,1,১,,১,number,100.00
2574.jpg,6,7,৭,,৭,number,86.41
2574.jpg,7,2,১,,১,number,99.88
2574.jpg,8,8,,,,,
2574.jpg,9,8,,,,,
2574.jpg,ALL,N/A,১,মেট্রো,মেট্রো ১,summary,N/A
1307.jpg,1,78,,নরসিংদী,নরসিংদী,word,99.93
1307.jpg,2,30,,,,,
1307.jpg,3,9,,,,,
1307.jpg,4,9,,,,,
1307.jpg,5,1,,,,,
1307.jpg,6,1,,,,,
1307.jpg,7,2,১,,১,number,86.14
1307.jpg,8,0,,,,,
1307.jpg,ALL,N/A,১,নরসিংদী,নরসিংদী ১,summary,N/A
2117.jpg,1,49,,,,,
2117.jpg,2,10,,মেট্রো,মেট্রো,word,80.08
2117.jpg,3,18,৬,,৬,number,5.63
2117.jpg,4,3,,,,,
2117.jpg,5,2,,,,,
2117.jpg,6,3,,,,,
2117.jpg,7,7,৭,,৭,number,68.89
2117.jpg,8,4,,,,,
2117.jpg,9,7,৭,,৭,number,81.79
2117.jpg,ALL,N/A,৭,মেট্রো,মেট্রো ৭,summary,N/A
14.jpeg,1,74,,ময়মনসিংহ,ময়মনসিংহ,word,75.26
14.jpeg,2,20,,,,,
14.jpeg,3,1,,,,,
14.jpeg,4,1,,,,,
14.jpeg,5,8,,,,,
14.jpeg,6,6,,,,,
14.jpeg,7,2,,,,,
14.jpeg,8,4,,,,,
14.jpeg,ALL,N/A,,ময়মনসিংহ,ময়মনসিংহ,summary,N/A
1986.jpg,1,44,,,,,
1986.jpg,2,10,,,,,
1986.jpg,3,11,,,,,
1986.jpg,4,1,,,,,
1986.jpg,5,1,,,,,
1986.jpg,6,0,,,,,
1986.jpg,7,2,,,,,
1986.jpg,8,3,,,,,
1986.jpg,9,2,,,,,
1986.jpg,ALL,N/A,,,N/A,summary,N/A
319.jpg,1,44,,,,,
319.jpg,2,10,,,,,
319.jpg,3,18,,,,,
319.jpg,4,1,,,,,
319.jpg,5,1,,,,,
319.jpg,6,2,,,,,
319.jpg,7,6,,,,,
319.jpg,8,7,,,,,
319.jpg,9,7,,,,,
319.jpg,ALL,N/A,,,N/A,summary,N/A
2406.jpg,1,49,,,,,
2406.jpg,2,10,,,,,
2406.jpg,3,13,,,,,
2406.jpg,4,1,,,,,
2406.jpg,5,3,,,,,
2406.jpg,6,7,৭,,৭,number,95.98
2406.jpg,7,0,,,,,
2406.jpg,8,1,১,,১,number,99.98
2406.jpg,9,0,,,,,
2406.jpg,ALL,N/A,৭,,৭,summary,N/A
1055.jpg,1,98,,টাঙ্গাইল,টাঙ্গাইল,word,73.86
1055.jpg,2,24,,,,,
1055.jpg,3,0,,,,,
1055.jpg,4,1,,,,,
1055.jpg,5,3,,,,,
1055.jpg,6,4,,,,,
1055.jpg,7,5,,,,,
1055.jpg,8,6,৬,,৬,number,100.00
1055.jpg,ALL,N/A,৬,টাঙ্গাইল,টাঙ্গাইল ৬,summary,N/A
605.jpg,1,56,,,,,
605.jpg,2,22,,,,,
605.jpg,3,3,,,,,
605.jpg,4,4,,,,,
605.jpg,5,5,,,,,
605.jpg,6,6,,,,,
605.jpg,7,7,,,,,
605.jpg,8,8,৩,,৩,number,37.72
605.jpg,ALL,N/A,৩,,৩,summary,N/A
903.jpg,1,91,,রংপুর,রংপুর,word,85.65
903.jpg,2,25,,,,,
903.jpg,3,1,১,,১,number,99.99
903.jpg,4,1,,,,,
903.jpg,5,1,১,,১,number,99.99
903.jpg,6,2,২,,২,number,99.93
903.jpg,7,2,২,,২,number,98.77
903.jpg,8,9,,,,,
903.jpg,ALL,N/A,১,রংপুর,রংপুর ১,summary,N/A
523.jpg,1,49,,ঢাকা,ঢাকা,word,79.34
523.jpg,2,14,,,,,
523.jpg,3,5,,,,,
523.jpg,4,6,,,,,
523.jpg,5,7,,,,,
523.jpg,6,8,৮,,৮,number,36.26
523.jpg,7,0,,,,,
523.jpg,8,1,,,,,
523.jpg,ALL,N/A,৮,ঢাকা,ঢাকা ৮,summary,N/A
1262.jpg,1,73,,মৌলভীবাজার,মৌলভীবাজার,word,94.93
1262.jpg,2,25,,,,,
1262.jpg,3,7,,,,,
1262.jpg,4,8,৮,,৮,number,82.82
1262.jpg,5,9,,,,,
1262.jpg,6,0,,,,,
1262.jpg,7,1,১,,১,number,52.67
1262.jpg,8,2,২,,২,number,99.95
1262.jpg,ALL,N/A,৮,মৌলভীবাজার,মৌলভীবাজার ৮,summary,N/A
1572.jpg,1,95,,সিরাজগঞ্জ,সিরাজগঞ্জ,word,98.12
1572.jpg,2,25,,,,,
1572.jpg,3,6,৬,,৬,number,95.75
1572.jpg,4,6,,,,,
1572.jpg,5,1,,,,,
1572.jpg,6,1,,,,,
1572.jpg,7,1,,,,,
1572.jpg,8,1,,,,,
1572.jpg,ALL,N/A,৬,সিরাজগঞ্জ,সিরাজগঞ্জ ৬,summary,N/A
241.jpg,1,49,,,,,
241.jpg,2,10,,,,,
241.jpg,3,18,,,,,
241.jpg,4,3,,,,,
241.jpg,5,4,,,,,
241.jpg,6,0,,,,,
241.jpg,7,7,,,,,
241.jpg,8,8,,,,,
241.jpg,9,8,,,,,
241.jpg,ALL,N/A,,,N/A,summary,N/A
197.jpeg,1,60,,,,,
197.jpeg,2,31,,,,,
197.jpeg,3,1,,,,,
197.jpeg,4,1,,,,,
197.jpeg,5,1,,,,,
197.jpeg,6,6,,,,,
197.jpeg,7,4,,,,,
197.jpeg,8,4,,,,,
197.jpeg,9,5,,,,,
197.jpeg,ALL,N/A,,,N/A,summary,N/A
2380.jpg,1,49,,,,,
2380.jpg,2,10,,,,,
2380.jpg,3,19,,,,,
2380.jpg,4,1,১,,১,number,97.47
2380.jpg,5,3,,,,,
2380.jpg,6,0,,,,,
2380.jpg,7,0,,,,,
2380.jpg,8,8,৮,,৮,number,99.99
2380.jpg,9,8,৮,,৮,number,99.97
2380.jpg,ALL,N/A,৮,,৮,summary,N/A
1747.jpg,1,45,,চট্টগ্রাম,চট্টগ্রাম,word,95.34
1747.jpg,2,33,,,,,
1747.jpg,3,1,,,,,
1747.jpg,4,4,,,,,
1747.jpg,5,1,,,,,
1747.jpg,6,9,,,,,
1747.jpg,7,6,,,,,
1747.jpg,8,9,,,,,
1747.jpg,ALL,N/A,,চট্টগ্রাম,চট্টগ্রাম,summary,N/A
2144.jpg,1,49,,ঢাকা,ঢাকা,word,84.85
2144.jpg,2,10,,মেট্রো,মেট্রো,word,73.20
2144.jpg,3,18,,,,,
2144.jpg,4,2,,,,,
2144.jpg,5,2,,,,,
2144.jpg,6,5,৫,,৫,number,60.17
2144.jpg,7,6,৬,,৬,number,100.00
2144.jpg,8,2,,,,,
2144.jpg,9,7,৭,,৭,number,72.93
2144.jpg,ALL,N/A,৫,ঢাকা,ঢাকা ৫,summary,N/A
284.jpg,1,49,,,,,
284.jpg,2,10,,,,,
284.jpg,3,12,,,,,
284.jpg,4,1,,,,,
284.jpg,5,1,,,,,
284.jpg,6,1,,,,,
284.jpg,7,4,,,,,
284.jpg,8,2,,,,,
284.jpg,9,3,,,,,
284.jpg,ALL,N/A,,,N/A,summary,N/A
1147.jpg,1,65,,কুড়িগ্রাম,কুড়িগ্রাম,word,77.59
1147.jpg,2,100,,,,,
1147.jpg,3,2,,,,,
1147.jpg,4,4,,,,,
1147.jpg,5,6,৬,,৬,number,99.71
1147.jpg,6,8,৮,,৮,number,55.52
1147.jpg,7,0,,,,,
1147.jpg,8,1,,,,,
1147.jpg,ALL,N/A,৬,কুড়িগ্রাম,কুড়িগ্রাম ৬,summary,N/A
2086.jpg,1,49,,,,,
2086.jpg,2,10,,মেট্রো,মেট্রো,word,69.28
2086.jpg,3,18,,,,,
2086.jpg,4,2,,,,,
2086.jpg,5,9,৯,,৯,number,34.51
2086.jpg,6,3,,,,,
2086.jpg,7,5,৫,,৫,number,99.33
2086.jpg,8,9,,,,,
2086.jpg,9,2,,,,,
2086.jpg,ALL,N/A,৯,মেট্রো,মেট্রো ৯,summary,N/A
1499.jpg,1,76,,,,,
1499.jpg,2,20,,,,,
1499.jpg,3,1,,,,,
1499.jpg,4,1,,,,,
1499.jpg,5,1,,,,,
1499.jpg,6,9,৯,,৯,number,84.97
1499.jpg,7,0,,,,,
1499.jpg,8,4,,,,,
1499.jpg,ALL,N/A,৯,,৯,summary,N/A
136.jpeg,1,77,,,,,
136.jpeg,2,33,,,,,
136.jpeg,3,1,,,,,
136.jpeg,4,1,,,,,
136.jpeg,5,0,,,,,
136.jpeg,6,5,,,,,
136.jpeg,7,6,,,,,
136.jpeg,8,2,,,,,
136.jpeg,ALL,N/A,,,N/A,summary,N/A
1761.jpg,1,44,৮,,৮,number,23.13
1761.jpg,2,10,,,,,
1761.jpg,3,14,,,,,
1761.jpg,4,7,,,,,
1761.jpg,5,1,,,,,
1761.jpg,6,0,,,,,
1761.jpg,7,1,,,,,
1761.jpg,8,8,,,,,
1761.jpg,9,4,,,,,
1761.jpg,ALL,N/A,৮,,৮,summary,N/A
1481.jpg,1,74,,ময়মনসিংহ,ময়মনসিংহ,word,93.89
1481.jpg,2,20,,,,,
1481.jpg,3,1,১,,১,number,6.48
1481.jpg,4,4,,,,,
1481.jpg,5,1,,,,,
1481.jpg,6,7,,,,,
1481.jpg,7,9,,,,,
1481.jpg,8,9,,,,,
1481.jpg,ALL,N/A,১,ময়মনসিংহ,ময়মনসিংহ ১,summary,N/A
750.jpg,1,58,,যশোর,যশোর,word,99.42
750.jpg,2,25,,,,,
750.jpg,3,1,১১,,১১,number,49.04
750.jpg,4,3,৩,,৩,number,84.50
750.jpg,5,4,,,,,
750.jpg,6,9,,,,,
750.jpg,7,8,,,,,
750.jpg,8,6,৬,,৬,number,100.00
750.jpg,ALL,N/A,১১,যশোর,যশোর ১১,summary,N/A
1202.jpg,1,69,,,,,
1202.jpg,2,14,,,,,
1202.jpg,3,1,,,,,
1202.jpg,4,1,,,,,
1202.jpg,5,2,,,,,
1202.jpg,6,2,,,,,
1202.jpg,7,9,,,,,
1202.jpg,8,0,,,,,
1202.jpg,ALL,N/A,,,N/A,summary,N/A
2240.jpg,1,91,,রংপুর,রংপুর,word,99.99
2240.jpg,2,20,,,,,
2240.jpg,3,1,১,,১,number,100.00
2240.jpg,4,4,,,,,
2240.jpg,5,4,,,,,
2240.jpg,6,9,৯,,৯,number,99.99
2240.jpg,7,2,২,,২,number,99.97
2240.jpg,8,4,,,,,
2240.jpg,ALL,N/A,১,রংপুর,রংপুর ১,summary,N/A
1629.jpg,1,62,,,,,
1629.jpg,2,25,,,,,
1629.jpg,3,1,১,,১,number,18.88
1629.jpg,4,1,১,,১,number,89.92
1629.jpg,5,1,১,,১,number,97.88
1629.jpg,6,9,০১,,০১,number,24.06
1629.jpg,7,5,,,,,
1629.jpg,8,0,,,,,
1629.jpg,ALL,N/A,১,,১,summary,N/A
1333.jpg,1,80,,নেত্রকোনা,নেত্রকোনা,word,74.43
1333.jpg,2,25,,,,,
1333.jpg,3,2,২,,২,number,99.79
1333.jpg,4,3,,,,,
1333.jpg,5,4,,,,,
1333.jpg,6,5,,,,,
1333.jpg,7,6,৬,,৬,number,83.66
1333.jpg,8,7,,,,,
1333.jpg,ALL,N/A,২,নেত্রকোনা,নেত্রকোনা ২,summary,N/A
1674.jpg,1,64,,,,,
1674.jpg,2,33,,,,,
1674.jpg,3,1,,,,,
1674.jpg,4,1,,,,,
1674.jpg,5,1,,,,,
1674.jpg,6,2,,,,,
1674.jpg,7,2,,,,,
1674.jpg,8,3,,,,,
1674.jpg,ALL,N/A,,,N/A,summary,N/A
2343.jpg,1,44,,,,,
2343.jpg,2,10,,মেট্রো,মেট্রো,word,92.03
2343.jpg,3,20,,,,,
2343.jpg,4,1,,,,,
2343.jpg,5,4,,,,,
2343.jpg,6,1,১,,১,number,100.00
2343.jpg,7,3,,,,,
2343.jpg,8,7,৭,,৭,number,87.29
2343.jpg,9,9,,,,,
2343.jpg,ALL,N/A,১,মেট্রো,মেট্রো ১,summary,N/A
328.jpg,1,49,,,,,
328.jpg,2,10,,,,,
328.jpg,3,18,,,,,
328.jpg,4,3,,,,,
328.jpg,5,1,,,,,
328.jpg,6,9,,,,,
328.jpg,7,6,,,,,
328.jpg,8,0,,,,,
328.jpg,9,2,,,,,
328.jpg,ALL,N/A,,,N/A,summary,N/A
2324.jpg,1,49,,,,,
2324.jpg,2,10,,মেট্রো,মেট্রো,word,72.07
2324.jpg,3,22,,,,,
2324.jpg,4,6,,,,,
2324.jpg,5,1,১,,১,number,100.00
2324.jpg,6,2,,,,,
2324.jpg,7,1,১,,১,number,99.94
2324.jpg,8,1,,,,,
2324.jpg,9,1,১,,১,number,99.99
2324.jpg,ALL,N/A,১,মেট্রো,মেট্রো ১,summary,N/A
1193.jpg,1,68,,,,,
1193.jpg,2,20,,,,,
1193.jpg,3,1,,,,,
1193.jpg,4,2,১,,১,number,97.06
1193.jpg,5,1,,,,,
1193.jpg,6,1,,,,,
1193.jpg,7,0,,,,,
1193.jpg,8,3,৩,,৩,number,99.96
1193.jpg,ALL,N/A,১,,১,summary,N/A
1651.jpg,1,63,,খুলনা,খুলনা,word,99.33
1651.jpg,2,10,,মেট্রো,মেট্রো,word,84.21
1651.jpg,3,19,,,,,
1651.jpg,4,0,,,,,
1651.jpg,5,0,,,,,
1651.jpg,6,0,,,,,
1651.jpg,7,0,,,,,
1651.jpg,8,4,,,,,
1651.jpg,9,5,,,,,
1651.jpg,ALL,N/A,,খুলনা,খুলনা,summary,N/A
299.jpg,1,49,,ঢাকা,ঢাকা,word,75.31
299.jpg,2,10,,,,,
299.jpg,3,18,,,,,
299.jpg,4,3,,,,,
299.jpg,5,9,,,,,
299.jpg,6,1,,,,,
299.jpg,7,7,,,,,
299.jpg,8,8,,,,,
299.jpg,9,6,,,,,
299.jpg,ALL,N/A,,ঢাকা,ঢাকা,summary,N/A
292.jpg,1,44,,,,,
292.jpg,2,10,,,,,
292.jpg,3,18,,,,,
292.jpg,4,1,,,,,
292.jpg,5,2,,,,,
292.jpg,6,4,,,,,
292.jpg,7,1,,,,,
292.jpg,8,0,,,,,
292.jpg,9,5,,,,,
292.jpg,ALL,N/A,,,N/A,summary,N/A
1978.jpg,1,49,,,,,
1978.jpg,2,10,,,,,
1978.jpg,3,27,,,,,
1978.jpg,4,1,,,,,
1978.jpg,5,7,,,,,
1978.jpg,6,8,৮,,৮,number,85.72
1978.jpg,7,6,,,,,
1978.jpg,8,2,,,,,
1978.jpg,9,4,৪,,৪,number,24.07
1978.jpg,ALL,N/A,৮,,৮,summary,N/A
1510.jpg,1,79,,নাটোর,নাটোর,word,91.17
1510.jpg,2,25,,,,,
1510.jpg,3,1,১,,১,number,99.99
1510.jpg,4,1,১,,১,number,99.72
1510.jpg,5,5,,,,,
1510.jpg,6,7,,,,,
1510.jpg,7,3,৩,,৩,number,99.88
1510.jpg,8,9,,,,,
1510.jpg,ALL,N/A,১,নাটোর,নাটোর ১,summary,N/A
1078.jpg,1,60,,ঝিনাইদহ,ঝিনাইদহ,word,72.59
1078.jpg,2,28,,,,,
1078.jpg,3,3,,,,,
1078.jpg,4,4,,,,,
1078.jpg,5,5,,,,,
1078.jpg,6,6,,,,,
1078.jpg,7,7,৭,,৭,number,80.37
1078.jpg,8,8,,,,,
1078.jpg,ALL,N/A,৭,ঝিনাইদহ,ঝিনাইদহ ৭,summary,N/A
1438.jpg,1,71,,,,,
1438.jpg,2,20,,,,,
1438.jpg,3,1,,,,,
1438.jpg,4,1,১,,১,number,73.27
1438.jpg,5,8,,,,,
1438.jpg,6,9,,,,,
1438.jpg,7,8,,,,,
1438.jpg,8,2,,,,,
1438.jpg,ALL,N/A,১,,১,summary,N/A
980.jpg,1,52,,,,,
980.jpg,2,20,,,,,
980.jpg,3,1,,,,,
980.jpg,4,2,,,,,
980.jpg,5,2,,,,,
980.jpg,6,5,,,,,
980.jpg,7,9,,,,,
980.jpg,8,8,,,,,
980.jpg,ALL,N/A,,,N/A,summary,N/A
236.jpg,1,49,৮,,৮,number,15.60
236.jpg,2,10,,,,,
236.jpg,3,18,,,,,
236.jpg,4,2,,,,,
236.jpg,5,3,,,,,
236.jpg,6,3,,,,,
236.jpg,7,2,,,,,
236.jpg,8,9,,,,,
236.jpg,9,7,,,,,
236.jpg,ALL,N/A,৮,,৮,summary,N/A
2535.jpg,1,53,,,,,
2535.jpg,2,25,,,,,
2535.jpg,3,0,,,,,
2535.jpg,4,1,১,,১,number,99.85
2535.jpg,5,4,৪,,৪,number,33.43
2535.jpg,6,3,,,,,
2535.jpg,7,1,১,,১,number,89.21
2535.jpg,8,1,১,,১,number,99.74
2535.jpg,ALL,N/A,১,,১,summary,N/A
1434.jpg,1,71,,মানিকগঞ্জ,মানিকগঞ্জ,word,90.47
1434.jpg,2,20,,,,,
1434.jpg,3,1,১,,১,number,67.77
1434.jpg,4,2,২,,২,number,95.29
1434.jpg,5,5,,,,,
1434.jpg,6,2,২,,২,number,53.68
1434.jpg,7,6,৬,,৬,number,99.99
1434.jpg,8,2,,,,,
1434.jpg,ALL,N/A,২,মানিকগঞ্জ,মানিকগঞ্জ ২,summary,N/A
1875.jpg,1,49,,,,,
1875.jpg,2,10,,মেট্রো,মেট্রো,word,97.17
1875.jpg,3,18,,,,,
1875.jpg,4,1,,,,,
1875.jpg,5,2,,,,,
1875.jpg,6,8,৮,,৮,number,98.18
1875.jpg,7,5,,,,,
1875.jpg,8,1,,,,,
1875.jpg,9,8,৮,,৮,number,98.89
1875.jpg,ALL,N/A,৮,মেট্রো,মেট্রো ৮,summary,N/A
2281.jpg,1,41,,,,,
2281.jpg,2,25,,,,,
2281.jpg,3,1,,,,,
2281.jpg,4,1,১,,১,number,47.54
2281.jpg,5,2,,,,,
2281.jpg,6,0,,,,,
2281.jpg,7,8,৮,,৮,number,64.52
2281.jpg,8,1,১,,১,number,99.97
2281.jpg,ALL,N/A,১,,১,summary,N/A
899.jpg,1,91,৮,,৮,number,98.62
899.jpg,2,25,,,,,
899.jpg,3,1,,,,,
899.jpg,4,1,,,,,
899.jpg,5,1,,,,,
899.jpg,6,1,,,,,
899.jpg,7,5,,,,,
899.jpg,8,0,,,,,
899.jpg,ALL,N/A,৮,,৮,summary,N/A
1643.jpg,1,63,,,,,
1643.jpg,2,10,,মেট্রো,মেট্রো,word,97.04
1643.jpg,3,20,,,,,
1643.jpg,4,1,১,,১,number,99.97
1643.jpg,5,1,১,,১,number,99.96
1643.jpg,6,3,,,,,
1643.jpg,7,3,৩,,৩,number,65.05
1643.jpg,8,7,৭,,৭,number,76.27
1643.jpg,9,7,৭,,৭,number,84.02
1643.jpg,ALL,N/A,১,মেট্রো,মেট্রো ১,summary,N/A
1800.jpg,1,49,,,,,
1800.jpg,2,10,,,,,
1800.jpg,3,19,,,,,
1800.jpg,4,3,,,,,
1800.jpg,5,7,,,,,
1800.jpg,6,5,,,,,
1800.jpg,7,5,,,,,
1800.jpg,8,7,,,,,
1800.jpg,9,9,,,,,
1800.jpg,ALL,N/A,,,N/A,summary,N/A
79.jpg,1,63,,,,,
79.jpg,2,10,,মেট্রো,মেট্রো,word,77.15
79.jpg,3,25,,,,,
79.jpg,4,1,,,,,
79.jpg,5,1,,,,,
79.jpg,6,1,,,,,
79.jpg,7,5,,,,,
79.jpg,8,0,,,,,
79.jpg,9,0,,,,,
79.jpg,ALL,N/A,,মেট্রো,মেট্রো,summary,N/A
360.jpg,1,49,,,,,
360.jpg,2,10,,,,,
360.jpg,3,12,,,,,
360.jpg,4,5,,,,,
360.jpg,5,8,,,,,
360.jpg,6,4,,,,,
360.jpg,7,1,,,,,
360.jpg,8,1,,,,,
360.jpg,9,1,,,,,
360.jpg,ALL,N/A,,,N/A,summary,N/A
367.jpg,1,44,,,,,
367.jpg,2,10,,,,,
367.jpg,3,15,৬,,৬,number,78.01
367.jpg,4,5,,,,,
367.jpg,5,6,৬,,৬,number,99.87
367.jpg,6,7,,,,,
367.jpg,7,8,৩,,৩,number,6.61
367.jpg,8,9,,,,,
367.jpg,9,0,,,,,
367.jpg,ALL,N/A,৬,,৬,summary,N/A
30.jpeg,1,49,,,,,
30.jpeg,2,10,,,,,
30.jpeg,3,31,,,,,
30.jpeg,4,1,,,,,
30.jpeg,5,4,,,,,
30.jpeg,6,9,,,,,
30.jpeg,7,1,,,,,
30.jpeg,8,6,,,,,
30.jpeg,9,8,,,,,
30.jpeg,ALL,N/A,,,N/A,summary,N/A
1475.jpg,1,74,,ময়মনসিংহ,ময়মনসিংহ,word,94.18
1475.jpg,2,25,,,,,
1475.jpg,3,1,১,,১,number,99.99
1475.jpg,4,1,১,,১,number,99.97
1475.jpg,5,1,১,,১,number,99.94
1475.jpg,6,1,১,,১,number,99.84
1475.jpg,7,6,,,,,
1475.jpg,8,8,৮,,৮,number,99.98
1475.jpg,ALL,N/A,১,ময়মনসিংহ,ময়মনসিংহ ১,summary,N/A
1181.jpg,1,67,,লক্ষ্মীপুর,লক্ষ্মীপুর,word,90.81
1181.jpg,2,11,,,,,
1181.jpg,3,1,,,,,
1181.jpg,4,2,,,,,
1181.jpg,5,3,,,,,
1181.jpg,6,4,,,,,
1181.jpg,7,8,,,,,
1181.jpg,8,9,,,,,
1181.jpg,ALL,N/A,,লক্ষ্মীপুর,লক্ষ্মীপুর,summary,N/A
1519.jpg,1,79,,,,,
1519.jpg,2,20,,,,,
1519.jpg,3,1,,,,,
1519.jpg,4,3,,,,,
1519.jpg,5,8,,,,,
1519.jpg,6,7,,,,,
1519.jpg,7,9,,,,,
1519.jpg,8,6,,,,,
1519.jpg,ALL,N/A,,,N/A,summary,N/A
253.jpg,1,49,,ঢাকা,ঢাকা,word,99.94
253.jpg,2,10,,মেট্রো,মেট্রো,word,75.47
253.jpg,3,24,,,,,
253.jpg,4,1,,,,,
253.jpg,5,2,,,,,
253.jpg,6,8,,,,,
253.jpg,7,9,,,,,
253.jpg,8,5,,,,,
253.jpg,9,5,,,,,
253.jpg,ALL,N/A,,ঢাকা,ঢাকা,summary,N/A
1394.jpg,1,92,,সাতক্ষীরা,সাতক্ষীরা,word,90.09
1394.jpg,2,25,,,,,
1394.jpg,3,1,১,,১,number,45.51
1394.jpg,4,2,২,,২,number,99.81
1394.jpg,5,3,৩,,৩,number,95.83
1394.jpg,6,0,,,,,
1394.jpg,7,2,২,,২,number,99.36
1394.jpg,8,7,,,,,
1394.jpg,ALL,N/A,২,সাতক্ষীরা,সাতক্ষীরা ২,summary,N/A
366.jpg,1,49,,,,,
366.jpg,2,10,,,,,
366.jpg,3,18,,,,,
366.jpg,4,3,,,,,
366.jpg,5,9,,,,,
366.jpg,6,1,,,,,
366.jpg,7,7,,,,,
366.jpg,8,8,,,,,
366.jpg,9,6,,,,,
366.jpg,ALL,N/A,,,N/A,summary,N/A
1633.jpg,1,62,,,,,
1633.jpg,2,20,,,,,
1633.jpg,3,1,,,,,
1633.jpg,4,1,,,,,
1633.jpg,5,6,,,,,
1633.jpg,6,9,,,,,
1633.jpg,7,9,,,,,
1633.jpg,8,5,,,,,
1633.jpg,ALL,N/A,,,N/A,summary,N/A
1937.jpg,1,39,,বরিশাল,বরিশাল,word,69.00
1937.jpg,2,20,,,,,
1937.jpg,3,1,,,,,
1937.jpg,4,3,,,,,
1937.jpg,5,2,,,,,
1937.jpg,6,6,৬,,৬,number,99.89
1937.jpg,7,8,৮,,৮,number,88.11
1937.jpg,8,3,,,,,
1937.jpg,ALL,N/A,৬,বরিশাল,বরিশাল ৬,summary,N/A
73.jpg,1,49,,ঢাকা,ঢাকা,word,94.45
73.jpg,2,10,,,,,
73.jpg,3,18,,,,,
73.jpg,4,2,,,,,
73.jpg,5,2,,,,,
73.jpg,6,9,,,,,
73.jpg,7,6,,,,,
73.jpg,8,8,,,,,
73.jpg,9,8,,,,,
73.jpg,ALL,N/A,,ঢাকা,ঢাকা,summary,N/A
195.jpeg,1,79,,,,,
195.jpeg,2,25,,,,,
195.jpeg,3,1,,,,,
195.jpeg,4,1,,,,,
195.jpeg,5,6,,,,,
195.jpeg,6,2,,,,,
195.jpeg,7,5,,,,,
195.jpeg,8,0,,,,,
195.jpeg,ALL,N/A,,,N/A,summary,N/A
1606.jpg,1,99,৩,ঠাকুরগাঁও,ঠাকুরগাঁও,word,77.80
1606.jpg,2,25,,,,,
1606.jpg,3,1,,,,,
1606.jpg,4,1,,,,,
1606.jpg,5,4,,,,,
1606.jpg,6,5,,,,,
1606.jpg,7,6,,,,,
1606.jpg,8,2,২,,২,number,31.56
1606.jpg,ALL,N/A,৩,ঠাকুরগাঁও,ঠাকুরগাঁও ৩,summary,N/A
423.jpg,1,42,,চাঁদপুর,চাঁদপুর,word,90.28
423.jpg,2,34,,,,,
423.jpg,3,1,,,,,
423.jpg,4,2,২,,২,number,99.89
423.jpg,5,3,,,,,
423.jpg,6,4,,,,,
423.jpg,7,5,,,,,
423.jpg,8,6,,,,,
423.jpg,ALL,N/A,২,চাঁদপুর,চাঁদপুর ২,summary,N/A
2163.jpg,1,49,,,,,
2163.jpg,2,10,,,,,
2163.jpg,3,13,,,,,
2163.jpg,4,1,,,,,
2163.jpg,5,3,,,,,
2163.jpg,6,5,৫,,৫,number,26.59
2163.jpg,7,6,,,,,
2163.jpg,8,8,,,,,
2163.jpg,9,3,,,,,
2163.jpg,ALL,N/A,৫,,৫,summary,N/A
922.jpg,1,56,,হবিগঞ্জ,হবিগঞ্জ,word,93.40
922.jpg,2,25,,,,,
922.jpg,3,1,,,,,
922.jpg,4,1,১,,১,number,97.95
922.jpg,5,1,১,,১,number,99.36
922.jpg,6,2,,,,,
922.jpg,7,3,,,,,
922.jpg,8,6,,,,,
922.jpg,ALL,N/A,১,হবিগঞ্জ,হবিগঞ্জ ১,summary,N/A
1359.jpg,1,89,,রাজশাহী,রাজশাহী,word,81.51
1359.jpg,2,31,,,,,
1359.jpg,3,3,,,,,
1359.jpg,4,4,,,,,
1359.jpg,5,7,,,,,
1359.jpg,6,8,৮,,৮,number,37.20
1359.jpg,7,9,,,,,
1359.jpg,8,0,,,,,
1359.jpg,ALL,N/A,৮,রাজশাহী,রাজশাহী ৮,summary,N/A
685.jpg,1,84,,,,,
685.jpg,2,20,,,,,
685.jpg,3,3,,,,,
685.jpg,4,4,৪,,৪,number,25.54
685.jpg,5,5,,,,,
685.jpg,6,6,,,,,
685.jpg,7,7,৭,,৭,number,97.49
685.jpg,8,8,,,,,
685.jpg,ALL,N/A,৪,,৪,summary,N/A
1161.jpg,1,66,,,,,
1161.jpg,2,101,,,,,
1161.jpg,3,3,,,,,
1161.jpg,4,4,,,,,
1161.jpg,5,5,,,,,
1161.jpg,6,6,,,,,
1161.jpg,7,7,,,,,
1161.jpg,8,8,৩,,৩,number,23.43
1161.jpg,ALL,N/A,৩,,৩,summary,N/A
204.jpg,1,49,,ঢাকা,ঢাকা,word,86.14
204.jpg,2,10,,মেট্রো,মেট্রো,word,77.98
204.jpg,3,18,,,,,
204.jpg,4,2,,,,,
204.jpg,5,3,,,,,
204.jpg,6,9,,,,,
204.jpg,7,9,,,,,
204.jpg,8,4,,,,,
204.jpg,9,8,,,,,
204.jpg,ALL,N/A,,ঢাকা,ঢাকা,summary,N/A
2520.jpg,1,80,,নেত্রকোনা,নেত্রকোনা,word,71.56
2520.jpg,2,25,,,,,
2520.jpg,3,1,১,,১,number,63.06
2520.jpg,4,1,১,,১,number,94.58
2520.jpg,5,0,,,,,
2520.jpg,6,9,,,,,
2520.jpg,7,3,৩,,৩,number,99.87
2520.jpg,8,2,,,,,
2520.jpg,ALL,N/A,১,নেত্রকোনা,নেত্রকোনা ১,summary,N/A
2254.jpg,1,63,,,,,
2254.jpg,2,10,,,,,
2254.jpg,3,31,,,,,
2254.jpg,4,6,,,,,
2254.jpg,5,3,,,,,
2254.jpg,6,6,,,,,
2254.jpg,7,1,,,,,
2254.jpg,8,1,,,,,
2254.jpg,9,1,,,,,
2254.jpg,ALL,N/A,,,N/A,summary,N/A
2460.jpg,1,49,,ঢাকা,ঢাকা,word,89.06
2460.jpg,2,10,,মেট্রো,মেট্রো,word,88.13
2460.jpg,3,20,,,,,
2460.jpg,4,4,,,,,
2460.jpg,5,1,১,,১,number,99.99
2460.jpg,6,5,,,,,
2460.jpg,7,5,৫,,৫,number,83.32
2460.jpg,8,1,১,,১,number,99.94
2460.jpg,9,0,,,,,
2460.jpg,ALL,N/A,১,ঢাকা,ঢাকা ১,summary,N/A
2354.jpg,1,49,,,,,
2354.jpg,2,10,,,,,
2354.jpg,3,18,,,,,
2354.jpg,4,1,১,,১,number,36.93
2354.jpg,5,3,,,,,
2354.jpg,6,8,৮,,৮,number,99.99
2354.jpg,7,8,৮,,৮,number,57.51
2354.jpg,8,0,,,,,
2354.jpg,9,2,,,,,
2354.jpg,ALL,N/A,৮,,৮,summary,N/A
1101.jpg,1,62,,,,,
1101.jpg,2,30,,,,,
1101.jpg,3,3,,,,,
1101.jpg,4,4,,,,,
1101.jpg,5,5,,,,,
1101.jpg,6,6,,,,,
1101.jpg,7,7,,,,,
1101.jpg,8,8,৩,,৩,number,21.53
1101.jpg,ALL,N/A,৩,,৩,summary,N/A
1548.jpg,1,93,,,,,
1548.jpg,2,25,,,,,
1548.jpg,3,1,,,,,
1548.jpg,4,1,১,,১,number,99.99
1548.jpg,5,5,৫,,৫,number,41.37
1548.jpg,6,6,৬,,৬,number,99.87
1548.jpg,7,0,,,,,
1548.jpg,8,0,,,,,
1548.jpg,ALL,N/A,১,,১,summary,N/A
1861.jpg,1,49,,ঢাকা,ঢাকা,word,78.61
1861.jpg,2,10,,মেট্রো,মেট্রো,word,90.99
1861.jpg,3,19,,,,,
1861.jpg,4,1,,,,,
1861.jpg,5,3,,,,,
1861.jpg,6,5,৫,,৫,number,99.99
1861.jpg,7,1,,,,,
1861.jpg,8,4,,,,,
1861.jpg,9,5,,,,,
1861.jpg,ALL,N/A,৫,ঢাকা,ঢাকা ৫,summary,N/A
1762.jpg,1,44,,,,,
1762.jpg,2,10,,মেট্রো,মেট্রো,word,58.54
1762.jpg,3,28,,,,,
1762.jpg,4,0,,,,,
1762.jpg,5,5,৫,,৫,number,96.17
1762.jpg,6,0,,,,,
1762.jpg,7,2,২,,২,number,44.13
1762.jpg,8,8,৮,,৮,number,98.83
1762.jpg,9,3,৩,,৩,number,99.89
1762.jpg,ALL,N/A,৫,মেট্রো,মেট্রো ৫,summary,N/A
2344.jpg,1,49,,,,,
2344.jpg,2,10,,,,,
2344.jpg,3,18,,,,,
2344.jpg,4,6,,,,,
2344.jpg,5,0,,,,,
2344.jpg,6,7,,,,,
2344.jpg,7,8,,,,,
2344.jpg,8,1,,,,,
2344.jpg,9,3,,,,,
2344.jpg,ALL,N/A,,,N/A,summary,N/A
769.jpg,1,82,,,,,
769.jpg,2,20,,,,,
769.jpg,3,1,১১,,১১,number,74.41
769.jpg,4,2,,,,,
769.jpg,5,2,,,,,
769.jpg,6,6,,,,,
769.jpg,7,5,,,,,
769.jpg,8,7,,,,,
769.jpg,ALL,N/A,১১,,১১,summary,N/A
2367.jpg,1,49,,,,,
2367.jpg,2,10,,,,,
2367.jpg,3,13,,,,,
2367.jpg,4,1,,,,,
2367.jpg,5,1,,,,,
2367.jpg,6,7,,,,,
2367.jpg,7,4,,,,,
2367.jpg,8,7,,,,,
2367.jpg,9,0,,,,,
2367.jpg,ALL,N/A,,,N/A,summary,N/A
1108.jpg,1,62,,,,,
1108.jpg,2,30,,,,,
1108.jpg,3,1,,,,,
1108.jpg,4,4,,,,,
1108.jpg,5,7,,,,,
1108.jpg,6,8,,,,,
1108.jpg,7,9,,,,,
1108.jpg,8,2,,,,,
1108.jpg,ALL,N/A,,,N/A,summary,N/A
374.jpg,1,40,,ভোলা,ভোলা,word,95.64
374.jpg,2,32,,,,,
374.jpg,3,1,১,,১,number,100.00
374.jpg,4,2,১,,১,number,57.69
374.jpg,5,3,৩,,৩,number,85.69
374.jpg,6,4,,,,,
374.jpg,7,5,৫,,৫,number,99.60
374.jpg,8,6,৬,,৬,number,99.99
374.jpg,ALL,N/A,১,ভোলা,ভোলা ১,summary,N/A
938.jpg,1,98,,,,,
938.jpg,2,25,,,,,
938.jpg,3,1,১,,১,number,100.00
938.jpg,4,9,,,,,
938.jpg,5,0,,,,,
938.jpg,6,7,,,,,
938.jpg,7,1,১,,১,number,99.98
938.jpg,8,1,১১,,১১,number,10.80
938.jpg,ALL,N/A,১,,১,summary,N/A
1777.jpg,1,44,,,,,
1777.jpg,2,10,,,,,
1777.jpg,3,33,,,,,
1777.jpg,4,1,,,,,
1777.jpg,5,2,,,,,
1777.jpg,6,4,,,,,
1777.jpg,7,7,,,,,
1777.jpg,8,5,,,,,
1777.jpg,9,7,,,,,
1777.jpg,ALL,N/A,,,N/A,summary,N/A
1982.jpg,1,95,,,,,
1982.jpg,2,27,,,,,
1982.jpg,3,1,১,,১,number,13.17
1982.jpg,4,1,১,,১,number,98.60
1982.jpg,5,0,,,,,
1982.jpg,6,0,,,,,
1982.jpg,7,2,২,,২,number,55.72
1982.jpg,8,8,৮,,৮,number,98.24
1982.jpg,ALL,N/A,১,,১,summary,N/A
578.jpg,1,53,,,,,
578.jpg,2,19,৭,,৭,number,92.76
578.jpg,3,1,,,,,
578.jpg,4,2,১,,১,number,99.77
578.jpg,5,3,,,,,
578.jpg,6,4,,,,,
578.jpg,7,5,,,,,
578.jpg,8,6,৬,,৬,number,96.70
578.jpg,ALL,N/A,৭,,৭,summary,N/A
751.jpg,1,58,,যশোর,যশোর,word,93.89
751.jpg,2,25,,,,,
751.jpg,3,1,,,,,
751.jpg,4,2,,,,,
751.jpg,5,3,,,,,
751.jpg,6,8,,,,,
751.jpg,7,4,,,,,
751.jpg,8,6,৬,,৬,number,99.90
751.jpg,ALL,N/A,৬,যশোর,যশোর ৬,summary,N/A
2401.jpg,1,97,,,,,
2401.jpg,2,25,,,,,
2401.jpg,3,1,,,,,
2401.jpg,4,2,,,,,
2401.jpg,5,4,,,,,
2401.jpg,6,0,,,,,
2401.jpg,7,6,৬,,৬,number,61.86
2401.jpg,8,3,,,,,
2401.jpg,ALL,N/A,৬,,৬,summary,N/A
1103.jpg,1,62,,,,,
1103.jpg,2,30,,,,,
1103.jpg,3,2,২,,২,number,99.95
1103.jpg,4,3,,,,,
1103.jpg,5,4,,,,,
1103.jpg,6,5,৫,,৫,number,99.99
1103.jpg,7,6,৬,,৬,number,91.95
1103.jpg,8,7,,,,,
1103.jpg,ALL,N/A,২,,২,summary,N/A
74.jpg,1,77,,,,,
74.jpg,2,1,,,,,
74.jpg,3,1,,,,,
74.jpg,4,1,,,,,
74.jpg,5,7,,,,,
74.jpg,6,7,,,,,
74.jpg,7,5,,,,,
74.jpg,8,24,,,,,
74.jpg,ALL,N/A,,,N/A,summary,N/A
2158.jpg,1,49,,,,,
2158.jpg,2,10,,,,,
2158.jpg,3,18,,,,,
2158.jpg,4,3,,,,,
2158.jpg,5,9,,,,,
2158.jpg,6,0,,,,,
2158.jpg,7,9,,,,,
2158.jpg,8,5,,,,,
2158.jpg,9,8,,,,,
2158.jpg,ALL,N/A,,,N/A,summary,N/A
1405.jpg,1,67,,,,,
1405.jpg,2,25,,,,,
1405.jpg,3,1,১,,১,number,99.97
1405.jpg,4,1,১,,১,number,8.58
1405.jpg,5,1,,,,,
1405.jpg,6,4,,,,,
1405.jpg,7,6,৬,,৬,number,83.22
1405.jpg,8,8,৮,,৮,number,30.32
1405.jpg,ALL,N/A,১,,১,summary,N/A
1677.jpg,1,64,,কিশোরগঞ্জ,কিশোরগঞ্জ,word,85.32
1677.jpg,2,25,,,,,
1677.jpg,3,1,১,,১,number,1.18
1677.jpg,4,1,১,,১,number,99.93
1677.jpg,5,1,১,,১,number,99.80
1677.jpg,6,6,৬,,৬,number,100.00
1677.jpg,7,0,,,,,
1677.jpg,8,5,৫,,৫,number,43.70
1677.jpg,ALL,N/A,১,কিশোরগঞ্জ,কিশোরগঞ্জ ১,summary,N/A
1180.jpg,1,67,,,,,
1180.jpg,2,11,৩,,৩,number,35.02
1180.jpg,3,1,,,,,
1180.jpg,4,2,১,,১,number,50.89
1180.jpg,5,3,,,,,
1180.jpg,6,4,,,,,
1180.jpg,7,5,,,,,
1180.jpg,8,6,,,,,
1180.jpg,ALL,N/A,৩,,৩,summary,N/A
2084.jpg,1,49,,ঢাকা,ঢাকা,word,75.86
2084.jpg,2,10,,মেট্রো,মেট্রো,word,89.46
2084.jpg,3,18,,,,,
2084.jpg,4,1,১,,১,number,67.76
2084.jpg,5,5,৫,,৫,number,95.17
2084.jpg,6,4,,,,,
2084.jpg,7,2,,,,,
2084.jpg,8,4,,,,,
2084.jpg,9,1,১,,১,number,66.30
2084.jpg,ALL,N/A,১,ঢাকা,ঢাকা ১,summary,N/A
58.jpg,1,77,,,,,
58.jpg,2,33,,,,,
58.jpg,3,1,,,,,
58.jpg,4,1,,,,,
58.jpg,5,1,,,,,
58.jpg,6,0,,,,,
58.jpg,7,0,,,,,
58.jpg,8,9,,,,,
58.jpg,ALL,N/A,,,N/A,summary,N/A
1517.jpg,1,79,,নাটোর,নাটোর,word,86.62
1517.jpg,2,25,,,,,
1517.jpg,3,1,,,,,
1517.jpg,4,1,১,,১,number,100.00
1517.jpg,5,6,৬,,৬,number,99.99
1517.jpg,6,2,২,,২,number,98.18
1517.jpg,7,9,৯,,৯,number,72.29
1517.jpg,8,3,৩,,৩,number,98.18
1517.jpg,ALL,N/A,১,নাটোর,নাটোর ১,summary,N/A
1412.jpg,1,68,,লালমনিরহাট,লালমনিরহাট,word,63.52
1412.jpg,2,20,,,,,
1412.jpg,3,1,,,,,
1412.jpg,4,2,,,,,
1412.jpg,5,7,,,,,
1412.jpg,6,8,,,,,
1412.jpg,7,4,,,,,
1412.jpg,8,6,৬,,৬,number,89.40
1412.jpg,ALL,N/A,৬,লালমনিরহাট,লালমনিরহাট ৬,summary,N/A
854.jpg,1,39,,বরিশাল,বরিশাল,word,84.18
854.jpg,2,10,,মেট্রো,মেট্রো,word,87.02
854.jpg,3,20,,,,,
854.jpg,4,1,১,,১,number,98.45
854.jpg,5,1,,,,,
854.jpg,6,1,,,,,
854.jpg,7,2,,,,,
854.jpg,8,8,৮,,৮,number,81.68
854.jpg,9,6,,,,,
854.jpg,ALL,N/A,১,বরিশাল,বরিশাল ১,summary,N/A
187.jpeg,1,57,,,,,
187.jpeg,2,33,,,,,
187.jpeg,3,1,,,,,
187.jpeg,4,1,,,,,
187.jpeg,5,0,,,,,
187.jpeg,6,2,,,,,
187.jpeg,7,6,,,,,
187.jpeg,8,6,,,,,
187.jpeg,ALL,N/A,,,N/A,summary,N/A
362.jpg,1,49,,ঢাকা,ঢাকা,word,85.95
362.jpg,2,10,,,,,
362.jpg,3,18,,,,,
362.jpg,4,2,,,,,
362.jpg,5,3,,,,,
362.jpg,6,4,,,,,
362.jpg,7,5,,,,,
362.jpg,8,3,,,,,
362.jpg,9,2,,,,,
362.jpg,ALL,N/A,,ঢাকা,ঢাকা,summary,N/A
1467.jpg,1,74,,,,,
1467.jpg,2,20,,,,,
1467.jpg,3,1,,,,,
1467.jpg,4,1,১,,১,number,95.05
1467.jpg,5,1,,,,,
1467.jpg,6,3,,,,,
1467.jpg,7,3,,,,,
1467.jpg,8,3,,,,,
1467.jpg,ALL,N/A,১,,১,summary,N/A
609.jpg,1,57,,জামালপুর,জামালপুর,word,81.47
609.jpg,2,23,,,,,
609.jpg,3,1,,,,,
609.jpg,4,2,,,,,
609.jpg,5,3,,,,,
609.jpg,6,4,,,,,
609.jpg,7,8,৮,,৮,number,68.83
609.jpg,8,9,,,,,
609.jpg,ALL,N/A,৮,জামালপুর,জামালপুর ৮,summary,N/A
1843.jpg,1,56,,হবিগঞ্জ,হবিগঞ্জ,word,76.78
1843.jpg,2,25,,,,,
1843.jpg,3,1,,,,,
1843.jpg,4,1,,,,,
1843.jpg,5,1,,,,,
1843.jpg,6,9,,,,,
1843.jpg,7,8,,,,,
1843.jpg,8,1,১,,১,number,99.99
1843.jpg,ALL,N/A,১,হবিগঞ্জ,হবিগঞ্জ ১,summary,N/A
1675.jpg,1,64,,কিশোরগঞ্জ,কিশোরগঞ্জ,word,97.55
1675.jpg,2,20,,,,,
1675.jpg,3,1,,,,,
1675.jpg,4,2,,,,,
1675.jpg,5,2,,,,,
1675.jpg,6,8,৮,,৮,number,99.85
1675.jpg,7,0,,,,,
1675.jpg,8,4,,,,,
1675.jpg,ALL,N/A,৮,কিশোরগঞ্জ,কিশোরগঞ্জ ৮,summary,N/A
23.jpeg,1,49,,ঢাকা,ঢাকা,word,89.96
23.jpeg,2,10,,মেট্রো,মেট্রো,word,82.25
23.jpeg,3,20,,,,,
23.jpeg,4,4,,,,,
23.jpeg,5,6,৬,,৬,number,73.17
23.jpeg,6,8,৮,,৮,number,94.64
23.jpeg,7,8,৩,,৩,number,8.11
23.jpeg,8,8,৮,,৮,number,6.21
23.jpeg,9,2,,,,,
23.jpeg,ALL,N/A,৮,ঢাকা,ঢাকা ৮,summary,N/A
2215.jpg,1,49,,,,,
2215.jpg,2,10,,,,,
2215.jpg,3,18,,,,,
2215.jpg,4,2,,,,,
2215.jpg,5,3,,,,,
2215.jpg,6,6,৬,,৬,number,68.23
2215.jpg,7,2,,,,,
2215.jpg,8,2,,,,,
2215.jpg,9,0,,,,,
2215.jpg,ALL,N/A,৬,,৬,summary,N/A
2231.jpg,1,49,,ঢাকা,ঢাকা,word,76.62
2231.jpg,2,10,,মেট্রো,মেট্রো,word,91.27
2231.jpg,3,20,,,,,
2231.jpg,4,2,,,,,
2231.jpg,5,2,,,,,
2231.jpg,6,3,৩,,৩,number,99.79
2231.jpg,7,4,,,,,
2231.jpg,8,8,৮,,৮,number,98.72
2231.jpg,ALL,N/A,৩,ঢাকা,ঢাকা ৩,summary,N/A
2531.jpg,1,65,,কুড়িগ্রাম,কুড়িগ্রাম,word,88.73
2531.jpg,2,20,,,,,
2531.jpg,3,1,,,,,
2531.jpg,4,2,২,,২,number,60.58
2531.jpg,5,0,,,,,
2531.jpg,6,0,,,,,
2531.jpg,7,5,,,,,
2531.jpg,8,0,,,,,
2531.jpg,ALL,N/A,২,কুড়িগ্রাম,কুড়িগ্রাম ২,summary,N/A
732.jpg,1,88,,,,,
732.jpg,2,101,,,,,
732.jpg,3,1,,,,,
732.jpg,4,9,,,,,
732.jpg,5,5,,,,,
732.jpg,6,6,,,,,
732.jpg,7,7,,,,,
732.jpg,8,8,,,,,
732.jpg,ALL,N/A,,,N/A,summary,N/A
886.jpg,1,89,,রাজশাহী,রাজশাহী,word,82.67
886.jpg,2,20,,,,,
886.jpg,3,1,১,,১,number,46.06
886.jpg,4,1,১,,১,number,99.40
886.jpg,5,3,৩,,৩,number,99.98
886.jpg,6,2,,,,,
886.jpg,7,6,৬,,৬,number,99.88
886.jpg,8,7,৭,,৭,number,69.47
886.jpg,ALL,N/A,১,রাজশাহী,রাজশাহী ১,summary,N/A
2600.jpg,1,40,,,,,
2600.jpg,2,25,,,,,
2600.jpg,3,1,,,,,
2600.jpg,4,1,,,,,
2600.jpg,5,1,,,,,
2600.jpg,6,8,,,,,
2600.jpg,7,7,,,,,
2600.jpg,8,2,,,,,
2600.jpg,ALL,N/A,,,N/A,summary,N/A
617.jpg,1,57,,জামালপুর,জামালপুর,word,84.16
617.jpg,2,23,,,,,
617.jpg,3,2,২,,২,number,45.09
617.jpg,4,3,,,,,
617.jpg,5,4,,,,,
617.jpg,6,5,,,,,
617.jpg,7,6,৬,,৬,number,99.99
617.jpg,8,7,,,,,
617.jpg,ALL,N/A,২,জামালপুর,জামালপুর ২,summary,N/A
1137.jpg,1,64,,কিশোরগঞ্জ,কিশোরগঞ্জ,word,89.51
1137.jpg,2,33,,,,,
1137.jpg,3,1,,,,,
1137.jpg,4,2,,,,,
1137.jpg,5,3,,,,,
1137.jpg,6,4,৪,,৪,number,19.36
1137.jpg,7,5,,,,,
1137.jpg,8,6,,,,,
1137.jpg,ALL,N/A,৪,কিশোরগঞ্জ,কিশোরগঞ্জ ৪,summary,N/A
1994.jpg,1,49,,,,,
1994.jpg,2,10,,,,,
1994.jpg,3,27,,,,,
1994.jpg,4,1,,,,,
1994.jpg,5,3,,,,,
1994.jpg,6,6,,,,,
1994.jpg,7,3,,,,,
1994.jpg,8,0,,,,,
1994.jpg,9,3,,,,,
1994.jpg,ALL,N/A,,,N/A,summary,N/A
1869.jpg,1,49,,,,,
1869.jpg,2,10,,মেট্রো,মেট্রো,word,69.31
1869.jpg,3,18,,,,,
1869.jpg,4,3,,,,,
1869.jpg,5,9,,,,,
1869.jpg,6,9,৯,,৯,number,83.73
1869.jpg,7,7,৭,,৭,number,33.31
1869.jpg,8,1,,,,,
1869.jpg,9,5,৫,,৫,number,99.13
1869.jpg,ALL,N/A,৯,মেট্রো,মেট্রো ৯,summary,N/A
1222.jpg,1,71,,মানিকগঞ্জ,মানিকগঞ্জ,word,85.21
1222.jpg,2,17,,,,,
1222.jpg,3,2,২,,২,number,95.67
1222.jpg,4,3,,,,,
1222.jpg,5,4,,,,,
1222.jpg,6,5,,,,,
1222.jpg,7,6,,,,,
1222.jpg,8,7,,,,,
1222.jpg,ALL,N/A,২,মানিকগঞ্জ,মানিকগঞ্জ ২,summary,N/A
1002.jpg,1,55,,গোপালগঞ্জ,গোপালগঞ্জ,word,99.44
1002.jpg,2,25,,,,,
1002.jpg,3,1,১,,১,number,49.91
1002.jpg,4,1,১,,১,number,77.95
1002.jpg,5,3,,,,,
1002.jpg,6,7,,,,,
1002.jpg,7,2,,,,,
1002.jpg,8,7,,,,,
1002.jpg,ALL,N/A,১,গোপালগঞ্জ,গোপালগঞ্জ ১,summary,N/A
1187.jpg,1,68,,,,,
1187.jpg,2,12,,,,,
1187.jpg,3,8,,,,,
1187.jpg,4,9,,,,,
1187.jpg,5,0,,,,,
1187.jpg,6,1,,,,,
1187.jpg,7,2,,,,,
1187.jpg,8,3,,,,,
1187.jpg,ALL,N/A,,,N/A,summary,N/A
1979.jpg,1,78,,নরসিংদী,নরসিংদী,word,84.90
1979.jpg,2,27,,,,,
1979.jpg,3,1,,,,,
1979.jpg,4,1,,,,,
1979.jpg,5,0,,,,,
1979.jpg,6,1,,,,,
1979.jpg,7,8,৮,,৮,number,45.95
1979.jpg,8,5,৫,,৫,number,79.51
1979.jpg,ALL,N/A,৮,নরসিংদী,নরসিংদী ৮,summary,N/A
2526.jpg,1,65,,কুড়িগ্রাম,কুড়িগ্রাম,word,77.31
2526.jpg,2,20,,,,,
2526.jpg,3,1,,,,,
2526.jpg,4,3,,,,,
2526.jpg,5,6,,,,,
2526.jpg,6,7,৭,,৭,number,80.01
2526.jpg,7,7,,,,,
2526.jpg,8,7,,,,,
2526.jpg,ALL,N/A,৭,কুড়িগ্রাম,কুড়িগ্রাম ৭,summary,N/A
1531.jpg,1,92,,সাতক্ষীরা,সাতক্ষীরা,word,86.12
1531.jpg,2,17,,,,,
1531.jpg,3,1,,,,,
1531.jpg,4,1,,,,,
1531.jpg,5,3,,,,,
1531.jpg,6,0,,,,,
1531.jpg,7,5,,,,,
1531.jpg,8,9,,,,,
1531.jpg,ALL,N/A,,সাতক্ষীরা,সাতক্ষীরা,summary,N/A
728.jpg,1,87,,,,,
728.jpg,2,10,৩,,৩,number,9.16
728.jpg,3,13,৬,,৬,number,8.04
728.jpg,4,7,,,,,
728.jpg,5,8,,,,,
728.jpg,6,9,,,,,
728.jpg,7,0,,,,,
728.jpg,8,1,,,,,
728.jpg,9,2,,,,,
728.jpg,ALL,N/A,৩,,৩,summary,N/A
2451.jpg,1,99,,ঠাকুরগাঁও,ঠাকুরগাঁও,word,78.16
2451.jpg,2,25,,,,,
2451.jpg,3,1,১,,১,number,74.13
2451.jpg,4,1,১,,১,number,46.23
2451.jpg,5,0,,,,,
2451.jpg,6,4,,,,,
2451.jpg,7,7,৫,,৫,number,20.95
2451.jpg,8,9,৯,,৯,number,36.47
2451.jpg,ALL,N/A,১,ঠাকুরগাঁও,ঠাকুরগাঁও ১,summary,N/A
377.jpg,1,37,,বান্দরবান,বান্দরবান,word,88.59
377.jpg,2,15,৬,,৬,number,99.10
377.jpg,3,3,,,,,
377.jpg,4,4,৪,,৪,number,35.84
377.jpg,5,5,,,,,
377.jpg,6,6,,,,,
377.jpg,7,7,,,,,
377.jpg,8,8,,,,,
377.jpg,ALL,N/A,৬,বান্দরবান,বান্দরবান ৬,summary,N/A
317.jpg,1,49,,,,,
317.jpg,2,10,,,,,
317.jpg,3,18,,,,,
317.jpg,4,1,,,,,
317.jpg,5,2,,,,,
317.jpg,6,4,,,,,
317.jpg,7,8,,,,,
317.jpg,8,3,,,,,
317.jpg,9,4,,,,,
317.jpg,ALL,N/A,,,N/A,summary,N/A
1632.jpg,1,62,,,,,
1632.jpg,2,20,,,,,
1632.jpg,3,1,,,,,
1632.jpg,4,1,,,,,
1632.jpg,5,1,,,,,
1632.jpg,6,3,,,,,
1632.jpg,7,7,,,,,
1632.jpg,8,5,,,,,
1632.jpg,ALL,N/A,,,N/A,summary,N/A
2333.jpg,1,49,,,,,
2333.jpg,2,10,,,,,
2333.jpg,3,18,,,,,
2333.jpg,4,0,,,,,
2333.jpg,5,1,,,,,
2333.jpg,6,4,,,,,
2333.jpg,7,5,,,,,
2333.jpg,8,5,,,,,
2333.jpg,9,2,,,,,
2333.jpg,ALL,N/A,,,N/A,summary,N/A
726.jpg,1,87,,,,,
726.jpg,2,10,,,,,
726.jpg,3,13,,,,,
726.jpg,4,1,,,,,
726.jpg,5,2,১,,১,number,85.30
726.jpg,6,3,,,,,
726.jpg,7,4,,,,,
726.jpg,8,5,,,,,
726.jpg,9,6,৬,,৬,number,72.83
726.jpg,ALL,N/A,১,,১,summary,N/A
397.jpg,1,41,,,,,
397.jpg,2,31,৯,,৯,number,31.81
397.jpg,3,5,,,,,
397.jpg,4,6,৬,,৬,number,16.40
397.jpg,5,7,,,,,
397.jpg,6,8,৩,,৩,number,35.80
397.jpg,7,9,,,,,
397.jpg,8,0,,,,,
397.jpg,ALL,N/A,৯,,৯,summary,N/A
2500.jpg,1,53,,গাইবান্ধা,গাইবান্ধা,word,72.22
2500.jpg,2,25,,,,,
2500.jpg,3,1,১,,১,number,99.75
2500.jpg,4,1,২১,,২১,number,13.22
2500.jpg,5,0,,,,,
2500.jpg,6,9,,,,,
2500.jpg,7,0,,,,,
2500.jpg,8,7,৭,,৭,number,82.60
2500.jpg,ALL,N/A,১,গাইবান্ধা,গাইবান্ধা ১,summary,N/A
1987.jpg,1,44,,,,,
1987.jpg,2,10,,মেট্রো,মেট্রো,word,65.25
1987.jpg,3,15,,,,,
1987.jpg,4,1,,,,,
1987.jpg,5,1,,,,,
1987.jpg,6,0,,,,,
1987.jpg,7,4,,,,,
1987.jpg,8,8,৮,,৮,number,100.00
1987.jpg,9,3,,,,,
1987.jpg,ALL,N/A,৮,মেট্রো,মেট্রো ৮,summary,N/A
2238.jpg,1,49,,,,,
2238.jpg,2,10,,,,,
2238.jpg,3,31,,,,,
2238.jpg,4,2,,,,,
2238.jpg,5,0,০,,০,number,54.30
2238.jpg,6,3,,,,,
2238.jpg,7,8,৮,,৮,number,74.15
2238.jpg,8,5,,,,,
2238.jpg,9,7,,,,,
2238.jpg,ALL,N/A,০,,০,summary,N/A
1313.jpg,1,79,,,,,
1313.jpg,2,27,,,,,
1313.jpg,3,3,,,,,
1313.jpg,4,4,,,,,
1313.jpg,5,5,,,,,
1313.jpg,6,6,৩,,৩,number,28.83
1313.jpg,7,7,,,,,
1313.jpg,8,8,,,,,
1313.jpg,ALL,N/A,৩,,৩,summary,N/A
1129.jpg,1,63,,খুলনা,খুলনা,word,86.49
1129.jpg,2,31,,,,,
1129.jpg,3,3,,,,,
1129.jpg,4,4,,,,,
1129.jpg,5,5,,,,,
1129.jpg,6,6,,,,,
1129.jpg,7,7,,,,,
1129.jpg,8,8,,,,,
1129.jpg,ALL,N/A,,খুলনা,খুলনা,summary,N/A
1737.jpg,1,99,,,,,
1737.jpg,2,33,,,,,
1737.jpg,3,7,,,,,
1737.jpg,4,8,,,,,
1737.jpg,5,9,,,,,
1737.jpg,6,0,,,,,
1737.jpg,7,1,,,,,
1737.jpg,8,2,,,,,
1737.jpg,ALL,N/A,,,N/A,summary,N/A
1951.jpg,1,39,,বরিশাল,বরিশাল,word,79.37
1951.jpg,2,25,,,,,
1951.jpg,3,1,১১,,১১,number,47.85
1951.jpg,4,1,৫১,,৫১,number,14.65
1951.jpg,5,3,,,,,
1951.jpg,6,3,,,,,
1951.jpg,7,2,,,,,
1951.jpg,8,8,,,,,
1951.jpg,ALL,N/A,১১,বরিশাল,বরিশাল ১১,summary,N/A
2338.jpg,1,49,৬,,৬,number,4.81
2338.jpg,2,10,,,,,
2338.jpg,3,18,,,,,
2338.jpg,4,0,,,,,
2338.jpg,5,6,,,,,
2338.jpg,6,0,,,,,
2338.jpg,7,9,,,,,
2338.jpg,8,7,,,,,
2338.jpg,9,2,,,,,
2338.jpg,ALL,N/A,৬,,৬,summary,N/A
1681.jpg,1,59,,ঝালকাঠি,ঝালকাঠি,word,85.04
1681.jpg,2,27,,,,,
1681.jpg,3,5,,,,,
1681.jpg,4,6,,,,,
1681.jpg,5,7,,,,,
1681.jpg,6,8,৮,,৮,number,40.21
1681.jpg,7,0,,,,,
1681.jpg,8,1,,,,,
1681.jpg,ALL,N/A,৮,ঝালকাঠি,ঝালকাঠি ৮,summary,N/A
2187.jpg,1,49,,,,,
2187.jpg,2,10,,,,,
2187.jpg,3,18,,,,,
2187.jpg,4,2,,,,,
2187.jpg,5,9,,,,,
2187.jpg,6,7,৭,,৭,number,13.64
2187.jpg,7,3,,,,,
2187.jpg,8,4,,,,,
2187.jpg,9,4,,,,,
2187.jpg,ALL,N/A,৭,,৭,summary,N/A
1809.jpg,1,85,,,,,
1809.jpg,2,25,,,,,
1809.jpg,3,1,,,,,
1809.jpg,4,1,১,,১,number,94.59
1809.jpg,5,1,,,,,
1809.jpg,6,8,৮,,৮,number,17.63
1809.jpg,7,1,,,,,
1809.jpg,8,3,,,,,
1809.jpg,ALL,N/A,১,,১,summary,N/A
1856.jpg,1,44,,,,,
1856.jpg,2,10,,মেট্রো,মেট্রো,word,61.09
1856.jpg,3,18,,,,,
1856.jpg,4,1,,,,,
1856.jpg,5,1,,,,,
1856.jpg,6,9,,,,,
1856.jpg,7,1,১,,১,number,100.00
1856.jpg,8,9,,,,,
1856.jpg,9,4,,,,,
1856.jpg,ALL,N/A,১,মেট্রো,মেট্রো ১,summary,N/A
2268.jpg,1,49,,ঢাকা,ঢাকা,word,73.07
2268.jpg,2,10,,মেট্রো,মেট্রো,word,97.36
2268.jpg,3,25,,,,,
2268.jpg,4,3,,,,,
2268.jpg,5,7,৭,,৭,number,94.96
2268.jpg,6,1,,,,,
2268.jpg,7,2,,,,,
2268.jpg,8,5,,,,,
2268.jpg,9,1,১,,১,number,97.91
2268.jpg,ALL,N/A,৭,ঢাকা,ঢাকা ৭,summary,N/A
1144.jpg,1,64,,,,,
1144.jpg,2,33,,,,,
1144.jpg,3,1,,,,,
1144.jpg,4,2,২,,২,number,65.02
1144.jpg,5,3,,,,,
1144.jpg,6,4,,,,,
1144.jpg,7,5,,,,,
1144.jpg,8,6,৬,,৬,number,84.02
1144.jpg,ALL,N/A,২,,২,summary,N/A
2641.jpg,1,43,,,,,
2641.jpg,2,25,,,,,
2641.jpg,3,1,,,,,
2641.jpg,4,1,,,,,
2641.jpg,5,1,,,,,
2641.jpg,6,8,,,,,
2641.jpg,7,4,,,,,
2641.jpg,8,7,,,,,
2641.jpg,ALL,N/A,,,N/A,summary,N/A
1718.jpg,1,95,,,,,
1718.jpg,2,22,,,,,
1718.jpg,3,1,,,,,
1718.jpg,4,9,,,,,
1718.jpg,5,5,,,,,
1718.jpg,6,6,,,,,
1718.jpg,7,7,,,,,
1718.jpg,8,8,৩,,৩,number,57.79
1718.jpg,ALL,N/A,৩,,৩,summary,N/A
1588.jpg,1,60,,ঝিনাইদহ,ঝিনাইদহ,word,83.55
1588.jpg,2,20,,,,,
1588.jpg,3,1,১,,১,number,99.99
1588.jpg,4,1,১,,১,number,82.88
1588.jpg,5,3,৩,,৩,number,96.76
1588.jpg,6,4,,,,,
1588.jpg,7,4,,,,,
1588.jpg,8,4,,,,,
1588.jpg,ALL,N/A,১,ঝিনাইদহ,ঝিনাইদহ ১,summary,N/A
465.jpg,1,47,,,,,
465.jpg,2,12,৬,,৬,number,68.54
465.jpg,3,3,,,,,
465.jpg,4,4,,,,,
465.jpg,5,5,,,,,
465.jpg,6,6,৬৬,,৬৬,number,35.78
465.jpg,7,7,৭,,৭,number,67.56
465.jpg,8,8,৮,,৮,number,73.83
465.jpg,ALL,N/A,৬,,৬,summary,N/A
576.jpg,1,53,,গাইবান্ধা,গাইবান্ধা,word,99.59
576.jpg,2,19,,,,,
576.jpg,3,2,২,,২,number,99.81
576.jpg,4,3,,,,,
576.jpg,5,4,,,,,
576.jpg,6,5,,,,,
576.jpg,7,6,৬,,৬,number,80.51
576.jpg,8,7,,,,,
576.jpg,ALL,N/A,২,গাইবান্ধা,গাইবান্ধা ২,summary,N/A
2533.jpg,1,47,,,,,
2533.jpg,2,25,,,,,
2533.jpg,3,1,১,,১,number,20.26
2533.jpg,4,1,১,,১,number,98.66
2533.jpg,5,6,,,,,
2533.jpg,6,2,,,,,
2533.jpg,7,8,৮,,৮,number,74.67
2533.jpg,8,5,৫,,৫,number,99.26
2533.jpg,ALL,N/A,১,,১,summary,N/A
2311.jpg,1,49,,,,,
2311.jpg,2,10,,,,,
2311.jpg,3,18,,,,,
2311.jpg,4,2,১,,১,number,57.61
2311.jpg,5,3,,,,,
2311.jpg,6,6,,,,,
2311.jpg,7,2,,,,,
2311.jpg,8,0,,,,,
2311.jpg,9,2,,,,,
2311.jpg,ALL,N/A,১,,১,summary,N/A
1690.jpg,1,67,,লক্ষ্মীপুর,লক্ষ্মীপুর,word,68.33
1690.jpg,2,25,,,,,
1690.jpg,3,1,১,,১,number,99.94
1690.jpg,4,1,১,,১,number,100.00
1690.jpg,5,2,২,,২,number,93.21
1690.jpg,6,0,,,,,
1690.jpg,7,7,,,,,
1690.jpg,8,8,৮,,৮,number,99.87
1690.jpg,ALL,N/A,১,লক্ষ্মীপুর,লক্ষ্মীপুর ১,summary,N/A
625.jpg,1,58,,,,,
625.jpg,2,26,,,,,
625.jpg,3,1,,,,,
625.jpg,4,4,,,,,
625.jpg,5,7,,,,,
625.jpg,6,8,,,,,
625.jpg,7,9,,,,,
625.jpg,8,2,,,,,
625.jpg,ALL,N/A,,,N/A,summary,N/A
791.jpg,1,83,,পাবনা,পাবনা,word,68.51
791.jpg,2,25,,,,,
791.jpg,3,1,১,,১,number,99.99
791.jpg,4,1,১,,১,number,99.98
791.jpg,5,2,,,,,
791.jpg,6,8,,,,,
791.jpg,7,1,১,,১,number,97.87
791.jpg,8,9,,,,,
791.jpg,ALL,N/A,১,পাবনা,পাবনা ১,summary,N/A
2246.jpg,1,63,,খুলনা,খুলনা,word,85.65
2246.jpg,2,10,,মেট্রো,মেট্রো,word,87.53
2246.jpg,3,25,,,,,
2246.jpg,4,1,১,,১,number,30.75
2246.jpg,5,2,,,,,
2246.jpg,6,4,,,,,
2246.jpg,7,2,,,,,
2246.jpg,8,3,,,,,
2246.jpg,9,4,,,,,
2246.jpg,ALL,N/A,১,খুলনা,খুলনা ১,summary,N/A
1585.jpg,1,96,,,,,
1585.jpg,2,12,,,,,
1585.jpg,3,1,,,,,
1585.jpg,4,9,,,,,
1585.jpg,5,5,,,,,
1585.jpg,6,6,৬,,৬,number,92.84
1585.jpg,7,7,,,,,
1585.jpg,8,8,৩,,৩,number,19.10
1585.jpg,ALL,N/A,৬,,৬,summary,N/A
1388.jpg,1,92,,,,,
1388.jpg,2,26,,,,,
1388.jpg,3,3,,,,,
1388.jpg,4,4,,,,,
1388.jpg,5,5,,,,,
1388.jpg,6,6,,,,,
1388.jpg,7,7,,,,,
1388.jpg,8,8,,,,,
1388.jpg,ALL,N/A,,,N/A,summary,N/A
420.jpg,1,45,৬,,৬,number,4.47
420.jpg,2,33,,,,,
420.jpg,3,7,,,,,
420.jpg,4,8,৩,,৩,number,26.08
420.jpg,5,9,,,,,
420.jpg,6,0,,,,,
420.jpg,7,1,,,,,
420.jpg,8,2,,,,,
420.jpg,ALL,N/A,৬,,৬,summary,N/A
682.jpg,1,84,,,,,
682.jpg,2,20,,,,,
682.jpg,3,3,,,,,
682.jpg,4,4,,,,,
682.jpg,5,5,,,,,
682.jpg,6,6,,,,,
682.jpg,7,7,,,,,
682.jpg,8,8,,,,,
682.jpg,ALL,N/A,,,N/A,summary,N/A
251.jpg,1,44,,,,,
251.jpg,2,10,,,,,
251.jpg,3,18,,,,,
251.jpg,4,1,,,,,
251.jpg,5,2,,,,,
251.jpg,6,2,,,,,
251.jpg,7,4,,,,,
251.jpg,8,9,,,,,
251.jpg,9,9,,,,,
251.jpg,ALL,N/A,,,N/A,summary,N/A
1931.jpg,1,36,,,,,
1931.jpg,2,31,,,,,
1931.jpg,3,1,,,,,
1931.jpg,4,1,,,,,
1931.jpg,5,0,,,,,
1931.jpg,6,5,,,,,
1931.jpg,7,4,৪,,৪,number,67.07
1931.jpg,8,1,১,,১,number,99.97
1931.jpg,ALL,N/A,৪,,৪,summary,N/A
2175.jpg,1,49,,,,,
2175.jpg,2,10,,,,,
2175.jpg,3,18,,,,,
2175.jpg,4,2,,,,,
2175.jpg,5,7,,,,,
2175.jpg,6,9,,,,,
2175.jpg,7,3,,,,,
2175.jpg,8,5,,,,,
2175.jpg,9,0,,,,,
2175.jpg,ALL,N/A,,,N/A,summary,N/A
481.jpg,1,46,০,,০,number,2.23
481.jpg,2,11,,,,,
481.jpg,3,9,,,,,
481.jpg,4,0,,,,,
481.jpg,5,1,,,,,
481.jpg,6,2,,,,,
481.jpg,7,3,,,,,
481.jpg,8,4,,,,,
481.jpg,ALL,N/A,০,,০,summary,N/A
47.jpeg,1,87,,,,,
47.jpeg,2,10,,,,,
47.jpeg,3,31,,,,,
47.jpeg,4,1,১,,১,number,98.67
47.jpeg,5,1,,,,,
47.jpeg,6,1,,,,,
47.jpeg,7,0,,,,,
47.jpeg,8,8,৩,,৩,number,32.58
47.jpeg,9,9,,,,,
47.jpeg,ALL,N/A,১,,১,summary,N/A
935.jpg,1,98,,টাঙ্গাইল,টাঙ্গাইল,word,87.93
935.jpg,2,25,,,,,
935.jpg,3,1,,,,,
935.jpg,4,2,২,,২,number,88.82
935.jpg,5,1,,,,,
935.jpg,6,4,,,,,
935.jpg,7,2,,,,,
935.jpg,8,9,৯,,৯,number,78.20
935.jpg,ALL,N/A,২,টাঙ্গাইল,টাঙ্গাইল ২,summary,N/A
1173.jpg,1,67,,,,,
1173.jpg,2,11,,,,,
1173.jpg,3,3,,,,,
1173.jpg,4,4,,,,,
1173.jpg,5,5,,,,,
1173.jpg,6,6,৬,,৬,number,98.87
1173.jpg,7,7,,,,,
1173.jpg,8,8,,,,,
1173.jpg,ALL,N/A,৬,,৬,summary,N/A
1256.jpg,1,73,,মৌলভীবাজার,মৌলভীবাজার,word,94.95
1256.jpg,2,25,,,,,
1256.jpg,3,3,,,,,
1256.jpg,4,4,,,,,
1256.jpg,5,5,,,,,
1256.jpg,6,6,,,,,
1256.jpg,7,7,,,,,
1256.jpg,8,8,,,,,
1256.jpg,ALL,N/A,,মৌলভীবাজার,মৌলভীবাজার,summary,N/A
921.jpg,1,97,,সিলেট,সিলেট,word,89.01
921.jpg,2,10,,,,,
921.jpg,3,25,,,,,
921.jpg,4,1,,,,,
921.jpg,5,1,,,,,
921.jpg,6,1,,,,,
921.jpg,7,1,১,,১,number,99.32
921.jpg,8,1,১,,১,number,82.15
921.jpg,9,8,,,,,
921.jpg,ALL,N/A,১,সিলেট,সিলেট ১,summary,N/A
1940.jpg,1,59,,,,,
1940.jpg,2,20,,,,,
1940.jpg,3,1,১,,১,number,92.80
1940.jpg,4,1,১,,১,number,95.89
1940.jpg,5,4,,,,,
1940.jpg,6,4,৪,,৪,number,31.48
1940.jpg,7,3,৩,,৩,number,74.97
1940.jpg,8,9,,,,,
1940.jpg,ALL,N/A,১,,১,summary,N/A
428.jpg,1,38,,বরগুনা,বরগুনা,word,85.69
428.jpg,2,17,,,,,
428.jpg,3,1,১,,১,number,99.99
428.jpg,4,2,,,,,
428.jpg,5,3,,,,,
428.jpg,6,4,,,,,
428.jpg,7,5,৫,,৫,number,97.97
428.jpg,8,6,৬,,৬,number,100.00
428.jpg,ALL,N/A,১,বরগুনা,বরগুনা ১,summary,N/A
880.jpg,1,88,,রাজবাড়ী,রাজবাড়ী,word,86.17
880.jpg,2,20,,,,,
880.jpg,3,1,১,,১,number,99.99
880.jpg,4,1,,,,,
880.jpg,5,1,,,,,
880.jpg,6,6,৬,,৬,number,100.00
880.jpg,7,4,,,,,
880.jpg,8,4,,,,,
880.jpg,ALL,N/A,১,রাজবাড়ী,রাজবাড়ী ১,summary,N/A
1685.jpg,1,67,,লক্ষ্মীপুর,লক্ষ্মীপুর,word,68.98
1685.jpg,2,20,,,,,
1685.jpg,3,1,,,,,
1685.jpg,4,1,১,,১,number,89.26
1685.jpg,5,6,৬,,৬,number,94.86
1685.jpg,6,5,৫,,৫,number,53.54
1685.jpg,7,2,,,,,
1685.jpg,8,3,,,,,
1685.jpg,ALL,N/A,১,লক্ষ্মীপুর,লক্ষ্মীপুর ১,summary,N/A
1301.jpg,1,78,,নরসিংদী,নরসিংদী,word,86.57
1301.jpg,2,30,,,,,
1301.jpg,3,3,,,,,
1301.jpg,4,4,,,,,
1301.jpg,5,5,,,,,
1301.jpg,6,6,,,,,
1301.jpg,7,7,,,,,
1301.jpg,8,8,,,,,
1301.jpg,ALL,N/A,,নরসিংদী,নরসিংদী,summary,N/A
1959.jpg,1,40,,,,,
1959.jpg,2,29,,,,,
1959.jpg,3,1,১,,১,number,99.69
1959.jpg,4,1,১,,১,number,13.16
1959.jpg,5,1,,,,,
1959.jpg,6,3,,,,,
1959.jpg,7,7,৭,,৭,number,73.13
1959.jpg,8,0,,,,,
1959.jpg,ALL,N/A,১,,১,summary,N/A
1321.jpg,1,79,,নাটোর,নাটোর,word,86.78
1321.jpg,2,27,,,,,
1321.jpg,3,2,২,,২,number,99.83
1321.jpg,4,3,৩,,৩,number,26.50
1321.jpg,5,4,,,,,
1321.jpg,6,5,,,,,
1321.jpg,7,6,৬,,৬,number,99.98
1321.jpg,8,7,,,,,
1321.jpg,ALL,N/A,২,নাটোর,নাটোর ২,summary,N/A
1770.jpg,1,49,,ঢাকা,ঢাকা,word,88.54
1770.jpg,2,10,,মেট্রো,মেট্রো,word,62.10
1770.jpg,3,18,,,,,
1770.jpg,4,2,,,,,
1770.jpg,5,5,৫,,৫,number,90.77
1770.jpg,6,5,,,,,
1770.jpg,7,2,,,,,
1770.jpg,8,2,,,,,
1770.jpg,9,2,,,,,
1770.jpg,ALL,N/A,৫,ঢাকা,ঢাকা ৫,summary,N/A
1813.jpg,1,63,,খুলনা,খুলনা,word,79.68
1813.jpg,2,10,,মেট্রো,মেট্রো,word,94.89
1813.jpg,3,25,,,,,
1813.jpg,4,1,,,,,
1813.jpg,5,2,,,,,
1813.jpg,6,4,,,,,
1813.jpg,7,2,,,,,
1813.jpg,8,3,,,,,
1813.jpg,9,4,,,,,
1813.jpg,ALL,N/A,,খুলনা,খুলনা,summary,N/A
1918.jpg,1,49,,ঢাকা,ঢাকা,word,79.42
1918.jpg,2,10,,মেট্রো,মেট্রো,word,74.88
1918.jpg,3,18,,,,,
1918.jpg,4,1,,,,,
1918.jpg,5,2,,,,,
1918.jpg,6,3,,,,,
1918.jpg,7,2,,,,,
1918.jpg,8,3,,,,,
1918.jpg,9,5,,,,,
1918.jpg,ALL,N/A,,ঢাকা,ঢাকা,summary,N/A
1282.jpg,1,75,,,,,
1282.jpg,2,33,,,,,
1282.jpg,3,1,,,,,
1282.jpg,4,1,,,,,
1282.jpg,5,2,,,,,
1282.jpg,6,2,,,,,
1282.jpg,7,9,,,,,
1282.jpg,8,0,,,,,
1282.jpg,ALL,N/A,,,N/A,summary,N/A
2151.jpg,1,49,,,,,
2151.jpg,2,10,,মেট্রো,মেট্রো,word,76.11
2151.jpg,3,18,,,,,
2151.jpg,4,2,,,,,
2151.jpg,5,9,,,,,
2151.jpg,6,3,,,,,
2151.jpg,7,5,৫,,৫,number,98.69
2151.jpg,8,9,,,,,
2151.jpg,9,2,,,,,
2151.jpg,ALL,N/A,৫,মেট্রো,মেট্রো ৫,summary,N/A
831.jpg,1,39,,বরিশাল,বরিশাল,word,98.53
831.jpg,2,10,,মেট্রো,মেট্রো,word,81.34
831.jpg,3,33,,,,,
831.jpg,4,1,১,,১,number,86.98
831.jpg,5,1,১,,১,number,97.74
831.jpg,6,1,১,,১,number,99.97
831.jpg,7,9,,,,,
831.jpg,8,9,৯,,৯,number,30.47
831.jpg,9,0,,,,,
831.jpg,ALL,N/A,১,বরিশাল,বরিশাল ১,summary,N/A
2413.jpg,1,44,,,,,
2413.jpg,2,10,,,,,
2413.jpg,3,13,,,,,
2413.jpg,4,1,,,,,
2413.jpg,5,1,,,,,
2413.jpg,6,0,,,,,
2413.jpg,7,0,,,,,
2413.jpg,8,4,,,,,
2413.jpg,9,9,,,,,
2413.jpg,ALL,N/A,,,N/A,summary,N/A
1694.jpg,1,93,,,,,
1694.jpg,2,14,৬,,৬,number,9.50
1694.jpg,3,1,,,,,
1694.jpg,4,9,,,,,
1694.jpg,5,5,,,,,
1694.jpg,6,6,,,,,
1694.jpg,7,7,,,,,
1694.jpg,8,8,,,,,
1694.jpg,ALL,N/A,৬,,৬,summary,N/A
714.jpg,1,85,,পটুয়াখালী,পটুয়াখালী,word,83.55
714.jpg,2,19,,,,,
714.jpg,3,2,২,,২,number,98.23
714.jpg,4,3,,,,,
714.jpg,5,4,,,,,
714.jpg,6,5,,,,,
714.jpg,7,6,৬,,৬,number,99.89
714.jpg,8,7,,,,,
714.jpg,ALL,N/A,২,পটুয়াখালী,পটুয়াখালী ২,summary,N/A
855.jpg,1,87,,,,,
855.jpg,2,10,,মেট্রো,মেট্রো,word,83.35
855.jpg,3,13,,,,,
855.jpg,4,5,,,,,
855.jpg,5,5,৫,,৫,number,95.58
855.jpg,6,1,১,,১,number,100.00
855.jpg,7,0,,,,,
855.jpg,8,0,,,,,
855.jpg,9,6,,,,,
855.jpg,ALL,N/A,৫,মেট্রো,মেট্রো ৫,summary,N/A
2657.jpg,1,38,,বরগুনা,বরগুনা,word,82.05
2657.jpg,2,20,,,,,
2657.jpg,3,1,১,,১,number,100.00
2657.jpg,4,1,১,,১,number,99.97
2657.jpg,5,1,১,,১,number,100.00
2657.jpg,6,0,,,,,
2657.jpg,7,5,,,,,
2657.jpg,8,4,,,,,
2657.jpg,ALL,N/A,১,বরগুনা,বরগুনা ১,summary,N/A
995.jpg,1,35,,বাগেরহাট,বাগেরহাট,word,97.33
995.jpg,2,16,,,,,
995.jpg,3,5,,,,,
995.jpg,4,6,,,,,
995.jpg,5,7,,,,,
995.jpg,6,8,,,,,
995.jpg,7,9,,,,,
995.jpg,8,0,,,,,
995.jpg,ALL,N/A,,বাগেরহাট,বাগেরহাট,summary,N/A
2150.jpg,1,49,,ঢাকা,ঢাকা,word,63.28
2150.jpg,2,10,,মেট্রো,মেট্রো,word,64.03
2150.jpg,3,12,,,,,
2150.jpg,4,1,,,,,
2150.jpg,5,1,১,,১,number,98.42
2150.jpg,6,1,,,,,
2150.jpg,7,0,,,,,
2150.jpg,8,8,৮,,৮,number,100.00
2150.jpg,9,0,,,,,
2150.jpg,ALL,N/A,১,ঢাকা,ঢাকা ১,summary,N/A
395.jpg,1,39,,বরিশাল,বরিশাল,word,93.02
395.jpg,2,33,,,,,
395.jpg,3,1,,,,,
395.jpg,4,2,২,,২,number,98.89
395.jpg,5,3,,,,,
395.jpg,6,4,,,,,
395.jpg,7,5,,,,,
395.jpg,8,6,,,,,
395.jpg,ALL,N/A,২,বরিশাল,বরিশাল ২,summary,N/A
185.jpeg,1,57,,জামালপুর,জামালপুর,word,71.96
185.jpeg,2,33,,,,,
185.jpeg,3,1,,,,,
185.jpeg,4,1,,,,,
185.jpeg,5,0,,,,,
185.jpeg,6,3,,,,,
185.jpeg,7,9,,,,,
185.jpeg,8,5,,,,,
185.jpeg,ALL,N/A,,জামালপুর,জামালপুর,summary,N/A
427.jpg,1,39,,,,,
427.jpg,2,33,,,,,
427.jpg,3,5,,,,,
427.jpg,4,6,,,,,
427.jpg,5,7,৭,,৭,number,67.51
427.jpg,6,8,,,,,
427.jpg,7,9,,,,,
427.jpg,8,0,,,,,
427.jpg,ALL,N/A,৭,,৭,summary,N/A
2007.jpg,1,44,,,,,
2007.jpg,2,10,,মেট্রো,মেট্রো,word,94.03
2007.jpg,3,31,,,,,
2007.jpg,4,1,,,,,
2007.jpg,5,1,১,,১,number,99.74
2007.jpg,6,6,,,,,
2007.jpg,7,8,,,,,
2007.jpg,8,6,৬,,৬,number,96.68
2007.jpg,9,3,,,,,
2007.jpg,ALL,N/A,১,মেট্রো,মেট্রো ১,summary,N/A
2192.jpg,1,49,,ঢাকা,ঢাকা,word,99.42
2192.jpg,2,10,,মেট্রো,মেট্রো,word,94.79
2192.jpg,3,18,,,,,
2192.jpg,4,3,,,,,
2192.jpg,5,4,,,,,
2192.jpg,6,6,৬,,৬,number,100.00
2192.jpg,7,5,,,,,
2192.jpg,8,2,,,,,
2192.jpg,9,8,৮,,৮,number,99.98
2192.jpg,ALL,N/A,৬,ঢাকা,ঢাকা ৬,summary,N/A
43.jpeg,1,44,,,,,
43.jpeg,2,10,,মেট্রো,মেট্রো,word,91.63
43.jpeg,3,100,,,,,
43.jpeg,4,8,৮,,৮,number,100.00
43.jpeg,5,1,,,,,
43.jpeg,6,3,৩,,৩,number,99.98
43.jpeg,7,7,,,,,
43.jpeg,8,8,৮,,৮,number,99.96
43.jpeg,9,5,,,,,
43.jpeg,ALL,N/A,৮,মেট্রো,মেট্রো ৮,summary,N/A
1293.jpg,1,77,,,,,
1293.jpg,2,31,,,,,
1293.jpg,3,2,,,,,
1293.jpg,4,4,,,,,
1293.jpg,5,6,,,,,
1293.jpg,6,8,,,,,
1293.jpg,7,0,,,,,
1293.jpg,8,1,,,,,
1293.jpg,ALL,N/A,,,N/A,summary,N/A
54.jpg,1,54,,,,,
54.jpg,2,33,,,,,
54.jpg,3,1,১,,১,number,99.81
54.jpg,4,1,১,,১,number,15.58
54.jpg,5,5,,,,,
54.jpg,6,5,,,,,
54.jpg,7,1,১,,১,number,17.94
54.jpg,8,6,,,,,
54.jpg,ALL,N/A,১,,১,summary,N/A
1988.jpg,1,44,,,,,
1988.jpg,2,10,,,,,
1988.jpg,3,15,,,,,
1988.jpg,4,0,,,,,
1988.jpg,5,2,,,,,
1988.jpg,6,0,,,,,
1988.jpg,7,0,০,,০,number,18.12
1988.jpg,8,0,,,,,
1988.jpg,9,6,,,,,
1988.jpg,ALL,N/A,০,,০,summary,N/A
89.jpeg,1,39,,বরিশাল,বরিশাল,word,99.62
89.jpeg,2,20,,,,,
89.jpeg,3,1,১,,১,number,100.00
89.jpeg,4,2,২,,২,number,79.33
89.jpeg,5,4,,,,,
89.jpeg,6,5,,,,,
89.jpeg,7,5,,,,,
89.jpeg,8,9,,,,,
89.jpeg,ALL,N/A,১,বরিশাল,বরিশাল ১,summary,N/A
1112.jpg,1,63,,খুলনা,খুলনা,word,98.78
1112.jpg,2,31,,,,,
1112.jpg,3,1,,,,,
1112.jpg,4,2,১,,১,number,39.11
1112.jpg,5,3,,,,,
1112.jpg,6,4,,,,,
1112.jpg,7,8,৮,,৮,number,68.05
1112.jpg,8,9,,,,,
1112.jpg,ALL,N/A,১,খুলনা,খুলনা ১,summary,N/A
1919.jpg,1,63,,,,,
1919.jpg,2,10,,মেট্রো,মেট্রো,word,71.32
1919.jpg,3,20,,,,,
1919.jpg,4,1,,,,,
1919.jpg,5,1,১,,১,number,81.62
1919.jpg,6,1,১,,১,number,71.35
1919.jpg,7,7,৭,,৭,number,85.61
1919.jpg,8,2,১,,১,number,48.27
1919.jpg,9,6,৬,,৬,number,99.95
1919.jpg,ALL,N/A,১,মেট্রো,মেট্রো ১,summary,N/A
125.jpeg,1,49,,ঢাকা,ঢাকা,word,77.27
125.jpeg,2,10,,মেট্রো,মেট্রো,word,89.66
125.jpeg,3,33,,,,,
125.jpeg,4,1,১,,১,number,99.96
125.jpeg,5,1,,,,,
125.jpeg,6,6,,,,,
125.jpeg,7,5,,,,,
125.jpeg,8,0,,,,,
125.jpeg,9,3,,,,,
125.jpeg,ALL,N/A,১,ঢাকা,ঢাকা ১,summary,N/A
160.jpeg,1,49,,ঢাকা,ঢাকা,word,89.05
160.jpeg,2,10,,মেট্রো,মেট্রো,word,78.19
160.jpeg,3,18,,,,,
160.jpeg,4,2,,,,,
160.jpeg,5,6,,,,,
160.jpeg,6,8,৮,,৮,number,68.28
160.jpeg,7,4,,,,,
160.jpeg,8,9,,,,,
160.jpeg,9,0,,,,,
160.jpeg,ALL,N/A,৮,ঢাকা,ঢাকা ৮,summary,N/A
2610.jpg,1,65,,,,,
2610.jpg,2,25,,,,,
2610.jpg,3,1,,,,,
2610.jpg,4,1,,,,,
2610.jpg,5,2,,,,,
2610.jpg,6,6,,,,,
2610.jpg,7,7,,,,,
2610.jpg,8,1,,,,,
2610.jpg,ALL,N/A,,,N/A,summary,N/A
493.jpg,1,46,,চুয়াডাঙ্গা,চুয়াডাঙ্গা,word,70.73
493.jpg,2,11,,,,,
493.jpg,3,7,,,,,
493.jpg,4,8,৩,,৩,number,65.03
493.jpg,5,9,,,,,
493.jpg,6,0,,,,,
493.jpg,7,1,,,,,
493.jpg,8,2,১,,১,number,5.85
493.jpg,ALL,N/A,৩,চুয়াডাঙ্গা,চুয়াডাঙ্গা ৩,summary,N/A
1992.jpg,1,44,,,,,
1992.jpg,2,10,,,,,
1992.jpg,3,15,৬,,৬,number,66.98
1992.jpg,4,1,,,,,
1992.jpg,5,1,,,,,
1992.jpg,6,2,,,,,
1992.jpg,7,1,১,,১,number,11.86
1992.jpg,8,5,,,,,
1992.jpg,9,6,৩,,৩,number,15.51
1992.jpg,ALL,N/A,৬,,৬,summary,N/A
1910.jpg,1,49,,ঢাকা,ঢাকা,word,79.47
1910.jpg,2,10,,মেট্রো,মেট্রো,word,89.97
1910.jpg,3,19,,,,,
1910.jpg,4,1,,,,,
1910.jpg,5,1,,,,,
1910.jpg,6,0,,,,,
1910.jpg,7,3,,,,,
1910.jpg,8,5,,,,,
1910.jpg,9,8,,,,,
1910.jpg,ALL,N/A,,ঢাকা,ঢাকা,summary,N/A
2125.jpg,1,49,,,,,
2125.jpg,2,10,,,,,
2125.jpg,3,18,,,,,
2125.jpg,4,2,,,,,
2125.jpg,5,5,,,,,
2125.jpg,6,6,৬,,৬,number,64.93
2125.jpg,7,1,,,,,
2125.jpg,8,9,,,,,
2125.jpg,9,8,৮,,৮,number,99.86
2125.jpg,ALL,N/A,৬,,৬,summary,N/A
76.jpg,1,44,,,,,
76.jpg,2,10,,মেট্রো,মেট্রো,word,94.57
76.jpg,3,18,,,,,
76.jpg,4,1,১,,১,number,100.00
76.jpg,5,3,,,,,
76.jpg,6,1,,,,,
76.jpg,7,2,,,,,
76.jpg,8,0,,,,,
76.jpg,9,7,,,,,
76.jpg,ALL,N/A,১,মেট্রো,মেট্রো ১,summary,N/A
1566.jpg,1,60,,ঝিনাইদহ,ঝিনাইদহ,word,82.95
1566.jpg,2,20,,,,,
1566.jpg,3,1,১,,১,number,44.13
1566.jpg,4,2,,,,,
1566.jpg,5,4,,,,,
1566.jpg,6,4,,,,,
1566.jpg,7,6,,,,,
1566.jpg,8,3,,,,,
1566.jpg,ALL,N/A,১,ঝিনাইদহ,ঝিনাইদহ ১,summary,N/A
646.jpg,1,82,,নোয়াখালী,নোয়াখালী,word,72.61
646.jpg,2,22,,,,,
646.jpg,3,1,,,,,
646.jpg,4,1,১,,১,number,99.61
646.jpg,5,1,১,,১,number,99.38
646.jpg,6,9,,,,,
646.jpg,7,2,২,,২,number,99.97
646.jpg,8,8,,,,,
646.jpg,ALL,N/A,১,নোয়াখালী,নোয়াখালী ১,summary,N/A
2103.jpg,1,49,,ঢাকা,ঢাকা,word,78.71
2103.jpg,2,10,,,,,
2103.jpg,3,13,,,,,
2103.jpg,4,1,১,,১,number,30.25
2103.jpg,5,3,,,,,
2103.jpg,6,5,,,,,
2103.jpg,7,7,,,,,
2103.jpg,8,4,,,,,
2103.jpg,9,6,৬,,৬,number,68.29
2103.jpg,ALL,N/A,১,ঢাকা,ঢাকা ১,summary,N/A
315.jpg,1,49,,,,,
315.jpg,2,10,,,,,
315.jpg,3,10,,,,,
315.jpg,4,18,,,,,
315.jpg,5,3,,,,,
315.jpg,6,3,,,,,
315.jpg,7,1,,,,,
315.jpg,8,9,,,,,
315.jpg,9,9,,,,,
315.jpg,10,7,,,,,
315.jpg,11,4,,,,,
315.jpg,ALL,N/A,,,N/A,summary,N/A
2122.jpg,1,49,,,,,
2122.jpg,2,10,,,,,
2122.jpg,3,18,,,,,
2122.jpg,4,1,,,,,
2122.jpg,5,7,,,,,
2122.jpg,6,4,,,,,
2122.jpg,7,1,,,,,
2122.jpg,8,1,,,,,
2122.jpg,9,9,,,,,
2122.jpg,ALL,N/A,,,N/A,summary,N/A
238.jpg,1,49,,ঢাকা,ঢাকা,word,97.89
238.jpg,2,10,,,,,
238.jpg,3,24,,,,,
238.jpg,4,1,,,,,
238.jpg,5,1,,,,,
238.jpg,6,3,,,,,
238.jpg,7,7,,,,,
238.jpg,8,9,,,,,
238.jpg,9,9,,,,,
238.jpg,ALL,N/A,,ঢাকা,ঢাকা,summary,N/A
1415.jpg,1,69,,রংপুর,রংপুর,word,60.17
1415.jpg,2,20,,,,,
1415.jpg,3,1,১,,১,number,95.34
1415.jpg,4,1,,,,,
1415.jpg,5,3,,,,,
1415.jpg,6,3,,,,,
1415.jpg,7,8,,,,,
1415.jpg,8,9,৯১,,৯১,number,21.26
1415.jpg,ALL,N/A,১,রংপুর,রংপুর ১,summary,N/A
432.jpg,1,45,,চট্টগ্রাম,চট্টগ্রাম,word,92.38
432.jpg,2,33,,,,,
432.jpg,3,7,৭,,৭,number,33.13
432.jpg,4,8,৮,,৮,number,97.56
432.jpg,5,9,,,,,
432.jpg,6,0,,,,,
432.jpg,7,1,,,,,
432.jpg,8,2,১,,১,number,26.36
432.jpg,ALL,N/A,৭,চট্টগ্রাম,চট্টগ্রাম ৭,summary,N/A
1033.jpg,1,57,,জামালপুর,জামালপুর,word,86.18
1033.jpg,2,20,,,,,
1033.jpg,3,1,,,,,
1033.jpg,4,2,,,,,
1033.jpg,5,2,,,,,
1033.jpg,6,7,,,,,
1033.jpg,7,9,,,,,
1033.jpg,8,0,,,,,
1033.jpg,ALL,N/A,,জামালপুর,জামালপুর,summary,N/A
1627.jpg,1,62,,,,,
1627.jpg,2,20,,,,,
1627.jpg,3,1,১,,১,number,74.38
1627.jpg,4,1,,,,,
1627.jpg,5,0,,,,,
1627.jpg,6,2,২,,২,number,11.45
1627.jpg,7,9,৯,,৯,number,54.53
1627.jpg,8,9,,,,,
1627.jpg,ALL,N/A,১,,১,summary,N/A
937.jpg,1,98,,টাঙ্গাইল,টাঙ্গাইল,word,87.35
937.jpg,2,25,,,,,
937.jpg,3,2,,,,,
937.jpg,4,3,,,,,
937.jpg,5,9,,,,,
937.jpg,6,6,,,,,
937.jpg,7,1,,,,,
937.jpg,8,1,,,,,
937.jpg,ALL,N/A,,টাঙ্গাইল,টাঙ্গাইল,summary,N/A
778.jpg,1,82,,,,,
778.jpg,2,25,৫,,৫,number,11.60
778.jpg,3,1,১,,১,number,99.66
778.jpg,4,1,,,,,
778.jpg,5,2,,,,,
778.jpg,6,8,,,,,
778.jpg,7,5,৫,,৫,number,68.29
778.jpg,8,8,৮,,৮,number,99.38
778.jpg,ALL,N/A,৫,,৫,summary,N/A
738.jpg,1,88,,রাজবাড়ী,রাজবাড়ী,word,85.22
738.jpg,2,101,,,,,
738.jpg,3,3,,,,,
738.jpg,4,4,,,,,
738.jpg,5,7,,,,,
738.jpg,6,8,৮,,৮,number,42.37
738.jpg,7,9,,,,,
738.jpg,8,0,,,,,
738.jpg,ALL,N/A,৮,রাজবাড়ী,রাজবাড়ী ৮,summary,N/A
278.jpg,1,49,,ঢাকা,ঢাকা,word,66.53
278.jpg,2,10,,,,,
278.jpg,3,18,,,,,
278.jpg,4,3,,,,,
278.jpg,5,1,,,,,
278.jpg,6,9,,,,,
278.jpg,7,9,,,,,
278.jpg,8,7,,,,,
278.jpg,9,4,,,,,
278.jpg,ALL,N/A,,ঢাকা,ঢাকা,summary,N/A
215.jpg,1,49,,ঢাকা,ঢাকা,word,85.14
215.jpg,2,10,,,,,
215.jpg,3,18,,,,,
215.jpg,4,1,,,,,
215.jpg,5,5,৫,,৫,number,73.61
215.jpg,6,3,,,,,
215.jpg,7,7,,,,,
215.jpg,8,5,,,,,
215.jpg,9,0,,,,,
215.jpg,ALL,N/A,৫,ঢাকা,ঢাকা ৫,summary,N/A
2250.jpg,1,51,,ফরিদপুর,ফরিদপুর,word,99.88
2250.jpg,2,20,,,,,
2250.jpg,3,1,১১,,১১,number,31.90
2250.jpg,4,2,,,,,
2250.jpg,5,7,৭,,৭,number,72.57
2250.jpg,6,2,,,,,
2250.jpg,7,8,,,,,
2250.jpg,8,8,৮,,৮,number,98.48
2250.jpg,ALL,N/A,১১,ফরিদপুর,ফরিদপুর ১১,summary,N/A
1404.jpg,1,59,,,,,
1404.jpg,2,27,,,,,
1404.jpg,3,3,,,,,
1404.jpg,4,4,,,,,
1404.jpg,5,5,,,,,
1404.jpg,6,6,,,,,
1404.jpg,7,7,,,,,
1404.jpg,8,8,৩,,৩,number,17.34
1404.jpg,ALL,N/A,৩,,৩,summary,N/A
727.jpg,1,87,,,,,
727.jpg,2,10,,মেট্রো,মেট্রো,word,83.03
727.jpg,3,13,,,,,
727.jpg,4,2,২,,২,number,99.74
727.jpg,5,3,৩,,৩,number,37.69
727.jpg,6,4,,,,,
727.jpg,7,5,৫,,৫,number,99.44
727.jpg,8,6,৬,,৬,number,99.43
727.jpg,9,7,,,,,
727.jpg,ALL,N/A,২,মেট্রো,মেট্রো ২,summary,N/A
2568.jpg,1,100,,ঢাকা,ঢাকা,word,96.03
2568.jpg,2,10,,মেট্রো,মেট্রো,word,86.95
2568.jpg,3,20,,,,,
2568.jpg,4,5,,,,,
2568.jpg,5,5,৫,,৫,number,80.47
2568.jpg,6,4,,,,,
2568.jpg,7,4,,,,,
2568.jpg,8,1,,,,,
2568.jpg,9,1,,,,,
2568.jpg,ALL,N/A,৫,ঢাকা,ঢাকা ৫,summary,N/A
87.jpeg,1,39,,বরিশাল,বরিশাল,word,96.41
87.jpeg,2,25,,,,,
87.jpeg,3,1,,,,,
87.jpeg,4,1,,,,,
87.jpeg,5,1,,,,,
87.jpeg,6,5,,,,,
87.jpeg,7,9,,,,,
87.jpeg,8,6,,,,,
87.jpeg,ALL,N/A,,বরিশাল,বরিশাল,summary,N/A
1520.jpg,1,79,,নাটোর,নাটোর,word,93.86
1520.jpg,2,20,,,,,
1520.jpg,3,1,১,,১,number,100.00
1520.jpg,4,3,৩,,৩,number,98.70
1520.jpg,5,6,৬,,৬,number,100.00
1520.jpg,6,4,,,,,
1520.jpg,7,5,,,,,
1520.jpg,8,6,৬,,৬,number,100.00
1520.jpg,ALL,N/A,৬,নাটোর,নাটোর ৬,summary,N/A
1164.jpg,1,66,,,,,
1164.jpg,2,101,,,,,
1164.jpg,3,1,,,,,
1164.jpg,4,4,,,,,
1164.jpg,5,7,,,,,
1164.jpg,6,8,,,,,
1164.jpg,7,9,,,,,
1164.jpg,8,2,,,,,
1164.jpg,ALL,N/A,,,N/A,summary,N/A
1464.jpg,1,74,,,,,
1464.jpg,2,25,,,,,
1464.jpg,3,1,,,,,
1464.jpg,4,1,১,,১,number,99.96
1464.jpg,5,5,,,,,
1464.jpg,6,3,,,,,
1464.jpg,7,9,,,,,
1464.jpg,8,7,৭,,৭,number,91.33
1464.jpg,ALL,N/A,১,,১,summary,N/A
2216.jpg,1,49,,,,,
2216.jpg,2,10,,মেট্রো,মেট্রো,word,77.39
2216.jpg,3,18,,,,,
2216.jpg,4,3,,,,,
2216.jpg,5,3,,,,,
2216.jpg,6,3,৩,,৩,number,46.24
2216.jpg,7,8,৮,,৮,number,34.36
2216.jpg,8,6,৬,,৬,number,100.00
2216.jpg,9,8,৮,,৮,number,100.00
2216.jpg,ALL,N/A,৮,মেট্রো,মেট্রো ৮,summary,N/A
2649.jpg,1,65,,,,,
2649.jpg,2,20,,,,,
2649.jpg,3,1,,,,,
2649.jpg,4,1,১১,,১১,number,74.90
2649.jpg,5,9,,,,,
2649.jpg,6,2,,,,,
2649.jpg,7,2,,,,,
2649.jpg,8,4,,,,,
2649.jpg,ALL,N/A,১১,,১১,summary,N/A
2017.jpg,1,49,,ঢাকা,ঢাকা,word,87.09
2017.jpg,2,10,,,,,
2017.jpg,3,20,,,,,
2017.jpg,4,5,,,,,
2017.jpg,5,9,,,,,
2017.jpg,6,3,,,,,
2017.jpg,7,2,,,,,
2017.jpg,8,8,৮,,৮,number,99.88
2017.jpg,9,9,,,,,
2017.jpg,ALL,N/A,৮,ঢাকা,ঢাকা ৮,summary,N/A
2414.jpg,1,49,,,,,
2414.jpg,2,10,,,,,
2414.jpg,3,18,,,,,
2414.jpg,4,3,,,,,
2414.jpg,5,1,১,,১,number,99.94
2414.jpg,6,0,,,,,
2414.jpg,7,0,,,,,
2414.jpg,8,8,৮,,৮,number,92.12
2414.jpg,9,0,,,,,
2414.jpg,ALL,N/A,১,,১,summary,N/A
330.jpg,1,49,,,,,
330.jpg,2,10,,,,,
330.jpg,3,18,,,,,
330.jpg,4,3,,,,,
330.jpg,5,9,,,,,
330.jpg,6,1,,,,,
330.jpg,7,4,,,,,
330.jpg,8,7,,,,,
330.jpg,9,3,,,,,
330.jpg,ALL,N/A,,,N/A,summary,N/A
289.jpg,1,49,৬,,৬,number,12.68
289.jpg,2,10,৫৬,,৫৬,number,21.31
289.jpg,3,18,,,,,
289.jpg,4,3,,,,,
289.jpg,5,5,,,,,
289.jpg,6,5,,,,,
289.jpg,7,9,,,,,
289.jpg,8,5,,,,,
289.jpg,9,8,,,,,
289.jpg,10,2,,,,,
289.jpg,ALL,N/A,৬,,৬,summary,N/A
551.jpg,1,51,,ফরিদপুর,ফরিদপুর,word,77.60
551.jpg,2,17,,,,,
551.jpg,3,3,,,,,
551.jpg,4,4,,,,,
551.jpg,5,5,,,,,
551.jpg,6,6,,,,,
551.jpg,7,7,,,,,
551.jpg,8,8,,,,,
551.jpg,ALL,N/A,,ফরিদপুর,ফরিদপুর,summary,N/A
2578.jpg,1,47,,কক্সবাজার,কক্সবাজার,word,79.18
2578.jpg,2,20,,,,,
2578.jpg,3,1,১,,১,number,75.02
2578.jpg,4,1,১,,১,number,98.75
2578.jpg,5,6,,,,,
2578.jpg,6,6,,,,,
2578.jpg,7,0,,,,,
2578.jpg,8,9,,,,,
2578.jpg,ALL,N/A,১,কক্সবাজার,কক্সবাজার ১,summary,N/A
983.jpg,1,52,,ফেনী,ফেনী,word,83.93
983.jpg,2,25,,,,,
983.jpg,3,1,,,,,
983.jpg,4,1,১,,১,number,98.66
983.jpg,5,3,৩,,৩,number,11.33
983.jpg,6,4,৪,,৪,number,42.01
983.jpg,7,5,৫,,৫,number,100.00
983.jpg,8,8,৮,,৮,number,73.90
983.jpg,ALL,N/A,১,ফেনী,ফেনী ১,summary,N/A
279.jpg,1,49,,ঢাকা,ঢাকা,word,76.56
279.jpg,2,10,,,,,
279.jpg,3,12,,,,,
279.jpg,4,9,,,,,
279.jpg,5,8,৮,,৮,number,23.47
279.jpg,6,1,১,,১,number,99.95
279.jpg,7,1,,,,,
279.jpg,8,1,,,,,
279.jpg,9,1,,,,,
279.jpg,ALL,N/A,৮,ঢাকা,ঢাকা ৮,summary,N/A
1151.jpg,1,65,,,,,
1151.jpg,2,100,,,,,
1151.jpg,3,1,,,,,
1151.jpg,4,4,,,,,
1151.jpg,5,7,,,,,
1151.jpg,6,8,,,,,
1151.jpg,7,9,,,,,
1151.jpg,8,2,,,,,
1151.jpg,ALL,N/A,,,N/A,summary,N/A
1443.jpg,1,73,,মৌলভীবাজার,মৌলভীবাজার,word,68.72
1443.jpg,2,20,,,,,
1443.jpg,3,1,১,,১,number,91.96
1443.jpg,4,1,১,,১,number,99.62
1443.jpg,5,2,,,,,
1443.jpg,6,7,,,,,
1443.jpg,7,4,৪,,৪,number,67.23
1443.jpg,8,4,৪,,৪,number,38.27
1443.jpg,ALL,N/A,১,মৌলভীবাজার,মৌলভীবাজার ১,summary,N/A
584.jpg,1,54,,গাজীপুর,গাজীপুর,word,96.76
584.jpg,2,25,,,,,
584.jpg,3,2,২,,২,number,99.96
584.jpg,4,3,,,,,
584.jpg,5,4,,,,,
584.jpg,6,5,৫,,৫,number,99.30
584.jpg,7,6,৬,,৬,number,99.96
584.jpg,8,7,,,,,
584.jpg,ALL,N/A,২,গাজীপুর,গাজীপুর ২,summary,N/A
2647.jpg,1,90,,রাঙামাটি,রাঙামাটি,word,78.79
2647.jpg,2,25,,,,,
2647.jpg,3,1,১,,১,number,78.89
2647.jpg,4,1,,,,,
2647.jpg,ALL,N/A,১,রাঙামাটি,রাঙামাটি ১,summary,N/A
2424.jpg,1,58,,যশোর,যশোর,word,96.33
2424.jpg,2,25,,,,,
2424.jpg,3,1,১,,১,number,97.93
2424.jpg,4,3,৩,,৩,number,62.10
2424.jpg,5,3,৩,,৩,number,99.78
2424.jpg,6,7,,,,,
2424.jpg,7,7,,,,,
2424.jpg,8,7,,,,,
2424.jpg,ALL,N/A,৩,যশোর,যশোর ৩,summary,N/A
1488.jpg,1,75,,,,,
1488.jpg,2,25,,,,,
1488.jpg,3,1,,,,,
1488.jpg,4,2,২,,২,number,75.69
1488.jpg,5,2,,,,,
1488.jpg,6,2,,,,,
1488.jpg,7,0,,,,,
1488.jpg,8,0,,,,,
1488.jpg,ALL,N/A,২,,২,summary,N/A
2319.jpg,1,49,,,,,
2319.jpg,2,10,,,,,
2319.jpg,3,18,,,,,
2319.jpg,4,0,,,,,
2319.jpg,5,1,১,,১,number,98.75
2319.jpg,6,4,৪,,৪,number,28.94
2319.jpg,7,5,,,,,
2319.jpg,8,5,,,,,
2319.jpg,9,2,,,,,
2319.jpg,ALL,N/A,১,,১,summary,N/A
1430.jpg,1,71,,মানিকগঞ্জ,মানিকগঞ্জ,word,91.80
1430.jpg,2,20,,,,,
1430.jpg,3,1,১,,১,number,100.00
1430.jpg,4,1,১,,১,number,100.00
1430.jpg,ALL,N/A,১,মানিকগঞ্জ,মানিকগঞ্জ ১,summary,N/A
688.jpg,1,84,,,,,
688.jpg,2,20,,,,,
688.jpg,3,9,,,,,
688.jpg,4,1,,,,,
688.jpg,5,0,,,,,
688.jpg,6,2,,,,,
688.jpg,7,1,,,,,
688.jpg,8,9,,,,,
688.jpg,ALL,N/A,,,N/A,summary,N/A
1925.jpg,1,63,,খুলনা,খুলনা,word,83.20
1925.jpg,2,10,,মেট্রো,মেট্রো,word,96.80
1925.jpg,3,20,৩,,৩,number,22.31
1925.jpg,4,1,১,,১,number,11.22
1925.jpg,5,1,১,,১,number,97.28
1925.jpg,6,1,১,,১,number,99.96
1925.jpg,7,9,১,,১,number,63.40
1925.jpg,8,2,১,,১,number,91.57
1925.jpg,9,8,৮,,৮,number,99.49
1925.jpg,ALL,N/A,১,খুলনা,খুলনা ১,summary,N/A
119.jpeg,1,98,,টাঙ্গাইল,টাঙ্গাইল,word,80.88
119.jpeg,2,33,,,,,
119.jpeg,3,1,,,,,
119.jpeg,4,1,,,,,
119.jpeg,5,0,,,,,
119.jpeg,6,7,,,,,
119.jpeg,7,3,,,,,
119.jpeg,8,4,,,,,
119.jpeg,ALL,N/A,,টাঙ্গাইল,টাঙ্গাইল,summary,N/A
2350.jpg,1,49,,,,,
2350.jpg,2,10,,,,,
2350.jpg,3,18,,,,,
2350.jpg,4,3,,,,,
2350.jpg,5,8,৮,,৮,number,68.86
2350.jpg,6,3,,,,,
2350.jpg,7,4,৪,,৪,number,27.90
2350.jpg,8,3,,,,,
2350.jpg,9,1,,,,,
2350.jpg,ALL,N/A,৮,,৮,summary,N/A
1616.jpg,1,99,,,,,
1616.jpg,2,20,,,,,
1616.jpg,3,1,,,,,
1616.jpg,4,1,,,,,
1616.jpg,5,2,,,,,
1616.jpg,6,2,,,,,
1616.jpg,7,7,,,,,
1616.jpg,8,4,,,,,
1616.jpg,ALL,N/A,,,N/A,summary,N/A
1401.jpg,1,92,,,,,
1401.jpg,2,26,,,,,
1401.jpg,3,7,,,,,
1401.jpg,4,8,,,,,
1401.jpg,5,9,,,,,
1401.jpg,6,0,,,,,
1401.jpg,7,1,,,,,
1401.jpg,8,2,,,,,
1401.jpg,ALL,N/A,,,N/A,summary,N/A
498.jpg,1,48,,কুমিল্লা,কুমিল্লা,word,83.31
498.jpg,2,13,,,,,
498.jpg,3,2,২,,২,number,99.92
498.jpg,4,3,,,,,
498.jpg,5,4,,,,,
498.jpg,6,5,,,,,
498.jpg,7,5,৬,,৬,number,99.89
498.jpg,8,7,,,,,
498.jpg,ALL,N/A,২,কুমিল্লা,কুমিল্লা ২,summary,N/A
1654.jpg,1,63,,,,,
1654.jpg,2,10,,,,,
1654.jpg,3,20,,,,,
1654.jpg,4,1,,,,,
1654.jpg,5,2,,,,,
1654.jpg,6,3,,,,,
1654.jpg,7,5,,,,,
1654.jpg,8,7,,,,,
1654.jpg,9,9,,,,,
1654.jpg,ALL,N/A,,,N/A,summary,N/A
403.jpg,1,44,,,,,
403.jpg,2,10,,মেট্রো,মেট্রো,word,94.12
403.jpg,3,15,,,,,
403.jpg,4,7,,,,,
403.jpg,5,8,৮,,৮,number,69.75
403.jpg,6,9,৯১,,৯১,number,31.85
403.jpg,7,0,,,,,
403.jpg,8,1,১,,১,number,99.84
403.jpg,9,2,২,,২,number,99.72
403.jpg,ALL,N/A,৮,মেট্রো,মেট্রো ৮,summary,N/A
394.jpg,1,44,,,,,
394.jpg,2,10,,,,,
394.jpg,3,15,৬,,৬,number,1.39
394.jpg,4,9,,,,,
394.jpg,5,0,,,,,
394.jpg,6,1,,,,,
394.jpg,7,2,,,,,
394.jpg,8,3,,,,,
394.jpg,9,4,,,,,
394.jpg,ALL,N/A,৬,,৬,summary,N/A
1805.jpg,1,69,,মাদারীপুর,মাদারীপুর,word,80.91
1805.jpg,2,20,,,,,
1805.jpg,3,1,,,,,
1805.jpg,4,1,,,,,
1805.jpg,5,0,,,,,
1805.jpg,6,9,,,,,
1805.jpg,7,1,,,,,
1805.jpg,8,6,,,,,
1805.jpg,ALL,N/A,,মাদারীপুর,মাদারীপুর,summary,N/A
1387.jpg,1,90,,রাঙামাটি,রাঙামাটি,word,87.63
1387.jpg,2,15,,,,,
1387.jpg,3,2,১,,১,number,52.64
1387.jpg,4,3,,,,,
1387.jpg,5,4,,,,,
1387.jpg,6,5,৫,,৫,number,93.09
1387.jpg,7,6,,,,,
1387.jpg,8,7,,,,,
1387.jpg,ALL,N/A,১,রাঙামাটি,রাঙামাটি ১,summary,N/A
1343.jpg,1,76,,,,,
1343.jpg,2,32,,,,,
1343.jpg,3,3,,,,,
1343.jpg,4,4,,,,,
1343.jpg,5,5,,,,,
1343.jpg,6,6,৬,,৬,number,95.98
1343.jpg,7,7,,,,,
1343.jpg,8,8,৮,,৮,number,43.82
1343.jpg,ALL,N/A,৬,,৬,summary,N/A
1560.jpg,1,95,,সিরাজগঞ্জ,সিরাজগঞ্জ,word,88.76
1560.jpg,2,20,,,,,
1560.jpg,3,1,১,,১,number,25.79
1560.jpg,4,3,,,,,
1560.jpg,5,3,,,,,
1560.jpg,6,5,,,,,
1560.jpg,7,7,,,,,
1560.jpg,8,6,,,,,
1560.jpg,ALL,N/A,১,সিরাজগঞ্জ,সিরাজগঞ্জ ১,summary,N/A
950.jpg,1,98,,টাঙ্গাইল,টাঙ্গাইল,word,85.91
950.jpg,2,20,,,,,
950.jpg,3,1,,,,,
950.jpg,4,5,৫,,৫,number,75.25
950.jpg,5,3,,,,,
950.jpg,6,3,,,,,
950.jpg,7,8,৮,,৮,number,99.61
950.jpg,8,8,৮,,৮,number,37.85
950.jpg,ALL,N/A,৮,টাঙ্গাইল,টাঙ্গাইল ৮,summary,N/A
1130.jpg,1,63,,,,,
1130.jpg,2,31,,,,,
1130.jpg,3,1,,,,,
1130.jpg,4,3,,,,,
1130.jpg,5,5,,,,,
1130.jpg,6,7,,,,,
1130.jpg,7,9,,,,,
1130.jpg,8,0,,,,,
1130.jpg,ALL,N/A,,,N/A,summary,N/A
2096.jpg,1,49,,,,,
2096.jpg,2,10,,,,,
2096.jpg,3,18,,,,,
2096.jpg,4,2,,,,,
2096.jpg,5,5,০,,০,number,32.36
2096.jpg,6,0,,,,,
2096.jpg,7,3,,,,,
2096.jpg,8,3,,,,,
2096.jpg,9,9,,,,,
2096.jpg,ALL,N/A,০,,০,summary,N/A
1482.jpg,1,75,,নওগাঁ,নওগাঁ,word,88.88
1482.jpg,2,25,,,,,
1482.jpg,3,1,১,,১,number,100.00
1482.jpg,4,1,১,,১,number,100.00
1482.jpg,5,3,,,,,
1482.jpg,6,3,৩,,৩,number,63.38
1482.jpg,7,8,৮,,৮,number,99.10
1482.jpg,8,6,৬,,৬,number,98.76
1482.jpg,ALL,N/A,১,নওগাঁ,নওগাঁ ১,summary,N/A
1846.jpg,1,49,,ঢাকা,ঢাকা,word,68.26
1846.jpg,2,10,,,,,
1846.jpg,3,19,,,,,
1846.jpg,4,1,,,,,
1846.jpg,5,1,,,,,
1846.jpg,6,7,৭,,৭,number,55.57
1846.jpg,7,3,,,,,
1846.jpg,8,3,,,,,
1846.jpg,9,9,,,,,
1846.jpg,ALL,N/A,৭,ঢাকা,ঢাকা ৭,summary,N/A
232.jpg,1,49,,,,,
232.jpg,2,10,,,,,
232.jpg,3,18,,,,,
232.jpg,4,3,,,,,
232.jpg,5,3,,,,,
232.jpg,6,0,,,,,
232.jpg,7,0,,,,,
232.jpg,8,9,,,,,
232.jpg,9,9,,,,,
232.jpg,ALL,N/A,,,N/A,summary,N/A
860.jpg,1,87,,,,,
860.jpg,2,10,,মেট্রো,মেট্রো,word,93.75
860.jpg,3,101,,,,,
860.jpg,4,1,,,,,
860.jpg,5,1,১,,১,number,99.92
860.jpg,6,1,১১,,১১,number,95.83
860.jpg,7,0,,,,,
860.jpg,ALL,N/A,১,মেট্রো,মেট্রো ১,summary,N/A
2278.jpg,1,49,,,,,
2278.jpg,2,10,,,,,
2278.jpg,3,25,,,,,
2278.jpg,4,3,,,,,
2278.jpg,5,1,,,,,
2278.jpg,6,5,,,,,
2278.jpg,7,0,,,,,
2278.jpg,8,2,,,,,
2278.jpg,9,0,,,,,
2278.jpg,ALL,N/A,,,N/A,summary,N/A
303.jpg,1,10,,ঢাকা,ঢাকা,word,96.57
303.jpg,2,10,,মেট্রো,মেট্রো,word,86.47
303.jpg,3,18,,,,,
303.jpg,4,2,,,,,
303.jpg,5,0,,,,,
303.jpg,6,7,,,,,
303.jpg,7,8,,,,,
303.jpg,8,5,,,,,
303.jpg,9,5,,,,,
303.jpg,ALL,N/A,,ঢাকা,ঢাকা,summary,N/A
608.jpg,1,57,,,,,
608.jpg,2,23,,,,,
608.jpg,3,1,,,,,
608.jpg,4,3,,,,,
608.jpg,5,5,,,,,
608.jpg,6,7,,,,,
608.jpg,7,9,,,,,
608.jpg,8,0,,,,,
608.jpg,ALL,N/A,,,N/A,summary,N/A
2488.jpg,1,75,,,,,
2488.jpg,2,25,,,,,
2488.jpg,3,1,,,,,
2488.jpg,4,1,১,,১,number,97.54
2488.jpg,5,9,,,,,
2488.jpg,6,4,৪,,৪,number,68.53
2488.jpg,7,5,৫,,৫,number,78.76
2488.jpg,8,3,,,,,
2488.jpg,ALL,N/A,১,,১,summary,N/A
1210.jpg,1,70,,মাগুরা,মাগুরা,word,97.16
1210.jpg,2,16,,,,,
1210.jpg,3,2,২,,২,number,99.94
1210.jpg,4,3,,,,,
1210.jpg,5,4,,,,,
1210.jpg,6,5,,,,,
1210.jpg,7,6,,,,,
1210.jpg,8,7,,,,,
1210.jpg,ALL,N/A,২,মাগুরা,মাগুরা ২,summary,N/A
2416.jpg,1,48,,কুমিল্লা,কুমিল্লা,word,78.27
2416.jpg,2,25,৫,,৫,number,24.08
2416.jpg,3,1,১,,১,number,41.36
2416.jpg,4,1,,,,,
2416.jpg,5,2,,,,,
2416.jpg,6,3,৩,,৩,number,97.83
2416.jpg,7,8,৮,,৮,number,10.23
2416.jpg,8,9,,,,,
2416.jpg,ALL,N/A,৫,কুমিল্লা,কুমিল্লা ৫,summary,N/A
823.jpg,1,86,,পিরোজপুর,পিরোজপুর,word,69.53
823.jpg,2,31,,,,,
823.jpg,3,1,,,,,
823.jpg,4,1,,,,,
823.jpg,5,0,,,,,
823.jpg,6,3,,,,,
823.jpg,7,3,,,,,
823.jpg,8,5,,,,,
823.jpg,ALL,N/A,,পিরোজপুর,পিরোজপুর,summary,N/A
222.jpg,1,49,,,,,
222.jpg,2,10,,,,,
222.jpg,3,12,,,,,
222.jpg,4,1,,,,,
222.jpg,5,1,,,,,
222.jpg,6,1,,,,,
222.jpg,7,5,,,,,
222.jpg,8,8,,,,,
222.jpg,9,7,,,,,
222.jpg,ALL,N/A,,,N/A,summary,N/A
2016.jpg,1,58,,,,,
2016.jpg,2,31,,,,,
2016.jpg,3,1,,,,,
2016.jpg,4,1,,,,,
2016.jpg,5,4,,,,,
2016.jpg,6,1,,,,,
2016.jpg,7,2,,,,,
2016.jpg,8,8,,,,,
2016.jpg,ALL,N/A,,,N/A,summary,N/A
2291.jpg,1,49,,,,,
2291.jpg,2,10,,,,,
2291.jpg,3,19,,,,,
2291.jpg,4,1,,,,,
2291.jpg,5,5,৫,,৫,number,56.13
2291.jpg,6,5,,,,,
2291.jpg,7,2,,,,,
2291.jpg,8,7,৭,,৭,number,29.87
2291.jpg,9,6,৬,,৬,number,63.49
2291.jpg,ALL,N/A,৫,,৫,summary,N/A
2639.jpg,1,63,,,,,
2639.jpg,2,10,,,,,
2639.jpg,3,20,,,,,
2639.jpg,4,6,৬,,৬,number,99.75
2639.jpg,5,7,,,,,
2639.jpg,6,5,,,,,
2639.jpg,7,7,,,,,
2639.jpg,8,2,,,,,
2639.jpg,9,1,,,,,
2639.jpg,ALL,N/A,৬,,৬,summary,N/A
1689.jpg,1,67,,,,,
1689.jpg,2,20,,,,,
1689.jpg,3,1,১,,১,number,86.69
1689.jpg,4,1,,,,,
1689.jpg,5,1,,,,,
1689.jpg,6,4,৪,,৪,number,35.80
1689.jpg,7,9,,,,,
1689.jpg,8,2,,,,,
1689.jpg,ALL,N/A,১,,১,summary,N/A
56.jpg,1,77,১,,১,number,29.18
56.jpg,2,33,,,,,
56.jpg,3,1,,,,,
56.jpg,4,1,,,,,
56.jpg,5,1,,,,,
56.jpg,6,1,,,,,
56.jpg,7,0,,,,,
56.jpg,8,0,,,,,
56.jpg,ALL,N/A,১,,১,summary,N/A
1766.jpg,1,45,,,,,
1766.jpg,2,33,,,,,
1766.jpg,3,1,,,,,
1766.jpg,4,4,,,,,
1766.jpg,5,1,,,,,
1766.jpg,6,1,,,,,
1766.jpg,7,1,,,,,
1766.jpg,8,3,,,,,
1766.jpg,ALL,N/A,,,N/A,summary,N/A
2025.jpg,1,49,,ঢাকা,ঢাকা,word,99.66
2025.jpg,2,10,,,,,
2025.jpg,3,18,,,,,
2025.jpg,4,1,,,,,
2025.jpg,5,7,,,,,
2025.jpg,6,9,,,,,
2025.jpg,7,5,,,,,
2025.jpg,8,5,৫,,৫,number,85.98
2025.jpg,9,7,৭,,৭,number,80.14
2025.jpg,ALL,N/A,৫,ঢাকা,ঢাকা ৫,summary,N/A
1141.jpg,1,64,,কিশোরগঞ্জ,কিশোরগঞ্জ,word,99.93
1141.jpg,2,33,,,,,
1141.jpg,3,7,,,,,
1141.jpg,4,8,৮,,৮,number,96.09
1141.jpg,5,9,,,,,
1141.jpg,6,0,,,,,
1141.jpg,7,0,,,,,
1141.jpg,8,1,১,,১,number,60.44
1141.jpg,ALL,N/A,৮,কিশোরগঞ্জ,কিশোরগঞ্জ ৮,summary,N/A
2627.jpg,1,43,,,,,
2627.jpg,2,25,,,,,
2627.jpg,3,6,৬,,৬,number,91.36
2627.jpg,4,4,,,,,
2627.jpg,5,7,,,,,
2627.jpg,6,1,,,,,
2627.jpg,7,1,,,,,
2627.jpg,8,1,,,,,
2627.jpg,ALL,N/A,৬,,৬,summary,N/A
2598.jpg,1,40,,ভোলা,ভোলা,word,97.66
2598.jpg,2,25,,,,,
2598.jpg,3,1,১,,১,number,98.18
2598.jpg,4,1,১,,১,number,100.00
2598.jpg,5,1,১,,১,number,99.99
2598.jpg,6,0,,,,,
2598.jpg,7,8,,,,,
2598.jpg,8,3,,,,,
2598.jpg,ALL,N/A,১,ভোলা,ভোলা ১,summary,N/A
1565.jpg,1,95,,,,,
1565.jpg,2,20,,,,,
1565.jpg,3,1,১,,১,number,93.76
1565.jpg,4,1,১,,১,number,48.31
1565.jpg,5,5,,,,,
1565.jpg,6,3,৩,,৩,number,78.47
1565.jpg,7,3,৩,,৩,number,97.41
1565.jpg,8,4,,,,,
1565.jpg,ALL,N/A,১,,১,summary,N/A
36.jpeg,1,44,,,,,
36.jpeg,2,10,,মেট্রো,মেট্রো,word,74.83
36.jpeg,3,31,,,,,
36.jpeg,4,1,,,,,
36.jpeg,5,1,,,,,
36.jpeg,6,7,,,,,
36.jpeg,7,4,,,,,
36.jpeg,8,8,,,,,
36.jpeg,9,2,,,,,
36.jpeg,ALL,N/A,,মেট্রো,মেট্রো,summary,N/A
534.jpg,1,50,,,,,
534.jpg,2,16,,,,,
534.jpg,3,8,,,,,
534.jpg,4,9,,,,,
534.jpg,5,0,,,,,
534.jpg,6,1,,,,,
534.jpg,7,2,,,,,
534.jpg,8,3,,,,,
534.jpg,ALL,N/A,,,N/A,summary,N/A
223.jpg,1,49,,,,,
223.jpg,2,10,,,,,
223.jpg,3,18,,,,,
223.jpg,4,1,,,,,
223.jpg,5,1,,,,,
223.jpg,6,5,,,,,
223.jpg,7,4,,,,,
223.jpg,8,8,,,,,
223.jpg,9,7,,,,,
223.jpg,ALL,N/A,,,N/A,summary,N/A
351.jpg,1,49,,,,,
351.jpg,2,10,,,,,
351.jpg,3,18,,,,,
351.jpg,4,2,,,,,
351.jpg,5,2,,,,,
351.jpg,6,0,,,,,
351.jpg,7,5,,,,,
351.jpg,8,5,,,,,
351.jpg,9,5,,,,,
351.jpg,10,1,,,,,
351.jpg,ALL,N/A,,,N/A,summary,N/A
2243.jpg,1,49,,,,,
2243.jpg,2,10,,,,,
2243.jpg,3,31,,,,,
2243.jpg,4,2,,,,,
2243.jpg,5,2,,,,,
2243.jpg,6,4,,,,,
2243.jpg,7,4,,,,,
2243.jpg,8,5,,,,,
2243.jpg,9,9,,,,,
2243.jpg,ALL,N/A,,,N/A,summary,N/A
10.jpeg,1,74,,,,,
10.jpeg,2,25,,,,,
10.jpeg,3,1,,,,,
10.jpeg,4,1,১,,১,number,100.00
10.jpeg,5,1,১,,১,number,100.00
10.jpeg,6,7,,,,,
10.jpeg,7,4,,,,,
10.jpeg,8,8,৮,,৮,number,69.35
10.jpeg,ALL,N/A,১,,১,summary,N/A
820.jpg,1,39,,বরিশাল,বরিশাল,word,96.02
820.jpg,2,10,,মেট্রো,মেট্রো,word,87.73
820.jpg,3,33,,,,,
820.jpg,4,1,,,,,
820.jpg,5,1,,,,,
820.jpg,6,1,১,,১,number,97.67
820.jpg,7,4,,,,,
820.jpg,8,4,,,,,
820.jpg,9,2,২,,২,number,15.95
820.jpg,ALL,N/A,১,বরিশাল,বরিশাল ১,summary,N/A
1939.jpg,1,87,,,,,
1939.jpg,2,10,,মেট্রো,মেট্রো,word,88.63
1939.jpg,3,25,,,,,
1939.jpg,4,1,,,,,
1939.jpg,5,1,১,,১,number,99.93
1939.jpg,6,4,,,,,
1939.jpg,7,4,,,,,
1939.jpg,8,9,,,,,
1939.jpg,9,9,,,,,
1939.jpg,ALL,N/A,১,মেট্রো,মেট্রো ১,summary,N/A
1340.jpg,1,76,,,,,
1340.jpg,2,32,,,,,
1340.jpg,3,7,৭,,৭,number,80.34
1340.jpg,4,8,,,,,
1340.jpg,5,9,,,,,
1340.jpg,6,0,,,,,
1340.jpg,7,1,,,,,
1340.jpg,8,2,১,,১,number,83.72
1340.jpg,ALL,N/A,৭,,৭,summary,N/A
460.jpg,1,39,,,,,
460.jpg,2,27,,,,,
460.jpg,3,9,,,,,
460.jpg,4,0,,,,,
460.jpg,5,1,,,,,
460.jpg,6,2,,,,,
460.jpg,7,3,,,,,
460.jpg,8,4,,,,,
460.jpg,ALL,N/A,,,N/A,summary,N/A
2611.jpg,1,65,,কুড়িগ্রাম,কুড়িগ্রাম,word,75.89
2611.jpg,2,20,,,,,
2611.jpg,3,1,১,,১,number,100.00
2611.jpg,4,3,৩,,৩,number,99.92
2611.jpg,5,3,৩,,৩,number,86.42
2611.jpg,6,5,,,,,
2611.jpg,7,9,০,,০,number,20.21
2611.jpg,8,4,,,,,
2611.jpg,ALL,N/A,৩,কুড়িগ্রাম,কুড়িগ্রাম ৩,summary,N/A
345.jpg,1,49,,,,,
345.jpg,2,10,,,,,
345.jpg,3,18,,,,,
345.jpg,4,1,,,,,
345.jpg,5,2,,,,,
345.jpg,6,9,,,,,
345.jpg,7,5,,,,,
345.jpg,8,4,,,,,
345.jpg,9,5,,,,,
345.jpg,ALL,N/A,,,N/A,summary,N/A
1652.jpg,1,63,,খুলনা,খুলনা,word,83.29
1652.jpg,2,10,,মেট্রো,মেট্রো,word,94.00
1652.jpg,3,25,,,,,
1652.jpg,4,1,১,,১,number,93.31
1652.jpg,5,2,২,,২,number,38.95
1652.jpg,6,2,,,,,
1652.jpg,7,7,৭,,৭,number,78.16
1652.jpg,8,4,,,,,
1652.jpg,9,9,৯,,৯,number,99.93
1652.jpg,ALL,N/A,১,খুলনা,খুলনা ১,summary,N/A
870.jpg,1,87,,,,,
870.jpg,2,10,,মেট্রো,মেট্রো,word,89.54
870.jpg,3,25,,,,,
870.jpg,4,1,,,,,
870.jpg,5,1,,,,,
870.jpg,6,6,,,,,
870.jpg,7,6,,,,,
870.jpg,8,5,,,,,
870.jpg,9,6,,,,,
870.jpg,ALL,N/A,,মেট্রো,মেট্রো,summary,N/A
1731.jpg,1,99,,,,,
1731.jpg,2,33,,,,,
1731.jpg,3,3,,,,,
1731.jpg,4,4,,,,,
1731.jpg,5,5,,,,,
1731.jpg,6,6,,,,,
1731.jpg,7,7,৭,,৭,number,93.74
1731.jpg,8,8,,,,,
1731.jpg,ALL,N/A,৭,,৭,summary,N/A
313.jpg,1,49,,ঢাকা,ঢাকা,word,79.53
313.jpg,2,10,,মেট্রো,মেট্রো,word,80.97
313.jpg,3,18,,,,,
313.jpg,4,3,৩,,৩,number,100.00
313.jpg,5,9,,,,,
313.jpg,6,1,,,,,
313.jpg,7,7,,,,,
313.jpg,8,8,,,,,
313.jpg,9,6,,,,,
313.jpg,ALL,N/A,৩,ঢাকা,ঢাকা ৩,summary,N/A
1013.jpg,1,56,,হবিগঞ্জ,হবিগঞ্জ,word,85.31
1013.jpg,2,20,,,,,
1013.jpg,3,1,,,,,
1013.jpg,4,1,১,,১,number,99.99
1013.jpg,5,5,,,,,
1013.jpg,6,5,,,,,
1013.jpg,7,3,,,,,
1013.jpg,8,6,,,,,
1013.jpg,ALL,N/A,১,হবিগঞ্জ,হবিগঞ্জ ১,summary,N/A
446.jpg,1,38,,বরগুনা,বরগুনা,word,80.08
446.jpg,2,17,,,,,
446.jpg,3,7,৭,,৭,number,26.82
446.jpg,4,8,৮,,৮,number,97.31
446.jpg,5,9,,,,,
446.jpg,6,0,,,,,
446.jpg,7,1,১,,১,number,95.63
446.jpg,8,2,২,,২,number,99.93
446.jpg,ALL,N/A,৭,বরগুনা,বরগুনা ৭,summary,N/A
158.jpeg,1,36,,,,,
158.jpeg,2,25,,,,,
158.jpeg,3,1,,,,,
158.jpeg,4,1,,,,,
158.jpeg,5,2,,,,,
158.jpeg,6,0,,,,,
158.jpeg,7,8,,,,,
158.jpeg,8,3,,,,,
158.jpeg,ALL,N/A,,,N/A,summary,N/A
475.jpg,1,39,,বরিশাল,বরিশাল,word,99.30
475.jpg,2,27,,,,,
475.jpg,3,7,,,,,
475.jpg,4,8,৮,,৮,number,46.89
475.jpg,5,9,,,,,
475.jpg,6,0,,,,,
475.jpg,7,1,,,,,
475.jpg,8,2,,,,,
475.jpg,ALL,N/A,৮,বরিশাল,বরিশাল ৮,summary,N/A
39.jpeg,1,49,,,,,
39.jpeg,2,10,,মেট্রো,মেট্রো,word,74.86
39.jpeg,3,31,,,,,
39.jpeg,4,1,১,,১,number,74.64
39.jpeg,5,1,১,,১,number,99.24
39.jpeg,6,6,,,,,
39.jpeg,7,2,,,,,
39.jpeg,8,6,,,,,
39.jpeg,9,4,,,,,
39.jpeg,ALL,N/A,১,মেট্রো,মেট্রো ১,summary,N/A
1774.jpg,1,44,,,,,
1774.jpg,2,10,,,,,
1774.jpg,3,28,,,,,
1774.jpg,4,0,,,,,
1774.jpg,5,5,,,,,
1774.jpg,6,0,,,,,
1774.jpg,7,8,,,,,
1774.jpg,8,8,,,,,
1774.jpg,9,0,,,,,
1774.jpg,ALL,N/A,,,N/A,summary,N/A
50.jpeg,1,74,,,,,
50.jpeg,2,25,,,,,
50.jpeg,3,1,,,,,
50.jpeg,4,1,,,,,
50.jpeg,5,9,,,,,
50.jpeg,6,4,,,,,
50.jpeg,7,4,,,,,
50.jpeg,8,0,,,,,
50.jpeg,ALL,N/A,,,N/A,summary,N/A
2599.jpg,1,49,,ঢাকা,ঢাকা,word,78.43
2599.jpg,2,10,,মেট্রো,মেট্রো,word,91.27
2599.jpg,3,31,,,,,
2599.jpg,4,1,১,,১,number,71.70
2599.jpg,5,1,১,,১,number,99.13
2599.jpg,6,6,৬,,৬,number,100.00
2599.jpg,7,3,,,,,
2599.jpg,8,0,,,,,
2599.jpg,9,6,,,,,
2599.jpg,ALL,N/A,১,ঢাকা,ঢাকা ১,summary,N/A
1526.jpg,1,79,,নাটোর,নাটোর,word,64.20
1526.jpg,2,25,,,,,
1526.jpg,3,1,,,,,
1526.jpg,4,1,১,,১,number,80.35
1526.jpg,5,6,৬,,৬,number,92.26
1526.jpg,6,4,,,,,
1526.jpg,7,5,৫,,৫,number,53.83
1526.jpg,8,9,,,,,
1526.jpg,ALL,N/A,১,নাটোর,নাটোর ১,summary,N/A
2080.jpg,1,49,,,,,
2080.jpg,2,10,৫,,৫,number,1.93
2080.jpg,3,18,,,,,
2080.jpg,4,3,,,,,
2080.jpg,5,3,,,,,
2080.jpg,6,5,৫,,৫,number,79.00
2080.jpg,7,9,৯,,৯,number,29.63
2080.jpg,8,7,৭,,৭,number,96.89
2080.jpg,9,2,,,,,
2080.jpg,ALL,N/A,৫,,৫,summary,N/A
205.jpg,1,49,,,,,
205.jpg,2,10,,,,,
205.jpg,3,24,,,,,
205.jpg,4,1,,,,,
205.jpg,5,2,,,,,
205.jpg,6,2,,,,,
205.jpg,7,4,,,,,
205.jpg,8,9,,,,,
205.jpg,9,5,,,,,
205.jpg,ALL,N/A,,,N/A,summary,N/A
1810.jpg,1,52,,ফেনী,ফেনী,word,98.85
1810.jpg,2,25,,,,,
1810.jpg,3,1,,,,,
1810.jpg,4,1,১,,১,number,100.00
1810.jpg,5,7,,,,,
1810.jpg,6,0,,,,,
1810.jpg,7,0,,,,,
1810.jpg,8,9,,,,,
1810.jpg,ALL,N/A,১,ফেনী,ফেনী ১,summary,N/A
1119.jpg,1,63,,খুলনা,খুলনা,word,87.36
1119.jpg,2,10,,,,,
1119.jpg,3,32,,,,,
1119.jpg,4,3,,,,,
1119.jpg,5,4,,,,,
1119.jpg,6,5,,,,,
1119.jpg,7,6,,,,,
1119.jpg,8,7,৭,,৭,number,49.42
1119.jpg,9,8,৮,,৮,number,68.31
1119.jpg,ALL,N/A,৭,খুলনা,খুলনা ৭,summary,N/A
1808.jpg,1,38,,,,,
1808.jpg,2,20,,,,,
1808.jpg,3,1,,,,,
1808.jpg,4,1,১,,১,number,7.24
1808.jpg,5,1,,,,,
1808.jpg,6,2,,,,,
1808.jpg,7,6,৬,,৬,number,80.71
1808.jpg,8,6,,,,,
1808.jpg,ALL,N/A,১,,১,summary,N/A
1640.jpg,1,63,,,,,
1640.jpg,2,10,,মেট্রো,মেট্রো,word,74.25
1640.jpg,3,20,,,,,
1640.jpg,4,1,১,,১,number,44.22
1640.jpg,5,1,১,,১,number,99.99
1640.jpg,6,3,,,,,
1640.jpg,7,3,,,,,
1640.jpg,8,9,৯,,৯,number,87.11
1640.jpg,9,0,,,,,
1640.jpg,ALL,N/A,১,মেট্রো,মেট্রো ১,summary,N/A
2336.jpg,1,49,,ঢাকা,ঢাকা,word,81.46
2336.jpg,2,10,,মেট্রো,মেট্রো,word,83.53
2336.jpg,3,25,,,,,
2336.jpg,4,3,,,,,
2336.jpg,5,0,,,,,
2336.jpg,6,0,,,,,
2336.jpg,7,8,৮,,৮,number,99.99
2336.jpg,8,1,১,,১,number,100.00
2336.jpg,9,1,,,,,
2336.jpg,ALL,N/A,৮,ঢাকা,ঢাকা ৮,summary,N/A
2549.jpg,1,90,,,,,
2549.jpg,2,25,,,,,
2549.jpg,3,0,,,,,
2549.jpg,4,6,,,,,
2549.jpg,5,5,,,,,
2549.jpg,6,0,,,,,
2549.jpg,7,1,,,,,
2549.jpg,8,1,,,,,
2549.jpg,ALL,N/A,,,N/A,summary,N/A
2626.jpg,1,43,,,,,
2626.jpg,2,20,,,,,
2626.jpg,3,1,১,,১,number,84.27
2626.jpg,4,1,১,,১,number,53.84
2626.jpg,5,1,১,,১,number,99.08
2626.jpg,6,0,,,,,
2626.jpg,7,2,,,,,
2626.jpg,8,0,,,,,
2626.jpg,ALL,N/A,১,,১,summary,N/A
18.jpeg,1,62,৩১,,৩১,number,7.47
18.jpeg,2,17,,,,,
18.jpeg,3,0,,,,,
18.jpeg,4,0,,,,,
18.jpeg,5,2,,,,,
18.jpeg,6,2,,,,,
18.jpeg,7,3,৩,,৩,number,91.32
18.jpeg,8,1,,,,,
18.jpeg,ALL,N/A,৩১,,৩১,summary,N/A
1091.jpg,1,61,,,,,
1091.jpg,2,29,,,,,
1091.jpg,3,1,,,,,
1091.jpg,4,2,১,,১,number,92.11
1091.jpg,5,3,,,,,
1091.jpg,6,4,৪,,৪,number,19.49
1091.jpg,7,5,,,,,
1091.jpg,8,6,,,,,
1091.jpg,ALL,N/A,১,,১,summary,N/A
875.jpg,1,88,,রাজবাড়ী,রাজবাড়ী,word,69.18
875.jpg,2,20,,,,,
875.jpg,3,1,১,,১,number,99.99
875.jpg,4,1,১,,১,number,100.00
875.jpg,5,4,,,,,
875.jpg,6,4,,,,,
875.jpg,7,2,২,,২,number,94.03
875.jpg,8,0,,,,,
875.jpg,ALL,N/A,১,রাজবাড়ী,রাজবাড়ী ১,summary,N/A
213.jpg,1,49,,,,,
213.jpg,2,10,,,,,
213.jpg,3,18,,,,,
213.jpg,4,1,,,,,
213.jpg,5,4,,,,,
213.jpg,6,5,,,,,
213.jpg,7,9,,,,,
213.jpg,8,2,,,,,
213.jpg,9,3,,,,,
213.jpg,ALL,N/A,,,N/A,summary,N/A
244.jpg,1,49,,,,,
244.jpg,2,10,,,,,
244.jpg,3,18,,,,,
244.jpg,4,1,,,,,
244.jpg,5,1,,,,,
244.jpg,6,9,,,,,
244.jpg,7,2,,,,,
244.jpg,8,5,,,,,
244.jpg,9,3,,,,,
244.jpg,ALL,N/A,,,N/A,summary,N/A
2271.jpg,1,97,,,,,
2271.jpg,2,10,,,,,
2271.jpg,3,25,,,,,
2271.jpg,4,1,,,,,
2271.jpg,5,1,১,,১,number,2.24
2271.jpg,6,1,,,,,
2271.jpg,7,8,৮,,৮,number,97.22
2271.jpg,8,2,,,,,
2271.jpg,9,4,৪,,৪,number,67.81
2271.jpg,ALL,N/A,১,,১,summary,N/A
1080.jpg,1,60,,ঝিনাইদহ,ঝিনাইদহ,word,94.12
1080.jpg,2,28,,,,,
1080.jpg,3,2,২,,২,number,99.91
1080.jpg,4,3,,,,,
1080.jpg,5,4,,,,,
1080.jpg,6,5,৫,,৫,number,99.98
1080.jpg,7,6,৬,,৬,number,99.95
1080.jpg,8,7,,,,,
1080.jpg,ALL,N/A,২,ঝিনাইদহ,ঝিনাইদহ ২,summary,N/A
1921.jpg,1,46,,চুয়াডাঙ্গা,চুয়াডাঙ্গা,word,87.28
1921.jpg,2,31,,,,,
1921.jpg,3,1,৬,,৬,number,22.50
1921.jpg,4,1,,,,,
1921.jpg,5,0,,,,,
1921.jpg,6,2,২,,২,number,57.84
1921.jpg,7,2,১,,১,number,99.73
1921.jpg,8,7,০,,০,number,39.47
1921.jpg,ALL,N/A,৬,চুয়াডাঙ্গা,চুয়াডাঙ্গা ৬,summary,N/A
1923.jpg,1,63,,খুলনা,খুলনা,word,91.41
1923.jpg,2,10,,মেট্রো,মেট্রো,word,82.95
1923.jpg,3,20,,,,,
1923.jpg,4,1,,,,,
1923.jpg,5,3,,,,,
1923.jpg,6,6,৬,,৬,number,22.16
1923.jpg,7,4,,,,,
1923.jpg,8,6,৬,,৬,number,99.98
1923.jpg,9,2,,,,,
1923.jpg,ALL,N/A,৬,খুলনা,খুলনা ৬,summary,N/A
2440.jpg,1,49,,,,,
2440.jpg,2,10,,,,,
2440.jpg,3,25,,,,,
2440.jpg,4,1,,,,,
2440.jpg,5,9,,,,,
2440.jpg,6,8,৮,,৮,number,99.98
2440.jpg,7,0,,,,,
2440.jpg,8,7,,,,,
2440.jpg,9,9,,,,,
2440.jpg,ALL,N/A,৮,,৮,summary,N/A
322.jpg,1,44,,,,,
322.jpg,2,10,,,,,
322.jpg,3,18,,,,,
322.jpg,4,1,,,,,
322.jpg,5,2,,,,,
322.jpg,6,5,,,,,
322.jpg,7,5,,,,,
322.jpg,8,6,,,,,
322.jpg,9,9,,,,,
322.jpg,ALL,N/A,,,N/A,summary,N/A
2120.jpg,1,49,,,,,
2120.jpg,2,10,,,,,
2120.jpg,3,19,,,,,
2120.jpg,4,1,১,,১,number,24.37
2120.jpg,5,8,৮,,৮,number,71.39
2120.jpg,6,5,,,,,
2120.jpg,7,0,,,,,
2120.jpg,8,3,,,,,
2120.jpg,9,1,১,,১,number,11.11
2120.jpg,ALL,N/A,১,,১,summary,N/A
642.jpg,1,81,,নীলফামারী,নীলফামারী,word,85.06
642.jpg,2,23,,,,,
642.jpg,3,2,২,,২,number,99.87
642.jpg,4,3,৩,,৩,number,77.32
642.jpg,5,4,,,,,
642.jpg,6,5,৫,,৫,number,68.40
642.jpg,7,6,৬৬,,৬৬,number,68.68
642.jpg,8,7,,,,,
642.jpg,ALL,N/A,২,নীলফামারী,নীলফামারী ২,summary,N/A
1892.jpg,1,73,,মৌলভীবাজার,মৌলভীবাজার,word,75.72
1892.jpg,2,12,,,,,
1892.jpg,3,0,,,,,
1892.jpg,4,2,২,,২,number,83.08
1892.jpg,5,0,,,,,
1892.jpg,6,1,,,,,
1892.jpg,7,1,,,,,
1892.jpg,8,1,,,,,
1892.jpg,ALL,N/A,২,মৌলভীবাজার,মৌলভীবাজার ২,summary,N/A
1701.jpg,1,93,,,,,
1701.jpg,2,14,,,,,
1701.jpg,3,7,,,,,
1701.jpg,4,8,,,,,
1701.jpg,5,9,,,,,
1701.jpg,6,0,,,,,
1701.jpg,7,1,,,,,
1701.jpg,8,2,,,,,
1701.jpg,ALL,N/A,,,N/A,summary,N/A
1836.jpg,1,49,,,,,
1836.jpg,2,10,,,,,
1836.jpg,3,20,,,,,
1836.jpg,4,5,,,,,
1836.jpg,5,9,,,,,
1836.jpg,6,2,,,,,
1836.jpg,7,3,,,,,
1836.jpg,8,8,,,,,
1836.jpg,9,0,,,,,
1836.jpg,ALL,N/A,,,N/A,summary,N/A
1026.jpg,1,57,,জামালপুর,জামালপুর,word,83.98
1026.jpg,2,25,,,,,
1026.jpg,3,1,১,,১,number,55.34
1026.jpg,4,1,১,,১,number,86.39
1026.jpg,5,4,,,,,
1026.jpg,6,9,,,,,
1026.jpg,7,8,৮,,৮,number,99.92
1026.jpg,8,4,,,,,
1026.jpg,ALL,N/A,১,জামালপুর,জামালপুর ১,summary,N/A
1965.jpg,1,49,,,,,
1965.jpg,2,10,,,,,
1965.jpg,3,32,,,,,
1965.jpg,4,1,,,,,
1965.jpg,5,1,,,,,
1965.jpg,6,9,,,,,
1965.jpg,7,1,,,,,
1965.jpg,8,2,,,,,
1965.jpg,9,4,,,,,
1965.jpg,ALL,N/A,,,N/A,summary,N/A
1758.jpg,1,44,,,,,
1758.jpg,2,10,,,,,
1758.jpg,3,20,,,,,
1758.jpg,4,1,,,,,
1758.jpg,5,1,,,,,
1758.jpg,6,0,,,,,
1758.jpg,7,0,,,,,
1758.jpg,8,6,,,,,
1758.jpg,9,9,,,,,
1758.jpg,ALL,N/A,,,N/A,summary,N/A
2585.jpg,1,47,,কক্সবাজার,কক্সবাজার,word,91.12
2585.jpg,2,20,,,,,
2585.jpg,3,1,১১১,,১১১,number,8.49
2585.jpg,4,1,১,,১,number,99.96
2585.jpg,5,7,,,,,
2585.jpg,6,8,,,,,
2585.jpg,7,8,,,,,
2585.jpg,8,1,,,,,
2585.jpg,ALL,N/A,১১১,কক্সবাজার,কক্সবাজার ১১১,summary,N/A
80.jpg,1,63,,খুলনা,খুলনা,word,86.43
80.jpg,2,10,,মেট্রো,মেট্রো,word,97.37
80.jpg,3,32,,,,,
80.jpg,4,1,,,,,
80.jpg,5,1,১,,১,number,100.00
80.jpg,6,1,১,,১,number,100.00
80.jpg,7,0,,,,,
80.jpg,8,4,,,,,
80.jpg,9,5,,,,,
80.jpg,ALL,N/A,১,খুলনা,খুলনা ১,summary,N/A
2118.jpg,1,49,,ঢাকা,ঢাকা,word,78.48
2118.jpg,2,10,,মেট্রো,মেট্রো,word,99.63
2118.jpg,3,19,,,,,
2118.jpg,4,1,১,,১,number,98.85
2118.jpg,5,8,৮,,৮,number,17.34
2118.jpg,6,0,,,,,
2118.jpg,7,7,,,,,
2118.jpg,8,0,,,,,
2118.jpg,9,9,,,,,
2118.jpg,ALL,N/A,১,ঢাকা,ঢাকা ১,summary,N/A
1852.jpg,1,49,,ঢাকা,ঢাকা,word,88.40
1852.jpg,2,10,,মেট্রো,মেট্রো,word,70.11
1852.jpg,3,19,,,,,
1852.jpg,4,1,,,,,
1852.jpg,5,1,১,,১,number,97.59
1852.jpg,6,4,৪,,৪,number,59.16
1852.jpg,7,7,৭,,৭,number,46.38
1852.jpg,8,9,,,,,
1852.jpg,9,3,,,,,
1852.jpg,ALL,N/A,১,ঢাকা,ঢাকা ১,summary,N/A
1122.jpg,1,63,,খুলনা,খুলনা,word,95.31
1122.jpg,2,31,,,,,
1122.jpg,3,2,,,,,
1122.jpg,4,4,,,,,
1122.jpg,5,6,,,,,
1122.jpg,6,8,৮,,৮,number,13.87
1122.jpg,7,0,,,,,
1122.jpg,8,1,,,,,
1122.jpg,ALL,N/A,৮,খুলনা,খুলনা ৮,summary,N/A
1539.jpg,1,92,,সাতক্ষীরা,সাতক্ষীরা,word,86.35
1539.jpg,2,25,,,,,
1539.jpg,3,1,,,,,
1539.jpg,4,1,,,,,
1539.jpg,5,1,,,,,
1539.jpg,6,5,,,,,
1539.jpg,7,3,,,,,
1539.jpg,8,7,৭,,৭,number,49.53
1539.jpg,ALL,N/A,৭,সাতক্ষীরা,সাতক্ষীরা ৭,summary,N/A
2313.jpg,1,49,,,,,
2313.jpg,2,10,,,,,
2313.jpg,3,18,,,,,
2313.jpg,4,2,,,,,
2313.jpg,5,6,,,,,
2313.jpg,6,3,,,,,
2313.jpg,7,6,,,,,
2313.jpg,8,7,৭,,৭,number,45.01
2313.jpg,9,3,,,,,
2313.jpg,ALL,N/A,৭,,৭,summary,N/A
1279.jpg,1,75,,নওগাঁ,নওগাঁ,word,94.21
1279.jpg,2,33,,,,,
1279.jpg,3,2,২,,২,number,99.95
1279.jpg,4,3,,,,,
1279.jpg,5,4,,,,,
1279.jpg,6,5,,,,,
1279.jpg,7,6,,,,,
1279.jpg,8,7,,,,,
1279.jpg,ALL,N/A,২,নওগাঁ,নওগাঁ ২,summary,N/A
2164.jpg,1,49,,,,,
2164.jpg,2,10,,,,,
2164.jpg,3,20,,,,,
2164.jpg,4,4,,,,,
2164.jpg,5,5,,,,,
2164.jpg,6,5,,,,,
2164.jpg,7,6,,,,,
2164.jpg,8,8,,,,,
2164.jpg,9,1,১,,১,number,100.00
2164.jpg,ALL,N/A,১,,১,summary,N/A
717.jpg,1,85,,,,,
717.jpg,2,19,,,,,
717.jpg,3,2,,,,,
717.jpg,4,3,,,,,
717.jpg,5,4,,,,,
717.jpg,6,5,,,,,
717.jpg,7,6,,,,,
717.jpg,8,7,,,,,
717.jpg,ALL,N/A,,,N/A,summary,N/A
1645.jpg,1,63,,খুলনা,খুলনা,word,99.67
1645.jpg,2,20,,,,,
1645.jpg,3,1,১,,১,number,97.25
1645.jpg,4,1,১,,১,number,96.79
1645.jpg,5,5,০,,০,number,49.71
1645.jpg,6,9,,,,,
1645.jpg,7,9,,,,,
1645.jpg,8,3,,,,,
1645.jpg,ALL,N/A,১,খুলনা,খুলনা ১,summary,N/A
1524.jpg,1,60,,,,,
1524.jpg,2,20,,,,,
1524.jpg,3,1,,,,,
1524.jpg,4,1,,,,,
1524.jpg,5,3,,,,,
1524.jpg,6,5,৫,,৫,number,50.60
1524.jpg,7,5,৫,,৫,number,95.11
1524.jpg,8,0,,,,,
1524.jpg,ALL,N/A,৫,,৫,summary,N/A
2141.jpg,1,49,৩,,৩,number,15.59
2141.jpg,2,10,,,,,
2141.jpg,3,18,,,,,
2141.jpg,4,3,,,,,
2141.jpg,5,1,১,,১,number,99.97
2141.jpg,6,0,,,,,
2141.jpg,7,0,,,,,
2141.jpg,8,8,৮,,৮,number,99.99
2141.jpg,9,0,,,,,
2141.jpg,ALL,N/A,৩,,৩,summary,N/A
758.jpg,1,58,,যশোর,যশোর,word,84.82
758.jpg,2,20,,,,,
758.jpg,3,1,,,,,
758.jpg,4,7,,,,,
758.jpg,5,3,,,,,
758.jpg,6,7,৭,,৭,number,90.30
758.jpg,7,2,,,,,
758.jpg,8,5,,,,,
758.jpg,ALL,N/A,৭,যশোর,যশোর ৭,summary,N/A
1470.jpg,1,74,,ময়মনসিংহ,ময়মনসিংহ,word,92.57
1470.jpg,2,20,,,,,
1470.jpg,3,1,,,,,
1470.jpg,4,4,,,,,
1470.jpg,5,4,,,,,
1470.jpg,6,5,৫,,৫,number,56.12
1470.jpg,7,7,,,,,
1470.jpg,8,9,৯,,৯,number,99.96
1470.jpg,ALL,N/A,৫,ময়মনসিংহ,ময়মনসিংহ ৫,summary,N/A
331.jpg,1,49,,,,,
331.jpg,2,10,,,,,
331.jpg,3,18,,,,,
331.jpg,4,49,,,,,
331.jpg,5,3,,,,,
331.jpg,6,3,,,,,
331.jpg,7,8,,,,,
331.jpg,8,7,,,,,
331.jpg,9,5,,,,,
331.jpg,10,6,,,,,
331.jpg,ALL,N/A,,,N/A,summary,N/A
720.jpg,1,87,,,,,
720.jpg,2,10,,,,,
720.jpg,3,13,,,,,
720.jpg,4,1,,,,,
720.jpg,5,9,,,,,
720.jpg,6,5,,,,,
720.jpg,7,6,৬,,৬,number,33.34
720.jpg,8,7,,,,,
720.jpg,9,8,৩,,৩,number,32.31
720.jpg,ALL,N/A,৬,,৬,summary,N/A
1569.jpg,1,95,,,,,
1569.jpg,2,25,,,,,
1569.jpg,3,1,১,,১,number,99.99
1569.jpg,4,1,১,,১,number,99.98
1569.jpg,5,0,,,,,
1569.jpg,6,0,,,,,
1569.jpg,7,2,১,,১,number,11.13
1569.jpg,8,6,৬,,৬,number,90.98
1569.jpg,ALL,N/A,১,,১,summary,N/A
1736.jpg,1,99,,ঠাকুরগাঁও,ঠাকুরগাঁও,word,83.19
1736.jpg,2,33,,,,,
1736.jpg,3,2,২,,২,number,99.70
1736.jpg,4,3,৩,,৩,number,81.41
1736.jpg,5,4,,,,,
1736.jpg,6,5,৫,,৫,number,98.20
1736.jpg,7,6,৬,,৬,number,99.89
1736.jpg,8,7,,,,,
1736.jpg,ALL,N/A,২,ঠাকুরগাঁও,ঠাকুরগাঁও ২,summary,N/A
327.jpg,1,44,,,,,
327.jpg,2,10,,,,,
327.jpg,3,13,,,,,
327.jpg,4,1,,,,,
327.jpg,5,1,,,,,
327.jpg,6,1,,,,,
327.jpg,7,7,,,,,
327.jpg,8,7,,,,,
327.jpg,9,2,,,,,
327.jpg,10,6,,,,,
327.jpg,ALL,N/A,,,N/A,summary,N/A
1455.jpg,1,73,,মৌলভীবাজার,মৌলভীবাজার,word,84.98
1455.jpg,2,20,,,,,
1455.jpg,3,1,১,,১,number,100.00
1455.jpg,4,2,২,,২,number,22.67
1455.jpg,5,3,,,,,
1455.jpg,6,3,,,,,
1455.jpg,7,8,,,,,
1455.jpg,8,9,,,,,
1455.jpg,ALL,N/A,১,মৌলভীবাজার,মৌলভীবাজার ১,summary,N/A
2027.jpg,1,49,,,,,
2027.jpg,2,10,,,,,
2027.jpg,3,18,,,,,
2027.jpg,4,1,,,,,
2027.jpg,5,2,,,,,
2027.jpg,6,6,,,,,
2027.jpg,7,7,,,,,
2027.jpg,8,9,,,,,
2027.jpg,9,9,,,,,
2027.jpg,ALL,N/A,,,N/A,summary,N/A
1536.jpg,1,92,,সাতক্ষীরা,সাতক্ষীরা,word,90.09
1536.jpg,2,25,,,,,
1536.jpg,3,1,১,,১,number,99.29
1536.jpg,4,2,,,,,
1536.jpg,5,1,১,,১,number,99.95
1536.jpg,6,5,,,,,
1536.jpg,7,4,,,,,
1536.jpg,8,8,৮,,৮,number,89.15
1536.jpg,ALL,N/A,১,সাতক্ষীরা,সাতক্ষীরা ১,summary,N/A
2289.jpg,1,81,,নীলফামারী,নীলফামারী,word,68.25
2289.jpg,2,20,,,,,
2289.jpg,3,1,,,,,
2289.jpg,4,3,,,,,
2289.jpg,5,1,১,,১,number,67.48
2289.jpg,6,6,৬,,৬,number,99.93
2289.jpg,7,3,,,,,
2289.jpg,8,3,,,,,
2289.jpg,ALL,N/A,১,নীলফামারী,নীলফামারী ১,summary,N/A
835.jpg,1,86,,পিরোজপুর,পিরোজপুর,word,81.95
835.jpg,2,25,,,,,
835.jpg,3,1,,,,,
835.jpg,4,1,,,,,
835.jpg,5,0,,,,,
835.jpg,6,3,,,,,
835.jpg,7,1,,,,,
835.jpg,8,4,,,,,
835.jpg,ALL,N/A,,পিরোজপুর,পিরোজপুর,summary,N/A
175.jpeg,1,85,,,,,
175.jpeg,2,20,,,,,
175.jpeg,3,1,,,,,
175.jpeg,4,2,,,,,
175.jpeg,5,2,,,,,
175.jpeg,6,9,,,,,
175.jpeg,7,3,,,,,
175.jpeg,8,3,,,,,
175.jpeg,ALL,N/A,,,N/A,summary,N/A
2614.jpg,1,49,,,,,
2614.jpg,2,10,,,,,
2614.jpg,3,34,,,,,
2614.jpg,4,1,,,,,
2614.jpg,5,1,,,,,
2614.jpg,6,1,,,,,
2614.jpg,7,1,,,,,
2614.jpg,8,4,,,,,
2614.jpg,9,2,,,,,
2614.jpg,ALL,N/A,,,N/A,summary,N/A
1229.jpg,1,71,,মানিকগঞ্জ,মানিকগঞ্জ,word,72.77
1229.jpg,2,17,,,,,
1229.jpg,3,0,,,,,
1229.jpg,4,1,১,,১,number,79.40
1229.jpg,5,8,,,,,
1229.jpg,6,9,,,,,
1229.jpg,7,9,,,,,
1229.jpg,8,1,১,,১,number,99.17
1229.jpg,ALL,N/A,১,মানিকগঞ্জ,মানিকগঞ্জ ১,summary,N/A
220.jpg,1,49,,,,,
220.jpg,2,10,,,,,
220.jpg,3,12,,,,,
220.jpg,4,1,,,,,
220.jpg,5,1,,,,,
220.jpg,6,1,,,,,
220.jpg,7,5,,,,,
220.jpg,8,8,,,,,
220.jpg,9,7,,,,,
220.jpg,ALL,N/A,,,N/A,summary,N/A
1778.jpg,1,44,,,,,
1778.jpg,2,10,,,,,
1778.jpg,3,32,,,,,
1778.jpg,4,1,,,,,
1778.jpg,5,1,,,,,
1778.jpg,6,0,,,,,
1778.jpg,7,4,,,,,
1778.jpg,8,7,৭,,৭,number,79.60
1778.jpg,9,1,,,,,
1778.jpg,ALL,N/A,৭,,৭,summary,N/A
946.jpg,1,98,,টাঙ্গাইল,টাঙ্গাইল,word,71.89
946.jpg,2,20,,,,,
946.jpg,3,1,১,,১,number,99.59
946.jpg,4,1,,,,,
946.jpg,5,5,,,,,
946.jpg,6,2,,,,,
946.jpg,7,0,,,,,
946.jpg,8,7,৭,,৭,number,46.05
946.jpg,ALL,N/A,১,টাঙ্গাইল,টাঙ্গাইল ১,summary,N/A
280.jpg,1,49,,,,,
280.jpg,2,10,,,,,
280.jpg,3,18,,,,,
280.jpg,4,3,,,,,
280.jpg,5,1,,,,,
280.jpg,6,9,,,,,
280.jpg,7,9,,,,,
280.jpg,8,7,,,,,
280.jpg,9,4,,,,,
280.jpg,ALL,N/A,,,N/A,summary,N/A
399.jpg,1,40,,,,,
399.jpg,2,32,,,,,
399.jpg,3,3,,,,,
399.jpg,4,4,,,,,
399.jpg,5,5,,,,,
399.jpg,6,6,,,,,
399.jpg,7,7,,,,,
399.jpg,8,8,৩,,৩,number,5.54
399.jpg,ALL,N/A,৩,,৩,summary,N/A
5.jpeg,1,74,,,,,
5.jpeg,2,20,,,,,
5.jpeg,3,1,,,,,
5.jpeg,4,5,,,,,
5.jpeg,5,3,,,,,
5.jpeg,6,3,,,,,
5.jpeg,7,8,,,,,
5.jpeg,8,6,,,,,
5.jpeg,ALL,N/A,,,N/A,summary,N/A
2221.jpg,1,49,,ঢাকা,ঢাকা,word,55.69
2221.jpg,2,10,,,,,
2221.jpg,3,19,,,,,
2221.jpg,4,1,১,,১,number,99.74
2221.jpg,5,7,,,,,
2221.jpg,6,1,১১,,১১,number,81.57
2221.jpg,7,0,,,,,
2221.jpg,8,5,৫,,৫,number,41.63
2221.jpg,9,7,৭,,৭,number,51.33
2221.jpg,ALL,N/A,১,ঢাকা,ঢাকা ১,summary,N/A
1533.jpg,1,92,,সাতক্ষীরা,সাতক্ষীরা,word,92.79
1533.jpg,2,25,,,,,
1533.jpg,3,1,,,,,
1533.jpg,4,2,,,,,
1533.jpg,5,2,২,,২,number,33.29
1533.jpg,6,2,,,,,
1533.jpg,7,3,,,,,
1533.jpg,8,9,,,,,
1533.jpg,ALL,N/A,২,সাতক্ষীরা,সাতক্ষীরা ২,summary,N/A
1848.jpg,1,49,,ঢাকা,ঢাকা,word,75.56
1848.jpg,2,10,,,,,
1848.jpg,3,18,,,,,
1848.jpg,4,3,,,,,
1848.jpg,5,3,,,,,
1848.jpg,6,5,৫,,৫,number,79.48
1848.jpg,7,8,,,,,
1848.jpg,8,0,,,,,
1848.jpg,9,7,৭,,৭,number,98.78
1848.jpg,ALL,N/A,৫,ঢাকা,ঢাকা ৫,summary,N/A
2590.jpg,1,43,,,,,
2590.jpg,2,25,,,,,
2590.jpg,3,5,,,,,
2590.jpg,4,2,২,,২,number,95.06
2590.jpg,5,2,,,,,
2590.jpg,6,3,,,,,
2590.jpg,7,1,,,,,
2590.jpg,8,1,,,,,
2590.jpg,ALL,N/A,২,,২,summary,N/A
958.jpg,1,98,,টাঙ্গাইল,টাঙ্গাইল,word,86.24
958.jpg,2,25,,,,,
958.jpg,3,1,১,,১,number,79.46
958.jpg,4,2,২,,২,number,45.65
958.jpg,5,2,২,,২,number,57.04
958.jpg,6,8,,,,,
958.jpg,7,0,,,,,
958.jpg,8,7,,,,,
958.jpg,ALL,N/A,২,টাঙ্গাইল,টাঙ্গাইল ২,summary,N/A
438.jpg,1,37,,,,,
438.jpg,2,15,,,,,
438.jpg,3,7,,,,,
438.jpg,4,8,,,,,
438.jpg,5,9,,,,,
438.jpg,6,0,,,,,
438.jpg,7,1,,,,,
438.jpg,8,2,,,,,
438.jpg,ALL,N/A,,,N/A,summary,N/A
1507.jpg,1,78,,নরসিংদী,নরসিংদী,word,79.87
1507.jpg,2,20,,,,,
1507.jpg,3,1,,,,,
1507.jpg,4,1,১,,১,number,99.06
1507.jpg,5,1,,,,,
1507.jpg,6,5,,,,,
1507.jpg,7,4,,,,,
1507.jpg,8,3,,,,,
1507.jpg,ALL,N/A,১,নরসিংদী,নরসিংদী ১,summary,N/A
171.jpeg,1,75,,,,,
171.jpeg,2,20,,,,,
171.jpeg,3,1,,,,,
171.jpeg,4,3,,,,,
171.jpeg,5,3,,,,,
171.jpeg,6,3,,,,,
171.jpeg,7,0,,,,,
171.jpeg,8,6,,,,,
171.jpeg,ALL,N/A,,,N/A,summary,N/A
1132.jpg,1,63,,খুলনা,খুলনা,word,84.99
1132.jpg,2,31,,,,,
1132.jpg,3,2,২,,২,number,98.47
1132.jpg,4,3,,,,,
1132.jpg,5,4,,,,,
1132.jpg,6,5,,,,,
1132.jpg,7,6,৬,,৬,number,99.99
1132.jpg,8,7,,,,,
1132.jpg,ALL,N/A,২,খুলনা,খুলনা ২,summary,N/A
1203.jpg,1,69,,মাদারীপুর,মাদারীপুর,word,75.73
1203.jpg,2,14,,,,,
1203.jpg,3,3,,,,,
1203.jpg,4,4,,,,,
1203.jpg,5,5,,,,,
1203.jpg,6,6,,,,,
1203.jpg,7,7,,,,,
1203.jpg,8,8,৮,,৮,number,27.38
1203.jpg,ALL,N/A,৮,মাদারীপুর,মাদারীপুর ৮,summary,N/A
45.jpeg,1,59,,ঝালকাঠি,ঝালকাঠি,word,96.92
45.jpeg,2,31,,,,,
45.jpeg,3,1,,,,,
45.jpeg,4,1,,,,,
45.jpeg,5,0,,,,,
45.jpeg,6,0,,,,,
45.jpeg,7,4,,,,,
45.jpeg,8,5,৫,,৫,number,100.00
45.jpeg,ALL,N/A,৫,ঝালকাঠি,ঝালকাঠি ৫,summary,N/A
1239.jpg,1,72,,মেহেরপুর,মেহেরপুর,word,85.87
1239.jpg,2,101,,,,,
1239.jpg,3,3,,,,,
1239.jpg,4,4,,,,,
1239.jpg,5,5,,,,,
1239.jpg,6,6,,,,,
1239.jpg,7,7,৭,,৭,number,84.90
1239.jpg,8,8,,,,,
1239.jpg,ALL,N/A,৭,মেহেরপুর,মেহেরপুর ৭,summary,N/A
2087.jpg,1,49,,,,,
2087.jpg,2,10,,,,,
2087.jpg,3,18,,,,,
2087.jpg,4,1,,,,,
2087.jpg,5,5,,,,,
2087.jpg,6,5,,,,,
2087.jpg,7,0,,,,,
2087.jpg,8,9,,,,,
2087.jpg,9,3,,,,,
2087.jpg,ALL,N/A,,,N/A,summary,N/A
1705.jpg,1,94,,শেরপুর,শেরপুর,word,86.83
1705.jpg,2,25,,,,,
1705.jpg,3,1,,,,,
1705.jpg,4,1,,,,,
1705.jpg,5,1,১,,১,number,98.74
1705.jpg,6,2,২,,২,number,99.76
1705.jpg,7,8,৮,,৮,number,93.13
1705.jpg,8,9,১,,১,number,19.19
1705.jpg,ALL,N/A,১,শেরপুর,শেরপুর ১,summary,N/A
2427.jpg,1,49,,,,,
2427.jpg,2,10,,,,,
2427.jpg,3,18,,,,,
2427.jpg,4,2,,,,,
2427.jpg,5,2,,,,,
2427.jpg,6,5,৫,,৫,number,62.36
2427.jpg,7,6,,,,,
2427.jpg,8,2,২,,২,number,58.69
2427.jpg,9,7,৭,,৭,number,44.12
2427.jpg,ALL,N/A,৫,,৫,summary,N/A
42.jpeg,1,54,,,,,
42.jpeg,2,33,,,,,
42.jpeg,3,1,১,,১,number,99.97
42.jpeg,4,1,১,,১,number,98.15
42.jpeg,5,1,১,,১,number,99.44
42.jpeg,6,5,,,,,
42.jpeg,7,5,৫,,৫,number,25.67
42.jpeg,8,6,,,,,
42.jpeg,ALL,N/A,১,,১,summary,N/A
874.jpg,1,87,,,,,
874.jpg,2,10,,,,,
874.jpg,3,25,,,,,
874.jpg,4,1,,,,,
874.jpg,5,1,১,,১,number,100.00
874.jpg,6,8,,,,,
874.jpg,7,4,,,,,
874.jpg,8,4,,,,,
874.jpg,9,2,,,,,
874.jpg,ALL,N/A,১,,১,summary,N/A
1730.jpg,1,99,,,,,
1730.jpg,2,33,,,,,
1730.jpg,3,1,,,,,
1730.jpg,4,9,,,,,
1730.jpg,5,5,,,,,
1730.jpg,6,6,৬,,৬,number,97.14
1730.jpg,7,7,,,,,
1730.jpg,8,8,৩,,৩,number,35.54
1730.jpg,ALL,N/A,৬,,৬,summary,N/A
124.jpeg,1,50,,,,,
124.jpeg,2,25,,,,,
124.jpeg,3,1,,,,,
124.jpeg,4,1,,,,,
124.jpeg,5,1,,,,,
124.jpeg,6,9,,,,,
124.jpeg,7,7,,,,,
124.jpeg,8,4,,,,,
124.jpeg,ALL,N/A,,,N/A,summary,N/A
655.jpg,1,82,,নোয়াখালী,নোয়াখালী,word,73.68
655.jpg,2,22,,,,,
655.jpg,3,1,,,,,
655.jpg,4,2,১,,১,number,65.28
655.jpg,5,3,,,,,
655.jpg,6,4,,,,,
655.jpg,7,5,,,,,
655.jpg,8,6,,,,,
655.jpg,ALL,N/A,১,নোয়াখালী,নোয়াখালী ১,summary,N/A
1361.jpg,1,89,,,,,
1361.jpg,2,31,,,,,
1361.jpg,3,7,,,,,
1361.jpg,4,8,,,,,
1361.jpg,5,9,,,,,
1361.jpg,6,0,,,,,
1361.jpg,7,1,,,,,
1361.jpg,8,2,,,,,
1361.jpg,ALL,N/A,,,N/A,summary,N/A
2563.jpg,1,44,,,,,
2563.jpg,2,10,,মেট্রো,মেট্রো,word,90.00
2563.jpg,3,18,,,,,
2563.jpg,4,8,,,,,
2563.jpg,5,8,,,,,
2563.jpg,6,2,১,,১,number,98.00
2563.jpg,7,7,৭,,৭,number,87.38
2563.jpg,8,1,১,,১,number,99.97
2563.jpg,9,1,,,,,
2563.jpg,ALL,N/A,১,মেট্রো,মেট্রো ১,summary,N/A
224.jpg,1,49,,,,,
224.jpg,2,10,,,,,
224.jpg,3,18,,,,,
224.jpg,4,1,,,,,
224.jpg,5,3,,,,,
224.jpg,6,0,,,,,
224.jpg,7,1,,,,,
224.jpg,8,8,,,,,
224.jpg,9,2,,,,,
224.jpg,ALL,N/A,,,N/A,summary,N/A
639.jpg,1,81,,,,,
639.jpg,2,23,,,,,
639.jpg,3,3,,,,,
639.jpg,4,4,,,,,
639.jpg,5,5,,,,,
639.jpg,6,6,,,,,
639.jpg,7,7,,,,,
639.jpg,8,8,,,,,
639.jpg,ALL,N/A,,,N/A,summary,N/A
1757.jpg,1,44,,,,,
1757.jpg,2,10,,,,,
1757.jpg,3,11,,,,,
1757.jpg,4,1,,,,,
1757.jpg,5,1,,,,,
1757.jpg,6,0,,,,,
1757.jpg,7,3,,,,,
1757.jpg,8,2,,,,,
1757.jpg,9,9,,,,,
1757.jpg,ALL,N/A,,,N/A,summary,N/A
967.jpg,1,49,,,,,
967.jpg,2,10,৩,,৩,number,5.36
967.jpg,3,25,৬,,৬,number,10.63
967.jpg,4,3,,,,,
967.jpg,5,3,,,,,
967.jpg,6,3,,,,,
967.jpg,7,0,,,,,
967.jpg,8,8,,,,,
967.jpg,9,2,,,,,
967.jpg,ALL,N/A,৩,,৩,summary,N/A
2486.jpg,1,49,,,,,
2486.jpg,2,10,,,,,
2486.jpg,3,31,,,,,
2486.jpg,4,2,,,,,
2486.jpg,5,2,,,,,
2486.jpg,6,3,,,,,
2486.jpg,7,3,,,,,
2486.jpg,8,7,,,,,
2486.jpg,9,5,,,,,
2486.jpg,ALL,N/A,,,N/A,summary,N/A
2292.jpg,1,48,,কুমিল্লা,কুমিল্লা,word,69.56
2292.jpg,2,25,,,,,
2292.jpg,3,1,১,,১,number,99.98
2292.jpg,4,2,,,,,
2292.jpg,5,3,,,,,
2292.jpg,6,6,,,,,
2292.jpg,7,4,৪,,৪,number,57.03
2292.jpg,8,4,৪,,৪,number,50.33
2292.jpg,ALL,N/A,৪,কুমিল্লা,কুমিল্লা ৪,summary,N/A
1535.jpg,1,60,,ঝিনাইদহ,ঝিনাইদহ,word,82.17
1535.jpg,2,20,,,,,
1535.jpg,3,1,,,,,
1535.jpg,4,2,,,,,
1535.jpg,5,8,,,,,
1535.jpg,6,7,৭,,৭,number,76.02
1535.jpg,7,4,,,,,
1535.jpg,8,6,,,,,
1535.jpg,ALL,N/A,৭,ঝিনাইদহ,ঝিনাইদহ ৭,summary,N/A
1744.jpg,1,49,,ঢাকা,ঢাকা,word,99.79
1744.jpg,2,10,,মেট্রো,মেট্রো,word,73.13
1744.jpg,3,23,,,,,
1744.jpg,4,1,,,,,
1744.jpg,5,4,,,,,
1744.jpg,6,0,,,,,
1744.jpg,7,4,,,,,
1744.jpg,8,8,,,,,
1744.jpg,9,1,১,,১,number,99.93
1744.jpg,ALL,N/A,১,ঢাকা,ঢাকা ১,summary,N/A
1926.jpg,1,46,,চুয়াডাঙ্গা,চুয়াডাঙ্গা,word,89.49
1926.jpg,2,31,,,,,
1926.jpg,3,1,১১,,১১,number,68.40
1926.jpg,4,1,১,,১,number,97.92
1926.jpg,5,0,,,,,
1926.jpg,6,2,,,,,
1926.jpg,7,1,১,,১,number,99.93
1926.jpg,8,4,,,,,
1926.jpg,ALL,N/A,১,চুয়াডাঙ্গা,চুয়াডাঙ্গা ১,summary,N/A
2480.jpg,1,49,৫,,৫,number,3.41
2480.jpg,2,10,,,,,
2480.jpg,3,20,,,,,
2480.jpg,4,3,৩,,৩,number,15.27
2480.jpg,5,6,৬,,৬,number,13.73
2480.jpg,6,2,,,,,
2480.jpg,7,7,,,,,
2480.jpg,8,0,,,,,
2480.jpg,9,5,,,,,
2480.jpg,ALL,N/A,৫,,৫,summary,N/A
479.jpg,1,36,,,,,
479.jpg,2,34,,,,,
479.jpg,3,5,,,,,
479.jpg,4,6,,,,,
479.jpg,5,7,,,,,
479.jpg,6,8,,,,,
479.jpg,7,9,,,,,
479.jpg,8,0,,,,,
479.jpg,ALL,N/A,,,N/A,summary,N/A
2660.jpg,1,63,,খুলনা,খুলনা,word,98.86
2660.jpg,2,10,,মেট্রো,মেট্রো,word,84.34
2660.jpg,3,20,,,,,
2660.jpg,4,1,১,,১,number,99.99
2660.jpg,5,1,,,,,
2660.jpg,6,3,৩,,৩,number,99.98
2660.jpg,7,8,৮,,৮,number,14.73
2660.jpg,8,2,১,,১,number,26.81
2660.jpg,9,0,,,,,
2660.jpg,ALL,N/A,১,খুলনা,খুলনা ১,summary,N/A
2126.jpg,1,49,,,,,
2126.jpg,2,10,,,,,
2126.jpg,3,19,,,,,
2126.jpg,4,1,,,,,
2126.jpg,5,8,,,,,
2126.jpg,6,5,৫,,৫,number,10.23
2126.jpg,7,0,,,,,
2126.jpg,8,3,,,,,
2126.jpg,9,1,১,,১,number,51.27
2126.jpg,ALL,N/A,৫,,৫,summary,N/A
1014.jpg,1,56,,হবিগঞ্জ,হবিগঞ্জ,word,91.54
1014.jpg,2,20,,,,,
1014.jpg,3,1,১,,১,number,90.99
1014.jpg,4,1,১,,১,number,100.00
1014.jpg,5,4,,,,,
1014.jpg,6,2,,,,,
1014.jpg,7,2,২,,২,number,90.58
1014.jpg,8,5,৫,,৫,number,52.59
1014.jpg,ALL,N/A,১,হবিগঞ্জ,হবিগঞ্জ ১,summary,N/A
2077.jpg,1,49,,ঢাকা,ঢাকা,word,99.98
2077.jpg,2,10,,মেট্রো,মেট্রো,word,85.28
2077.jpg,3,13,৮,,৮,number,35.50
2077.jpg,4,1,,,,,
2077.jpg,5,1,১,,১,number,99.99
2077.jpg,6,8,৮,,৮,number,100.00
2077.jpg,7,1,১,,১,number,99.99
2077.jpg,8,4,,,,,
2077.jpg,9,4,,,,,
2077.jpg,ALL,N/A,৮,ঢাকা,ঢাকা ৮,summary,N/A
885.jpg,1,88,,,,,
885.jpg,2,20,,,,,
885.jpg,3,1,,,,,
885.jpg,4,1,১১,,১১,number,42.50
885.jpg,5,4,,,,,
885.jpg,6,4,,,,,
885.jpg,7,8,,,,,
885.jpg,8,3,,,,,
885.jpg,ALL,N/A,১১,,১১,summary,N/A
1048.jpg,1,97,০০,,০০,number,11.36
1048.jpg,2,26,,,,,
1048.jpg,3,7,,,,,
1048.jpg,4,8,,,,,
1048.jpg,5,9,,,,,
1048.jpg,6,0,,,,,
1048.jpg,7,1,,,,,
1048.jpg,8,2,,,,,
1048.jpg,ALL,N/A,০০,,০০,summary,N/A
826.jpg,1,86,,পিরোজপুর,পিরোজপুর,word,89.90
826.jpg,2,20,,,,,
826.jpg,3,1,১,,১,number,100.00
826.jpg,4,1,১,,১,number,100.00
826.jpg,5,9,৯,,৯,number,99.61
826.jpg,6,1,,,,,
826.jpg,7,6,৬,,৬,number,99.74
826.jpg,8,0,,,,,
826.jpg,ALL,N/A,১,পিরোজপুর,পিরোজপুর ১,summary,N/A
1755.jpg,1,44,,,,,
1755.jpg,2,10,,মেট্রো,মেট্রো,word,61.30
1755.jpg,3,28,,,,,
1755.jpg,4,1,,,,,
1755.jpg,5,2,,,,,
1755.jpg,6,2,১,,১,number,65.69
1755.jpg,7,9,,,,,
1755.jpg,ALL,N/A,১,মেট্রো,মেট্রো ১,summary,N/A
2262.jpg,1,49,,,,,
2262.jpg,2,10,,,,,
2262.jpg,3,25,,,,,
2262.jpg,4,2,,,,,
2262.jpg,5,1,,,,,
2262.jpg,6,9,,,,,
2262.jpg,7,8,,,,,
2262.jpg,8,1,,,,,
2262.jpg,9,8,৮,,৮,number,56.54
2262.jpg,ALL,N/A,৮,,৮,summary,N/A
627.jpg,1,58,,যশোর,যশোর,word,99.62
627.jpg,2,26,,,,,
627.jpg,3,7,,,,,
627.jpg,4,8,৮,,৮,number,48.99
627.jpg,5,9,,,,,
627.jpg,6,0,,,,,
627.jpg,7,1,১,,১,number,100.00
627.jpg,8,0,,,,,
627.jpg,ALL,N/A,৮,যশোর,যশোর ৮,summary,N/A
2577.jpg,1,60,,ঝিনাইদহ,ঝিনাইদহ,word,93.52
2577.jpg,2,20,,,,,
2577.jpg,3,1,১,,১,number,99.92
2577.jpg,4,2,২,,২,number,70.76
2577.jpg,5,5,৫,,৫,number,99.27
2577.jpg,6,0,,,,,
2577.jpg,7,0,৪,,৪,number,54.39
2577.jpg,8,2,,,,,
2577.jpg,ALL,N/A,১,ঝিনাইদহ,ঝিনাইদহ ১,summary,N/A
127.jpg,1,77,,,,,
127.jpg,2,33,,,,,
127.jpg,3,1,,,,,
127.jpg,4,1,,,,,
127.jpg,5,1,,,,,
127.jpg,6,8,,,,,
127.jpg,7,5,,,,,
127.jpg,8,4,,,,,
127.jpg,ALL,N/A,,,N/A,summary,N/A
2353.jpg,1,49,,,,,
2353.jpg,2,10,,,,,
2353.jpg,3,18,,,,,
2353.jpg,4,2,,,,,
2353.jpg,5,3,,,,,
2353.jpg,6,0,,,,,
2353.jpg,7,9,,,,,
2353.jpg,8,1,,,,,
2353.jpg,9,3,,,,,
2353.jpg,ALL,N/A,,,N/A,summary,N/A
421.jpg,1,45,,,,,
421.jpg,2,33,,,,,
421.jpg,3,5,,,,,
421.jpg,4,6,,,,,
421.jpg,5,7,৭,,৭,number,69.14
421.jpg,6,8,,,,,
421.jpg,7,9,,,,,
421.jpg,8,0,,,,,
421.jpg,ALL,N/A,৭,,৭,summary,N/A
977.jpg,1,52,,,,,
977.jpg,2,20,,,,,
977.jpg,3,1,,,,,
977.jpg,4,2,,,,,
977.jpg,5,4,,,,,
977.jpg,6,4,,,,,
977.jpg,7,0,,,,,
977.jpg,8,8,,,,,
977.jpg,ALL,N/A,,,N/A,summary,N/A
2160.jpg,1,49,,,,,
2160.jpg,2,10,,,,,
2160.jpg,3,19,,,,,
2160.jpg,4,1,,,,,
2160.jpg,5,1,,,,,
2160.jpg,6,6,,,,,
2160.jpg,7,8,৮,,৮,number,100.00
2160.jpg,8,3,,,,,
2160.jpg,9,5,৫,,৫,number,81.28
2160.jpg,ALL,N/A,৮,,৮,summary,N/A
1195.jpg,1,68,,লালমনিরহাট,লালমনিরহাট,word,92.80
1195.jpg,2,25,,,,,
1195.jpg,3,1,১,,১,number,99.98
1195.jpg,4,1,১,,১,number,99.90
1195.jpg,5,1,১,,১,number,100.00
1195.jpg,6,2,,,,,
1195.jpg,7,6,৬,,৬,number,89.03
1195.jpg,8,7,৭,,৭,number,86.45
1195.jpg,ALL,N/A,১,লালমনিরহাট,লালমনিরহাট ১,summary,N/A
229.jpg,1,49,,,,,
229.jpg,2,10,,,,,
229.jpg,3,18,,,,,
229.jpg,4,1,,,,,
229.jpg,5,2,,,,,
229.jpg,6,3,,,,,
229.jpg,7,0,,,,,
229.jpg,8,9,,,,,
229.jpg,9,6,,,,,
229.jpg,ALL,N/A,,,N/A,summary,N/A
1793.jpg,1,49,,ঢাকা,ঢাকা,word,98.81
1793.jpg,2,10,,মেট্রো,মেট্রো,word,78.86
1793.jpg,3,18,,,,,
1793.jpg,4,2,২,,২,number,90.43
1793.jpg,5,7,,,,,
1793.jpg,6,7,,,,,
1793.jpg,7,4,,,,,
1793.jpg,8,1,,,,,
1793.jpg,9,5,,,,,
1793.jpg,ALL,N/A,২,ঢাকা,ঢাকা ২,summary,N/A
1580.jpg,1,96,,সুনামগঞ্জ,সুনামগঞ্জ,word,77.41
1580.jpg,2,101,,,,,
1580.jpg,3,2,২,,২,number,99.82
1580.jpg,4,3,,,,,
1580.jpg,5,4,,,,,
1580.jpg,6,5,,,,,
1580.jpg,7,6,৬৬,,৬৬,number,59.34
1580.jpg,8,7,,,,,
1580.jpg,ALL,N/A,২,সুনামগঞ্জ,সুনামগঞ্জ ২,summary,N/A
2155.jpg,1,49,,ঢাকা,ঢাকা,word,64.90
2155.jpg,2,10,,,,,
2155.jpg,3,18,,,,,
2155.jpg,4,2,,,,,
2155.jpg,5,2,,,,,
2155.jpg,6,0,,,,,
2155.jpg,7,3,,,,,
2155.jpg,8,2,,,,,
2155.jpg,9,7,৭,,৭,number,76.18
2155.jpg,ALL,N/A,৭,ঢাকা,ঢাকা ৭,summary,N/A
812.jpg,1,85,,পটুয়াখালী,পটুয়াখালী,word,67.16
812.jpg,2,25,,,,,
812.jpg,3,1,১,,১,number,100.00
812.jpg,4,1,১,,১,number,100.00
812.jpg,5,1,১,,১,number,99.99
812.jpg,6,2,২,,২,number,56.63
812.jpg,7,2,২,,২,number,97.84
812.jpg,8,2,২,,২,number,12.59
812.jpg,ALL,N/A,১,পটুয়াখালী,পটুয়াখালী ১,summary,N/A
2548.jpg,1,68,,,,,
2548.jpg,2,25,,,,,
2548.jpg,3,0,,,,,
2548.jpg,4,3,,,,,
2548.jpg,5,3,,,,,
2548.jpg,6,1,,,,,
2548.jpg,7,1,,,,,
2548.jpg,8,1,,,,,
2548.jpg,ALL,N/A,,,N/A,summary,N/A
2236.jpg,1,49,,,,,
2236.jpg,2,10,,,,,
2236.jpg,3,20,,,,,
2236.jpg,4,4,,,,,
2236.jpg,5,5,,,,,
2236.jpg,6,8,,,,,
2236.jpg,7,8,,,,,
2236.jpg,8,6,,,,,
2236.jpg,9,0,,,,,
2236.jpg,ALL,N/A,,,N/A,summary,N/A
2247.jpg,1,49,,,,,
2247.jpg,2,10,,,,,
2247.jpg,3,100,,,,,
2247.jpg,4,1,,,,,
2247.jpg,5,4,৪,,৪,number,78.45
2247.jpg,6,3,,,,,
2247.jpg,7,0,০,,০,number,48.00
2247.jpg,8,4,,,,,
2247.jpg,9,0,,,,,
2247.jpg,ALL,N/A,৪,,৪,summary,N/A
1355.jpg,1,89,,রাজশাহী,রাজশাহী,word,90.01
1355.jpg,2,25,,,,,
1355.jpg,3,1,১,,১,number,99.99
1355.jpg,4,1,১,,১,number,75.40
1355.jpg,5,8,,,,,
1355.jpg,6,9,,,,,
1355.jpg,7,2,,,,,
1355.jpg,8,2,১,,১,number,59.54
1355.jpg,ALL,N/A,১,রাজশাহী,রাজশাহী ১,summary,N/A
516.jpg,1,40,,,,,
516.jpg,2,32,,,,,
516.jpg,3,7,৭,,৭,number,50.87
516.jpg,4,8,৮,,৮,number,42.15
516.jpg,5,9,,,,,
516.jpg,6,0,,,,,
516.jpg,7,1,,,,,
516.jpg,8,2,,,,,
516.jpg,ALL,N/A,৭,,৭,summary,N/A
2464.jpg,1,82,,,,,
2464.jpg,2,25,,,,,
2464.jpg,3,1,,,,,
2464.jpg,4,1,,,,,
2464.jpg,5,3,,,,,
2464.jpg,6,6,,,,,
2464.jpg,7,2,,,,,
2464.jpg,8,6,,,,,
2464.jpg,ALL,N/A,,,N/A,summary,N/A
369.jpg,1,36,,,,,
369.jpg,2,34,,,,,
369.jpg,3,7,,,,,
369.jpg,4,8,,,,,
369.jpg,5,9,,,,,
369.jpg,6,0,,,,,
369.jpg,7,1,,,,,
369.jpg,8,2,,,,,
369.jpg,ALL,N/A,,,N/A,summary,N/A
2536.jpg,1,44,,,,,
2536.jpg,2,10,,মেট্রো,মেট্রো,word,84.88
2536.jpg,3,25,,,,,
2536.jpg,4,1,১,,১,number,99.76
2536.jpg,5,3,,,,,
2536.jpg,6,0,,,,,
2536.jpg,7,5,৫,,৫,number,58.43
2536.jpg,8,2,,,,,
2536.jpg,9,3,,,,,
2536.jpg,ALL,N/A,১,মেট্রো,মেট্রো ১,summary,N/A
78.jpg,1,63,,খুলনা,খুলনা,word,88.13
78.jpg,2,10,,,,,
78.jpg,3,25,,,,,
78.jpg,4,1,১,,১,number,99.49
78.jpg,5,2,২,,২,number,95.05
78.jpg,6,2,১,,১,number,0.16
78.jpg,7,0,,,,,
78.jpg,8,8,,,,,
78.jpg,9,7,,,,,
78.jpg,ALL,N/A,১,খুলনা,খুলনা ১,summary,N/A
834.jpg,1,86,,পিরোজপুর,পিরোজপুর,word,71.05
834.jpg,2,25,,,,,
834.jpg,3,1,১,,১,number,100.00
834.jpg,4,1,১,,১,number,100.00
834.jpg,5,1,১,,১,number,99.99
834.jpg,6,3,৩,,৩,number,99.64
834.jpg,7,2,২,,২,number,96.56
834.jpg,8,7,,,,,
834.jpg,ALL,N/A,১,পিরোজপুর,পিরোজপুর ১,summary,N/A
891.jpg,1,91,,রংপুর,রংপুর,word,91.88
891.jpg,2,20,,,,,
891.jpg,3,1,,,,,
891.jpg,4,4,,,,,
891.jpg,5,4,,,,,
891.jpg,6,4,,,,,
891.jpg,7,2,,,,,
891.jpg,8,3,,,,,
891.jpg,ALL,N/A,,রংপুর,রংপুর,summary,N/A
20.jpeg,1,49,,ঢাকা,ঢাকা,word,89.74
20.jpeg,2,10,,মেট্রো,মেট্রো,word,99.56
20.jpeg,3,18,,,,,
20.jpeg,4,2,,,,,
20.jpeg,5,0,,,,,
20.jpeg,6,5,,,,,
20.jpeg,7,4,,,,,
20.jpeg,8,4,,,,,
20.jpeg,9,8,৮,,৮,number,99.86
20.jpeg,ALL,N/A,৮,ঢাকা,ঢাকা ৮,summary,N/A
2596.jpg,1,49,,,,,
2596.jpg,2,10,,,,,
2596.jpg,3,31,,,,,
2596.jpg,4,1,,,,,
2596.jpg,5,1,,,,,
2596.jpg,6,6,,,,,
2596.jpg,7,3,,,,,
2596.jpg,8,0,,,,,
2596.jpg,9,6,,,,,
2596.jpg,ALL,N/A,,,N/A,summary,N/A
44.jpeg,1,74,,ময়মনসিংহ,ময়মনসিংহ,word,94.04
44.jpeg,2,20,,,,,
44.jpeg,3,1,,,,,
44.jpeg,4,5,,,,,
44.jpeg,5,4,,,,,
44.jpeg,6,4,,,,,
44.jpeg,7,8,৮,,৮,number,73.15
44.jpeg,8,1,,,,,
44.jpeg,ALL,N/A,৮,ময়মনসিংহ,ময়মনসিংহ ৮,summary,N/A
1368.jpg,1,91,,রংপুর,রংপুর,word,93.74
1368.jpg,2,27,,,,,
1368.jpg,3,0,,,,,
1368.jpg,4,1,,,,,
1368.jpg,5,3,,,,,
1368.jpg,6,4,,,,,
1368.jpg,7,5,,,,,
1368.jpg,8,6,৬,,৬,number,100.00
1368.jpg,ALL,N/A,৬,রংপুর,রংপুর ৬,summary,N/A
2523.jpg,1,90,,রাঙামাটি,রাঙামাটি,word,81.80
2523.jpg,2,25,,,,,
2523.jpg,3,0,,,,,
2523.jpg,4,6,৬,,৬,number,96.90
2523.jpg,5,5,,,,,
2523.jpg,6,0,,,,,
2523.jpg,7,1,১,,১,number,99.97
2523.jpg,8,1,,,,,
2523.jpg,ALL,N/A,৬,রাঙামাটি,রাঙামাটি ৬,summary,N/A
2005.jpg,1,39,,বরিশাল,বরিশাল,word,90.34
2005.jpg,2,10,,মেট্রো,মেট্রো,word,91.28
2005.jpg,3,25,,,,,
2005.jpg,4,1,১,,১,number,100.00
2005.jpg,5,1,১,,১,number,76.19
2005.jpg,6,7,৭,,৭,number,55.29
2005.jpg,7,3,৩,,৩,number,95.94
2005.jpg,8,6,৬,,৬,number,98.12
2005.jpg,9,5,,,,,
2005.jpg,ALL,N/A,১,বরিশাল,বরিশাল ১,summary,N/A
1238.jpg,1,72,,,,,
1238.jpg,2,101,,,,,
1238.jpg,3,1,,,,,
1238.jpg,4,1,,,,,
1238.jpg,5,2,,,,,
1238.jpg,6,2,,,,,
1238.jpg,7,9,,,,,
1238.jpg,8,0,,,,,
1238.jpg,ALL,N/A,,,N/A,summary,N/A
2065.jpg,1,49,,,,,
2065.jpg,2,10,,,,,
2065.jpg,3,18,,,,,
2065.jpg,4,3,,,,,
2065.jpg,5,5,,,,,
2065.jpg,6,9,,,,,
2065.jpg,7,8,,,,,
2065.jpg,8,9,,,,,
2065.jpg,9,5,,,,,
2065.jpg,ALL,N/A,,,N/A,summary,N/A
2224.jpg,1,49,,,,,
2224.jpg,2,10,,,,,
2224.jpg,3,24,,,,,
2224.jpg,4,1,১,,১,number,26.23
2224.jpg,5,2,,,,,
2224.jpg,6,0,,,,,
2224.jpg,7,0,,,,,
2224.jpg,8,8,,,,,
2224.jpg,9,8,,,,,
2224.jpg,ALL,N/A,১,,১,summary,N/A
2545.jpg,1,55,,গোপালগঞ্জ,গোপালগঞ্জ,word,92.13
2545.jpg,2,25,,,,,
2545.jpg,3,1,১,,১,number,99.61
2545.jpg,4,1,১,,১,number,99.96
2545.jpg,5,2,,,,,
2545.jpg,6,5,,,,,
2545.jpg,7,2,২,,২,number,58.90
2545.jpg,8,2,২,,২,number,99.85
2545.jpg,ALL,N/A,১,গোপালগঞ্জ,গোপালগঞ্জ ১,summary,N/A
2222.jpg,1,49,,,,,
2222.jpg,2,10,,,,,
2222.jpg,3,19,,,,,
2222.jpg,4,1,,,,,
2222.jpg,5,1,১,,১,number,59.25
2222.jpg,6,6,৬,,৬,number,99.99
2222.jpg,7,4,,,,,
2222.jpg,8,4,,,,,
2222.jpg,9,7,,,,,
2222.jpg,ALL,N/A,১,,১,summary,N/A
1290.jpg,1,77,,,,,
1290.jpg,2,31,,,,,
1290.jpg,3,5,,,,,
1290.jpg,4,6,৬,,৬,number,99.79
1290.jpg,5,7,,,,,
1290.jpg,6,8,,,,,
1290.jpg,7,1,,,,,
1290.jpg,8,0,,,,,
1290.jpg,ALL,N/A,৬,,৬,summary,N/A
2197.jpg,1,49,,ঢাকা,ঢাকা,word,75.11
2197.jpg,2,10,,মেট্রো,মেট্রো,word,80.15
2197.jpg,3,20,,,,,
2197.jpg,4,1,,,,,
2197.jpg,5,7,,,,,
2197.jpg,6,7,৭,,৭,number,92.72
2197.jpg,7,6,,,,,
2197.jpg,8,7,,,,,
2197.jpg,9,6,,,,,
2197.jpg,ALL,N/A,৭,ঢাকা,ঢাকা ৭,summary,N/A
2318.jpg,1,48,,কুমিল্লা,কুমিল্লা,word,87.25
2318.jpg,2,20,,,,,
2318.jpg,3,1,১,,১,number,89.43
2318.jpg,4,3,,,,,
2318.jpg,5,5,৫,,৫,number,68.86
2318.jpg,6,2,,,,,
2318.jpg,7,7,,,,,
2318.jpg,8,9,৯,,৯,number,99.65
2318.jpg,ALL,N/A,১,কুমিল্লা,কুমিল্লা ১,summary,N/A
743.jpg,1,35,,বাগেরহাট,বাগেরহাট,word,94.13
743.jpg,2,16,,,,,
743.jpg,3,3,,,,,
743.jpg,4,4,,,,,
743.jpg,5,5,,,,,
743.jpg,6,6,৬,,৬,number,74.69
743.jpg,7,7,,,,,
743.jpg,8,8,,,,,
743.jpg,ALL,N/A,৬,বাগেরহাট,বাগেরহাট ৬,summary,N/A
1872.jpg,1,49,,,,,
1872.jpg,2,10,,,,,
1872.jpg,3,18,,,,,
1872.jpg,4,1,,,,,
1872.jpg,5,3,,,,,
1872.jpg,6,0,,,,,
1872.jpg,7,2,,,,,
1872.jpg,8,7,,,,,
1872.jpg,9,0,,,,,
1872.jpg,ALL,N/A,,,N/A,summary,N/A
184.jpeg,1,49,,ঢাকা,ঢাকা,word,90.64
184.jpeg,2,10,,মেট্রো,মেট্রো,word,72.00
184.jpeg,3,26,,,,,
184.jpeg,4,5,৫,,৫,number,91.73
184.jpeg,5,1,,,,,
184.jpeg,6,7,,,,,
184.jpeg,7,7,,,,,
184.jpeg,8,9,,,,,
184.jpeg,9,2,,,,,
184.jpeg,ALL,N/A,৫,ঢাকা,ঢাকা ৫,summary,N/A
378.jpg,1,38,,,,,
378.jpg,2,17,,,,,
378.jpg,3,7,,,,,
378.jpg,4,8,,,,,
378.jpg,5,9,,,,,
378.jpg,6,0,,,,,
378.jpg,7,1,১,,১,number,99.09
378.jpg,8,2,,,,,
378.jpg,ALL,N/A,১,,১,summary,N/A
1989.jpg,1,49,,,,,
1989.jpg,2,10,৫৫,,৫৫,number,4.97
1989.jpg,3,27,,,,,
1989.jpg,4,1,,,,,
1989.jpg,5,4,,,,,
1989.jpg,6,4,,,,,
1989.jpg,7,0,,,,,
1989.jpg,8,6,৬,,৬,number,72.51
1989.jpg,9,5,৫,,৫,number,99.36
1989.jpg,ALL,N/A,৫৫,,৫৫,summary,N/A
1687.jpg,1,67,,লক্ষ্মীপুর,লক্ষ্মীপুর,word,83.73
1687.jpg,2,20,,,,,
1687.jpg,3,1,১,,১,number,73.35
1687.jpg,4,1,,,,,
1687.jpg,5,2,,,,,
1687.jpg,6,9,,,,,
1687.jpg,7,6,,,,,
1687.jpg,8,7,৭,,৭,number,28.61
1687.jpg,ALL,N/A,১,লক্ষ্মীপুর,লক্ষ্মীপুর ১,summary,N/A
1259.jpg,1,73,,মৌলভীবাজার,মৌলভীবাজার,word,87.88
1259.jpg,2,25,,,,,
1259.jpg,3,7,,,,,
1259.jpg,4,8,৮,,৮,number,15.32
1259.jpg,5,9,,,,,
1259.jpg,6,0,,,,,
1259.jpg,7,1,,,,,
1259.jpg,8,2,১,,১,number,93.55
1259.jpg,ALL,N/A,৮,মৌলভীবাজার,মৌলভীবাজার ৮,summary,N/A
1450.jpg,1,73,,,,,
1450.jpg,2,20,,,,,
1450.jpg,3,1,,,,,
1450.jpg,4,2,২,,২,number,36.59
1450.jpg,5,2,২,,২,number,31.98
1450.jpg,6,4,৪,,৪,number,89.59
1450.jpg,7,0,,,,,
1450.jpg,8,3,,,,,
1450.jpg,ALL,N/A,২,,২,summary,N/A
1072.jpg,1,60,,,,,
1072.jpg,2,28,,,,,
1072.jpg,3,1,,,,,
1072.jpg,4,3,৩,,৩,number,99.84
1072.jpg,5,5,,,,,
1072.jpg,6,7,০,,০,number,46.92
1072.jpg,7,9,,,,,
1072.jpg,8,0,,,,,
1072.jpg,ALL,N/A,৩,,৩,summary,N/A
2082.jpg,1,49,,ঢাকা,ঢাকা,word,97.31
2082.jpg,2,10,,মেট্রো,মেট্রো,word,91.83
2082.jpg,3,18,,,,,
2082.jpg,4,2,,,,,
2082.jpg,5,7,৭,,৭,number,48.04
2082.jpg,6,9,,,,,
2082.jpg,7,3,,,,,
2082.jpg,8,6,৬,,৬,number,99.95
2082.jpg,9,9,,,,,
2082.jpg,ALL,N/A,৭,ঢাকা,ঢাকা ৭,summary,N/A
1900.jpg,1,74,,,,,
1900.jpg,2,20,,,,,
1900.jpg,3,1,১,,১,number,97.04
1900.jpg,4,1,১,,১,number,95.62
1900.jpg,5,1,১,,১,number,39.62
1900.jpg,6,6,,,,,
1900.jpg,7,0,,,,,
1900.jpg,8,8,,,,,
1900.jpg,ALL,N/A,১,,১,summary,N/A
971.jpg,1,52,,ফেনী,ফেনী,word,96.83
971.jpg,2,20,,,,,
971.jpg,3,1,,,,,
971.jpg,4,2,,,,,
971.jpg,5,5,,,,,
971.jpg,6,5,,,,,
971.jpg,7,5,,,,,
971.jpg,8,6,,,,,
971.jpg,ALL,N/A,,ফেনী,ফেনী,summary,N/A
2179.jpg,1,49,,,,,
2179.jpg,2,10,,মেট্রো,মেট্রো,word,65.52
2179.jpg,3,18,,,,,
2179.jpg,4,2,,,,,
2179.jpg,5,2,,,,,
2179.jpg,6,2,,,,,
2179.jpg,7,8,৮,,৮,number,100.00
2179.jpg,8,2,,,,,
2179.jpg,9,9,,,,,
2179.jpg,ALL,N/A,৮,মেট্রো,মেট্রো ৮,summary,N/A
2583.jpg,1,90,,,,,
2583.jpg,2,20,,,,,
2583.jpg,3,1,১,,১,number,99.89
2583.jpg,4,1,,,,,
2583.jpg,5,1,১,,১,number,97.68
2583.jpg,6,0,,,,,
2583.jpg,7,5,,,,,
2583.jpg,8,0,,,,,
2583.jpg,ALL,N/A,১,,১,summary,N/A
1376.jpg,1,90,,রাঙামাটি,রাঙামাটি,word,76.88
1376.jpg,2,15,৬,,৬,number,92.10
1376.jpg,3,3,,,,,
1376.jpg,4,4,,,,,
1376.jpg,5,5,,,,,
1376.jpg,6,6,,,,,
1376.jpg,7,7,,,,,
1376.jpg,8,8,,,,,
1376.jpg,ALL,N/A,৬,রাঙামাটি,রাঙামাটি ৬,summary,N/A
949.jpg,1,98,,টাঙ্গাইল,টাঙ্গাইল,word,87.72
949.jpg,2,25,,,,,
949.jpg,3,1,১,,১,number,99.76
949.jpg,4,2,,,,,
949.jpg,5,6,,,,,
949.jpg,6,0,,,,,
949.jpg,7,9,,,,,
949.jpg,8,8,৮,,৮,number,99.81
949.jpg,ALL,N/A,১,টাঙ্গাইল,টাঙ্গাইল ১,summary,N/A
1348.jpg,1,76,,,,,
1348.jpg,2,32,,,,,
1348.jpg,3,5,,,,,
1348.jpg,4,6,৬,,৬,number,99.95
1348.jpg,5,7,,,,,
1348.jpg,6,8,৩,,৩,number,25.76
1348.jpg,7,1,,,,,
1348.jpg,8,0,,,,,
1348.jpg,ALL,N/A,৬,,৬,summary,N/A
1169.jpg,1,66,,কুষ্টিয়া,কুষ্টিয়া,word,84.91
1169.jpg,2,101,,,,,
1169.jpg,3,1,,,,,
1169.jpg,4,2,,,,,
1169.jpg,5,3,,,,,
1169.jpg,6,4,,,,,
1169.jpg,7,8,,,,,
1169.jpg,8,9,,,,,
1169.jpg,ALL,N/A,,কুষ্টিয়া,কুষ্টিয়া,summary,N/A
1012.jpg,1,56,,,,,
1012.jpg,2,20,,,,,
1012.jpg,3,1,,,,,
1012.jpg,4,1,,,,,
1012.jpg,5,3,,,,,
1012.jpg,6,3,৩,,৩,number,100.00
1012.jpg,7,3,৩,,৩,number,99.74
1012.jpg,8,2,,,,,
1012.jpg,ALL,N/A,৩,,৩,summary,N/A
1993.jpg,1,44,,,,,
1993.jpg,2,10,,,,,
1993.jpg,3,26,,,,,
1993.jpg,4,5,৫,,৫,number,60.93
1993.jpg,5,1,১,,১,number,53.81
1993.jpg,6,1,১,,১,number,87.64
1993.jpg,7,0,,,,,
1993.jpg,8,3,,,,,
1993.jpg,9,2,,,,,
1993.jpg,ALL,N/A,১,,১,summary,N/A
839.jpg,1,87,,,,,
839.jpg,2,10,,মেট্রো,মেট্রো,word,76.01
839.jpg,3,31,,,,,
839.jpg,4,1,,,,,
839.jpg,5,1,,,,,
839.jpg,6,0,,,,,
839.jpg,7,0,,,,,
839.jpg,8,2,,,,,
839.jpg,9,9,,,,,
839.jpg,ALL,N/A,,মেট্রো,মেট্রো,summary,N/A
332.jpg,1,44,,,,,
332.jpg,2,10,,মেট্রো,মেট্রো,word,76.10
332.jpg,3,18,,,,,
332.jpg,4,1,,,,,
332.jpg,5,1,,,,,
332.jpg,6,2,,,,,
332.jpg,7,3,,,,,
332.jpg,8,6,,,,,
332.jpg,9,4,,,,,
332.jpg,ALL,N/A,,মেট্রো,মেট্রো,summary,N/A
1743.jpg,1,49,,ঢাকা,ঢাকা,word,99.66
1743.jpg,2,10,,মেট্রো,মেট্রো,word,93.97
1743.jpg,3,24,,,,,
1743.jpg,4,1,,,,,
1743.jpg,5,1,,,,,
1743.jpg,6,5,,,,,
1743.jpg,7,9,,,,,
1743.jpg,8,8,৮,,৮,number,100.00
1743.jpg,9,4,,,,,
1743.jpg,ALL,N/A,৮,ঢাকা,ঢাকা ৮,summary,N/A
161.jpeg,1,49,,,,,
161.jpeg,2,10,,,,,
161.jpeg,3,20,,,,,
161.jpeg,4,4,,,,,
161.jpeg,5,7,,,,,
161.jpeg,6,9,,,,,
161.jpeg,7,8,,,,,
161.jpeg,8,0,,,,,
161.jpeg,9,6,,,,,
161.jpeg,ALL,N/A,,,N/A,summary,N/A
1547.jpg,1,93,,,,,
1547.jpg,2,20,,,,,
1547.jpg,3,1,১,,১,number,99.66
1547.jpg,4,1,,,,,
1547.jpg,5,5,,,,,
1547.jpg,6,7,,,,,
1547.jpg,7,0,,,,,
1547.jpg,8,4,৪,,৪,number,73.98
1547.jpg,ALL,N/A,১,,১,summary,N/A
1656.jpg,1,63,,,,,
1656.jpg,2,10,,মেট্রো,মেট্রো,word,87.03
1656.jpg,3,25,,,,,
1656.jpg,4,1,,,,,
1656.jpg,5,2,,,,,
1656.jpg,6,3,,,,,
1656.jpg,7,5,,,,,
1656.jpg,8,4,৪,,৪,number,46.47
1656.jpg,9,6,,,,,
1656.jpg,ALL,N/A,৪,মেট্রো,মেট্রো ৪,summary,N/A
380.jpg,1,44,,,,,
380.jpg,2,10,,,,,
380.jpg,3,15,,,,,
380.jpg,4,7,,,,,
380.jpg,5,8,৬,,৬,number,33.82
380.jpg,6,9,,,,,
380.jpg,7,0,,,,,
380.jpg,8,1,,,,,
380.jpg,9,2,,,,,
380.jpg,ALL,N/A,৬,,৬,summary,N/A
1390.jpg,1,92,,সাতক্ষীরা,সাতক্ষীরা,word,96.55
1390.jpg,2,26,,,,,
1390.jpg,3,2,১,,১,number,83.48
1390.jpg,4,3,,,,,
1390.jpg,5,4,,,,,
1390.jpg,6,5,,,,,
1390.jpg,7,6,৬,,৬,number,89.41
1390.jpg,8,7,,,,,
1390.jpg,ALL,N/A,১,সাতক্ষীরা,সাতক্ষীরা ১,summary,N/A
2528.jpg,1,49,,ঢাকা,ঢাকা,word,85.67
2528.jpg,2,10,,মেট্রো,মেট্রো,word,62.74
2528.jpg,3,101,,,,,
2528.jpg,4,1,৬,,৬,number,18.61
2528.jpg,5,5,৫,,৫,number,95.01
2528.jpg,6,6,,,,,
2528.jpg,7,6,,,,,
2528.jpg,8,2,,,,,
2528.jpg,9,6,৬,,৬,number,100.00
2528.jpg,ALL,N/A,৬,ঢাকা,ঢাকা ৬,summary,N/A
1638.jpg,1,63,,,,,
1638.jpg,2,25,,,,,
1638.jpg,3,1,,,,,
1638.jpg,4,1,১,,১,number,96.18
1638.jpg,5,3,,,,,
1638.jpg,6,4,৪,,৪,number,25.15
1638.jpg,7,4,৪,,৪,number,63.58
1638.jpg,8,7,৭,,৭,number,31.14
1638.jpg,ALL,N/A,৪,,৪,summary,N/A
2039.jpg,1,49,,,,,
2039.jpg,2,10,,,,,
2039.jpg,3,18,,,,,
2039.jpg,4,3,,,,,
2039.jpg,5,1,১,,১,number,99.98
2039.jpg,6,0,,,,,
2039.jpg,7,0,,,,,
2039.jpg,8,8,৮,,৮,number,99.57
2039.jpg,9,0,,,,,
2039.jpg,ALL,N/A,১,,১,summary,N/A
1392.jpg,1,92,,,,,
1392.jpg,2,26,,,,,
1392.jpg,3,1,,,,,
1392.jpg,4,9,,,,,
1392.jpg,5,5,,,,,
1392.jpg,6,6,,,,,
1392.jpg,7,7,,,,,
1392.jpg,8,8,,,,,
1392.jpg,ALL,N/A,,,N/A,summary,N/A
920.jpg,1,50,,,,,
920.jpg,2,20,,,,,
920.jpg,3,1,২১,,২১,number,5.96
920.jpg,4,1,২১,,২১,number,1.45
920.jpg,5,1,১,,১,number,80.40
920.jpg,6,4,,,,,
920.jpg,7,4,,,,,
920.jpg,8,5,,,,,
920.jpg,ALL,N/A,২১,,২১,summary,N/A
1680.jpg,1,64,,কিশোরগঞ্জ,কিশোরগঞ্জ,word,84.65
1680.jpg,2,25,৫,,৫,number,32.11
1680.jpg,3,1,,,,,
1680.jpg,4,1,,,,,
1680.jpg,5,2,,,,,
1680.jpg,6,2,,,,,
1680.jpg,7,8,৮,,৮,number,33.22
1680.jpg,8,2,,,,,
1680.jpg,ALL,N/A,৫,কিশোরগঞ্জ,কিশোরগঞ্জ ৫,summary,N/A
2441.jpg,1,63,,,,,
2441.jpg,2,25,,,,,
2441.jpg,3,1,১,,১,number,99.76
2441.jpg,4,1,,,,,
2441.jpg,5,1,১,,১,number,91.30
2441.jpg,6,1,১,,১,number,99.94
2441.jpg,7,4,,,,,
2441.jpg,8,9,৯,,৯,number,52.01
2441.jpg,ALL,N/A,১,,১,summary,N/A
2621.jpg,1,65,,কুড়িগ্রাম,কুড়িগ্রাম,word,84.43
2621.jpg,2,20,,,,,
2621.jpg,3,1,,,,,
2621.jpg,4,1,১,,১,number,100.00
2621.jpg,5,1,,,,,
2621.jpg,6,6,,,,,
2621.jpg,7,6,৬,,৬,number,99.96
2621.jpg,8,3,,,,,
2621.jpg,ALL,N/A,১,কুড়িগ্রাম,কুড়িগ্রাম ১,summary,N/A
803.jpg,1,83,,পাবনা,পাবনা,word,86.82
803.jpg,2,25,,,,,
803.jpg,3,1,১,,১,number,99.98
803.jpg,4,2,২,,২,number,53.02
803.jpg,5,2,২,,২,number,33.23
803.jpg,6,0,,,,,
803.jpg,7,4,,,,,
803.jpg,8,4,,,,,
803.jpg,ALL,N/A,২,পাবনা,পাবনা ২,summary,N/A
2072.jpg,1,49,,,,,
2072.jpg,2,10,,মেট্রো,মেট্রো,word,74.98
2072.jpg,3,18,,,,,
2072.jpg,4,2,,,,,
2072.jpg,5,9,,,,,
2072.jpg,6,3,,,,,
2072.jpg,7,5,৫,,৫,number,77.39
2072.jpg,8,9,,,,,
2072.jpg,9,2,,,,,
2072.jpg,ALL,N/A,৫,মেট্রো,মেট্রো ৫,summary,N/A
337.jpg,1,49,,,,,
337.jpg,2,10,,,,,
337.jpg,3,18,,,,,
337.jpg,4,2,,,,,
337.jpg,5,1,,,,,
337.jpg,6,7,,,,,
337.jpg,7,3,,,,,
337.jpg,8,4,,,,,
337.jpg,9,2,,,,,
337.jpg,ALL,N/A,,,N/A,summary,N/A
735.jpg,1,88,,রাজবাড়ী,রাজবাড়ী,word,73.84
735.jpg,2,101,,,,,
735.jpg,3,0,,,,,
735.jpg,4,1,,,,,
735.jpg,5,3,,,,,
735.jpg,6,4,,,,,
735.jpg,7,5,৫,,৫,number,99.99
735.jpg,8,6,৬,,৬,number,100.00
735.jpg,ALL,N/A,৫,রাজবাড়ী,রাজবাড়ী ৫,summary,N/A
2408.jpg,1,49,,ঢাকা,ঢাকা,word,72.91
2408.jpg,2,10,,,,,
2408.jpg,3,18,,,,,
2408.jpg,4,1,১,,১,number,99.96
2408.jpg,5,7,৭,,৭,number,88.27
2408.jpg,6,6,,,,,
2408.jpg,7,2,,,,,
2408.jpg,8,9,,,,,
2408.jpg,9,9,,,,,
2408.jpg,ALL,N/A,১,ঢাকা,ঢাকা ১,summary,N/A
1807.jpg,1,35,,,,,
1807.jpg,2,20,,,,,
1807.jpg,3,1,,,,,
1807.jpg,4,2,,,,,
1807.jpg,5,0,,,,,
1807.jpg,6,3,,,,,
1807.jpg,7,2,,,,,
1807.jpg,8,1,,,,,
1807.jpg,ALL,N/A,,,N/A,summary,N/A
2395.jpg,1,49,,,,,
2395.jpg,2,10,,,,,
2395.jpg,3,23,,,,,
2395.jpg,4,1,,,,,
2395.jpg,5,1,১,,১,number,89.13
2395.jpg,6,0,,,,,
2395.jpg,7,7,৭,,৭,number,84.85
2395.jpg,8,9,,,,,
2395.jpg,9,7,,,,,
2395.jpg,ALL,N/A,১,,১,summary,N/A
358.jpg,1,49,,,,,
358.jpg,2,10,,,,,
358.jpg,3,12,,,,,
358.jpg,4,2,,,,,
358.jpg,5,3,,,,,
358.jpg,6,6,,,,,
358.jpg,7,1,,,,,
358.jpg,8,1,,,,,
358.jpg,9,1,,,,,
358.jpg,ALL,N/A,,,N/A,summary,N/A
1915.jpg,1,49,,ঢাকা,ঢাকা,word,88.00
1915.jpg,2,10,,মেট্রো,মেট্রো,word,76.53
1915.jpg,3,18,৬,,৬,number,10.69
1915.jpg,4,1,,,,,
1915.jpg,5,3,,,,,
1915.jpg,6,4,৪,,৪,number,29.82
1915.jpg,7,3,,,,,
1915.jpg,8,8,,,,,
1915.jpg,9,3,৩,,৩,number,90.07
1915.jpg,ALL,N/A,৬,ঢাকা,ঢাকা ৬,summary,N/A
2443.jpg,1,63,,,,,
2443.jpg,2,10,,,,,
2443.jpg,3,20,,,,,
2443.jpg,4,1,১১,,১১,number,53.94
2443.jpg,5,2,,,,,
2443.jpg,6,5,,,,,
2443.jpg,7,4,৪,,৪,number,29.01
2443.jpg,8,7,৭,,৭,number,71.34
2443.jpg,9,5,,,,,
2443.jpg,ALL,N/A,১১,,১১,summary,N/A
1138.jpg,1,64,,,,,
1138.jpg,2,33,,,,,
1138.jpg,3,1,,,,,
1138.jpg,4,3,,,,,
1138.jpg,5,5,,,,,
1138.jpg,6,7,,,,,
1138.jpg,7,9,,,,,
1138.jpg,8,0,,,,,
1138.jpg,ALL,N/A,,,N/A,summary,N/A
1418.jpg,1,69,,মাদারীপুর,মাদারীপুর,word,85.44
1418.jpg,2,25,,,,,
1418.jpg,3,1,,,,,
1418.jpg,4,1,,,,,
1418.jpg,5,3,,,,,
1418.jpg,6,8,,,,,
1418.jpg,7,9,,,,,
1418.jpg,8,2,,,,,
1418.jpg,ALL,N/A,,মাদারীপুর,মাদারীপুর,summary,N/A
113.jpeg,1,98,,,,,
113.jpeg,2,20,,,,,
113.jpeg,3,1,,,,,
113.jpeg,4,2,,,,,
113.jpeg,5,6,,,,,
113.jpeg,6,6,,,,,
113.jpeg,7,4,,,,,
113.jpeg,8,8,,,,,
113.jpeg,ALL,N/A,,,N/A,summary,N/A
1292.jpg,1,77,,,,,
1292.jpg,2,31,,,,,
1292.jpg,3,2,২,,২,number,99.82
1292.jpg,4,3,,,,,
1292.jpg,5,4,,,,,
1292.jpg,6,5,,,,,
1292.jpg,7,6,৬,,৬,number,99.91
1292.jpg,8,7,,,,,
1292.jpg,ALL,N/A,২,,২,summary,N/A
1752.jpg,1,44,,,,,
1752.jpg,2,10,,মেট্রো,মেট্রো,word,67.93
1752.jpg,3,20,,,,,
1752.jpg,4,1,,,,,
1752.jpg,5,7,,,,,
1752.jpg,6,9,,,,,
1752.jpg,7,7,,,,,
1752.jpg,8,7,,,,,
1752.jpg,9,2,,,,,
1752.jpg,ALL,N/A,,মেট্রো,মেট্রো,summary,N/A
1906.jpg,1,49,,ঢাকা,ঢাকা,word,96.83
1906.jpg,2,10,,মেট্রো,মেট্রো,word,82.61
1906.jpg,3,18,,,,,
1906.jpg,4,3,,,,,
1906.jpg,5,5,,,,,
1906.jpg,6,8,৮,,৮,number,100.00
1906.jpg,7,3,,,,,
1906.jpg,8,4,,,,,
1906.jpg,9,0,,,,,
1906.jpg,ALL,N/A,৮,ঢাকা,ঢাকা ৮,summary,N/A
724.jpg,1,87,,,,,
724.jpg,2,10,,,,,
724.jpg,3,13,,,,,
724.jpg,4,9,,,,,
724.jpg,5,1,,,,,
724.jpg,6,0,,,,,
724.jpg,7,2,,,,,
724.jpg,8,1,,,,,
724.jpg,9,9,,,,,
724.jpg,ALL,N/A,,,N/A,summary,N/A
1236.jpg,1,72,,,,,
1236.jpg,2,101,,,,,
1236.jpg,3,7,৭,,৭,number,96.17
1236.jpg,4,8,,,,,
1236.jpg,5,9,,,,,
1236.jpg,6,0,,,,,
1236.jpg,7,1,,,,,
1236.jpg,8,2,,,,,
1236.jpg,ALL,N/A,৭,,৭,summary,N/A
2113.jpg,1,74,,ময়মনসিংহ,ময়মনসিংহ,word,73.80
2113.jpg,2,20,,,,,
2113.jpg,3,1,১,,১,number,72.69
2113.jpg,4,1,১,,১,number,97.56
2113.jpg,5,2,,,,,
2113.jpg,6,8,৮,,৮,number,91.84
2113.jpg,7,9,,,,,
2113.jpg,8,4,,,,,
2113.jpg,ALL,N/A,১,ময়মনসিংহ,ময়মনসিংহ ১,summary,N/A
1086.jpg,1,61,,জয়পুরহাট,জয়পুরহাট,word,79.12
1086.jpg,2,29,,,,,
1086.jpg,3,2,২,,২,number,99.98
1086.jpg,4,3,,,,,
1086.jpg,5,4,,,,,
1086.jpg,6,5,,,,,
1086.jpg,7,6,৬,,৬,number,99.95
1086.jpg,8,7,,,,,
1086.jpg,ALL,N/A,২,জয়পুরহাট,জয়পুরহাট ২,summary,N/A
1952.jpg,1,44,৮,,৮,number,70.62
1952.jpg,2,10,,,,,
1952.jpg,3,11,,,,,
1952.jpg,4,1,,,,,
1952.jpg,5,1,,,,,
1952.jpg,6,0,,,,,
1952.jpg,7,4,,,,,
1952.jpg,8,1,,,,,
1952.jpg,9,8,৮,,৮,number,100.00
1952.jpg,ALL,N/A,৮,,৮,summary,N/A
1444.jpg,1,73,,মৌলভীবাজার,মৌলভীবাজার,word,84.61
1444.jpg,2,20,,,,,
1444.jpg,3,1,১,,১,number,99.95
1444.jpg,4,1,১,,১,number,79.50
1444.jpg,5,7,৭,,৭,number,22.44
1444.jpg,6,7,,,,,
1444.jpg,7,9,,,,,
1444.jpg,8,6,৬,,৬,number,44.36
1444.jpg,ALL,N/A,১,মৌলভীবাজার,মৌলভীবাজার ১,summary,N/A
485.jpg,1,40,,,,,
485.jpg,2,32,,,,,
485.jpg,3,3,,,,,
485.jpg,4,4,,,,,
485.jpg,5,5,,,,,
485.jpg,6,6,,,,,
485.jpg,7,7,,,,,
485.jpg,8,8,৮,,৮,number,96.35
485.jpg,ALL,N/A,৮,,৮,summary,N/A
1209.jpg,1,70,,,,,
1209.jpg,2,16,,,,,
1209.jpg,3,2,,,,,
1209.jpg,4,4,,,,,
1209.jpg,5,6,,,,,
1209.jpg,6,8,,,,,
1209.jpg,7,0,,,,,
1209.jpg,8,1,,,,,
1209.jpg,ALL,N/A,,,N/A,summary,N/A
1688.jpg,1,67,,,,,
1688.jpg,2,20,,,,,
1688.jpg,3,1,,,,,
1688.jpg,4,2,,,,,
1688.jpg,5,1,,,,,
1688.jpg,6,1,,,,,
1688.jpg,7,9,৯,,৯,number,41.23
1688.jpg,8,9,,,,,
1688.jpg,ALL,N/A,৯,,৯,summary,N/A
203.jpg,1,49,,ঢাকা,ঢাকা,word,78.99
203.jpg,2,10,,মেট্রো,মেট্রো,word,84.31
203.jpg,3,12,,,,,
203.jpg,4,1,,,,,
203.jpg,5,1,,,,,
203.jpg,6,1,,,,,
203.jpg,7,1,,,,,
203.jpg,8,9,,,,,
203.jpg,9,8,৮,,৮,number,99.97
203.jpg,ALL,N/A,৮,ঢাকা,ঢাকা ৮,summary,N/A
94.jpg,1,60,,,,,
94.jpg,2,31,,,,,
94.jpg,3,1,,,,,
94.jpg,4,1,,,,,
94.jpg,5,0,,,,,
94.jpg,6,3,,,,,
94.jpg,7,8,,,,,
94.jpg,8,2,,,,,
94.jpg,ALL,N/A,,,N/A,summary,N/A
11.jpeg,1,99,,ঠাকুরগাঁও,ঠাকুরগাঁও,word,86.96
11.jpeg,2,20,,,,,
11.jpeg,3,1,,,,,
11.jpeg,4,2,,,,,
11.jpeg,5,9,,,,,
11.jpeg,6,9,,,,,
11.jpeg,7,4,,,,,
11.jpeg,8,7,,,,,
11.jpeg,ALL,N/A,,ঠাকুরগাঁও,ঠাকুরগাঁও,summary,N/A
1126.jpg,1,63,,খুলনা,খুলনা,word,95.39
1126.jpg,2,10,,মেট্রো,মেট্রো,word,91.92
1126.jpg,3,32,,,,,
1126.jpg,4,5,,,,,
1126.jpg,5,6,,,,,
1126.jpg,6,7,,,,,
1126.jpg,7,8,৮,,৮,number,98.75
1126.jpg,8,0,,,,,
1126.jpg,9,1,১১,,১১,number,36.39
1126.jpg,ALL,N/A,৮,খুলনা,খুলনা ৮,summary,N/A
770.jpg,1,82,,নোয়াখালী,নোয়াখালী,word,79.29
770.jpg,2,25,,,,,
770.jpg,3,1,১,,১,number,99.75
770.jpg,4,1,১,,১,number,99.85
770.jpg,5,3,,,,,
770.jpg,6,0,,,,,
770.jpg,7,5,,,,,
770.jpg,8,9,,,,,
770.jpg,ALL,N/A,১,নোয়াখালী,নোয়াখালী ১,summary,N/A
1557.jpg,1,94,,শেরপুর,শেরপুর,word,92.39
1557.jpg,2,25,,,,,
1557.jpg,3,1,১,,১,number,99.15
1557.jpg,4,1,১,,১,number,98.31
1557.jpg,5,2,২,,২,number,16.97
1557.jpg,6,2,২,,২,number,33.32
1557.jpg,7,8,,,,,
1557.jpg,8,0,,,,,
1557.jpg,ALL,N/A,১,শেরপুর,শেরপুর ১,summary,N/A
1728.jpg,1,99,,,,,
1728.jpg,2,33,,,,,
1728.jpg,3,3,,,,,
1728.jpg,4,4,,,,,
1728.jpg,5,5,,,,,
1728.jpg,6,6,৬,,৬,number,46.41
1728.jpg,7,7,,,,,
1728.jpg,8,8,,,,,
1728.jpg,ALL,N/A,৬,,৬,summary,N/A
672.jpg,1,83,,,,,
672.jpg,2,21,,,,,
672.jpg,3,3,,,,,
672.jpg,4,4,৪,,৪,number,28.03
672.jpg,5,5,,,,,
672.jpg,6,6,,,,,
672.jpg,7,7,৭,,৭,number,92.02
672.jpg,8,8,,,,,
672.jpg,ALL,N/A,৪,,৪,summary,N/A
2654.jpg,1,40,,ভোলা,ভোলা,word,83.63
2654.jpg,2,25,,,,,
2654.jpg,3,1,,,,,
2654.jpg,4,1,১১,,১১,number,52.48
2654.jpg,5,0,,,,,
2654.jpg,6,7,৭,,৭,number,95.66
2654.jpg,7,1,১,,১,number,98.83
2654.jpg,8,8,৮,,৮,number,99.99
2654.jpg,ALL,N/A,১১,ভোলা,ভোলা ১১,summary,N/A
2612.jpg,1,43,,,,,
2612.jpg,2,20,,,,,
2612.jpg,3,1,,,,,
2612.jpg,4,4,,,,,
2612.jpg,5,4,,,,,
2612.jpg,6,8,৮,,৮,number,98.76
2612.jpg,7,9,,,,,
2612.jpg,8,9,,,,,
2612.jpg,ALL,N/A,৮,,৮,summary,N/A
1659.jpg,1,59,,ঝালকাঠি,ঝালকাঠি,word,63.35
1659.jpg,2,27,,,,,
1659.jpg,3,1,,,,,
1659.jpg,4,2,১,,১,number,97.28
1659.jpg,5,3,,,,,
1659.jpg,6,4,,,,,
1659.jpg,7,5,,,,,
1659.jpg,8,6,৬৬,,৬৬,number,16.25
1659.jpg,ALL,N/A,১,ঝালকাঠি,ঝালকাঠি ১,summary,N/A
1320.jpg,1,79,০,,০,number,16.54
1320.jpg,2,27,,,,,
1320.jpg,3,3,,,,,
1320.jpg,4,4,,,,,
1320.jpg,5,7,,,,,
1320.jpg,6,8,৮,,৮,number,84.11
1320.jpg,7,9,,,,,
1320.jpg,8,0,,,,,
1320.jpg,ALL,N/A,০,,০,summary,N/A
1453.jpg,1,73,১১১,মৌলভীবাজার,মৌলভীবাজার,word,87.32
1453.jpg,2,20,,,,,
1453.jpg,3,1,১,,১,number,99.48
1453.jpg,4,1,১,,১,number,99.99
1453.jpg,5,2,১,,১,number,91.11
1453.jpg,6,8,৮,,৮,number,62.41
1453.jpg,7,4,,,,,
1453.jpg,8,4,,,,,
1453.jpg,ALL,N/A,১,মৌলভীবাজার,মৌলভীবাজার ১,summary,N/A
2633.jpg,1,44,,,,,
2633.jpg,2,10,,,,,
2633.jpg,3,27,,,,,
2633.jpg,4,9,,,,,
2633.jpg,5,4,,,,,
2633.jpg,6,4,,,,,
2633.jpg,7,0,,,,,
2633.jpg,8,1,,,,,
2633.jpg,9,1,,,,,
2633.jpg,ALL,N/A,,,N/A,summary,N/A
1581.jpg,1,96,,,,,
1581.jpg,2,12,৬,,৬,number,2.78
1581.jpg,3,7,,,,,
1581.jpg,4,8,,,,,
1581.jpg,5,9,,,,,
1581.jpg,6,0,,,,,
1581.jpg,7,1,,,,,
1581.jpg,8,2,,,,,
1581.jpg,ALL,N/A,৬,,৬,summary,N/A
55.jpg,1,49,,ঢাকা,ঢাকা,word,77.85
55.jpg,2,10,,,,,
55.jpg,3,34,,,,,
55.jpg,4,1,,,,,
55.jpg,5,2,,,,,
55.jpg,6,1,,,,,
55.jpg,7,0,,,,,
55.jpg,8,3,,,,,
55.jpg,9,4,,,,,
55.jpg,ALL,N/A,,ঢাকা,ঢাকা,summary,N/A
66.jpg,1,77,,নারায়ণগঞ্জ,নারায়ণগঞ্জ,word,75.62
66.jpg,2,15,,,,,
66.jpg,3,0,,,,,
66.jpg,4,0,,,,,
66.jpg,5,2,,,,,
66.jpg,6,1,,,,,
66.jpg,7,8,,,,,
66.jpg,8,7,,,,,
66.jpg,ALL,N/A,,নারায়ণগঞ্জ,নারায়ণগঞ্জ,summary,N/A
1184.jpg,1,68,,লালমনিরহাট,লালমনিরহাট,word,87.56
1184.jpg,2,12,,,,,
1184.jpg,3,3,,,,,
1184.jpg,4,4,,,,,
1184.jpg,5,5,,,,,
1184.jpg,6,6,,,,,
1184.jpg,7,7,৭,,৭,number,25.39
1184.jpg,8,8,,,,,
1184.jpg,ALL,N/A,৭,লালমনিরহাট,লালমনিরহাট ৭,summary,N/A
49.jpeg,1,44,,,,,
49.jpeg,2,10,,,,,
49.jpeg,3,31,,,,,
49.jpeg,4,1,,,,,
49.jpeg,5,1,,,,,
49.jpeg,6,7,,,,,
49.jpeg,7,10,,,,,
49.jpeg,8,4,,,,,
49.jpeg,9,8,,,,,
49.jpeg,10,2,,,,,
49.jpeg,ALL,N/A,,,N/A,summary,N/A
257.jpg,1,49,,,,,
257.jpg,2,10,,,,,
257.jpg,3,19,,,,,
257.jpg,4,1,,,,,
257.jpg,5,1,,,,,
257.jpg,6,6,,,,,
257.jpg,7,0,,,,,
257.jpg,8,0,,,,,
257.jpg,9,0,,,,,
257.jpg,ALL,N/A,,,N/A,summary,N/A
1251.jpg,1,73,,মৌলভীবাজার,মৌলভীবাজার,word,78.76
1251.jpg,2,100,,,,,
1251.jpg,3,2,২,,২,number,41.08
1251.jpg,4,2,২,,২,number,42.35
1251.jpg,5,3,৩,,৩,number,99.81
1251.jpg,6,1,১,,১,number,88.97
1251.jpg,7,5,৫,,৫,number,99.86
1251.jpg,8,6,৬,,৬,number,94.84
1251.jpg,ALL,N/A,২,মৌলভীবাজার,মৌলভীবাজার ২,summary,N/A
2481.jpg,1,62,,,,,
2481.jpg,2,20,,,,,
2481.jpg,3,1,,,,,
2481.jpg,4,1,,,,,
2481.jpg,5,3,,,,,
2481.jpg,6,7,,,,,
2481.jpg,7,7,,,,,
2481.jpg,8,5,,,,,
2481.jpg,ALL,N/A,,,N/A,summary,N/A
1592.jpg,1,96,,সুনামগঞ্জ,সুনামগঞ্জ,word,96.16
1592.jpg,2,25,,,,,
1592.jpg,3,0,,,,,
1592.jpg,4,0,,,,,
1592.jpg,5,1,১,,১,number,99.97
1592.jpg,6,1,১,,১,number,100.00
1592.jpg,7,8,,,,,
1592.jpg,8,8,,,,,
1592.jpg,ALL,N/A,১,সুনামগঞ্জ,সুনামগঞ্জ ১,summary,N/A
1559.jpg,1,95,,সিরাজগঞ্জ,সিরাজগঞ্জ,word,69.01
1559.jpg,2,20,,,,,
1559.jpg,3,1,১,,১,number,82.52
1559.jpg,4,3,,,,,
1559.jpg,5,3,,,,,
1559.jpg,6,5,,,,,
1559.jpg,7,4,,,,,
1559.jpg,8,7,,,,,
1559.jpg,ALL,N/A,১,সিরাজগঞ্জ,সিরাজগঞ্জ ১,summary,N/A
779.jpg,1,82,,নোয়াখালী,নোয়াখালী,word,69.15
779.jpg,2,15,৬,,৬,number,75.54
779.jpg,3,1,,,,,
779.jpg,4,1,,,,,
779.jpg,5,0,,,,,
779.jpg,6,0,,,,,
779.jpg,7,0,,,,,
779.jpg,8,6,৬,,৬,number,52.40
779.jpg,ALL,N/A,৬,নোয়াখালী,নোয়াখালী ৬,summary,N/A
252.jpg,1,49,,,,,
252.jpg,2,10,,,,,
252.jpg,3,18,,,,,
252.jpg,4,3,,,,,
252.jpg,5,3,,,,,
252.jpg,6,7,,,,,
252.jpg,7,9,,,,,
252.jpg,8,4,,,,,
252.jpg,9,1,,,,,
252.jpg,ALL,N/A,,,N/A,summary,N/A
650.jpg,1,82,,,,,
650.jpg,2,22,,,,,
650.jpg,3,3,,,,,
650.jpg,4,4,,,,,
650.jpg,5,5,,,,,
650.jpg,6,6,৬,,৬,number,3.92
650.jpg,7,7,,,,,
650.jpg,8,8,,,,,
650.jpg,ALL,N/A,৬,,৬,summary,N/A
562.jpg,1,52,,ফেনী,ফেনী,word,95.07
562.jpg,2,20,,,,,
562.jpg,3,1,১,,১,number,100.00
562.jpg,4,1,১,,১,number,100.00
562.jpg,5,8,৮,,৮,number,100.00
562.jpg,6,7,,,,,
562.jpg,7,5,,,,,
562.jpg,8,9,,,,,
562.jpg,ALL,N/A,১,ফেনী,ফেনী ১,summary,N/A
677.jpg,1,83,,,,,
677.jpg,2,21,,,,,
677.jpg,3,3,,,,,
677.jpg,4,4,,,,,
677.jpg,5,8,৩,,৩,number,45.71
677.jpg,6,9,,,,,
677.jpg,7,0,,,,,
677.jpg,8,7,,,,,
677.jpg,ALL,N/A,৩,,৩,summary,N/A
1841.jpg,1,57,,জামালপুর,জামালপুর,word,77.04
1841.jpg,2,20,,,,,
1841.jpg,3,1,,,,,
1841.jpg,4,1,,,,,
1841.jpg,5,3,,,,,
1841.jpg,6,0,,,,,
1841.jpg,7,2,,,,,
1841.jpg,8,0,,,,,
1841.jpg,ALL,N/A,,জামালপুর,জামালপুর,summary,N/A
169.jpeg,1,49,,ঢাকা,ঢাকা,word,98.09
169.jpeg,2,10,,মেট্রো,মেট্রো,word,70.42
169.jpeg,3,13,,,,,
169.jpeg,4,1,,,,,
169.jpeg,5,1,,,,,
169.jpeg,6,3,,,,,
169.jpeg,7,3,,,,,
169.jpeg,8,8,৮,,৮,number,81.93
169.jpeg,9,9,,,,,
169.jpeg,ALL,N/A,৮,ঢাকা,ঢাকা ৮,summary,N/A
1626.jpg,1,59,,ঝালকাঠি,ঝালকাঠি,word,98.25
1626.jpg,2,27,,,,,
1626.jpg,3,7,,,,,
1626.jpg,4,8,৮,,৮,number,40.69
1626.jpg,5,9,,,,,
1626.jpg,6,0,,,,,
1626.jpg,7,0,,,,,
1626.jpg,8,1,১,,১,number,99.99
1626.jpg,ALL,N/A,৮,ঝালকাঠি,ঝালকাঠি ৮,summary,N/A
1946.jpg,1,49,,,,,
1946.jpg,2,10,,,,,
1946.jpg,3,31,,,,,
1946.jpg,4,1,,,,,
1946.jpg,5,6,,,,,
1946.jpg,6,4,,,,,
1946.jpg,7,1,,,,,
1946.jpg,8,2,,,,,
1946.jpg,9,6,,,,,
1946.jpg,ALL,N/A,,,N/A,summary,N/A
1834.jpg,1,49,,,,,
1834.jpg,2,10,,মেট্রো,মেট্রো,word,60.17
1834.jpg,3,20,,,,,
1834.jpg,4,1,,,,,
1834.jpg,5,1,,,,,
1834.jpg,6,9,,,,,
1834.jpg,7,4,,,,,
1834.jpg,8,0,,,,,
1834.jpg,9,8,৮,,৮,number,98.09
1834.jpg,ALL,N/A,৮,মেট্রো,মেট্রো ৮,summary,N/A
671.jpg,1,83,,,,,
671.jpg,2,21,,,,,
671.jpg,3,1,,,,,
671.jpg,4,9,,,,,
671.jpg,5,5,,,,,
671.jpg,6,6,৬,,৬,number,18.44
671.jpg,7,7,০,,০,number,42.07
671.jpg,8,8,৩,,৩,number,15.02
671.jpg,ALL,N/A,৬,,৬,summary,N/A
1784.jpg,1,44,,,,,
1784.jpg,2,10,,,,,
1784.jpg,3,23,,,,,
1784.jpg,4,1,,,,,
1784.jpg,5,1,,,,,
1784.jpg,6,0,,,,,
1784.jpg,7,3,,,,,
1784.jpg,8,2,,,,,
1784.jpg,9,6,,,,,
1784.jpg,ALL,N/A,,,N/A,summary,N/A
1857.jpg,1,49,,ঢাকা,ঢাকা,word,90.63
1857.jpg,2,10,,মেট্রো,মেট্রো,word,78.66
1857.jpg,3,30,,,,,
1857.jpg,4,1,,,,,
1857.jpg,5,1,,,,,
1857.jpg,6,3,,,,,
1857.jpg,7,6,,,,,
1857.jpg,8,4,৪,,৪,number,92.30
1857.jpg,9,1,,,,,
1857.jpg,ALL,N/A,৪,ঢাকা,ঢাকা ৪,summary,N/A
2258.jpg,1,63,,খুলনা,খুলনা,word,98.92
2258.jpg,2,10,,মেট্রো,মেট্রো,word,95.52
2258.jpg,3,11,,,,,
2258.jpg,4,0,,,,,
2258.jpg,5,2,,,,,
2258.jpg,6,0,,,,,
2258.jpg,7,9,৫,,৫,number,42.01
2258.jpg,8,2,,,,,
2258.jpg,9,8,,,,,
2258.jpg,ALL,N/A,৫,খুলনা,খুলনা ৫,summary,N/A
804.jpg,1,83,,পাবনা,পাবনা,word,100.00
804.jpg,2,20,,,,,
804.jpg,3,1,১,,১,number,99.97
804.jpg,4,5,,,,,
804.jpg,5,6,৬,,৬,number,100.00
804.jpg,6,6,,,,,
804.jpg,7,6,,,,,
804.jpg,8,3,,,,,
804.jpg,ALL,N/A,১,পাবনা,পাবনা ১,summary,N/A
2465.jpg,1,82,,নোয়াখালী,নোয়াখালী,word,78.45
2465.jpg,2,25,,,,,
2465.jpg,3,1,,,,,
2465.jpg,4,1,১,,১,number,17.47
2465.jpg,5,0,,,,,
2465.jpg,6,3,৩,,৩,number,15.80
2465.jpg,7,5,৫,,৫,number,97.09
2465.jpg,8,8,,,,,
2465.jpg,ALL,N/A,১,নোয়াখালী,নোয়াখালী ১,summary,N/A
1416.jpg,1,69,,মাদারীপুর,মাদারীপুর,word,97.97
1416.jpg,2,25,,,,,
1416.jpg,3,1,,,,,
1416.jpg,4,1,,,,,
1416.jpg,5,2,২,,২,number,48.68
1416.jpg,6,2,২,,২,number,29.38
1416.jpg,7,6,,,,,
1416.jpg,8,9,,,,,
1416.jpg,ALL,N/A,২,মাদারীপুর,মাদারীপুর ২,summary,N/A
2220.jpg,1,49,,,,,
2220.jpg,2,10,,,,,
2220.jpg,3,19,,,,,
2220.jpg,4,1,,,,,
2220.jpg,5,8,৮,,৮,number,100.00
2220.jpg,6,0,,,,,
2220.jpg,7,5,৫,,৫,number,99.98
2220.jpg,8,2,,,,,
2220.jpg,9,1,১,,১,number,93.61
2220.jpg,ALL,N/A,৮,,৮,summary,N/A
2455.jpg,1,97,,সিলেট,সিলেট,word,96.53
2455.jpg,2,25,,,,,
2455.jpg,3,1,,,,,
2455.jpg,4,1,১,,১,number,44.56
2455.jpg,5,8,,,,,
2455.jpg,6,4,,,,,
2455.jpg,7,7,,,,,
2455.jpg,8,2,,,,,
2455.jpg,ALL,N/A,১,সিলেট,সিলেট ১,summary,N/A
1050.jpg,1,97,,সিলেট,সিলেট,word,99.70
1050.jpg,2,26,,,,,
1050.jpg,3,2,,,,,
1050.jpg,4,3,,,,,
1050.jpg,5,4,,,,,
1050.jpg,6,5,,,,,
1050.jpg,7,6,৬,,৬,number,99.97
1050.jpg,8,7,,,,,
1050.jpg,ALL,N/A,৬,সিলেট,সিলেট ৬,summary,N/A
1288.jpg,1,75,,নওগাঁ,নওগাঁ,word,84.11
1288.jpg,2,33,,,,,
1288.jpg,3,5,,,,,
1288.jpg,4,6,৬,,৬,number,42.69
1288.jpg,5,7,,,,,
1288.jpg,6,8,৩,,৩,number,9.07
1288.jpg,7,1,,,,,
1288.jpg,8,0,,,,,
1288.jpg,ALL,N/A,৬,নওগাঁ,নওগাঁ ৬,summary,N/A
1595.jpg,1,96,,সুনামগঞ্জ,সুনামগঞ্জ,word,99.92
1595.jpg,2,20,,,,,
1595.jpg,3,1,১,,১,number,97.35
1595.jpg,4,1,১,,১,number,58.38
1595.jpg,5,4,,,,,
1595.jpg,6,5,,,,,
1595.jpg,7,8,৮,,৮,number,99.35
1595.jpg,8,3,,,,,
1595.jpg,ALL,N/A,১,সুনামগঞ্জ,সুনামগঞ্জ ১,summary,N/A
2044.jpg,1,49,,ঢাকা,ঢাকা,word,78.84
2044.jpg,2,10,,,,,
2044.jpg,3,19,,,,,
2044.jpg,4,1,,,,,
2044.jpg,5,5,৫,,৫,number,99.79
2044.jpg,6,4,৪,,৪,number,66.15
2044.jpg,7,9,,,,,
2044.jpg,8,4,,,,,
2044.jpg,9,3,,,,,
2044.jpg,ALL,N/A,৫,ঢাকা,ঢাকা ৫,summary,N/A
247.jpg,1,49,,,,,
247.jpg,2,10,,,,,
247.jpg,3,14,,,,,
247.jpg,4,7,,,,,
247.jpg,5,2,,,,,
247.jpg,6,0,,,,,
247.jpg,7,1,,,,,
247.jpg,8,1,,,,,
247.jpg,9,1,,,,,
247.jpg,ALL,N/A,,,N/A,summary,N/A
1227.jpg,1,71,,মানিকগঞ্জ,মানিকগঞ্জ,word,86.34
1227.jpg,2,17,,,,,
1227.jpg,3,3,,,,,
1227.jpg,4,4,,,,,
1227.jpg,5,5,,,,,
1227.jpg,6,6,,,,,
1227.jpg,7,7,৭,,৭,number,28.42
1227.jpg,8,8,,,,,
1227.jpg,ALL,N/A,৭,মানিকগঞ্জ,মানিকগঞ্জ ৭,summary,N/A
722.jpg,1,87,,,,,
722.jpg,2,10,,মেট্রো,মেট্রো,word,72.08
722.jpg,3,13,,,,,
722.jpg,4,0,,,,,
722.jpg,5,1,,,,,
722.jpg,6,3,৩,,৩,number,65.97
722.jpg,7,4,,,,,
722.jpg,8,5,,,,,
722.jpg,9,6,৬,,৬,number,100.00
722.jpg,ALL,N/A,৩,মেট্রো,মেট্রো ৩,summary,N/A
1120.jpg,1,63,,খুলনা,খুলনা,word,86.00
1120.jpg,2,10,,মেট্রো,মেট্রো,word,75.61
1120.jpg,3,32,,,,,
1120.jpg,4,7,,,,,
1120.jpg,5,8,৮,,৮,number,54.63
1120.jpg,6,9,,,,,
1120.jpg,7,0,,,,,
1120.jpg,8,0,,,,,
1120.jpg,9,1,,,,,
1120.jpg,ALL,N/A,৮,খুলনা,খুলনা ৮,summary,N/A
1216.jpg,1,70,,মাগুরা,মাগুরা,word,63.35
1216.jpg,2,16,,,,,
1216.jpg,3,2,১,,১,number,25.60
1216.jpg,4,2,১,,১,number,69.63
1216.jpg,5,3,৩,,৩,number,98.76
1216.jpg,6,1,,,,,
1216.jpg,7,5,৫,,৫,number,99.99
1216.jpg,8,6,৬,,৬,number,99.32
1216.jpg,ALL,N/A,১,মাগুরা,মাগুরা ১,summary,N/A
2090.jpg,1,49,,,,,
2090.jpg,2,10,,,,,
2090.jpg,3,18,,,,,
2090.jpg,4,1,,,,,
2090.jpg,5,8,৮,,৮,number,99.97
2090.jpg,6,1,১,,১,number,97.68
2090.jpg,7,3,,,,,
2090.jpg,8,6,,,,,
2090.jpg,9,9,,,,,
2090.jpg,ALL,N/A,৮,,৮,summary,N/A
154.jpeg,1,49,,ঢাকা,ঢাকা,word,91.86
154.jpeg,2,10,,,,,
154.jpeg,3,18,,,,,
154.jpeg,4,3,,,,,
154.jpeg,5,5,,,,,
154.jpeg,6,2,২,,২,number,99.18
154.jpeg,7,8,,,,,
154.jpeg,8,5,,,,,
154.jpeg,9,0,,,,,
154.jpeg,ALL,N/A,২,ঢাকা,ঢাকা ২,summary,N/A
2502.jpg,1,47,,,,,
2502.jpg,2,25,,,,,
2502.jpg,3,1,,,,,
2502.jpg,4,1,,,,,
2502.jpg,5,7,,,,,
2502.jpg,6,1,,,,,
2502.jpg,7,6,৬,,৬,number,100.00
2502.jpg,8,3,,,,,
2502.jpg,ALL,N/A,৬,,৬,summary,N/A
1497.jpg,1,76,,,,,
1497.jpg,2,25,,,,,
1497.jpg,3,1,,,,,
1497.jpg,4,1,,,,,
1497.jpg,5,0,,,,,
1497.jpg,6,5,৫,,৫,number,18.75
1497.jpg,7,4,৪,,৪,number,38.48
1497.jpg,8,2,,,,,
1497.jpg,ALL,N/A,৫,,৫,summary,N/A
1324.jpg,1,79,,নাটোর,নাটোর,word,88.04
1324.jpg,2,27,,,,,
1324.jpg,3,2,,,,,
1324.jpg,4,3,,,,,
1324.jpg,5,4,,,,,
1324.jpg,6,5,,,,,
1324.jpg,7,6,৬,,৬,number,99.84
1324.jpg,8,7,,,,,
1324.jpg,ALL,N/A,৬,নাটোর,নাটোর ৬,summary,N/A
719.jpg,1,87,,,,,
719.jpg,2,10,,মেট্রো,মেট্রো,word,90.53
719.jpg,3,13,৮,,৮,number,52.10
719.jpg,4,1,১,,১,number,97.30
719.jpg,5,1,১,,১,number,46.64
719.jpg,6,1,,,,,
719.jpg,7,9,,,,,
719.jpg,8,2,২,,২,number,99.95
719.jpg,9,8,৮,,৮,number,98.69
719.jpg,ALL,N/A,৮,মেট্রো,মেট্রো ৮,summary,N/A
2634.jpg,1,49,,ঢাকা,ঢাকা,word,94.80
2634.jpg,2,10,,মেট্রো,মেট্রো,word,97.10
2634.jpg,3,22,,,,,
2634.jpg,4,0,,,,,
2634.jpg,5,0,,,,,
2634.jpg,6,2,,,,,
2634.jpg,7,1,১,,১,number,98.41
2634.jpg,8,1,১,,১,number,94.60
2634.jpg,9,1,১,,১,number,97.56
2634.jpg,ALL,N/A,১,ঢাকা,ঢাকা ১,summary,N/A
1240.jpg,1,72,,মেহেরপুর,মেহেরপুর,word,79.89
1240.jpg,2,101,,,,,
1240.jpg,3,2,২,,২,number,17.64
1240.jpg,4,3,৩,,৩,number,77.24
1240.jpg,5,1,১,,১,number,84.12
1240.jpg,6,2,২,,২,number,97.22
1240.jpg,7,5,৫,,৫,number,99.64
1240.jpg,8,6,৬,,৬,number,99.26
1240.jpg,ALL,N/A,২,মেহেরপুর,মেহেরপুর ২,summary,N/A
1196.jpg,1,68,,লালমনিরহাট,লালমনিরহাট,word,80.68
1196.jpg,2,12,৬,,৬,number,28.26
1196.jpg,3,2,,,,,
1196.jpg,4,4,,,,,
1196.jpg,5,6,,,,,
1196.jpg,6,8,৮,,৮,number,57.76
1196.jpg,7,0,,,,,
1196.jpg,8,1,,,,,
1196.jpg,ALL,N/A,৬,লালমনিরহাট,লালমনিরহাট ৬,summary,N/A
1888.jpg,1,58,,যশোর,যশোর,word,97.02
1888.jpg,2,20,,,,,
1888.jpg,3,1,,,,,
1888.jpg,4,4,,,,,
1888.jpg,5,2,,,,,
1888.jpg,6,4,,,,,
1888.jpg,7,3,,,,,
1888.jpg,8,3,,,,,
1888.jpg,ALL,N/A,,যশোর,যশোর,summary,N/A
1125.jpg,1,63,,খুলনা,খুলনা,word,99.95
1125.jpg,2,10,,মেট্রো,মেট্রো,word,84.04
1125.jpg,3,32,,,,,
1125.jpg,4,1,,,,,
1125.jpg,5,2,,,,,
1125.jpg,6,3,,,,,
1125.jpg,7,4,,,,,
1125.jpg,8,8,,,,,
1125.jpg,9,9,,,,,
1125.jpg,ALL,N/A,,খুলনা,খুলনা,summary,N/A
1038.jpg,1,58,,যশোর,যশোর,word,99.68
1038.jpg,2,20,,,,,
1038.jpg,3,1,,,,,
1038.jpg,4,8,৮,,৮,number,98.38
1038.jpg,5,4,,,,,
1038.jpg,6,0,,,,,
1038.jpg,7,0,,,,,
1038.jpg,8,7,,,,,
1038.jpg,ALL,N/A,৮,যশোর,যশোর ৮,summary,N/A
851.jpg,1,87,,,,,
851.jpg,2,10,,,,,
851.jpg,3,25,,,,,
851.jpg,4,1,,,,,
851.jpg,5,1,,,,,
851.jpg,6,7,,,,,
851.jpg,7,0,,,,,
851.jpg,8,2,,,,,
851.jpg,9,6,,,,,
851.jpg,ALL,N/A,,,N/A,summary,N/A
2188.jpg,1,49,,,,,
2188.jpg,2,10,,,,,
2188.jpg,3,18,,,,,
2188.jpg,4,2,,,,,
2188.jpg,5,2,,,,,
2188.jpg,6,2,,,,,
2188.jpg,7,8,,,,,
2188.jpg,8,2,,,,,
2188.jpg,9,9,,,,,
2188.jpg,ALL,N/A,,,N/A,summary,N/A
1484.jpg,1,75,,,,,
1484.jpg,2,25,,,,,
1484.jpg,3,1,,,,,
1484.jpg,4,2,,,,,
1484.jpg,5,0,,,,,
1484.jpg,6,3,,,,,
1484.jpg,7,3,,,,,
1484.jpg,8,8,,,,,
1484.jpg,ALL,N/A,,,N/A,summary,N/A
1637.jpg,1,59,,ঝালকাঠি,ঝালকাঠি,word,96.98
1637.jpg,2,27,,,,,
1637.jpg,3,2,২,,২,number,56.29
1637.jpg,4,3,,,,,
1637.jpg,5,4,,,,,
1637.jpg,6,5,,,,,
1637.jpg,7,6,৬,,৬,number,99.96
1637.jpg,8,7,,,,,
1637.jpg,ALL,N/A,২,ঝালকাঠি,ঝালকাঠি ২,summary,N/A
579.jpg,1,54,,,,,
579.jpg,2,25,,,,,
579.jpg,3,1,,,,,
579.jpg,4,3,,,,,
579.jpg,5,5,,,,,
579.jpg,6,7,০,,০,number,44.66
579.jpg,7,9,,,,,
579.jpg,8,0,,,,,
579.jpg,ALL,N/A,০,,০,summary,N/A
96.jpeg,1,98,,,,,
96.jpeg,2,20,,,,,
96.jpeg,3,1,,,,,
96.jpeg,4,4,,,,,
96.jpeg,5,2,,,,,
96.jpeg,6,2,,,,,
96.jpeg,7,2,,,,,
96.jpeg,8,2,,,,,
96.jpeg,ALL,N/A,,,N/A,summary,N/A
22.jpeg,1,49,,ঢাকা,ঢাকা,word,87.70
22.jpeg,2,10,,,,,
22.jpeg,3,18,,,,,
22.jpeg,4,2,,,,,
22.jpeg,5,2,,,,,
22.jpeg,6,2,,,,,
22.jpeg,7,5,,,,,
22.jpeg,8,7,,,,,
22.jpeg,9,7,,,,,
22.jpeg,ALL,N/A,,ঢাকা,ঢাকা,summary,N/A
2190.jpg,1,49,,,,,
2190.jpg,2,10,,,,,
2190.jpg,3,18,,,,,
2190.jpg,4,3,,,,,
2190.jpg,5,3,,,,,
2190.jpg,6,0,,,,,
2190.jpg,7,5,,,,,
2190.jpg,8,7,,,,,
2190.jpg,9,5,,,,,
2190.jpg,ALL,N/A,,,N/A,summary,N/A
2183.jpg,1,49,,ঢাকা,ঢাকা,word,87.48
2183.jpg,2,10,,মেট্রো,মেট্রো,word,74.70
2183.jpg,3,18,,,,,
2183.jpg,4,4,,,,,
2183.jpg,5,3,,,,,
2183.jpg,6,8,৮,,৮,number,99.94
2183.jpg,7,3,,,,,
2183.jpg,8,5,৫,,৫,number,99.95
2183.jpg,9,9,৬,,৬,number,21.30
2183.jpg,ALL,N/A,৮,ঢাকা,ঢাকা ৮,summary,N/A
772.jpg,1,82,,,,,
772.jpg,2,25,,,,,
772.jpg,3,1,,,,,
772.jpg,4,1,,,,,
772.jpg,5,3,,,,,
772.jpg,6,0,,,,,
772.jpg,7,5,,,,,
772.jpg,8,9,,,,,
772.jpg,ALL,N/A,,,N/A,summary,N/A
2014.jpg,1,44,,,,,
2014.jpg,2,10,,মেট্রো,মেট্রো,word,75.40
2014.jpg,3,23,,,,,
2014.jpg,4,0,,,,,
2014.jpg,5,2,,,,,
2014.jpg,6,2,,,,,
2014.jpg,7,6,,,,,
2014.jpg,8,4,,,,,
2014.jpg,9,0,,,,,
2014.jpg,ALL,N/A,,মেট্রো,মেট্রো,summary,N/A
273.jpg,1,49,,,,,
273.jpg,2,10,,,,,
273.jpg,3,12,,,,,
273.jpg,4,1,,,,,
273.jpg,5,1,,,,,
273.jpg,6,1,,,,,
273.jpg,7,8,,,,,
273.jpg,8,9,,,,,
273.jpg,9,4,,,,,
273.jpg,ALL,N/A,,,N/A,summary,N/A
560.jpg,1,52,,,,,
560.jpg,2,18,,,,,
560.jpg,3,1,,,,,
560.jpg,4,4,,,,,
560.jpg,5,7,,,,,
560.jpg,6,8,,,,,
560.jpg,7,9,,,,,
560.jpg,8,2,,,,,
560.jpg,ALL,N/A,,,N/A,summary,N/A
1941.jpg,1,39,,,,,
1941.jpg,2,10,,,,,
1941.jpg,3,25,,,,,
1941.jpg,4,1,,,,,
1941.jpg,5,1,,,,,
1941.jpg,6,4,,,,,
1941.jpg,7,9,,,,,
1941.jpg,8,6,,,,,
1941.jpg,9,6,,,,,
1941.jpg,ALL,N/A,,,N/A,summary,N/A
1819.jpg,1,51,,ফরিদপুর,ফরিদপুর,word,92.29
1819.jpg,2,20,,,,,
1819.jpg,3,1,,,,,
1819.jpg,4,2,,,,,
1819.jpg,5,7,,,,,
1819.jpg,6,2,,,,,
1819.jpg,7,8,,,,,
1819.jpg,8,8,৮,,৮,number,98.92
1819.jpg,ALL,N/A,৮,ফরিদপুর,ফরিদপুর ৮,summary,N/A
932.jpg,1,98,,টাঙ্গাইল,টাঙ্গাইল,word,83.81
932.jpg,2,25,৫,,৫,number,49.49
932.jpg,3,1,১,,১,number,64.02
932.jpg,4,2,,,,,
932.jpg,5,4,৪,,৪,number,9.73
932.jpg,6,2,,,,,
932.jpg,7,6,,,,,
932.jpg,8,7,,,,,
932.jpg,ALL,N/A,৫,টাঙ্গাইল,টাঙ্গাইল ৫,summary,N/A
616.jpg,1,57,,জামালপুর,জামালপুর,word,93.96
616.jpg,2,23,,,,,
616.jpg,3,7,,,,,
616.jpg,4,8,৮,,৮,number,99.99
616.jpg,5,9,,,,,
616.jpg,6,0,,,,,
616.jpg,7,0,,,,,
616.jpg,8,1,,,,,
616.jpg,ALL,N/A,৮,জামালপুর,জামালপুর ৮,summary,N/A
115.jpeg,1,98,,,,,
115.jpeg,2,20,,,,,
115.jpeg,3,1,,,,,
115.jpeg,4,4,,,,,
115.jpeg,5,7,,,,,
115.jpeg,6,7,,,,,
115.jpeg,7,7,,,,,
115.jpeg,8,3,,,,,
115.jpeg,ALL,N/A,,,N/A,summary,N/A
1310.jpg,1,78,,,,,
1310.jpg,2,30,,,,,
1310.jpg,3,7,,,,,
1310.jpg,4,8,,,,,
1310.jpg,5,9,,,,,
1310.jpg,6,0,,,,,
1310.jpg,7,1,,,,,
1310.jpg,8,2,,,,,
1310.jpg,ALL,N/A,,,N/A,summary,N/A
2582.jpg,1,47,,কক্সবাজার,কক্সবাজার,word,69.17
2582.jpg,2,25,,,,,
2582.jpg,3,0,,,,,
2582.jpg,4,4,,,,,
2582.jpg,5,8,৮,,৮,number,99.71
2582.jpg,6,1,১,,১,number,100.00
2582.jpg,7,1,১,,১,number,98.40
2582.jpg,8,1,১,,১,number,84.78
2582.jpg,ALL,N/A,১,কক্সবাজার,কক্সবাজার ১,summary,N/A
1971.jpg,1,63,,,,,
1971.jpg,2,10,,মেট্রো,মেট্রো,word,75.66
1971.jpg,3,31,,,,,
1971.jpg,4,1,,,,,
1971.jpg,5,1,,,,,
1971.jpg,6,1,,,,,
1971.jpg,7,6,,,,,
1971.jpg,8,3,,,,,
1971.jpg,9,6,,,,,
1971.jpg,ALL,N/A,,মেট্রো,মেট্রো,summary,N/A
1058.jpg,1,98,,টাঙ্গাইল,টাঙ্গাইল,word,78.39
1058.jpg,2,24,,,,,
1058.jpg,3,3,,,,,
1058.jpg,4,4,,,,,
1058.jpg,5,7,৭,,৭,number,25.47
1058.jpg,6,8,৮,,৮,number,92.74
1058.jpg,7,9,,,,,
1058.jpg,8,0,,,,,
1058.jpg,ALL,N/A,৭,টাঙ্গাইল,টাঙ্গাইল ৭,summary,N/A
110.jpeg,1,49,,ঢাকা,ঢাকা,word,72.89
110.jpeg,2,10,,,,,
110.jpeg,3,20,,,,,
110.jpeg,4,3,,,,,
110.jpeg,5,5,৫,,৫,number,98.40
110.jpeg,6,6,,,,,
110.jpeg,7,0,,,,,
110.jpeg,8,5,৫,,৫,number,20.17
110.jpeg,9,7,,,,,
110.jpeg,ALL,N/A,৫,ঢাকা,ঢাকা ৫,summary,N/A
549.jpg,1,51,,,,,
549.jpg,2,17,,,,,
549.jpg,3,1,,,,,
549.jpg,4,3,,,,,
549.jpg,5,5,,,,,
549.jpg,6,7,০,,০,number,34.58
549.jpg,7,9,,,,,
549.jpg,8,0,,,,,
549.jpg,ALL,N/A,০,,০,summary,N/A
1833.jpg,1,82,,নোয়াখালী,নোয়াখালী,word,63.17
1833.jpg,2,25,,,,,
1833.jpg,3,1,,,,,
1833.jpg,4,1,১,,১,number,99.76
1833.jpg,5,3,,,,,
1833.jpg,6,6,৬,,৬,number,99.92
1833.jpg,7,2,,,,,
1833.jpg,8,6,৬,,৬,number,100.00
1833.jpg,ALL,N/A,৬,নোয়াখালী,নোয়াখালী ৬,summary,N/A
1265.jpg,1,73,,মৌলভীবাজার,মৌলভীবাজার,word,83.88
1265.jpg,2,25,,,,,
1265.jpg,3,1,,,,,
1265.jpg,4,2,২,,২,number,99.70
1265.jpg,5,3,,,,,
1265.jpg,6,4,,,,,
1265.jpg,7,5,,,,,
1265.jpg,8,6,,,,,
1265.jpg,ALL,N/A,২,মৌলভীবাজার,মৌলভীবাজার ২,summary,N/A
1814.jpg,1,49,,ঢাকা,ঢাকা,word,88.00
1814.jpg,2,25,,,,,
1814.jpg,3,1,,,,,
1814.jpg,4,1,১,,১,number,10.37
1814.jpg,5,0,,,,,
1814.jpg,6,5,৫,,৫,number,87.94
1814.jpg,7,2,,,,,
1814.jpg,8,3,,,,,
1814.jpg,ALL,N/A,১,ঢাকা,ঢাকা ১,summary,N/A
887.jpg,1,39,,বরিশাল,বরিশাল,word,85.91
887.jpg,2,10,,মেট্রো,মেট্রো,word,91.61
887.jpg,3,20,,,,,
887.jpg,4,1,১,,১,number,99.90
887.jpg,5,2,১,,১,number,52.92
887.jpg,6,9,,,,,
887.jpg,7,7,,,,,
887.jpg,8,3,৩,,৩,number,99.92
887.jpg,9,4,৪,,৪,number,49.26
887.jpg,ALL,N/A,১,বরিশাল,বরিশাল ১,summary,N/A
1667.jpg,1,64,,,,,
1667.jpg,2,25,,,,,
1667.jpg,3,1,১,,১,number,99.99
1667.jpg,4,1,,,,,
1667.jpg,5,1,,,,,
1667.jpg,6,2,১,,১,number,96.91
1667.jpg,7,2,,,,,
1667.jpg,8,0,,,,,
1667.jpg,ALL,N/A,১,,১,summary,N/A
1395.jpg,1,92,,সাতক্ষীরা,সাতক্ষীরা,word,92.00
1395.jpg,2,20,,,,,
1395.jpg,3,1,১,,১,number,100.00
1395.jpg,4,1,১,,১,number,90.71
1395.jpg,5,7,৭,,৭,number,86.17
1395.jpg,6,3,,,,,
1395.jpg,7,6,,,,,
1395.jpg,8,5,৫,,৫,number,50.20
1395.jpg,ALL,N/A,১,সাতক্ষীরা,সাতক্ষীরা ১,summary,N/A
1299.jpg,1,77,,,,,
1299.jpg,2,31,৯,,৯,number,95.61
1299.jpg,3,8,৮,,৮,number,16.42
1299.jpg,4,9,,,,,
1299.jpg,5,0,,,,,
1299.jpg,6,1,,,,,
1299.jpg,7,7,,,,,
1299.jpg,8,8,৩,,৩,number,17.25
1299.jpg,ALL,N/A,৯,,৯,summary,N/A
997.jpg,1,54,,গাজীপুর,গাজীপুর,word,87.49
997.jpg,2,20,,,,,
997.jpg,3,1,,,,,
997.jpg,4,1,,,,,
997.jpg,5,3,,,,,
997.jpg,6,3,,,,,
997.jpg,7,4,,,,,
997.jpg,8,7,,,,,
997.jpg,ALL,N/A,,গাজীপুর,গাজীপুর,summary,N/A
2032.jpg,1,49,,,,,
2032.jpg,2,10,,,,,
2032.jpg,3,18,,,,,
2032.jpg,4,3,,,,,
2032.jpg,5,7,,,,,
2032.jpg,6,7,,,,,
2032.jpg,7,7,,,,,
2032.jpg,8,0,,,,,
2032.jpg,9,8,,,,,
2032.jpg,ALL,N/A,,,N/A,summary,N/A
426.jpg,1,40,,ভোলা,ভোলা,word,89.62
426.jpg,2,32,,,,,
426.jpg,3,5,,,,,
426.jpg,4,6,,,,,
426.jpg,5,7,,,,,
426.jpg,6,8,৮,,৮,number,19.78
426.jpg,7,9,,,,,
426.jpg,8,0,,,,,
426.jpg,ALL,N/A,৮,ভোলা,ভোলা ৮,summary,N/A
2275.jpg,1,49,,,,,
2275.jpg,2,10,৩,,৩,number,9.36
2275.jpg,3,20,,,,,
2275.jpg,4,4,৪,,৪,number,24.58
2275.jpg,5,2,,,,,
2275.jpg,6,8,৮,,৮,number,99.81
2275.jpg,7,1,১,,১,number,85.32
2275.jpg,8,2,,,,,
2275.jpg,9,8,৮,,৮,number,99.90
2275.jpg,ALL,N/A,৮,,৮,summary,N/A
858.jpg,1,87,,,,,
858.jpg,2,10,,মেট্রো,মেট্রো,word,84.70
858.jpg,3,25,,,,,
858.jpg,4,1,,,,,
858.jpg,5,1,১,,১,number,99.93
858.jpg,6,8,,,,,
858.jpg,7,3,৩,,৩,number,94.75
858.jpg,8,3,৩,,৩,number,66.24
858.jpg,9,7,,,,,
858.jpg,ALL,N/A,৩,মেট্রো,মেট্রো ৩,summary,N/A
2525.jpg,1,60,,ঝিনাইদহ,ঝিনাইদহ,word,84.98
2525.jpg,2,20,,,,,
2525.jpg,3,1,১,,১,number,99.99
2525.jpg,4,1,১,,১,number,99.43
2525.jpg,5,4,,,,,
2525.jpg,6,4,,,,,
2525.jpg,7,3,৩,,৩,number,84.64
2525.jpg,8,4,,,,,
2525.jpg,ALL,N/A,১,ঝিনাইদহ,ঝিনাইদহ ১,summary,N/A
2514.jpg,1,40,,,,,
2514.jpg,2,25,,,,,
2514.jpg,3,0,,,,,
2514.jpg,4,9,,,,,
2514.jpg,5,4,,,,,
2514.jpg,6,0,,,,,
2514.jpg,7,1,,,,,
2514.jpg,8,1,,,,,
2514.jpg,ALL,N/A,,,N/A,summary,N/A
1561.jpg,1,95,,সিরাজগঞ্জ,সিরাজগঞ্জ,word,90.95
1561.jpg,2,25,,,,,
1561.jpg,3,1,১,,১,number,100.00
1561.jpg,4,1,১,,১,number,99.99
1561.jpg,5,7,৭,,৭,number,47.28
1561.jpg,6,4,,,,,
1561.jpg,7,3,,,,,
1561.jpg,8,3,,,,,
1561.jpg,ALL,N/A,১,সিরাজগঞ্জ,সিরাজগঞ্জ ১,summary,N/A
2054.jpg,1,49,,ঢাকা,ঢাকা,word,69.93
2054.jpg,2,10,,,,,
2054.jpg,3,20,,,,,
2054.jpg,4,4,৪,,৪,number,32.61
2054.jpg,5,9,,,,,
2054.jpg,6,2,,,,,
2054.jpg,7,0,,,,,
2054.jpg,8,3,,,,,
2054.jpg,9,3,,,,,
2054.jpg,ALL,N/A,৪,ঢাকা,ঢাকা ৪,summary,N/A
256.jpg,1,49,,ঢাকা,ঢাকা,word,73.25
256.jpg,2,10,,মেট্রো,মেট্রো,word,96.18
256.jpg,3,12,,,,,
256.jpg,4,1,,,,,
256.jpg,5,1,,,,,
256.jpg,6,1,,,,,
256.jpg,7,5,,,,,
256.jpg,8,8,,,,,
256.jpg,9,4,,,,,
256.jpg,ALL,N/A,,ঢাকা,ঢাকা,summary,N/A
522.jpg,1,49,,,,,
522.jpg,2,14,,,,,
522.jpg,3,1,,,,,
522.jpg,4,3,,,,,
522.jpg,5,5,,,,,
522.jpg,6,7,০,,০,number,86.98
522.jpg,7,9,,,,,
522.jpg,8,0,,,,,
522.jpg,ALL,N/A,০,,০,summary,N/A
1612.jpg,1,99,,ঠাকুরগাঁও,ঠাকুরগাঁও,word,95.43
1612.jpg,2,20,,,,,
1612.jpg,3,1,১,,১,number,99.98
1612.jpg,4,2,,,,,
1612.jpg,5,6,৬,,৬,number,99.99
1612.jpg,6,0,,,,,
1612.jpg,7,3,,,,,
1612.jpg,8,8,৮,,৮,number,99.99
1612.jpg,ALL,N/A,১,ঠাকুরগাঁও,ঠাকুরগাঁও ১,summary,N/A
38.jpeg,1,49,৩৫,,৩৫,number,11.66
38.jpeg,2,10,,,,,
38.jpeg,3,34,,,,,
38.jpeg,4,1,,,,,
38.jpeg,5,1,,,,,
38.jpeg,6,4,,,,,
38.jpeg,7,4,,,,,
38.jpeg,8,0,,,,,
38.jpeg,9,3,,,,,
38.jpeg,ALL,N/A,৩৫,,৩৫,summary,N/A
1981.jpg,1,95,,সিরাজগঞ্জ,সিরাজগঞ্জ,word,72.30
1981.jpg,2,27,,,,,
1981.jpg,3,1,,,,,
1981.jpg,4,1,,,,,
1981.jpg,5,0,,,,,
1981.jpg,6,0,,,,,
1981.jpg,7,2,,,,,
1981.jpg,8,8,,,,,
1981.jpg,ALL,N/A,,সিরাজগঞ্জ,সিরাজগঞ্জ,summary,N/A
1051.jpg,1,98,,,,,
1051.jpg,2,24,,,,,
1051.jpg,3,3,,,,,
1051.jpg,4,4,,,,,
1051.jpg,5,5,,,,,
1051.jpg,6,6,,,,,
1051.jpg,7,7,,,,,
1051.jpg,8,8,,,,,
1051.jpg,ALL,N/A,,,N/A,summary,N/A
1220.jpg,1,70,,মাগুরা,মাগুরা,word,92.53
1220.jpg,2,16,,,,,
1220.jpg,3,5,,,,,
1220.jpg,4,6,৬,,৬,number,99.85
1220.jpg,5,7,,,,,
1220.jpg,6,8,,,,,
1220.jpg,7,1,,,,,
1220.jpg,8,0,,,,,
1220.jpg,ALL,N/A,৬,মাগুরা,মাগুরা ৬,summary,N/A
1186.jpg,1,68,,লালমনিরহাট,লালমনিরহাট,word,89.33
1186.jpg,2,12,৬,,৬,number,35.99
1186.jpg,3,2,২,,২,number,99.75
1186.jpg,4,3,৩,,৩,number,57.96
1186.jpg,5,4,,,,,
1186.jpg,6,5,৫,,৫,number,51.86
1186.jpg,7,6,৬,,৬,number,99.15
1186.jpg,8,7,,,,,
1186.jpg,ALL,N/A,৬,লালমনিরহাট,লালমনিরহাট ৬,summary,N/A
1790.jpg,1,49,,ঢাকা,ঢাকা,word,87.88
1790.jpg,2,10,,মেট্রো,মেট্রো,word,87.49
1790.jpg,3,13,,,,,
1790.jpg,4,1,১,,১,number,99.81
1790.jpg,5,1,১,,১,number,74.92
1790.jpg,6,2,,,,,
1790.jpg,7,7,,,,,
1790.jpg,8,2,,,,,
1790.jpg,9,9,১,,১,number,16.03
1790.jpg,ALL,N/A,১,ঢাকা,ঢাকা ১,summary,N/A
2213.jpg,1,49,,ঢাকা,ঢাকা,word,70.37
2213.jpg,2,10,,মেট্রো,মেট্রো,word,72.85
2213.jpg,3,25,,,,,
2213.jpg,4,3,,,,,
2213.jpg,5,5,,,,,
2213.jpg,6,7,,,,,
2213.jpg,7,0,,,,,
2213.jpg,8,5,,,,,
2213.jpg,9,8,,,,,
2213.jpg,ALL,N/A,,ঢাকা,ঢাকা,summary,N/A
1665.jpg,1,64,,কিশোরগঞ্জ,কিশোরগঞ্জ,word,89.19
1665.jpg,2,25,,,,,
1665.jpg,3,1,,,,,
1665.jpg,4,1,১,,১,number,100.00
1665.jpg,5,1,,,,,
1665.jpg,6,1,,,,,
1665.jpg,7,1,,,,,
1665.jpg,8,4,,,,,
1665.jpg,ALL,N/A,১,কিশোরগঞ্জ,কিশোরগঞ্জ ১,summary,N/A
502.jpg,1,48,,,,,
502.jpg,2,13,৬,,৬,number,6.54
502.jpg,3,8,,,,,
502.jpg,4,9,,,,,
502.jpg,5,0,,,,,
502.jpg,6,1,,,,,
502.jpg,7,2,,,,,
502.jpg,8,3,,,,,
502.jpg,ALL,N/A,৬,,৬,summary,N/A
2453.jpg,1,75,,,,,
2453.jpg,2,25,,,,,
2453.jpg,3,1,,,,,
2453.jpg,4,1,১,,১,number,70.15
2453.jpg,5,6,,,,,
2453.jpg,6,1,১,,১,number,88.84
2453.jpg,7,0,,,,,
2453.jpg,8,4,৪,,৪,number,83.85
2453.jpg,ALL,N/A,১,,১,summary,N/A
911.jpg,1,97,,সিলেট,সিলেট,word,79.65
911.jpg,2,20,,,,,
911.jpg,3,1,১,,১,number,99.99
911.jpg,4,3,৩,,৩,number,98.88
911.jpg,5,8,,,,,
911.jpg,6,4,,,,,
911.jpg,7,5,৫,,৫,number,21.45
911.jpg,8,2,,,,,
911.jpg,ALL,N/A,১,সিলেট,সিলেট ১,summary,N/A
569.jpg,1,52,,,,,
569.jpg,2,18,,,,,
569.jpg,3,1,,,,,
569.jpg,4,3,৩,,৩,number,99.64
569.jpg,5,5,,,,,
569.jpg,6,7,০,,০,number,39.07
569.jpg,7,9,,,,,
569.jpg,8,0,,,,,
569.jpg,ALL,N/A,৩,,৩,summary,N/A
1495.jpg,1,75,,নওগাঁ,নওগাঁ,word,73.41
1495.jpg,2,25,,,,,
1495.jpg,3,1,১,,১,number,99.99
1495.jpg,4,1,১,,১,number,100.00
1495.jpg,5,7,৭,,৭,number,54.97
1495.jpg,6,4,,,,,
1495.jpg,7,0,,,,,
1495.jpg,8,6,৬,,৬,number,100.00
1495.jpg,ALL,N/A,১,নওগাঁ,নওগাঁ ১,summary,N/A
1876.jpg,1,49,,,,,
1876.jpg,2,10,,,,,
1876.jpg,3,18,,,,,
1876.jpg,4,2,,,,,
1876.jpg,5,3,,,,,
1876.jpg,6,1,,,,,
1876.jpg,7,6,,,,,
1876.jpg,8,4,,,,,
1876.jpg,9,5,,,,,
1876.jpg,ALL,N/A,,,N/A,summary,N/A
1426.jpg,1,70,,,,,
1426.jpg,2,25,,,,,
1426.jpg,3,1,,,,,
1426.jpg,4,1,১,,১,number,99.86
1426.jpg,5,1,,,,,
1426.jpg,6,2,,,,,
1426.jpg,7,9,,,,,
1426.jpg,8,5,,,,,
1426.jpg,ALL,N/A,১,,১,summary,N/A
1985.jpg,1,49,,,,,
1985.jpg,2,10,,,,,
1985.jpg,3,31,,,,,
1985.jpg,4,1,,,,,
1985.jpg,5,3,,,,,
1985.jpg,6,0,,,,,
1985.jpg,7,4,,,,,
1985.jpg,8,3,,,,,
1985.jpg,9,9,,,,,
1985.jpg,ALL,N/A,,,N/A,summary,N/A
606.jpg,1,56,,,,,
606.jpg,2,22,,,,,
606.jpg,3,1,,,,,
606.jpg,4,2,,,,,
606.jpg,5,3,,,,,
606.jpg,6,4,৪,,৪,number,18.00
606.jpg,7,6,,,,,
606.jpg,8,5,,,,,
606.jpg,ALL,N/A,৪,,৪,summary,N/A
976.jpg,1,52,,,,,
976.jpg,2,20,,,,,
976.jpg,3,1,,,,,
976.jpg,4,2,,,,,
976.jpg,5,0,,,,,
976.jpg,6,7,,,,,
976.jpg,7,1,,,,,
976.jpg,8,5,,,,,
976.jpg,ALL,N/A,,,N/A,summary,N/A
2487.jpg,1,79,,নাটোর,নাটোর,word,99.68
2487.jpg,2,25,,,,,
2487.jpg,3,1,১,,১,number,95.17
2487.jpg,4,1,১,,১,number,90.25
2487.jpg,5,1,১,,১,number,100.00
2487.jpg,6,7,,,,,
2487.jpg,7,6,৬,,৬,number,85.11
2487.jpg,8,0,,,,,
2487.jpg,ALL,N/A,১,নাটোর,নাটোর ১,summary,N/A
798.jpg,1,39,,বরিশাল,বরিশাল,word,86.01
798.jpg,2,10,,,,,
798.jpg,3,20,,,,,
798.jpg,4,1,,,,,
798.jpg,5,2,,,,,
798.jpg,6,3,৩,,৩,number,75.21
798.jpg,7,6,৬,,৬,number,60.70
798.jpg,8,4,,,,,
798.jpg,9,8,,,,,
798.jpg,ALL,N/A,৩,বরিশাল,বরিশাল ৩,summary,N/A
923.jpg,1,97,,সিলেট,সিলেট,word,92.01
923.jpg,2,25,,,,,
923.jpg,3,1,,,,,
923.jpg,4,1,১,,১,number,30.83
923.jpg,5,8,৩,,৩,number,23.91
923.jpg,6,8,৮,,৮,number,96.92
923.jpg,7,8,,,,,
923.jpg,8,9,৯,,৯,number,85.97
923.jpg,ALL,N/A,১,সিলেট,সিলেট ১,summary,N/A
637.jpg,1,81,,নীলফামারী,নীলফামারী,word,95.64
637.jpg,2,25,,,,,
637.jpg,3,1,১,,১,number,100.00
637.jpg,4,1,১,,১,number,99.99
637.jpg,5,4,,,,,
637.jpg,6,6,,,,,
637.jpg,ALL,N/A,১,নীলফামারী,নীলফামারী ১,summary,N/A
1413.jpg,1,68,,লালমনিরহাট,লালমনিরহাট,word,86.08
1413.jpg,2,20,,,,,
1413.jpg,3,1,,,,,
1413.jpg,4,2,,,,,
1413.jpg,5,5,,,,,
1413.jpg,6,4,,,,,
1413.jpg,7,7,,,,,
1413.jpg,8,8,,,,,
1413.jpg,ALL,N/A,,লালমনিরহাট,লালমনিরহাট,summary,N/A
657.jpg,1,43,,,,,
657.jpg,2,15,,,,,
657.jpg,3,7,০,,০,number,47.52
657.jpg,4,8,,,,,
657.jpg,5,9,,,,,
657.jpg,6,0,,,,,
657.jpg,7,1,১,,১,number,3.00
657.jpg,8,2,,,,,
657.jpg,ALL,N/A,০,,০,summary,N/A
2041.jpg,1,49,,,,,
2041.jpg,2,10,,,,,
2041.jpg,3,24,,,,,
2041.jpg,4,1,,,,,
2041.jpg,5,2,,,,,
2041.jpg,6,3,,,,,
2041.jpg,7,7,৭,,৭,number,90.88
2041.jpg,8,0,,,,,
2041.jpg,9,3,,,,,
2041.jpg,ALL,N/A,৭,,৭,summary,N/A
342.jpg,1,49,,,,,
342.jpg,2,10,,,,,
342.jpg,3,18,,,,,
342.jpg,4,3,,,,,
342.jpg,5,3,,,,,
342.jpg,6,7,,,,,
342.jpg,7,5,,,,,
342.jpg,8,1,,,,,
342.jpg,9,1,,,,,
342.jpg,ALL,N/A,,,N/A,summary,N/A
2619.jpg,1,49,,ঢাকা,ঢাকা,word,69.76
2619.jpg,2,10,,মেট্রো,মেট্রো,word,81.82
2619.jpg,3,101,,,,,
2619.jpg,4,1,১,,১,number,91.86
2619.jpg,5,4,,,,,
2619.jpg,6,4,,,,,
2619.jpg,7,7,৭,,৭,number,64.59
2619.jpg,8,6,৬,,৬,number,42.33
2619.jpg,9,9,১,,১,number,23.77
2619.jpg,ALL,N/A,১,ঢাকা,ঢাকা ১,summary,N/A
2053.jpg,1,49,৬,,৬,number,27.79
2053.jpg,2,10,,,,,
2053.jpg,3,12,,,,,
2053.jpg,4,1,,,,,
2053.jpg,5,1,,,,,
2053.jpg,6,1,,,,,
2053.jpg,7,5,,,,,
2053.jpg,8,5,,,,,
2053.jpg,9,1,,,,,
2053.jpg,ALL,N/A,৬,,৬,summary,N/A
461.jpg,1,37,,,,,
461.jpg,2,15,,,,,
461.jpg,3,9,,,,,
461.jpg,4,0,,,,,
461.jpg,5,1,,,,,
461.jpg,6,2,,,,,
461.jpg,7,3,,,,,
461.jpg,8,4,,,,,
461.jpg,ALL,N/A,,,N/A,summary,N/A
755.jpg,1,35,,বাগেরহাট,বাগেরহাট,word,74.89
755.jpg,2,27,,,,,
755.jpg,3,5,,,,,
755.jpg,4,6,,,,,
755.jpg,5,7,৭,,৭,number,95.43
755.jpg,6,8,,,,,
755.jpg,7,9,,,,,
755.jpg,8,0,,,,,
755.jpg,ALL,N/A,৭,বাগেরহাট,বাগেরহাট ৭,summary,N/A
1642.jpg,1,63,,খুলনা,খুলনা,word,98.51
1642.jpg,2,10,,,,,
1642.jpg,3,25,,,,,
1642.jpg,4,1,,,,,
1642.jpg,5,1,১,,১,number,100.00
1642.jpg,6,1,১,,১,number,99.66
1642.jpg,7,3,,,,,
1642.jpg,8,4,,,,,
1642.jpg,9,5,৫,,৫,number,86.75
1642.jpg,ALL,N/A,১,খুলনা,খুলনা ১,summary,N/A
2532.jpg,1,47,,কক্সবাজার,কক্সবাজার,word,58.71
2532.jpg,2,20,,,,,
2532.jpg,3,0,,,,,
2532.jpg,4,5,,,,,
2532.jpg,5,1,,,,,
2532.jpg,6,0,,,,,
2532.jpg,7,1,১,,১,number,99.83
2532.jpg,8,1,১,,১,number,20.83
2532.jpg,ALL,N/A,১,কক্সবাজার,কক্সবাজার ১,summary,N/A
1871.jpg,1,49,,ঢাকা,ঢাকা,word,99.75
1871.jpg,2,10,,মেট্রো,মেট্রো,word,92.29
1871.jpg,3,24,,,,,
1871.jpg,4,1,,,,,
1871.jpg,5,1,১,,১,number,99.76
1871.jpg,6,3,,,,,
1871.jpg,7,8,৮,,৮,number,99.98
1871.jpg,8,2,২,,২,number,77.68
1871.jpg,9,6,৬,,৬,number,100.00
1871.jpg,ALL,N/A,১,ঢাকা,ঢাকা ১,summary,N/A
1886.jpg,1,49,,ঢাকা,ঢাকা,word,99.36
1886.jpg,2,10,,,,,
1886.jpg,3,18,,,,,
1886.jpg,4,2,,,,,
1886.jpg,5,1,১,,১,number,26.66
1886.jpg,6,8,৮,,৮,number,99.83
1886.jpg,7,6,৬,,৬,number,100.00
1886.jpg,8,3,,,,,
1886.jpg,9,5,৫,,৫,number,99.41
1886.jpg,ALL,N/A,১,ঢাকা,ঢাকা ১,summary,N/A
1670.jpg,1,59,,ঝালকাঠি,ঝালকাঠি,word,95.97
1670.jpg,2,27,,,,,
1670.jpg,3,1,,,,,
1670.jpg,4,2,,,,,
1670.jpg,5,3,,,,,
1670.jpg,6,4,,,,,
1670.jpg,7,8,৮,,৮,number,76.65
1670.jpg,8,9,,,,,
1670.jpg,ALL,N/A,৮,ঝালকাঠি,ঝালকাঠি ৮,summary,N/A
2157.jpg,1,49,,,,,
2157.jpg,2,10,,,,,
2157.jpg,3,12,,,,,
2157.jpg,4,1,১,,১,number,99.29
2157.jpg,5,1,১,,১,number,58.42
2157.jpg,6,1,১,,১,number,64.26
2157.jpg,7,0,,,,,
2157.jpg,8,8,৮,,৮,number,54.28
2157.jpg,9,0,,,,,
2157.jpg,ALL,N/A,১,,১,summary,N/A
1853.jpg,1,49,,,,,
1853.jpg,2,10,,,,,
1853.jpg,3,20,,,,,
1853.jpg,4,1,,,,,
1853.jpg,5,1,,,,,
1853.jpg,6,0,,,,,
1853.jpg,7,1,,,,,
1853.jpg,8,3,,,,,
1853.jpg,9,4,,,,,
1853.jpg,ALL,N/A,,,N/A,summary,N/A
464.jpg,1,41,,,,,
464.jpg,2,31,,,,,
464.jpg,3,5,,,,,
464.jpg,4,6,,,,,
464.jpg,5,7,৭,,৭,number,64.26
464.jpg,6,8,,,,,
464.jpg,7,9,,,,,
464.jpg,8,0,,,,,
464.jpg,ALL,N/A,৭,,৭,summary,N/A
2028.jpg,1,49,,,,,
2028.jpg,2,10,,মেট্রো,মেট্রো,word,77.89
2028.jpg,3,18,,,,,
2028.jpg,4,2,,,,,
2028.jpg,5,9,,,,,
2028.jpg,6,3,,,,,
2028.jpg,7,5,৫,,৫,number,98.88
2028.jpg,8,9,,,,,
2028.jpg,9,2,,,,,
2028.jpg,ALL,N/A,৫,মেট্রো,মেট্রো ৫,summary,N/A
1827.jpg,1,41,,ব্রাহ্মণবাড়িয়া,ব্রাহ্মণবাড়িয়া,word,52.47
1827.jpg,2,25,,,,,
1827.jpg,3,1,,,,,
1827.jpg,4,1,১,,১,number,99.99
1827.jpg,5,2,,,,,
1827.jpg,6,0,,,,,
1827.jpg,7,8,৮,,৮,number,99.72
1827.jpg,8,1,,,,,
1827.jpg,ALL,N/A,১,ব্রাহ্মণবাড়িয়া,ব্রাহ্মণবাড়িয়া ১,summary,N/A
546.jpg,1,51,,ফরিদপুর,ফরিদপুর,word,74.25
546.jpg,2,17,,,,,
546.jpg,3,2,,,,,
546.jpg,4,2,,,,,
546.jpg,5,6,,,,,
546.jpg,6,8,৮,,৮,number,5.44
546.jpg,7,0,,,,,
546.jpg,8,1,১১,,১১,number,90.39
546.jpg,ALL,N/A,৮,ফরিদপুর,ফরিদপুর ৮,summary,N/A
1894.jpg,1,49,,ঢাকা,ঢাকা,word,99.77
1894.jpg,2,10,,মেট্রো,মেট্রো,word,87.56
1894.jpg,3,18,,,,,
1894.jpg,4,3,,,,,
1894.jpg,5,5,,,,,
1894.jpg,6,8,৮,,৮,number,100.00
1894.jpg,7,3,,,,,
1894.jpg,8,4,,,,,
1894.jpg,9,0,,,,,
1894.jpg,ALL,N/A,৮,ঢাকা,ঢাকা ৮,summary,N/A
1545.jpg,1,93,,,,,
1545.jpg,2,20,,,,,
1545.jpg,3,1,,,,,
1545.jpg,4,1,,,,,
1545.jpg,5,1,,,,,
1545.jpg,6,2,,,,,
1545.jpg,7,0,,,,,
1545.jpg,8,7,,,,,
1545.jpg,ALL,N/A,,,N/A,summary,N/A
467.jpg,1,42,,,,,
467.jpg,2,34,,,,,
467.jpg,3,9,,,,,
467.jpg,4,0,,,,,
467.jpg,5,1,,,,,
467.jpg,6,2,,,,,
467.jpg,7,3,,,,,
467.jpg,8,4,,,,,
467.jpg,ALL,N/A,,,N/A,summary,N/A
2613.jpg,1,84,,,,,
2613.jpg,2,25,,,,,
2613.jpg,3,1,১,,১,number,99.79
2613.jpg,4,1,১,,১,number,99.96
2613.jpg,5,0,,,,,
2613.jpg,6,2,,,,,
2613.jpg,7,4,,,,,
2613.jpg,8,8,,,,,
2613.jpg,ALL,N/A,১,,১,summary,N/A
1707.jpg,1,94,,শেরপুর,শেরপুর,word,69.11
1707.jpg,2,25,,,,,
1707.jpg,3,3,,,,,
1707.jpg,4,4,৪,,৪,number,14.91
1707.jpg,5,5,,,,,
1707.jpg,6,6,,,,,
1707.jpg,7,7,৭,,৭,number,98.86
1707.jpg,8,8,,,,,
1707.jpg,ALL,N/A,৪,শেরপুর,শেরপুর ৪,summary,N/A
746.jpg,1,58,,,,,
746.jpg,2,20,,,,,
746.jpg,3,1,,,,,
746.jpg,4,7,৭,,৭,number,68.43
746.jpg,5,7,,,,,
746.jpg,6,7,৮,,৮,number,99.95
746.jpg,7,3,,,,,
746.jpg,8,7,,,,,
746.jpg,ALL,N/A,৭,,৭,summary,N/A
998.jpg,1,54,,গাজীপুর,গাজীপুর,word,82.95
998.jpg,2,25,,,,,
998.jpg,3,1,১,,১,number,99.97
998.jpg,4,1,১,,১,number,65.42
998.jpg,5,3,৩,,৩,number,96.73
998.jpg,6,1,১,,১,number,99.65
998.jpg,7,4,,,,,
998.jpg,8,9,,,,,
998.jpg,ALL,N/A,১,গাজীপুর,গাজীপুর ১,summary,N/A
414.jpg,1,44,,,,,
414.jpg,2,10,৩,,৩,number,18.76
414.jpg,3,15,,,,,
414.jpg,4,3,,,,,
414.jpg,5,4,,,,,
414.jpg,6,5,,,,,
414.jpg,7,6,,,,,
414.jpg,8,7,,,,,
414.jpg,9,8,,,,,
414.jpg,ALL,N/A,৩,,৩,summary,N/A
255.jpg,1,49,,,,,
255.jpg,2,10,,,,,
255.jpg,3,18,,,,,
255.jpg,4,3,,,,,
255.jpg,5,9,,,,,
255.jpg,6,1,,,,,
255.jpg,7,7,,,,,
255.jpg,8,8,,,,,
255.jpg,9,6,,,,,
255.jpg,ALL,N/A,,,N/A,summary,N/A
1087.jpg,1,61,,জয়পুরহাট,জয়পুরহাট,word,89.14
1087.jpg,2,29,,,,,
1087.jpg,3,7,,,,,
1087.jpg,4,8,৮,,৮,number,90.69
1087.jpg,5,9,,,,,
1087.jpg,6,0,,,,,
1087.jpg,7,1,,,,,
1087.jpg,8,0,,,,,
1087.jpg,ALL,N/A,৮,জয়পুরহাট,জয়পুরহাট ৮,summary,N/A
2398.jpg,1,44,,,,,
2398.jpg,2,10,,,,,
2398.jpg,3,18,,,,,
2398.jpg,4,1,,,,,
2398.jpg,5,3,,,,,
2398.jpg,6,3,,,,,
2398.jpg,7,5,,,,,
2398.jpg,8,5,,,,,
2398.jpg,9,1,১,,১,number,65.84
2398.jpg,ALL,N/A,১,,১,summary,N/A
806.jpg,1,85,,পটুয়াখালী,পটুয়াখালী,word,77.45
806.jpg,2,25,,,,,
806.jpg,3,1,১,,১,number,86.14
806.jpg,4,1,১১,,১১,number,4.29
806.jpg,5,0,,,,,
806.jpg,6,4,,,,,
806.jpg,7,6,৬,,৬,number,99.99
806.jpg,8,2,১,,১,number,16.58
806.jpg,ALL,N/A,১,পটুয়াখালী,পটুয়াখালী ১,summary,N/A
1570.jpg,1,95,,সিরাজগঞ্জ,সিরাজগঞ্জ,word,96.87
1570.jpg,2,20,,,,,
1570.jpg,3,1,১,,১,number,99.99
1570.jpg,4,1,,,,,
1570.jpg,5,2,,,,,
1570.jpg,6,4,,,,,
1570.jpg,7,5,৫,,৫,number,63.46
1570.jpg,8,5,৫,,৫,number,37.18
1570.jpg,ALL,N/A,৫,সিরাজগঞ্জ,সিরাজগঞ্জ ৫,summary,N/A
497.jpg,1,48,,কুমিল্লা,কুমিল্লা,word,95.05
497.jpg,2,13,,,,,
497.jpg,3,7,,,,,
497.jpg,4,8,৮,,৮,number,64.56
497.jpg,5,9,,,,,
497.jpg,6,0,,,,,
497.jpg,7,1,,,,,
497.jpg,8,0,,,,,
497.jpg,ALL,N/A,৮,কুমিল্লা,কুমিল্লা ৮,summary,N/A
872.jpg,1,87,,,,,
872.jpg,2,10,,মেট্রো,মেট্রো,word,87.65
872.jpg,3,101,,,,,
872.jpg,4,1,,,,,
872.jpg,5,1,,,,,
872.jpg,6,1,,,,,
872.jpg,7,0,,,,,
872.jpg,8,0,,,,,
872.jpg,9,7,,,,,
872.jpg,ALL,N/A,,মেট্রো,মেট্রো,summary,N/A
2325.jpg,1,49,,,,,
2325.jpg,2,10,,,,,
2325.jpg,3,18,,,,,
2325.jpg,4,0,,,,,
2325.jpg,5,1,,,,,
2325.jpg,6,4,,,,,
2325.jpg,7,5,৫,,৫,number,38.69
2325.jpg,8,5,,,,,
2325.jpg,9,2,,,,,
2325.jpg,ALL,N/A,৫,,৫,summary,N/A
1508.jpg,1,79,,নাটোর,নাটোর,word,96.93
1508.jpg,2,20,,,,,
1508.jpg,3,1,,,,,
1508.jpg,4,2,,,,,
1508.jpg,5,7,৭,,৭,number,52.52
1508.jpg,6,3,,,,,
1508.jpg,7,9,,,,,
1508.jpg,8,4,,,,,
1508.jpg,ALL,N/A,৭,নাটোর,নাটোর ৭,summary,N/A
883.jpg,1,88,,রাজবাড়ী,রাজবাড়ী,word,87.32
883.jpg,2,25,,,,,
883.jpg,3,1,১,,১,number,99.83
883.jpg,4,1,১,,১,number,99.96
883.jpg,ALL,N/A,১,রাজবাড়ী,রাজবাড়ী ১,summary,N/A
2489.jpg,1,49,,,,,
2489.jpg,2,10,,,,,
2489.jpg,3,31,,,,,
2489.jpg,4,2,,,,,
2489.jpg,5,2,,,,,
2489.jpg,6,3,,,,,
2489.jpg,7,3,,,,,
2489.jpg,8,7,,,,,
2489.jpg,9,5,,,,,
2489.jpg,ALL,N/A,,,N/A,summary,N/A
1255.jpg,1,73,,মৌলভীবাজার,মৌলভীবাজার,word,89.58
1255.jpg,2,100,,,,,
1255.jpg,3,5,,,,,
1255.jpg,4,6,৬,,৬,number,99.88
1255.jpg,5,7,,,,,
1255.jpg,6,8,,,,,
1255.jpg,7,1,,,,,
1255.jpg,8,0,,,,,
1255.jpg,ALL,N/A,৬,মৌলভীবাজার,মৌলভীবাজার ৬,summary,N/A
550.jpg,1,51,,,,,
550.jpg,2,17,,,,,
550.jpg,3,1,,,,,
550.jpg,4,4,,,,,
550.jpg,5,7,,,,,
550.jpg,6,8,,,,,
550.jpg,7,9,,,,,
550.jpg,8,2,,,,,
550.jpg,ALL,N/A,,,N/A,summary,N/A
653.jpg,1,82,,নোয়াখালী,নোয়াখালী,word,74.76
653.jpg,2,22,,,,,
653.jpg,3,2,২,,২,number,99.82
653.jpg,4,3,,,,,
653.jpg,5,4,,,,,
653.jpg,6,5,,,,,
653.jpg,7,6,৬,,৬,number,89.56
653.jpg,8,7,,,,,
653.jpg,ALL,N/A,২,নোয়াখালী,নোয়াখালী ২,summary,N/A
3.jpeg,1,74,,ময়মনসিংহ,ময়মনসিংহ,word,83.52
3.jpeg,2,25,,,,,
3.jpeg,3,1,,,,,
3.jpeg,4,1,,,,,
3.jpeg,5,4,,,,,
3.jpeg,6,2,,,,,
3.jpeg,7,5,,,,,
3.jpeg,8,5,,,,,
3.jpeg,ALL,N/A,,ময়মনসিংহ,ময়মনসিংহ,summary,N/A
829.jpg,1,86,,পিরোজপুর,পিরোজপুর,word,69.56
829.jpg,2,20,,,,,
829.jpg,3,1,,,,,
829.jpg,4,1,,,,,
829.jpg,5,4,,,,,
829.jpg,6,7,,,,,
829.jpg,7,8,,,,,
829.jpg,8,6,৬,,৬,number,98.36
829.jpg,ALL,N/A,৬,পিরোজপুর,পিরোজপুর ৬,summary,N/A
613.jpg,1,57,,জামালপুর,জামালপুর,word,94.90
613.jpg,2,23,,,,,
613.jpg,3,2,,,,,
613.jpg,4,4,,,,,
613.jpg,5,6,৬,,৬,number,91.31
613.jpg,6,8,৮,,৮,number,91.80
613.jpg,7,0,,,,,
613.jpg,8,1,১১,,১১,number,18.89
613.jpg,ALL,N/A,৬,জামালপুর,জামালপুর ৬,summary,N/A
2208.jpg,1,49,,,,,
2208.jpg,2,10,,,,,
2208.jpg,3,13,,,,,
2208.jpg,4,1,,,,,
2208.jpg,5,5,৫,,৫,number,97.97
2208.jpg,6,2,,,,,
2208.jpg,7,8,৮,,৮,number,98.30
2208.jpg,8,3,,,,,
2208.jpg,9,7,৭,,৭,number,65.69
2208.jpg,ALL,N/A,৫,,৫,summary,N/A
352.jpg,1,49,,,,,
352.jpg,2,10,,,,,
352.jpg,3,12,,,,,
352.jpg,4,1,,,,,
352.jpg,5,1,,,,,
352.jpg,6,1,,,,,
352.jpg,7,3,,,,,
352.jpg,8,5,,,,,
352.jpg,9,9,,,,,
352.jpg,ALL,N/A,,,N/A,summary,N/A
716.jpg,1,85,,,,,
716.jpg,2,19,৭,,৭,number,44.81
716.jpg,3,1,,,,,
716.jpg,4,2,১,,১,number,87.46
716.jpg,5,3,,,,,
716.jpg,6,4,,,,,
716.jpg,7,5,,,,,
716.jpg,8,6,,,,,
716.jpg,ALL,N/A,৭,,৭,summary,N/A
355.jpg,1,49,,ঢাকা,ঢাকা,word,88.48
355.jpg,2,10,,,,,
355.jpg,3,18,,,,,
355.jpg,4,2,,,,,
355.jpg,5,3,,,,,
355.jpg,6,7,,,,,
355.jpg,7,4,,,,,
355.jpg,8,7,,,,,
355.jpg,9,1,,,,,
355.jpg,ALL,N/A,,ঢাকা,ঢাকা,summary,N/A
1779.jpg,1,44,,,,,
1779.jpg,2,10,,মেট্রো,মেট্রো,word,90.74
1779.jpg,3,24,,,,,
1779.jpg,4,1,,,,,
1779.jpg,5,1,১,,১,number,100.00
1779.jpg,6,1,১,,১,number,99.99
1779.jpg,7,9,,,,,
1779.jpg,8,9,,,,,
1779.jpg,9,7,৭,,৭,number,92.45
1779.jpg,ALL,N/A,১,মেট্রো,মেট্রো ১,summary,N/A
2435.jpg,1,68,,,,,
2435.jpg,2,20,,,,,
2435.jpg,3,1,,,,,
2435.jpg,4,1,,,,,
2435.jpg,5,8,,,,,
2435.jpg,6,0,,,,,
2435.jpg,7,6,,,,,
2435.jpg,8,7,,,,,
2435.jpg,ALL,N/A,,,N/A,summary,N/A
2012.jpg,1,97,,সিলেট,সিলেট,word,95.96
2012.jpg,2,10,,মেট্রো,মেট্রো,word,93.47
2012.jpg,3,25,,,,,
2012.jpg,4,1,,,,,
2012.jpg,5,1,১,,১,number,99.99
2012.jpg,6,1,১,,১,number,99.99
2012.jpg,7,8,৮,,৮,number,97.78
2012.jpg,8,3,,,,,
2012.jpg,9,6,৬,,৬,number,100.00
2012.jpg,ALL,N/A,১,সিলেট,সিলেট ১,summary,N/A
1205.jpg,1,69,,মাদারীপুর,মাদারীপুর,word,88.42
1205.jpg,2,14,,,,,
1205.jpg,3,0,,,,,
1205.jpg,4,1,১,,১,number,68.68
1205.jpg,5,1,১,,১,number,69.97
1205.jpg,6,8,৮,,৮,number,33.72
1205.jpg,7,9,,,,,
1205.jpg,8,9,,,,,
1205.jpg,ALL,N/A,১,মাদারীপুর,মাদারীপুর ১,summary,N/A
1513.jpg,1,60,,ঝিনাইদহ,ঝিনাইদহ,word,96.66
1513.jpg,2,25,,,,,
1513.jpg,3,1,,,,,
1513.jpg,4,1,১,,১,number,100.00
1513.jpg,5,5,,,,,
1513.jpg,6,8,৮,,৮,number,99.14
1513.jpg,7,4,,,,,
1513.jpg,8,8,৮,,৮,number,99.94
1513.jpg,ALL,N/A,৮,ঝিনাইদহ,ঝিনাইদহ ৮,summary,N/A
536.jpg,1,50,,দিনাজপুর,দিনাজপুর,word,96.91
536.jpg,2,16,,,,,
536.jpg,3,1,,,,,
536.jpg,4,2,,,,,
536.jpg,5,3,,,,,
536.jpg,6,4,,,,,
536.jpg,7,8,৮,,৮,number,32.74
536.jpg,8,9,,,,,
536.jpg,ALL,N/A,৮,দিনাজপুর,দিনাজপুর ৮,summary,N/A
554.jpg,1,51,,,,,
554.jpg,2,17,,,,,
554.jpg,3,8,,,,,
554.jpg,4,9,,,,,
554.jpg,5,0,,,,,
554.jpg,6,1,,,,,
554.jpg,7,2,,,,,
554.jpg,8,3,,,,,
554.jpg,ALL,N/A,,,N/A,summary,N/A
1812.jpg,1,71,,মানিকগঞ্জ,মানিকগঞ্জ,word,86.44
1812.jpg,2,25,,,,,
1812.jpg,3,1,,,,,
1812.jpg,4,1,,,,,
1812.jpg,5,3,,,,,
1812.jpg,6,5,,,,,
1812.jpg,7,3,,,,,
1812.jpg,8,6,,,,,
1812.jpg,ALL,N/A,,মানিকগঞ্জ,মানিকগঞ্জ,summary,N/A
152.jpeg,1,79,,,,,
152.jpeg,2,20,,,,,
152.jpeg,3,1,,,,,
152.jpeg,4,1,,,,,
152.jpeg,5,2,,,,,
152.jpeg,6,9,,,,,
152.jpeg,7,9,,,,,
152.jpeg,8,8,,,,,
152.jpeg,ALL,N/A,,,N/A,summary,N/A
2410.jpg,1,49,,,,,
2410.jpg,2,10,,মেট্রো,মেট্রো,word,63.08
2410.jpg,3,18,,,,,
2410.jpg,4,3,,,,,
2410.jpg,5,4,,,,,
2410.jpg,6,5,,,,,
2410.jpg,7,0,,,,,
2410.jpg,8,3,,,,,
2410.jpg,9,5,,,,,
2410.jpg,ALL,N/A,,মেট্রো,মেট্রো,summary,N/A
1066.jpg,1,63,,খুলনা,খুলনা,word,99.80
1066.jpg,2,20,,,,,
1066.jpg,3,1,১,,১,number,95.20
1066.jpg,4,3,৩,,৩,number,99.62
1066.jpg,5,3,,,,,
1066.jpg,6,6,৬,,৬,number,95.65
1066.jpg,7,7,৭,,৭,number,68.01
1066.jpg,8,4,,,,,
1066.jpg,ALL,N/A,১,খুলনা,খুলনা ১,summary,N/A
2138.jpg,1,49,,ঢাকা,ঢাকা,word,60.70
2138.jpg,2,10,,,,,
2138.jpg,3,18,,,,,
2138.jpg,4,1,,,,,
2138.jpg,5,3,,,,,
2138.jpg,6,8,৮,,৮,number,99.91
2138.jpg,7,8,৮,,৮,number,97.26
2138.jpg,8,0,,,,,
2138.jpg,9,2,,,,,
2138.jpg,ALL,N/A,৮,ঢাকা,ঢাকা ৮,summary,N/A
383.jpg,1,44,,,,,
383.jpg,2,10,,মেট্রো,মেট্রো,word,63.89
383.jpg,3,15,,,,,
383.jpg,4,7,,,,,
383.jpg,5,8,,,,,
383.jpg,6,9,,,,,
383.jpg,7,0,,,,,
383.jpg,8,1,,,,,
383.jpg,9,2,,,,,
383.jpg,ALL,N/A,,মেট্রো,মেট্রো,summary,N/A
180.jpeg,1,57,,,,,
180.jpeg,2,20,,,,,
180.jpeg,3,1,,,,,
180.jpeg,4,1,,,,,
180.jpeg,5,3,,,,,
180.jpeg,6,2,,,,,
180.jpeg,7,0,,,,,
180.jpeg,8,0,,,,,
180.jpeg,ALL,N/A,,,N/A,summary,N/A
2636.jpg,1,47,,কক্সবাজার,কক্সবাজার,word,90.38
2636.jpg,2,13,,,,,
2636.jpg,3,0,,,,,
2636.jpg,4,0,,,,,
2636.jpg,5,0,,,,,
2636.jpg,6,0,,,,,
2636.jpg,7,1,১,,১,number,98.34
2636.jpg,8,1,১,,১,number,99.88
2636.jpg,ALL,N/A,১,কক্সবাজার,কক্সবাজার ১,summary,N/A
85.jpg,1,63,,খুলনা,খুলনা,word,98.56
85.jpg,2,10,,মেট্রো,মেট্রো,word,86.32
85.jpg,3,20,,,,,
85.jpg,4,1,,,,,
85.jpg,5,2,,,,,
85.jpg,6,6,,,,,
85.jpg,7,0,,,,,
85.jpg,8,5,৫,,৫,number,96.65
85.jpg,9,9,,,,,
85.jpg,ALL,N/A,৫,খুলনা,খুলনা ৫,summary,N/A
582.jpg,1,54,,গাজীপুর,গাজীপুর,word,83.08
582.jpg,2,25,,,,,
582.jpg,3,3,,,,,
582.jpg,4,4,,,,,
582.jpg,5,5,,,,,
582.jpg,6,6,,,,,
582.jpg,7,7,৭,,৭,number,78.50
582.jpg,8,8,৮,,৮,number,65.99
582.jpg,ALL,N/A,৭,গাজীপুর,গাজীপুর ৭,summary,N/A
701.jpg,1,86,,পিরোজপুর,পিরোজপুর,word,97.52
701.jpg,2,18,,,,,
701.jpg,3,3,,,,,
701.jpg,4,4,,,,,
701.jpg,5,7,৭,,৭,number,34.33
701.jpg,6,8,৮,,৮,number,80.84
701.jpg,7,9,,,,,
701.jpg,8,0,,,,,
701.jpg,ALL,N/A,৭,পিরোজপুর,পিরোজপুর ৭,summary,N/A
1904.jpg,1,49,৩,,৩,number,1.74
1904.jpg,2,10,,,,,
1904.jpg,3,26,,,,,
1904.jpg,4,1,,,,,
1904.jpg,5,1,,,,,
1904.jpg,6,1,,,,,
1904.jpg,7,8,৮,,৮,number,97.03
1904.jpg,8,1,,,,,
1904.jpg,9,8,৮,,৮,number,100.00
1904.jpg,ALL,N/A,৮,,৮,summary,N/A
2393.jpg,1,97,,সিলেট,সিলেট,word,83.41
2393.jpg,2,25,,,,,
2393.jpg,3,1,১,,১,number,73.67
2393.jpg,4,2,,,,,
2393.jpg,5,0,,,,,
2393.jpg,6,3,,,,,
2393.jpg,7,4,,,,,
2393.jpg,8,5,,,,,
2393.jpg,ALL,N/A,১,সিলেট,সিলেট ১,summary,N/A
913.jpg,1,97,,সিলেট,সিলেট,word,90.32
913.jpg,2,20,,,,,
913.jpg,3,1,,,,,
913.jpg,4,4,,,,,
913.jpg,5,4,,,,,
913.jpg,6,4,৪,,৪,number,26.50
913.jpg,7,7,,,,,
913.jpg,8,9,,,,,
913.jpg,ALL,N/A,৪,সিলেট,সিলেট ৪,summary,N/A
1636.jpg,1,62,,,,,
1636.jpg,2,25,,,,,
1636.jpg,3,1,১,,১,number,99.99
1636.jpg,4,1,১,,১,number,100.00
1636.jpg,5,0,,,,,
1636.jpg,6,5,,,,,
1636.jpg,7,9,৯,,৯,number,87.92
1636.jpg,8,0,,,,,
1636.jpg,ALL,N/A,১,,১,summary,N/A
97.jpeg,1,98,,,,,
97.jpeg,2,20,,,,,
97.jpeg,3,1,,,,,
97.jpeg,4,1,,,,,
97.jpeg,5,1,,,,,
97.jpeg,6,4,,,,,
97.jpeg,7,4,,,,,
97.jpeg,8,7,,,,,
97.jpeg,ALL,N/A,,,N/A,summary,N/A
790.jpg,1,83,,,,,
790.jpg,2,25,,,,,
790.jpg,3,1,,,,,
790.jpg,4,1,,,,,
790.jpg,5,2,,,,,
790.jpg,6,0,,,,,
790.jpg,7,4,৪,,৪,number,63.49
790.jpg,8,4,৪,,৪,number,76.79
790.jpg,ALL,N/A,৪,,৪,summary,N/A
2366.jpg,1,49,,,,,
2366.jpg,2,10,,,,,
2366.jpg,3,19,,,,,
2366.jpg,4,1,,,,,
2366.jpg,5,3,,,,,
2366.jpg,6,8,৮,,৮,number,99.98
2366.jpg,7,9,,,,,
2366.jpg,8,1,,,,,
2366.jpg,9,3,,,,,
2366.jpg,ALL,N/A,৮,,৮,summary,N/A
1668.jpg,1,64,,কিশোরগঞ্জ,কিশোরগঞ্জ,word,94.97
1668.jpg,2,25,,,,,
1668.jpg,3,1,,,,,
1668.jpg,4,1,১,,১,number,99.83
1668.jpg,5,4,,,,,
1668.jpg,6,5,,,,,
1668.jpg,7,9,,,,,
1668.jpg,8,0,,,,,
1668.jpg,ALL,N/A,১,কিশোরগঞ্জ,কিশোরগঞ্জ ১,summary,N/A
1881.jpg,1,97,,সিলেট,সিলেট,word,66.17
1881.jpg,2,24,,,,,
1881.jpg,3,1,,,,,
1881.jpg,4,1,,,,,
1881.jpg,5,0,,,,,
1881.jpg,6,3,,,,,
1881.jpg,7,2,,,,,
1881.jpg,8,0,,,,,
1881.jpg,ALL,N/A,,সিলেট,সিলেট,summary,N/A
2075.jpg,1,49,,,,,
2075.jpg,2,10,,,,,
2075.jpg,3,18,,,,,
2075.jpg,4,1,,,,,
2075.jpg,5,7,৭,,৭,number,37.37
2075.jpg,6,2,,,,,
2075.jpg,7,0,,,,,
2075.jpg,8,9,,,,,
2075.jpg,9,6,,,,,
2075.jpg,ALL,N/A,৭,,৭,summary,N/A
607.jpg,1,57,,,,,
607.jpg,2,23,,,,,
607.jpg,3,1,,,,,
607.jpg,4,2,,,,,
607.jpg,5,3,,,,,
607.jpg,6,4,৪,,৪,number,44.66
607.jpg,7,6,৬,,৬,number,100.00
607.jpg,8,5,,,,,
607.jpg,ALL,N/A,৪,,৪,summary,N/A
926.jpg,1,97,,সিলেট,সিলেট,word,80.26
926.jpg,2,20,,,,,
926.jpg,3,1,১,,১,number,59.40
926.jpg,4,1,১,,১,number,25.33
926.jpg,5,4,,,,,
926.jpg,6,8,৮,,৮,number,89.47
926.jpg,7,9,,,,,
926.jpg,8,7,,,,,
926.jpg,ALL,N/A,১,সিলেট,সিলেট ১,summary,N/A
2011.jpg,1,97,,সিলেট,সিলেট,word,94.13
2011.jpg,2,20,,,,,
2011.jpg,3,1,১,,১,number,33.91
2011.jpg,4,1,১,,১,number,99.99
2011.jpg,5,3,৩,,৩,number,98.99
2011.jpg,6,3,৩,,৩,number,100.00
2011.jpg,7,8,,,,,
2011.jpg,8,2,,,,,
2011.jpg,ALL,N/A,১,সিলেট,সিলেট ১,summary,N/A
2571.jpg,1,49,,ঢাকা,ঢাকা,word,91.32
2571.jpg,2,10,,মেট্রো,মেট্রো,word,93.33
2571.jpg,3,13,,,,,
2571.jpg,4,3,,,,,
2571.jpg,5,3,,,,,
2571.jpg,6,2,,,,,
2571.jpg,7,6,,,,,
2571.jpg,8,3,,,,,
2571.jpg,9,5,,,,,
2571.jpg,ALL,N/A,,ঢাকা,ঢাকা,summary,N/A
1511.jpg,1,79,,নাটোর,নাটোর,word,99.74
1511.jpg,2,25,,,,,
1511.jpg,3,1,,,,,
1511.jpg,4,1,১,,১,number,99.95
1511.jpg,5,1,১,,১,number,99.82
1511.jpg,6,5,,,,,
1511.jpg,7,7,৭,,৭,number,47.58
1511.jpg,8,2,,,,,
1511.jpg,ALL,N/A,১,নাটোর,নাটোর ১,summary,N/A
631.jpg,1,58,,যশোর,যশোর,word,90.53
631.jpg,2,26,,,,,
631.jpg,3,1,,,,,
631.jpg,4,2,১,,১,number,74.00
631.jpg,5,3,,,,,
631.jpg,6,4,,,,,
631.jpg,7,8,৮,,৮,number,82.89
631.jpg,8,9,,,,,
631.jpg,ALL,N/A,১,যশোর,যশোর ১,summary,N/A
1914.jpg,1,49,,,,,
1914.jpg,2,10,,,,,
1914.jpg,3,24,,,,,
1914.jpg,4,1,,,,,
1914.jpg,5,2,,,,,
1914.jpg,6,4,,,,,
1914.jpg,7,1,,,,,
1914.jpg,8,7,৭,,৭,number,30.52
1914.jpg,9,6,,,,,
1914.jpg,ALL,N/A,৭,,৭,summary,N/A
694.jpg,1,86,,,,,
694.jpg,2,18,,,,,
694.jpg,3,3,,,,,
694.jpg,4,4,,,,,
694.jpg,5,5,,,,,
694.jpg,6,6,৬,,৬,number,25.66
694.jpg,7,7,,,,,
694.jpg,8,8,,,,,
694.jpg,ALL,N/A,৬,,৬,summary,N/A
1177.jpg,1,67,,লক্ষ্মীপুর,লক্ষ্মীপুর,word,78.49
1177.jpg,2,11,,,,,
1177.jpg,3,7,,,,,
1177.jpg,4,8,৮,,৮,number,99.73
1177.jpg,5,9,,,,,
1177.jpg,6,1,,,,,
1177.jpg,7,0,,,,,
1177.jpg,8,0,,,,,
1177.jpg,ALL,N/A,৮,লক্ষ্মীপুর,লক্ষ্মীপুর ৮,summary,N/A
904.jpg,1,91,,রংপুর,রংপুর,word,78.26
904.jpg,2,20,,,,,
904.jpg,3,1,১,,১,number,100.00
904.jpg,4,1,১,,১,number,100.00
904.jpg,5,5,৫,,৫,number,96.39
904.jpg,6,9,৯,,৯,number,98.52
904.jpg,7,2,,,,,
904.jpg,8,4,,,,,
904.jpg,ALL,N/A,১,রংপুর,রংপুর ১,summary,N/A
1816.jpg,1,89,,রাজশাহী,রাজশাহী,word,85.70
1816.jpg,2,25,,,,,
1816.jpg,3,1,,,,,
1816.jpg,4,1,,,,,
1816.jpg,5,2,,,,,
1816.jpg,6,7,,,,,
1816.jpg,7,5,,,,,
1816.jpg,8,2,,,,,
1816.jpg,ALL,N/A,,রাজশাহী,রাজশাহী,summary,N/A
17.jpeg,1,44,,,,,
17.jpeg,2,10,,,,,
17.jpeg,3,13,,,,,
17.jpeg,4,1,,,,,
17.jpeg,5,1,,,,,
17.jpeg,6,2,,,,,
17.jpeg,7,6,,,,,
17.jpeg,8,9,,,,,
17.jpeg,9,3,,,,,
17.jpeg,ALL,N/A,,,N/A,summary,N/A
2648.jpg,1,65,,,,,
2648.jpg,2,20,,,,,
2648.jpg,3,1,১,,১,number,54.84
2648.jpg,4,1,১,,১,number,97.55
2648.jpg,5,7,৭,,৭,number,31.83
2648.jpg,6,7,৭,,৭,number,90.17
2648.jpg,7,5,,,,,
2648.jpg,8,4,,,,,
2648.jpg,ALL,N/A,১,,১,summary,N/A
1954.jpg,1,44,৮,,৮,number,23.61
1954.jpg,2,10,,,,,
1954.jpg,3,11,,,,,
1954.jpg,4,1,১,,১,number,99.97
1954.jpg,5,1,,,,,
1954.jpg,6,0,,,,,
1954.jpg,7,4,,,,,
1954.jpg,8,1,,,,,
1954.jpg,9,8,৮,,৮,number,100.00
1954.jpg,ALL,N/A,৮,,৮,summary,N/A
2272.jpg,1,49,,,,,
2272.jpg,2,10,,মেট্রো,মেট্রো,word,87.84
2272.jpg,3,20,,,,,
2272.jpg,4,4,,,,,
2272.jpg,5,1,,,,,
2272.jpg,6,4,,,,,
2272.jpg,7,7,৭,,৭,number,71.97
2272.jpg,8,3,,,,,
2272.jpg,9,7,৭,,৭,number,35.75
2272.jpg,ALL,N/A,৭,মেট্রো,মেট্রো ৭,summary,N/A
649.jpg,1,82,,নোয়াখালী,নোয়াখালী,word,77.84
649.jpg,2,22,,,,,
649.jpg,3,0,,,,,
649.jpg,4,1,,,,,
649.jpg,5,3,,,,,
649.jpg,6,4,,,,,
649.jpg,7,5,,,,,
649.jpg,8,6,৬,,৬,number,99.58
649.jpg,ALL,N/A,৬,নোয়াখালী,নোয়াখালী ৬,summary,N/A
2403.jpg,1,93,,,,,
2403.jpg,2,20,,,,,
2403.jpg,3,1,১,,১,number,99.99
2403.jpg,4,1,১,,১,number,99.98
2403.jpg,5,4,,,,,
2403.jpg,6,2,,,,,
2403.jpg,7,7,৭,,৭,number,84.47
2403.jpg,8,2,,,,,
2403.jpg,ALL,N/A,১,,১,summary,N/A
489.jpg,1,42,,চাঁদপুর,চাঁদপুর,word,94.71
489.jpg,2,34,,,,,
489.jpg,3,1,১,,১,number,93.77
489.jpg,4,2,১,,১,number,98.97
489.jpg,5,3,,,,,
489.jpg,6,4,,,,,
489.jpg,7,5,৫,,৫,number,98.59
489.jpg,8,6,৬,,৬,number,99.93
489.jpg,ALL,N/A,১,চাঁদপুর,চাঁদপুর ১,summary,N/A
451.jpg,1,47,,কক্সবাজার,কক্সবাজার,word,85.10
451.jpg,2,12,,,,,
451.jpg,3,5,,,,,
451.jpg,4,6,,,,,
451.jpg,5,7,,,,,
451.jpg,6,8,৮,,৮,number,94.01
451.jpg,7,0,,,,,
451.jpg,8,1,,,,,
451.jpg,ALL,N/A,৮,কক্সবাজার,কক্সবাজার ৮,summary,N/A
547.jpg,1,51,,,,,
547.jpg,2,17,,,,,
547.jpg,3,3,,,,,
547.jpg,4,4,,,,,
547.jpg,5,5,,,,,
547.jpg,6,6,,,,,
547.jpg,7,7,,,,,
547.jpg,8,8,,,,,
547.jpg,ALL,N/A,,,N/A,summary,N/A
2180.jpg,1,49,,,,,
2180.jpg,2,10,,,,,
2180.jpg,3,18,,,,,
2180.jpg,4,2,,,,,
2180.jpg,5,6,৬,,৬,number,96.88
2180.jpg,6,9,,,,,
2180.jpg,7,9,৫,,৫,number,12.51
2180.jpg,8,8,৮,,৮,number,100.00
2180.jpg,9,5,৫,,৫,number,78.50
2180.jpg,ALL,N/A,৫,,৫,summary,N/A
2196.jpg,1,49,,ঢাকা,ঢাকা,word,98.59
2196.jpg,2,10,,মেট্রো,মেট্রো,word,72.38
2196.jpg,3,24,,,,,
2196.jpg,4,1,,,,,
2196.jpg,5,2,২,,২,number,59.75
2196.jpg,6,8,৮,,৮,number,99.96
2196.jpg,7,4,,,,,
2196.jpg,8,4,,,,,
2196.jpg,9,2,,,,,
2196.jpg,ALL,N/A,২,ঢাকা,ঢাকা ২,summary,N/A
1889.jpg,1,49,,,,,
1889.jpg,2,10,,,,,
1889.jpg,3,18,,,,,
1889.jpg,4,3,,,,,
1889.jpg,5,2,,,,,
1889.jpg,6,3,,,,,
1889.jpg,7,7,৭,,৭,number,61.71
1889.jpg,8,9,,,,,
1889.jpg,9,8,৮,,৮,number,99.44
1889.jpg,ALL,N/A,৭,,৭,summary,N/A
1084.jpg,1,61,,,,,
1084.jpg,2,29,,,,,
1084.jpg,3,1,,,,,
1084.jpg,4,3,৩,,৩,number,99.66
1084.jpg,5,5,,,,,
1084.jpg,6,7,০,,০,number,62.93
1084.jpg,7,9,,,,,
1084.jpg,8,0,,,,,
1084.jpg,ALL,N/A,৩,,৩,summary,N/A
139.jpeg,1,75,,,,,
139.jpeg,2,17,,,,,
139.jpeg,3,0,,,,,
139.jpeg,4,2,,,,,
139.jpeg,5,2,,,,,
139.jpeg,6,0,,,,,
139.jpeg,7,6,,,,,
139.jpeg,8,6,,,,,
139.jpeg,ALL,N/A,,,N/A,summary,N/A
392.jpg,1,46,,চুয়াডাঙ্গা,চুয়াডাঙ্গা,word,82.06
392.jpg,2,11,,,,,
392.jpg,3,5,,,,,
392.jpg,4,6,৬,,৬,number,99.95
392.jpg,5,7,,,,,
392.jpg,6,8,৮,,৮,number,87.17
392.jpg,7,9,,,,,
392.jpg,8,0,,,,,
392.jpg,ALL,N/A,৬,চুয়াডাঙ্গা,চুয়াডাঙ্গা ৬,summary,N/A
196.jpeg,1,79,,,,,
196.jpeg,2,20,,,,,
196.jpeg,3,1,,,,,
196.jpeg,4,2,,,,,
196.jpeg,5,3,,,,,
196.jpeg,6,2,,,,,
196.jpeg,7,9,,,,,
196.jpeg,8,7,,,,,
196.jpeg,ALL,N/A,,,N/A,summary,N/A
1159.jpg,1,1,,,,,
1159.jpg,2,2,,,,,
1159.jpg,3,3,,,,,
1159.jpg,4,4,,,,,
1159.jpg,5,5,,,,,
1159.jpg,6,6,৬,,৬,number,99.99
1159.jpg,7,101,,,,,
1159.jpg,8,66,,,,,
1159.jpg,ALL,N/A,৬,,৬,summary,N/A
1061.jpg,1,98,,টাঙ্গাইল,টাঙ্গাইল,word,83.45
1061.jpg,2,24,৬,,৬,number,42.24
1061.jpg,3,1,,,,,
1061.jpg,4,2,১,,১,number,93.22
1061.jpg,5,3,,,,,
1061.jpg,6,4,,,,,
1061.jpg,7,5,,,,,
1061.jpg,8,6,৬,,৬,number,90.05
1061.jpg,ALL,N/A,৬,টাঙ্গাইল,টাঙ্গাইল ৬,summary,N/A
2589.jpg,1,40,,ভোলা,ভোলা,word,94.74
2589.jpg,2,1,১,,১,number,53.36
2589.jpg,3,4,,,,,
2589.jpg,4,2,২,,২,number,98.78
2589.jpg,5,17,,,,,
2589.jpg,ALL,N/A,১,ভোলা,ভোলা ১,summary,N/A
1039.jpg,1,97,,,,,
1039.jpg,2,26,,,,,
1039.jpg,3,3,,,,,
1039.jpg,4,4,,,,,
1039.jpg,5,5,,,,,
1039.jpg,6,7,,,,,
1039.jpg,7,6,৬,,৬,number,39.42
1039.jpg,8,8,,,,,
1039.jpg,ALL,N/A,৬,,৬,summary,N/A
1363.jpg,1,91,,রংপুর,রংপুর,word,99.61
1363.jpg,2,20,,,,,
1363.jpg,3,1,১,,১,number,99.99
1363.jpg,4,6,,,,,
1363.jpg,5,2,১,,১,number,86.78
1363.jpg,6,1,১,,১,number,97.44
1363.jpg,7,9,৯,,৯,number,99.94
1363.jpg,8,8,,,,,
1363.jpg,ALL,N/A,১,রংপুর,রংপুর ১,summary,N/A
1733.jpg,1,99,,,,,
1733.jpg,2,33,,,,,
1733.jpg,3,3,,,,,
1733.jpg,4,4,,,,,
1733.jpg,5,5,,,,,
1733.jpg,6,6,,,,,
1733.jpg,7,7,,,,,
1733.jpg,8,8,,,,,
1733.jpg,ALL,N/A,,,N/A,summary,N/A
1189.jpg,1,68,,লালমনিরহাট,লালমনিরহাট,word,94.22
1189.jpg,2,12,,,,,
1189.jpg,3,1,,,,,
1189.jpg,4,2,,,,,
1189.jpg,5,3,,,,,
1189.jpg,6,4,,,,,
1189.jpg,7,8,৩,,৩,number,14.53
1189.jpg,8,9,,,,,
1189.jpg,ALL,N/A,৩,লালমনিরহাট,লালমনিরহাট ৩,summary,N/A
2274.jpg,1,49,,,,,
2274.jpg,2,10,,,,,
2274.jpg,3,15,,,,,
2274.jpg,4,1,,,,,
2274.jpg,5,1,১১,,১১,number,54.93
2274.jpg,6,6,,,,,
2274.jpg,7,5,,,,,
2274.jpg,8,1,,,,,
2274.jpg,9,7,,,,,
2274.jpg,ALL,N/A,১১,,১১,summary,N/A
1417.jpg,1,69,,মাদারীপুর,মাদারীপুর,word,78.39
1417.jpg,2,25,,,,,
1417.jpg,3,1,,,,,
1417.jpg,4,1,,,,,
1417.jpg,5,2,,,,,
1417.jpg,6,9,১,,১,number,20.94
1417.jpg,7,6,৬,,৬,number,99.48
1417.jpg,8,4,,,,,
1417.jpg,ALL,N/A,১,মাদারীপুর,মাদারীপুর ১,summary,N/A
1219.jpg,1,70,,মাগুরা,মাগুরা,word,58.77
1219.jpg,2,16,,,,,
1219.jpg,3,8,,,,,
1219.jpg,4,8,৩,,৩,number,65.61
1219.jpg,5,9,,,,,
1219.jpg,6,0,,,,,
1219.jpg,7,1,,,,,
1219.jpg,8,7,,,,,
1219.jpg,ALL,N/A,৩,মাগুরা,মাগুরা ৩,summary,N/A
473.jpg,1,47,,,,,
473.jpg,2,12,,,,,
473.jpg,3,1,,,,,
473.jpg,4,2,২,,২,number,96.37
473.jpg,5,3,,,,,
473.jpg,6,4,,,,,
473.jpg,7,5,,,,,
473.jpg,8,6,৬,,৬,number,44.74
473.jpg,ALL,N/A,২,,২,summary,N/A
1003.jpg,1,55,,,,,
1003.jpg,2,25,,,,,
1003.jpg,3,1,,,,,
1003.jpg,4,1,১,,১,number,91.56
1003.jpg,5,1,,,,,
1003.jpg,6,3,,,,,
1003.jpg,7,4,,,,,
1003.jpg,8,7,,,,,
1003.jpg,ALL,N/A,১,,১,summary,N/A
1158.jpg,1,5,,,,,
1158.jpg,2,6,,,,,
1158.jpg,3,7,,,,,
1158.jpg,4,8,৮,,৮,number,85.00
1158.jpg,5,0,,,,,
1158.jpg,6,1,,,,,
1158.jpg,7,100,,,,,
1158.jpg,8,65,,কুড়িগ্রাম,কুড়িগ্রাম,word,84.24
1158.jpg,ALL,N/A,৮,কুড়িগ্রাম,কুড়িগ্রাম ৮,summary,N/A
193.jpeg,1,49,,ঢাকা,ঢাকা,word,92.62
193.jpeg,2,10,,,,,
193.jpeg,3,22,,,,,
193.jpeg,4,1,,,,,
193.jpeg,5,1,,,,,
193.jpeg,6,1,,,,,
193.jpeg,7,0,,,,,
193.jpeg,8,1,,,,,
193.jpeg,9,0,,,,,
193.jpeg,ALL,N/A,,ঢাকা,ঢাকা,summary,N/A
2411.jpg,1,49,,,,,
2411.jpg,2,10,,,,,
2411.jpg,3,18,,,,,
2411.jpg,4,1,১,,১,number,99.97
2411.jpg,5,6,৬,,৬,number,100.00
2411.jpg,6,6,৬,,৬,number,100.00
2411.jpg,7,7,৭,,৭,number,62.25
2411.jpg,8,1,১,,১,number,72.19
2411.jpg,9,2,২,,২,number,61.80
2411.jpg,ALL,N/A,১,,১,summary,N/A
29.jpeg,1,49,,ঢাকা,ঢাকা,word,90.98
29.jpeg,2,10,,,,,
29.jpeg,3,31,,,,,
29.jpeg,4,1,,,,,
29.jpeg,5,1,,,,,
29.jpeg,6,6,,,,,
29.jpeg,7,6,,,,,
29.jpeg,8,2,,,,,
29.jpeg,9,4,,,,,
29.jpeg,ALL,N/A,,ঢাকা,ঢাকা,summary,N/A
1294.jpg,1,77,,নারায়ণগঞ্জ,নারায়ণগঞ্জ,word,79.45
1294.jpg,2,31,,,,,
1294.jpg,3,1,,,,,
1294.jpg,4,4,,,,,
1294.jpg,5,7,,,,,
1294.jpg,6,8,৮,,৮,number,13.13
1294.jpg,7,9,,,,,
1294.jpg,8,2,,,,,
1294.jpg,ALL,N/A,৮,নারায়ণগঞ্জ,নারায়ণগঞ্জ ৮,summary,N/A
1191.jpg,1,68,,,,,
1191.jpg,2,12,,,,,
1191.jpg,3,3,,,,,
1191.jpg,4,4,,,,,
1191.jpg,5,5,,,,,
1191.jpg,6,6,,,,,
1191.jpg,7,7,,,,,
1191.jpg,8,8,৩,,৩,number,36.53
1191.jpg,ALL,N/A,৩,,৩,summary,N/A
2030.jpg,1,44,,,,,
2030.jpg,2,10,,,,,
2030.jpg,3,1,,,,,
2030.jpg,4,3,,,,,
2030.jpg,5,0,,,,,
2030.jpg,6,2,,,,,
2030.jpg,7,3,,,,,
2030.jpg,8,6,,,,,
2030.jpg,ALL,N/A,,,N/A,summary,N/A
711.jpg,1,85,,,,,
711.jpg,2,19,,,,,
711.jpg,3,3,,,,,
711.jpg,4,4,,,,,
711.jpg,5,5,,,,,
711.jpg,6,6,,,,,
711.jpg,7,7,,,,,
711.jpg,8,8,,,,,
711.jpg,ALL,N/A,,,N/A,summary,N/A
760.jpg,1,58,,যশোর,যশোর,word,87.72
760.jpg,2,20,,,,,
760.jpg,3,1,১,,১,number,99.96
760.jpg,4,8,৮,,৮,number,83.11
760.jpg,5,4,৪,,৪,number,49.15
760.jpg,6,4,,,,,
760.jpg,7,0,,,,,
760.jpg,8,2,,,,,
760.jpg,ALL,N/A,১,যশোর,যশোর ১,summary,N/A
710.jpg,1,85,,,,,
710.jpg,2,19,,,,,
710.jpg,3,0,,,,,
710.jpg,4,1,,,,,
710.jpg,5,3,,,,,
710.jpg,6,4,,,,,
710.jpg,7,5,৫,,৫,number,99.99
710.jpg,8,6,৬,,৬,number,66.56
710.jpg,ALL,N/A,৫,,৫,summary,N/A
589.jpg,1,55,,গোপালগঞ্জ,গোপালগঞ্জ,word,82.32
589.jpg,2,21,,,,,
589.jpg,3,5,,,,,
589.jpg,4,6,,,,,
589.jpg,5,7,,,,,
589.jpg,6,8,৮,,৮,number,81.81
589.jpg,7,0,,,,,
589.jpg,8,1,,,,,
589.jpg,ALL,N/A,৮,গোপালগঞ্জ,গোপালগঞ্জ ৮,summary,N/A
456.jpg,1,42,,চাঁদপুর,চাঁদপুর,word,89.57
456.jpg,2,34,,,,,
456.jpg,3,3,,,,,
456.jpg,4,4,,,,,
456.jpg,5,5,,,,,
456.jpg,6,6,,,,,
456.jpg,7,7,,,,,
456.jpg,8,8,৮,,৮,number,18.14
456.jpg,ALL,N/A,৮,চাঁদপুর,চাঁদপুর ৮,summary,N/A
912.jpg,1,97,,সিলেট,সিলেট,word,99.87
912.jpg,2,33,,,,,
912.jpg,3,1,১,,১,number,99.40
912.jpg,4,1,,,,,
912.jpg,5,2,১,,১,number,19.09
912.jpg,6,2,,,,,
912.jpg,7,4,,,,,
912.jpg,8,8,,,,,
912.jpg,ALL,N/A,১,সিলেট,সিলেট ১,summary,N/A
673.jpg,1,83,,,,,
673.jpg,2,21,,,,,
673.jpg,3,3,,,,,
673.jpg,4,4,,,,,
673.jpg,5,5,,,,,
673.jpg,6,6,৬,,৬,number,39.55
673.jpg,7,7,,,,,
673.jpg,8,8,,,,,
673.jpg,ALL,N/A,৬,,৬,summary,N/A
1400.jpg,1,0,,সাতক্ষীরা,সাতক্ষীরা,word,85.23
1400.jpg,2,26,,,,,
1400.jpg,3,2,২,,২,number,79.08
1400.jpg,4,3,৩,,৩,number,65.80
1400.jpg,5,4,,,,,
1400.jpg,6,5,,,,,
1400.jpg,7,6,৬,,৬,number,99.79
1400.jpg,8,7,,,,,
1400.jpg,ALL,N/A,২,সাতক্ষীরা,সাতক্ষীরা ২,summary,N/A
2572.jpg,1,49,,,,,
2572.jpg,2,10,,মেট্রো,মেট্রো,word,83.18
2572.jpg,3,31,,,,,
2572.jpg,4,5,,,,,
2572.jpg,5,0,,,,,
2572.jpg,6,1,,,,,
2572.jpg,7,0,,,,,
2572.jpg,8,3,,,,,
2572.jpg,9,1,,,,,
2572.jpg,ALL,N/A,,মেট্রো,মেট্রো,summary,N/A
147.jpeg,1,85,১১,পটুয়াখালী,১১,number,97.90
147.jpeg,2,20,৩,,৩,number,60.72
147.jpeg,3,1,,,,,
147.jpeg,4,1,,,,,
147.jpeg,5,3,,,,,
147.jpeg,6,6,৬,,৬,number,78.23
147.jpeg,7,1,১,,১,number,99.14
147.jpeg,8,8,,,,,
147.jpeg,ALL,N/A,১১,পটুয়াখালী,পটুয়াখালী ১১,summary,N/A
2439.jpg,1,67,,,,,
2439.jpg,2,20,,,,,
2439.jpg,3,1,,,,,
2439.jpg,4,1,,,,,
2439.jpg,5,6,,,,,
2439.jpg,6,5,,,,,
2439.jpg,7,2,,,,,
2439.jpg,8,3,,,,,
2439.jpg,ALL,N/A,,,N/A,summary,N/A
2470.jpg,1,49,,,,,
2470.jpg,2,10,,,,,
2470.jpg,3,25,,,,,
2470.jpg,4,4,,,,,
2470.jpg,5,4,৪,,৪,number,83.29
2470.jpg,6,5,,,,,
2470.jpg,7,1,,,,,
2470.jpg,8,6,,,,,
2470.jpg,9,0,,,,,
2470.jpg,ALL,N/A,৪,,৪,summary,N/A
1075.jpg,1,60,,,,,
1075.jpg,2,28,,,,,
1075.jpg,3,1,,,,,
1075.jpg,4,2,,,,,
1075.jpg,5,3,,,,,
1075.jpg,6,4,৪,,৪,number,16.14
1075.jpg,7,5,,,,,
1075.jpg,8,6,৬,,৬,number,100.00
1075.jpg,ALL,N/A,৪,,৪,summary,N/A
702.jpg,1,86,,পিরোজপুর,পিরোজপুর,word,95.50
702.jpg,2,18,,,,,
702.jpg,3,2,২,,২,number,99.94
702.jpg,4,3,,,,,
702.jpg,5,4,,,,,
702.jpg,6,5,,,,,
702.jpg,7,6,,,,,
702.jpg,8,7,,,,,
702.jpg,ALL,N/A,২,পিরোজপুর,পিরোজপুর ২,summary,N/A
282.jpg,1,49,,,,,
282.jpg,2,10,,মেট্রো,মেট্রো,word,76.60
282.jpg,3,12,,,,,
282.jpg,4,1,,,,,
282.jpg,5,1,,,,,
282.jpg,6,1,,,,,
282.jpg,7,8,,,,,
282.jpg,8,6,,,,,
282.jpg,9,0,,,,,
282.jpg,ALL,N/A,,মেট্রো,মেট্রো,summary,N/A
1424.jpg,1,70,,,,,
1424.jpg,2,25,,,,,
1424.jpg,3,1,,,,,
1424.jpg,4,1,,,,,
1424.jpg,5,3,,,,,
1424.jpg,6,4,,,,,
1424.jpg,7,9,,,,,
1424.jpg,8,8,,,,,
1424.jpg,ALL,N/A,,,N/A,summary,N/A
156.jpeg,1,49,,,,,
156.jpeg,2,10,,,,,
156.jpeg,3,18,,,,,
156.jpeg,4,4,,,,,
156.jpeg,5,2,,,,,
156.jpeg,6,2,১,,১,number,48.41
156.jpeg,7,3,,,,,
156.jpeg,8,0,,,,,
156.jpeg,9,0,,,,,
156.jpeg,ALL,N/A,১,,১,summary,N/A
1257.jpg,1,73,,মৌলভীবাজার,মৌলভীবাজার,word,95.67
1257.jpg,2,100,,,,,
1257.jpg,3,2,২,,২,number,99.74
1257.jpg,4,3,,,,,
1257.jpg,5,4,,,,,
1257.jpg,6,5,,,,,
1257.jpg,7,6,৬,,৬,number,99.60
1257.jpg,8,7,,,,,
1257.jpg,ALL,N/A,২,মৌলভীবাজার,মৌলভীবাজার ২,summary,N/A
1855.jpg,1,50,,দিনাজপুর,দিনাজপুর,word,99.97
1855.jpg,2,25,,,,,
1855.jpg,3,1,,,,,
1855.jpg,4,2,২,,২,number,97.23
1855.jpg,5,0,,,,,
1855.jpg,6,8,৮,,৮,number,99.98
1855.jpg,7,5,,,,,
1855.jpg,8,7,,,,,
1855.jpg,ALL,N/A,২,দিনাজপুর,দিনাজপুর ২,summary,N/A
2185.jpg,1,49,,,,,
2185.jpg,2,10,,,,,
2185.jpg,3,19,,,,,
2185.jpg,4,1,,,,,
2185.jpg,5,1,,,,,
2185.jpg,6,5,,,,,
2185.jpg,7,0,,,,,
2185.jpg,8,4,,,,,
2185.jpg,9,2,,,,,
2185.jpg,ALL,N/A,,,N/A,summary,N/A
763.jpg,1,81,,নীলফামারী,নীলফামারী,word,89.56
763.jpg,2,25,,,,,
763.jpg,3,1,১,,১,number,99.80
763.jpg,4,1,১,,১,number,87.07
763.jpg,5,2,২,,২,number,99.98
763.jpg,6,5,৫,,৫,number,40.94
763.jpg,7,6,৬,,৬,number,50.23
763.jpg,8,7,,,,,
763.jpg,ALL,N/A,১,নীলফামারী,নীলফামারী ১,summary,N/A
531.jpg,1,49,,,,,
531.jpg,2,14,,,,,
531.jpg,3,8,,,,,
531.jpg,4,9,,,,,
531.jpg,5,0,,,,,
531.jpg,6,1,,,,,
531.jpg,7,2,,,,,
531.jpg,8,3,,,,,
531.jpg,ALL,N/A,,,N/A,summary,N/A
1204.jpg,1,69,,মাদারীপুর,মাদারীপুর,word,88.52
1204.jpg,2,14,,,,,
1204.jpg,3,2,১,,১,number,13.63
1204.jpg,4,3,৩,,৩,number,85.34
1204.jpg,5,1,,,,,
1204.jpg,6,2,২,,২,number,36.12
1204.jpg,7,5,৫,,৫,number,99.63
1204.jpg,8,6,৬,,৬,number,99.44
1204.jpg,ALL,N/A,১,মাদারীপুর,মাদারীপুর ১,summary,N/A
1831.jpg,1,49,,ঢাকা,ঢাকা,word,87.71
1831.jpg,2,10,,,,,
1831.jpg,3,25,,,,,
1831.jpg,4,3,৩,,৩,number,99.78
1831.jpg,5,6,৬,,৬,number,99.99
1831.jpg,6,6,,,,,
1831.jpg,7,6,৬,,৬,number,99.80
1831.jpg,8,3,,,,,
1831.jpg,9,7,,,,,
1831.jpg,ALL,N/A,৬,ঢাকা,ঢাকা ৬,summary,N/A
1106.jpg,1,62,,,,,
1106.jpg,2,30,,,,,
1106.jpg,3,1,,,,,
1106.jpg,4,3,,,,,
1106.jpg,5,5,,,,,
1106.jpg,6,7,,,,,
1106.jpg,7,9,,,,,
1106.jpg,8,0,,,,,
1106.jpg,ALL,N/A,,,N/A,summary,N/A
1142.jpg,1,64,,কিশোরগঞ্জ,কিশোরগঞ্জ,word,83.95
1142.jpg,2,33,,,,,
1142.jpg,3,2,২,,২,number,99.85
1142.jpg,4,3,,,,,
1142.jpg,5,4,,,,,
1142.jpg,6,5,৫,,৫,number,99.21
1142.jpg,7,6,৬,,৬,number,78.62
1142.jpg,8,7,,,,,
1142.jpg,ALL,N/A,২,কিশোরগঞ্জ,কিশোরগঞ্জ ২,summary,N/A
909.jpg,1,50,,দিনাজপুর,দিনাজপুর,word,96.55
909.jpg,2,20,,,,,
909.jpg,3,1,১,,১,number,100.00
909.jpg,4,4,,,,,
909.jpg,5,4,,,,,
909.jpg,6,1,১,,১,number,100.00
909.jpg,7,1,,,,,
909.jpg,8,5,৫,,৫,number,86.10
909.jpg,ALL,N/A,১,দিনাজপুর,দিনাজপুর ১,summary,N/A
1140.jpg,1,64,,কিশোরগঞ্জ,কিশোরগঞ্জ,word,80.07
1140.jpg,2,33,,,,,
1140.jpg,3,3,,,,,
1140.jpg,4,4,,,,,
1140.jpg,5,5,,,,,
1140.jpg,6,6,৬,,৬,number,99.47
1140.jpg,7,7,৭,,৭,number,69.10
1140.jpg,8,8,,,,,
1140.jpg,ALL,N/A,৬,কিশোরগঞ্জ,কিশোরগঞ্জ ৬,summary,N/A
2497.jpg,1,71,,মানিকগঞ্জ,মানিকগঞ্জ,word,99.60
2497.jpg,2,25,,,,,
2497.jpg,3,1,১,,১,number,99.94
2497.jpg,4,1,১,,১,number,99.97
2497.jpg,5,3,৩,,৩,number,99.57
2497.jpg,6,5,,,,,
2497.jpg,7,3,,,,,
2497.jpg,8,6,,,,,
2497.jpg,ALL,N/A,১,মানিকগঞ্জ,মানিকগঞ্জ ১,summary,N/A
406.jpg,1,41,,,,,
406.jpg,2,31,,,,,
406.jpg,3,5,,,,,
406.jpg,4,6,,,,,
406.jpg,5,7,,,,,
406.jpg,6,8,৮,,৮,number,92.87
406.jpg,7,9,,,,,
406.jpg,8,0,,,,,
406.jpg,ALL,N/A,৮,,৮,summary,N/A
784.jpg,1,83,,,,,
784.jpg,2,25,,,,,
784.jpg,3,1,১,,১,number,99.78
784.jpg,4,1,,,,,
784.jpg,5,1,,,,,
784.jpg,6,3,,,,,
784.jpg,7,3,,,,,
784.jpg,8,0,,,,,
784.jpg,ALL,N/A,১,,১,summary,N/A
532.jpg,1,49,,,,,
532.jpg,2,14,,,,,
532.jpg,3,1,,,,,
532.jpg,4,2,১,,১,number,95.41
532.jpg,5,3,,,,,
532.jpg,6,4,,,,,
532.jpg,7,5,,,,,
532.jpg,8,6,৬,,৬,number,11.99
532.jpg,ALL,N/A,১,,১,summary,N/A
622.jpg,1,58,১,,১,number,0.81
622.jpg,2,26,,,,,
622.jpg,3,3,,,,,
622.jpg,4,4,,,,,
622.jpg,5,5,,,,,
622.jpg,6,6,,,,,
622.jpg,7,7,,,,,
622.jpg,8,8,৩,,৩,number,22.60
622.jpg,ALL,N/A,১,,১,summary,N/A
69.jpg,1,63,,,,,
69.jpg,2,10,,মেট্রো,মেট্রো,word,95.61
69.jpg,3,33,,,,,
69.jpg,4,1,১,,১,number,100.00
69.jpg,5,1,১,,১,number,99.99
69.jpg,6,0,,,,,
69.jpg,7,6,৬,,৬,number,96.87
69.jpg,8,5,,,,,
69.jpg,9,2,,,,,
69.jpg,ALL,N/A,১,মেট্রো,মেট্রো ১,summary,N/A
2304.jpg,1,49,৩,,৩,number,4.73
2304.jpg,2,10,৫,,৫,number,5.75
2304.jpg,3,22,,,,,
2304.jpg,4,1,১,,১,number,98.99
2304.jpg,5,1,,,,,
2304.jpg,6,1,১,,১,number,99.17
2304.jpg,7,3,,,,,
2304.jpg,8,3,,,,,
2304.jpg,9,6,৬,,৬,number,90.12
2304.jpg,ALL,N/A,১,,১,summary,N/A
981.jpg,1,52,,,,,
981.jpg,2,20,,,,,
981.jpg,3,1,১,,১,number,99.98
981.jpg,4,1,১,,১,number,96.83
981.jpg,5,9,৯,,৯,number,98.20
981.jpg,6,3,,,,,
981.jpg,7,6,,,,,
981.jpg,8,7,৭,,৭,number,72.92
981.jpg,ALL,N/A,১,,১,summary,N/A
67.jpg,1,63,,খুলনা,খুলনা,word,93.58
67.jpg,2,10,,,,,
67.jpg,3,33,,,,,
67.jpg,4,1,১,,১,number,91.88
67.jpg,5,1,,,,,
67.jpg,6,0,,,,,
67.jpg,7,6,,,,,
67.jpg,8,5,,,,,
67.jpg,9,2,,,,,
67.jpg,ALL,N/A,১,খুলনা,খুলনা ১,summary,N/A
2078.jpg,1,49,,,,,
2078.jpg,2,10,,,,,
2078.jpg,3,19,,,,,
2078.jpg,4,1,,,,,
2078.jpg,5,1,,,,,
2078.jpg,6,6,,,,,
2078.jpg,7,4,,,,,
2078.jpg,8,4,,,,,
2078.jpg,9,7,৭,,৭,number,45.45
2078.jpg,ALL,N/A,৭,,৭,summary,N/A
1097.jpg,1,60,,ঝিনাইদহ,ঝিনাইদহ,word,99.02
1097.jpg,2,28,,,,,
1097.jpg,3,1,,,,,
1097.jpg,4,2,২,,২,number,73.05
1097.jpg,5,3,,,,,
1097.jpg,6,4,,,,,
1097.jpg,7,8,৮,,৮,number,80.71
1097.jpg,8,9,,,,,
1097.jpg,ALL,N/A,২,ঝিনাইদহ,ঝিনাইদহ ২,summary,N/A
1603.jpg,1,99,,ঠাকুরগাঁও,ঠাকুরগাঁও,word,88.13
1603.jpg,2,20,,,,,
1603.jpg,3,1,,,,,
1603.jpg,4,2,,,,,
1603.jpg,5,2,,,,,
1603.jpg,6,6,,,,,
1603.jpg,7,6,৬,,৬,number,99.98
1603.jpg,8,8,৮,,৮,number,80.26
1603.jpg,ALL,N/A,৬,ঠাকুরগাঁও,ঠাকুরগাঁও ৬,summary,N/A
2517.jpg,1,46,,,,,
2517.jpg,2,20,,,,,
2517.jpg,3,1,১,,১,number,99.98
2517.jpg,4,3,৩,,৩,number,18.76
2517.jpg,5,2,,,,,
2517.jpg,6,6,৬,,৬,number,73.21
2517.jpg,7,3,৩,,৩,number,79.96
2517.jpg,8,7,৭,,৭,number,25.75
2517.jpg,ALL,N/A,৩,,৩,summary,N/A
2543.jpg,1,65,,,,,
2543.jpg,2,20,,,,,
2543.jpg,3,1,,,,,
2543.jpg,4,2,,,,,
2543.jpg,5,8,,,,,
2543.jpg,6,1,,,,,
2543.jpg,7,3,,,,,
2543.jpg,8,6,,,,,
2543.jpg,ALL,N/A,,,N/A,summary,N/A
264.jpg,1,49,,ঢাকা,ঢাকা,word,70.51
264.jpg,2,10,,,,,
264.jpg,3,24,,,,,
264.jpg,4,1,,,,,
264.jpg,5,3,,,,,
264.jpg,6,1,,,,,
264.jpg,7,7,,,,,
264.jpg,8,9,,,,,
264.jpg,9,9,,,,,
264.jpg,ALL,N/A,,ঢাকা,ঢাকা,summary,N/A
2618.jpg,1,65,,কুড়িগ্রাম,কুড়িগ্রাম,word,63.68
2618.jpg,2,25,,,,,
2618.jpg,3,1,,,,,
2618.jpg,4,1,১,,১,number,93.53
2618.jpg,5,2,,,,,
2618.jpg,6,2,,,,,
2618.jpg,7,8,,,,,
2618.jpg,8,9,৯,,৯,number,91.16
2618.jpg,ALL,N/A,১,কুড়িগ্রাম,কুড়িগ্রাম ১,summary,N/A
153.jpeg,1,49,,,,,
153.jpeg,2,10,,মেট্রো,মেট্রো,word,77.77
153.jpeg,3,26,,,,,
153.jpeg,4,5,,,,,
153.jpeg,5,1,,,,,
153.jpeg,6,7,,,,,
153.jpeg,7,0,,,,,
153.jpeg,8,6,,,,,
153.jpeg,9,2,,,,,
153.jpeg,ALL,N/A,,মেট্রো,মেট্রো,summary,N/A
2506.jpg,1,43,,,,,
2506.jpg,2,25,,,,,
2506.jpg,3,2,,,,,
2506.jpg,4,7,,,,,
2506.jpg,5,0,,,,,
2506.jpg,6,3,৩,,৩,number,99.38
2506.jpg,7,1,১,,১,number,78.83
2506.jpg,8,1,১,,১,number,79.14
2506.jpg,ALL,N/A,১,,১,summary,N/A
1165.jpg,1,66,,,,,
1165.jpg,2,101,,,,,
1165.jpg,3,3,,,,,
1165.jpg,4,4,,,,,
1165.jpg,5,5,,,,,
1165.jpg,6,6,,,,,
1165.jpg,7,7,,,,,
1165.jpg,8,8,৮,,৮,number,43.92
1165.jpg,ALL,N/A,৮,,৮,summary,N/A
1541.jpg,1,93,,,,,
1541.jpg,2,25,,,,,
1541.jpg,3,1,,,,,
1541.jpg,4,1,১,,১,number,99.93
1541.jpg,5,4,,,,,
1541.jpg,6,8,৮,,৮,number,91.25
1541.jpg,7,7,,,,,
1541.jpg,8,9,,,,,
1541.jpg,ALL,N/A,১,,১,summary,N/A
1614.jpg,1,59,,ঝালকাঠি,ঝালকাঠি,word,99.69
1614.jpg,2,27,,,,,
1614.jpg,3,3,,,,,
1614.jpg,4,4,,,,,
1614.jpg,5,5,,,,,
1614.jpg,6,6,৬,,৬,number,97.96
1614.jpg,7,7,৭,,৭,number,71.02
1614.jpg,8,8,,,,,
1614.jpg,ALL,N/A,৬,ঝালকাঠি,ঝালকাঠি ৬,summary,N/A
189.jpeg,1,57,,জামালপুর,জামালপুর,word,68.25
189.jpeg,2,33,,,,,
189.jpeg,3,1,,,,,
189.jpeg,4,1,,,,,
189.jpeg,5,1,,,,,
189.jpeg,6,2,,,,,
189.jpeg,7,5,,,,,
189.jpeg,8,9,,,,,
189.jpeg,ALL,N/A,,জামালপুর,জামালপুর,summary,N/A
2105.jpg,1,49,,,,,
2105.jpg,2,10,,মেট্রো,মেট্রো,word,64.80
2105.jpg,3,19,,,,,
2105.jpg,4,1,,,,,
2105.jpg,5,8,,,,,
2105.jpg,6,5,৫,,৫,number,90.16
2105.jpg,7,0,,,,,
2105.jpg,8,3,,,,,
2105.jpg,9,1,১,,১,number,99.92
2105.jpg,ALL,N/A,৫,মেট্রো,মেট্রো ৫,summary,N/A
929.jpg,1,98,,,,,
929.jpg,2,25,,,,,
929.jpg,3,1,,,,,
929.jpg,4,2,২,,২,number,81.57
929.jpg,5,3,,,,,
929.jpg,6,8,,,,,
929.jpg,7,6,,,,,
929.jpg,8,7,,,,,
929.jpg,ALL,N/A,২,,২,summary,N/A
2538.jpg,1,65,,,,,
2538.jpg,2,20,,,,,
2538.jpg,3,2,,,,,
2538.jpg,4,0,,,,,
2538.jpg,5,0,,,,,
2538.jpg,6,0,,,,,
2538.jpg,7,5,,,,,
2538.jpg,ALL,N/A,,,N/A,summary,N/A
1060.jpg,1,98,,,,,
1060.jpg,2,24,,,,,
1060.jpg,3,7,,,,,
1060.jpg,4,8,,,,,
1060.jpg,5,9,,,,,
1060.jpg,6,1,,,,,
1060.jpg,7,2,,,,,
1060.jpg,8,0,,,,,
1060.jpg,ALL,N/A,,,N/A,summary,N/A
801.jpg,1,83,,পাবনা,পাবনা,word,91.24
801.jpg,2,25,,,,,
801.jpg,3,1,১,,১,number,99.97
801.jpg,4,2,২,,২,number,99.78
801.jpg,5,2,২,,২,number,96.14
801.jpg,6,0,,,,,
801.jpg,7,4,,,,,
801.jpg,8,4,,,,,
801.jpg,ALL,N/A,২,পাবনা,পাবনা ২,summary,N/A
1958.jpg,1,49,,ঢাকা,ঢাকা,word,85.66
1958.jpg,2,10,,মেট্রো,মেট্রো,word,65.46
1958.jpg,3,27,,,,,
1958.jpg,4,1,,,,,
1958.jpg,5,3,,,,,
1958.jpg,6,7,৭,,৭,number,72.56
1958.jpg,7,5,,,,,
1958.jpg,8,5,৫,,৫,number,93.16
1958.jpg,9,5,,,,,
1958.jpg,ALL,N/A,৭,ঢাকা,ঢাকা ৭,summary,N/A
75.jpg,1,63,,খুলনা,খুলনা,word,91.90
75.jpg,2,10,,মেট্রো,মেট্রো,word,88.92
75.jpg,3,20,,,,,
75.jpg,4,1,১,,১,number,100.00
75.jpg,5,3,,,,,
75.jpg,6,3,,,,,
75.jpg,7,5,,,,,
75.jpg,8,8,,,,,
75.jpg,9,9,,,,,
75.jpg,ALL,N/A,১,খুলনা,খুলনা ১,summary,N/A
2108.jpg,1,49,,ঢাকা,ঢাকা,word,85.66
2108.jpg,2,10,,মেট্রো,মেট্রো,word,81.65
2108.jpg,3,18,,,,,
2108.jpg,4,3,,,,,
2108.jpg,5,5,৫,,৫,number,93.00
2108.jpg,6,9,,,,,
2108.jpg,7,8,৮,,৮,number,99.85
2108.jpg,8,9,,,,,
2108.jpg,9,5,৫,,৫,number,99.96
2108.jpg,ALL,N/A,৫,ঢাকা,ঢাকা ৫,summary,N/A
2646.jpg,1,47,,কক্সবাজার,কক্সবাজার,word,86.46
2646.jpg,2,20,,,,,
2646.jpg,3,1,,,,,
2646.jpg,4,1,,,,,
2646.jpg,5,6,৬,,৬,number,99.78
2646.jpg,6,3,৩,,৩,number,14.06
2646.jpg,7,8,,,,,
2646.jpg,8,7,,,,,
2646.jpg,ALL,N/A,৬,কক্সবাজার,কক্সবাজার ৬,summary,N/A
2661.jpg,1,40,,,,,
2661.jpg,2,25,,,,,
2661.jpg,3,1,,,,,
2661.jpg,4,1,,,,,
2661.jpg,5,0,,,,,
2661.jpg,6,3,৬,,৬,number,20.36
2661.jpg,7,6,,,,,
2661.jpg,ALL,N/A,৬,,৬,summary,N/A
2446.jpg,1,76,,,,,
2446.jpg,2,20,,,,,
2446.jpg,3,1,,,,,
2446.jpg,4,1,,,,,
2446.jpg,5,7,৫,,৫,number,8.11
2446.jpg,6,0,,,,,
2446.jpg,7,8,,,,,
2446.jpg,8,9,,,,,
2446.jpg,ALL,N/A,৫,,৫,summary,N/A
382.jpg,1,46,,,,,
382.jpg,2,11,,,,,
382.jpg,3,5,,,,,
382.jpg,4,6,৬,,৬,number,49.00
382.jpg,5,7,,,,,
382.jpg,6,8,৩,,৩,number,18.12
382.jpg,7,9,,,,,
382.jpg,8,0,,,,,
382.jpg,ALL,N/A,৬,,৬,summary,N/A
2260.jpg,1,95,,সিরাজগঞ্জ,সিরাজগঞ্জ,word,91.93
2260.jpg,2,25,,,,,
2260.jpg,3,1,,,,,
2260.jpg,4,1,১,,১,number,100.00
2260.jpg,5,6,৬,,৬,number,75.26
2260.jpg,6,2,,,,,
2260.jpg,7,4,,,,,
2260.jpg,8,9,,,,,
2260.jpg,ALL,N/A,১,সিরাজগঞ্জ,সিরাজগঞ্জ ১,summary,N/A
2332.jpg,1,49,,,,,
2332.jpg,2,10,,,,,
2332.jpg,3,18,,,,,
2332.jpg,4,6,,,,,
2332.jpg,5,4,,,,,
2332.jpg,6,3,,,,,
2332.jpg,7,0,,,,,
2332.jpg,8,6,,,,,
2332.jpg,9,2,,,,,
2332.jpg,ALL,N/A,,,N/A,summary,N/A
2537.jpg,1,40,,,,,
2537.jpg,2,25,,,,,
2537.jpg,3,1,১,,১,number,99.34
2537.jpg,4,1,১১,,১১,number,79.00
2537.jpg,5,0,,,,,
2537.jpg,6,9,৯,,৯,number,99.98
2537.jpg,7,1,১,,১,number,99.95
2537.jpg,8,4,৪,,৪,number,81.69
2537.jpg,ALL,N/A,১,,১,summary,N/A
1030.jpg,1,57,,জামালপুর,জামালপুর,word,92.30
1030.jpg,2,25,,,,,
1030.jpg,3,1,১,,১,number,100.00
1030.jpg,4,1,১,,১,number,100.00
1030.jpg,5,1,,,,,
1030.jpg,6,1,১,,১,number,100.00
1030.jpg,7,6,৬,,৬,number,84.55
1030.jpg,8,4,,,,,
1030.jpg,ALL,N/A,১,জামালপুর,জামালপুর ১,summary,N/A
1373.jpg,1,91,,,,,
1373.jpg,2,27,,,,,
1373.jpg,3,7,,,,,
1373.jpg,4,8,,,,,
1373.jpg,5,9,,,,,
1373.jpg,6,0,,,,,
1373.jpg,7,1,,,,,
1373.jpg,8,2,,,,,
1373.jpg,ALL,N/A,,,N/A,summary,N/A
31.jpeg,1,59,,ঝালকাঠি,ঝালকাঠি,word,78.31
31.jpeg,2,31,,,,,
31.jpeg,3,1,,,,,
31.jpeg,4,1,,,,,
31.jpeg,5,0,,,,,
31.jpeg,6,0,,,,,
31.jpeg,7,4,,,,,
31.jpeg,8,5,,,,,
31.jpeg,ALL,N/A,,ঝালকাঠি,ঝালকাঠি,summary,N/A
1391.jpg,1,92,,সাতক্ষীরা,সাতক্ষীরা,word,91.44
1391.jpg,2,26,,,,,
1391.jpg,3,1,,,,,
1391.jpg,4,1,,,,,
1391.jpg,5,1,,,,,
1391.jpg,6,9,,,,,
1391.jpg,7,2,২,,২,number,99.88
1391.jpg,8,8,,,,,
1391.jpg,ALL,N/A,২,সাতক্ষীরা,সাতক্ষীরা ২,summary,N/A
1767.jpg,1,44,,,,,
1767.jpg,2,10,,,,,
1767.jpg,3,20,,,,,
1767.jpg,4,1,,,,,
1767.jpg,5,6,,,,,
1767.jpg,6,7,,,,,
1767.jpg,7,9,,,,,
1767.jpg,8,3,,,,,
1767.jpg,9,5,,,,,
1767.jpg,ALL,N/A,,,N/A,summary,N/A
320.jpg,1,44,,,,,
320.jpg,2,10,,,,,
320.jpg,3,18,,,,,
320.jpg,4,1,,,,,
320.jpg,5,3,,,,,
320.jpg,6,2,,,,,
320.jpg,7,2,,,,,
320.jpg,8,3,,,,,
320.jpg,9,3,,,,,
320.jpg,10,8,,,,,
320.jpg,ALL,N/A,,,N/A,summary,N/A
1567.jpg,1,95,,,,,
1567.jpg,2,20,,,,,
1567.jpg,3,1,১,,১,number,96.55
1567.jpg,4,1,,,,,
1567.jpg,5,2,,,,,
1567.jpg,6,8,৮,,৮,number,99.71
1567.jpg,7,5,,,,,
1567.jpg,8,6,,,,,
1567.jpg,ALL,N/A,১,,১,summary,N/A
1618.jpg,1,62,,,,,
1618.jpg,2,20,,,,,
1618.jpg,3,1,,,,,
1618.jpg,4,1,,,,,
1618.jpg,5,3,,,,,
1618.jpg,6,3,,,,,
1618.jpg,7,3,,,,,
1618.jpg,8,2,,,,,
1618.jpg,ALL,N/A,,,N/A,summary,N/A
2279.jpg,1,37,২১৬,বান্দরবান,২১৬,number,78.73
2279.jpg,2,20,,,,,
2279.jpg,3,1,,,,,
2279.jpg,4,1,,,,,
2279.jpg,5,1,,,,,
2279.jpg,6,6,৬,,৬,number,12.90
2279.jpg,7,4,,,,,
2279.jpg,ALL,N/A,২১৬,বান্দরবান,বান্দরবান ২১৬,summary,N/A
2181.jpg,1,49,,,,,
2181.jpg,2,10,,,,,
2181.jpg,3,18,,,,,
2181.jpg,4,2,,,,,
2181.jpg,5,9,,,,,
2181.jpg,6,7,৭,,৭,number,25.47
2181.jpg,7,3,,,,,
2181.jpg,8,4,,,,,
2181.jpg,9,4,,,,,
2181.jpg,ALL,N/A,৭,,৭,summary,N/A
583.jpg,1,54,,গাজীপুর,গাজীপুর,word,87.00
583.jpg,2,25,,,,,
583.jpg,3,7,,,,,
583.jpg,4,8,৮,,৮,number,99.77
583.jpg,5,9,,,,,
583.jpg,6,0,,,,,
583.jpg,7,1,১,,১,number,100.00
583.jpg,8,0,,,,,
583.jpg,ALL,N/A,৮,গাজীপুর,গাজীপুর ৮,summary,N/A
2198.jpg,1,49,৬,,৬,number,26.99
2198.jpg,2,10,,,,,
2198.jpg,3,18,,,,,
2198.jpg,4,2,,,,,
2198.jpg,5,9,,,,,
2198.jpg,6,8,৮,,৮,number,99.98
2198.jpg,7,2,,,,,
2198.jpg,8,8,৮,,৮,number,99.98
2198.jpg,9,4,,,,,
2198.jpg,ALL,N/A,৮,,৮,summary,N/A
969.jpg,1,52,,,,,
969.jpg,2,20,,,,,
969.jpg,3,1,,,,,
969.jpg,4,1,,,,,
969.jpg,5,8,,,,,
969.jpg,6,8,,,,,
969.jpg,7,8,,,,,
969.jpg,8,9,,,,,
969.jpg,ALL,N/A,,,N/A,summary,N/A
638.jpg,1,81,,নীলফামারী,নীলফামারী,word,89.14
638.jpg,2,23,,,,,
638.jpg,3,0,,,,,
638.jpg,4,1,,,,,
638.jpg,5,3,,,,,
638.jpg,6,4,,,,,
638.jpg,7,5,,,,,
638.jpg,8,6,৬,,৬,number,100.00
638.jpg,ALL,N/A,৬,নীলফামারী,নীলফামারী ৬,summary,N/A
2375.jpg,1,50,,,,,
2375.jpg,2,25,,,,,
2375.jpg,3,1,,,,,
2375.jpg,4,1,,,,,
2375.jpg,5,5,,,,,
2375.jpg,6,2,,,,,
2375.jpg,7,4,,,,,
2375.jpg,8,1,,,,,
2375.jpg,ALL,N/A,,,N/A,summary,N/A
1502.jpg,1,78,,নরসিংদী,নরসিংদী,word,97.19
1502.jpg,2,20,,,,,
1502.jpg,3,1,১,,১,number,99.97
1502.jpg,4,1,১,,১,number,99.63
1502.jpg,5,1,,,,,
1502.jpg,6,0,,,,,
1502.jpg,7,9,,,,,
1502.jpg,8,5,,,,,
1502.jpg,ALL,N/A,১,নরসিংদী,নরসিংদী ১,summary,N/A
15.jpeg,1,62,,,,,
15.jpeg,2,20,,,,,
15.jpeg,3,1,,,,,
15.jpeg,4,1,,,,,
15.jpeg,5,6,,,,,
15.jpeg,6,9,,,,,
15.jpeg,7,4,,,,,
15.jpeg,8,3,,,,,
15.jpeg,ALL,N/A,,,N/A,summary,N/A
346.jpg,1,49,,ঢাকা,ঢাকা,word,85.38
346.jpg,2,10,,,,,
346.jpg,3,18,,,,,
346.jpg,4,2,,,,,
346.jpg,5,3,,,,,
346.jpg,6,7,,,,,
346.jpg,7,6,,,,,
346.jpg,8,1,,,,,
346.jpg,9,8,৮,,৮,number,99.82
346.jpg,ALL,N/A,৮,ঢাকা,ঢাকা ৮,summary,N/A
991.jpg,1,54,,গাজীপুর,গাজীপুর,word,99.54
991.jpg,2,20,,,,,
991.jpg,ALL,N/A,,গাজীপুর,গাজীপুর,summary,N/A
143.jpeg,1,49,,ঢাকা,ঢাকা,word,92.72
143.jpeg,2,10,,,,,
143.jpeg,3,22,,,,,
143.jpeg,4,1,,,,,
143.jpeg,5,1,,,,,
143.jpeg,6,1,,,,,
143.jpeg,7,1,,,,,
143.jpeg,8,0,,,,,
143.jpeg,9,0,,,,,
143.jpeg,ALL,N/A,,ঢাকা,ঢাকা,summary,N/A
1551.jpg,1,94,,শেরপুর,শেরপুর,word,79.28
1551.jpg,2,25,,,,,
1551.jpg,3,1,,,,,
1551.jpg,4,1,১,,১,number,99.99
1551.jpg,5,0,,,,,
1551.jpg,6,0,,,,,
1551.jpg,7,7,৭,,৭,number,27.37
1551.jpg,8,7,৭,,৭,number,30.73
1551.jpg,ALL,N/A,৭,শেরপুর,শেরপুর ৭,summary,N/A
32.jpeg,1,87,,,,,
32.jpeg,2,10,,মেট্রো,মেট্রো,word,62.67
32.jpeg,3,31,,,,,
32.jpeg,4,1,,,,,
32.jpeg,5,1,,,,,
32.jpeg,6,1,,,,,
32.jpeg,7,0,,,,,
32.jpeg,8,8,৮,,৮,number,18.08
32.jpeg,9,9,,,,,
32.jpeg,ALL,N/A,৮,মেট্রো,মেট্রো ৮,summary,N/A
1442.jpg,1,71,,মানিকগঞ্জ,মানিকগঞ্জ,word,89.51
1442.jpg,2,25,,,,,
1442.jpg,3,1,,,,,
1442.jpg,4,1,,,,,
1442.jpg,5,4,,,,,
1442.jpg,6,4,,,,,
1442.jpg,7,9,,,,,
1442.jpg,8,9,,,,,
1442.jpg,ALL,N/A,,মানিকগঞ্জ,মানিকগঞ্জ,summary,N/A
1024.jpg,1,56,,হবিগঞ্জ,হবিগঞ্জ,word,99.67
1024.jpg,2,20,,,,,
1024.jpg,3,1,১,,১,number,100.00
1024.jpg,4,1,১,,১,number,99.98
1024.jpg,5,2,,,,,
1024.jpg,6,0,,,,,
1024.jpg,7,8,৮,,৮,number,74.12
1024.jpg,8,9,,,,,
1024.jpg,ALL,N/A,১,হবিগঞ্জ,হবিগঞ্জ ১,summary,N/A
1175.jpg,1,67,,,,,
1175.jpg,2,11,,,,,
1175.jpg,3,1,,,,,
1175.jpg,4,4,,,,,
1175.jpg,5,7,,,,,
1175.jpg,6,8,,,,,
1175.jpg,7,9,,,,,
1175.jpg,8,2,,,,,
1175.jpg,ALL,N/A,,,N/A,summary,N/A
2556.jpg,1,49,,ঢাকা,ঢাকা,word,76.43
2556.jpg,2,10,,মেট্রো,মেট্রো,word,60.55
2556.jpg,3,101,,,,,
2556.jpg,4,1,,,,,
2556.jpg,5,5,,,,,
2556.jpg,6,6,,,,,
2556.jpg,7,2,,,,,
2556.jpg,8,9,,,,,
2556.jpg,9,9,,,,,
2556.jpg,ALL,N/A,,ঢাকা,ঢাকা,summary,N/A
1575.jpg,1,96,,সুনামগঞ্জ,সুনামগঞ্জ,word,83.09
1575.jpg,2,101,,,,,
1575.jpg,3,9,,,,,
1575.jpg,4,9,,,,,
1575.jpg,5,1,,,,,
1575.jpg,6,1,,,,,
1575.jpg,7,0,,,,,
1575.jpg,8,2,১,,১,number,80.45
1575.jpg,ALL,N/A,১,সুনামগঞ্জ,সুনামগঞ্জ ১,summary,N/A
526.jpg,1,49,,ঢাকা,ঢাকা,word,95.76
526.jpg,2,14,,,,,
526.jpg,3,2,,,,,
526.jpg,4,4,,,,,
526.jpg,5,6,,,,,
526.jpg,6,8,৮,,৮,number,96.61
526.jpg,7,0,,,,,
526.jpg,8,1,১,,১,number,98.59
526.jpg,ALL,N/A,৮,ঢাকা,ঢাকা ৮,summary,N/A
120.jpeg,1,98,,টাঙ্গাইল,টাঙ্গাইল,word,71.28
120.jpeg,2,33,,,,,
120.jpeg,3,1,,,,,
120.jpeg,4,1,,,,,
120.jpeg,5,1,,,,,
120.jpeg,6,0,,,,,
120.jpeg,7,5,,,,,
120.jpeg,8,8,,,,,
120.jpeg,ALL,N/A,,টাঙ্গাইল,টাঙ্গাইল,summary,N/A
704.jpg,1,86,,,,,
704.jpg,2,18,,,,,
704.jpg,3,1,,,,,
704.jpg,4,2,১,,১,number,36.76
704.jpg,5,3,,,,,
704.jpg,6,4,,,,,
704.jpg,7,5,,,,,
704.jpg,8,6,,,,,
704.jpg,ALL,N/A,১,,১,summary,N/A
1074.jpg,1,60,,,,,
1074.jpg,2,28,,,,,
1074.jpg,3,3,,,,,
1074.jpg,4,4,,,,,
1074.jpg,5,5,,,,,
1074.jpg,6,6,৬,,৬,number,81.25
1074.jpg,7,7,,,,,
1074.jpg,8,8,৩,,৩,number,19.67
1074.jpg,ALL,N/A,৬,,৬,summary,N/A
128.jpeg,1,98,,,,,
128.jpeg,2,20,,,,,
128.jpeg,3,1,১,,১,number,85.43
128.jpeg,4,2,,,,,
128.jpeg,5,4,,,,,
128.jpeg,6,6,,,,,
128.jpeg,7,6,,,,,
128.jpeg,8,6,,,,,
128.jpeg,ALL,N/A,১,,১,summary,N/A
1746.jpg,1,49,,,,,
1746.jpg,2,10,,,,,
1746.jpg,3,18,,,,,
1746.jpg,4,2,,,,,
1746.jpg,5,2,,,,,
1746.jpg,6,1,,,,,
1746.jpg,7,4,,,,,
1746.jpg,8,8,,,,,
1746.jpg,9,0,,,,,
1746.jpg,ALL,N/A,,,N/A,summary,N/A
626.jpg,1,58,,,,,
626.jpg,2,26,,,,,
626.jpg,3,3,,,,,
626.jpg,4,4,,,,,
626.jpg,5,5,,,,,
626.jpg,6,6,,,,,
626.jpg,7,7,,,,,
626.jpg,8,8,৮,,৮,number,80.83
626.jpg,ALL,N/A,৮,,৮,summary,N/A
2073.jpg,1,44,,,,,
2073.jpg,2,10,,,,,
2073.jpg,3,18,,,,,
2073.jpg,4,1,,,,,
2073.jpg,5,3,,,,,
2073.jpg,6,0,,,,,
2073.jpg,7,2,,,,,
2073.jpg,8,3,,,,,
2073.jpg,9,6,৬,,৬,number,41.32
2073.jpg,ALL,N/A,৬,,৬,summary,N/A
2417.jpg,1,49,,,,,
2417.jpg,2,10,,,,,
2417.jpg,3,18,,,,,
2417.jpg,4,3,,,,,
2417.jpg,5,2,,,,,
2417.jpg,6,2,,,,,
2417.jpg,7,0,,,,,
2417.jpg,8,3,,,,,
2417.jpg,9,8,,,,,
2417.jpg,ALL,N/A,,,N/A,summary,N/A
1289.jpg,1,77,,,,,
1289.jpg,2,31,২,,২,number,15.80
1289.jpg,3,9,,,,,
1289.jpg,4,0,,,,,
1289.jpg,5,1,,,,,
1289.jpg,6,2,,,,,
1289.jpg,7,3,,,,,
1289.jpg,8,4,,,,,
1289.jpg,ALL,N/A,২,,২,summary,N/A
2019.jpg,1,49,,,,,
2019.jpg,2,10,,,,,
2019.jpg,3,19,,,,,
2019.jpg,4,1,,,,,
2019.jpg,5,8,৮,,৮,number,91.61
2019.jpg,6,0,,,,,
2019.jpg,7,7,,,,,
2019.jpg,8,0,,,,,
2019.jpg,9,9,,,,,
2019.jpg,ALL,N/A,৮,,৮,summary,N/A
1110.jpg,1,62,,,,,
1110.jpg,2,30,,,,,
1110.jpg,3,3,,,,,
1110.jpg,4,4,,,,,
1110.jpg,5,8,৮,,৮,number,99.43
1110.jpg,6,9,,,,,
1110.jpg,7,1,,,,,
1110.jpg,8,2,,,,,
1110.jpg,ALL,N/A,৮,,৮,summary,N/A
2588.jpg,1,43,,,,,
2588.jpg,2,20,,,,,
2588.jpg,3,1,,,,,
2588.jpg,4,1,,,,,
2588.jpg,5,9,,,,,
2588.jpg,6,9,,,,,
2588.jpg,7,8,,,,,
2588.jpg,8,3,,,,,
2588.jpg,ALL,N/A,,,N/A,summary,N/A
800.jpg,1,83,,পাবনা,পাবনা,word,96.68
800.jpg,2,20,,,,,
800.jpg,3,1,,,,,
800.jpg,4,5,,,,,
800.jpg,5,5,,,,,
800.jpg,6,8,৮,,৮,number,93.52
800.jpg,7,6,,,,,
800.jpg,8,2,,,,,
800.jpg,ALL,N/A,৮,পাবনা,পাবনা ৮,summary,N/A
1429.jpg,1,71,,মানিকগঞ্জ,মানিকগঞ্জ,word,98.86
1429.jpg,2,31,,,,,
1429.jpg,3,0,,,,,
1429.jpg,4,2,১,,১,number,99.90
1429.jpg,ALL,N/A,১,মানিকগঞ্জ,মানিকগঞ্জ ১,summary,N/A
2388.jpg,1,49,,,,,
2388.jpg,2,10,,,,,
2388.jpg,3,18,,,,,
2388.jpg,4,2,,,,,
2388.jpg,5,5,৫,,৫,number,98.08
2388.jpg,6,9,,,,,
2388.jpg,7,7,৭,,৭,number,51.40
2388.jpg,8,8,৮,,৮,number,99.96
2388.jpg,9,1,১,,১,number,17.63
2388.jpg,ALL,N/A,৫,,৫,summary,N/A
1850.jpg,1,49,,ঢাকা,ঢাকা,word,80.10
1850.jpg,2,10,,,,,
1850.jpg,3,18,,,,,
1850.jpg,4,3,,,,,
1850.jpg,5,1,১,,১,number,99.89
1850.jpg,6,2,,,,,
1850.jpg,7,8,৮,,৮,number,100.00
1850.jpg,8,2,,,,,
1850.jpg,9,2,,,,,
1850.jpg,ALL,N/A,১,ঢাকা,ঢাকা ১,summary,N/A
357.jpg,1,49,,,,,
357.jpg,2,10,,মেট্রো,মেট্রো,word,60.10
357.jpg,3,18,,,,,
357.jpg,4,2,,,,,
357.jpg,5,3,,,,,
357.jpg,6,7,,,,,
357.jpg,7,7,,,,,
357.jpg,8,7,,,,,
357.jpg,9,7,,,,,
357.jpg,ALL,N/A,,মেট্রো,মেট্রো,summary,N/A
1337.jpg,1,76,,,,,
1337.jpg,2,32,,,,,
1337.jpg,3,2,,,,,
1337.jpg,4,4,,,,,
1337.jpg,5,6,,,,,
1337.jpg,6,8,,,,,
1337.jpg,7,0,,,,,
1337.jpg,8,1,,,,,
1337.jpg,ALL,N/A,,,N/A,summary,N/A
1750.jpg,1,45,,,,,
1750.jpg,2,33,,,,,
1750.jpg,3,1,,,,,
1750.jpg,4,2,,,,,
1750.jpg,5,3,,,,,
1750.jpg,6,6,,,,,
1750.jpg,7,6,,,,,
1750.jpg,8,1,,,,,
1750.jpg,ALL,N/A,,,N/A,summary,N/A
71.jpg,1,49,,,,,
71.jpg,2,10,,,,,
71.jpg,3,15,৬,,৬,number,95.73
71.jpg,4,1,,,,,
71.jpg,5,1,,,,,
71.jpg,6,1,,,,,
71.jpg,7,6,,,,,
71.jpg,8,2,,,,,
71.jpg,9,8,,,,,
71.jpg,ALL,N/A,৬,,৬,summary,N/A
53.jpeg,1,74,,ময়মনসিংহ,ময়মনসিংহ,word,78.48
53.jpeg,2,25,,,,,
53.jpeg,3,1,,,,,
53.jpeg,4,1,১,,১,number,99.99
53.jpeg,5,1,,,,,
53.jpeg,6,9,,,,,
53.jpeg,7,4,,,,,
53.jpeg,8,5,,,,,
53.jpeg,ALL,N/A,১,ময়মনসিংহ,ময়মনসিংহ ১,summary,N/A
1171.jpg,1,67,,,,,
1171.jpg,2,11,,,,,
1171.jpg,3,1,,,,,
1171.jpg,4,2,,,,,
1171.jpg,5,3,,,,,
1171.jpg,6,4,৪,,৪,number,48.57
1171.jpg,7,5,,,,,
1171.jpg,8,6,,,,,
1171.jpg,ALL,N/A,৪,,৪,summary,N/A
1725.jpg,1,95,০৩,,০৩,number,2.16
1725.jpg,2,22,,,,,
1725.jpg,3,7,,,,,
1725.jpg,4,8,,,,,
1725.jpg,5,9,,,,,
1725.jpg,6,1,,,,,
1725.jpg,7,2,,,,,
1725.jpg,8,0,,,,,
1725.jpg,ALL,N/A,০৩,,০৩,summary,N/A
2437.jpg,1,42,,চাঁদপুর,চাঁদপুর,word,79.15
2437.jpg,2,20,,,,,
2437.jpg,3,1,,,,,
2437.jpg,4,1,১,,১,number,95.47
2437.jpg,5,8,৮,,৮,number,99.80
2437.jpg,6,0,,,,,
2437.jpg,7,3,,,,,
2437.jpg,8,3,,,,,
2437.jpg,ALL,N/A,১,চাঁদপুর,চাঁদপুর ১,summary,N/A
1432.jpg,1,71,,মানিকগঞ্জ,মানিকগঞ্জ,word,97.92
1432.jpg,2,26,,,,,
1432.jpg,3,5,,,,,
1432.jpg,4,1,১,,১,number,100.00
1432.jpg,ALL,N/A,১,মানিকগঞ্জ,মানিকগঞ্জ ১,summary,N/A
444.jpg,1,45,,চট্টগ্রাম,চট্টগ্রাম,word,90.53
444.jpg,2,33,,,,,
444.jpg,3,5,,,,,
444.jpg,4,6,,,,,
444.jpg,5,7,,,,,
444.jpg,6,8,৮,,৮,number,97.53
444.jpg,7,9,,,,,
444.jpg,8,0,,,,,
444.jpg,ALL,N/A,৮,চট্টগ্রাম,চট্টগ্রাম ৮,summary,N/A
1990.jpg,1,44,,,,,
1990.jpg,2,10,,মেট্রো,মেট্রো,word,69.73
1990.jpg,3,15,৬,,৬,number,17.50
1990.jpg,4,1,,,,,
1990.jpg,5,1,,,,,
1990.jpg,6,0,,,,,
1990.jpg,7,2,,,,,
1990.jpg,8,4,৪,,৪,number,93.31
1990.jpg,9,5,৫,,৫,number,17.79
1990.jpg,ALL,N/A,৬,মেট্রো,মেট্রো ৬,summary,N/A
1655.jpg,1,63,,খুলনা,খুলনা,word,87.33
1655.jpg,2,25,,,,,
1655.jpg,3,1,১,,১,number,95.41
1655.jpg,4,1,১,,১,number,99.91
1655.jpg,5,8,,,,,
1655.jpg,6,0,,,,,
1655.jpg,7,7,,,,,
1655.jpg,8,9,,,,,
1655.jpg,ALL,N/A,১,খুলনা,খুলনা ১,summary,N/A
1748.jpg,1,45,,চট্টগ্রাম,চট্টগ্রাম,word,78.73
1748.jpg,2,33,,,,,
1748.jpg,3,1,,,,,
1748.jpg,4,2,,,,,
1748.jpg,5,3,,,,,
1748.jpg,6,3,,,,,
1748.jpg,7,5,,,,,
1748.jpg,8,1,,,,,
1748.jpg,ALL,N/A,,চট্টগ্রাম,চট্টগ্রাম,summary,N/A
2064.jpg,1,49,,,,,
2064.jpg,2,10,,মেট্রো,মেট্রো,word,72.27
2064.jpg,3,34,,,,,
2064.jpg,4,1,,,,,
2064.jpg,5,1,১১,,১১,number,31.92
2064.jpg,6,1,,,,,
2064.jpg,7,3,,,,,
2064.jpg,8,4,,,,,
2064.jpg,9,3,৩,,৩,number,15.50
2064.jpg,ALL,N/A,১১,মেট্রো,মেট্রো ১১,summary,N/A
1530.jpg,1,92,,সাতক্ষীরা,সাতক্ষীরা,word,85.51
1530.jpg,2,20,২,,২,number,30.78
1530.jpg,3,1,,,,,
1530.jpg,4,1,,,,,
1530.jpg,5,2,,,,,
1530.jpg,6,2,,,,,
1530.jpg,7,3,৩,,৩,number,99.05
1530.jpg,8,8,৮,,৮,number,60.78
1530.jpg,ALL,N/A,২,সাতক্ষীরা,সাতক্ষীরা ২,summary,N/A
867.jpg,1,87,,,,,
867.jpg,2,10,,মেট্রো,মেট্রো,word,74.92
867.jpg,3,27,,,,,
867.jpg,4,1,,,,,
867.jpg,5,1,১,,১,number,39.27
867.jpg,6,0,,,,,
867.jpg,7,0,,,,,
867.jpg,8,9,,,,,
867.jpg,9,6,,,,,
867.jpg,ALL,N/A,১,মেট্রো,মেট্রো ১,summary,N/A
518.jpg,1,42,,,,,
518.jpg,2,34,,,,,
518.jpg,3,5,,,,,
518.jpg,4,6,,,,,
518.jpg,5,7,,,,,
518.jpg,6,8,৩,,৩,number,33.12
518.jpg,7,9,,,,,
518.jpg,8,0,,,,,
518.jpg,ALL,N/A,৩,,৩,summary,N/A
1552.jpg,1,94,,শেরপুর,শেরপুর,word,78.20
1552.jpg,2,25,,,,,
1552.jpg,3,1,১,,১,number,99.99
1552.jpg,4,1,১,,১,number,99.99
1552.jpg,5,1,১,,১,number,100.00
1552.jpg,6,2,,,,,
1552.jpg,7,2,,,,,
1552.jpg,8,8,৮,,৮,number,95.98
1552.jpg,ALL,N/A,১,শেরপুর,শেরপুর ১,summary,N/A
122.jpeg,1,98,,টাঙ্গাইল,টাঙ্গাইল,word,69.96
122.jpeg,2,33,,,,,
122.jpeg,3,1,,,,,
122.jpeg,4,1,,,,,
122.jpeg,5,3,,,,,
122.jpeg,6,3,,,,,
122.jpeg,7,8,,,,,
122.jpeg,8,9,,,,,
122.jpeg,ALL,N/A,,টাঙ্গাইল,টাঙ্গাইল,summary,N/A
365.jpg,1,49,,ঢাকা,ঢাকা,word,83.33
365.jpg,2,10,৮,,৮,number,6.48
365.jpg,3,18,,,,,
365.jpg,4,2,,,,,
365.jpg,5,7,,,,,
365.jpg,6,3,,,,,
365.jpg,7,7,,,,,
365.jpg,8,8,,,,,
365.jpg,9,8,,,,,
365.jpg,ALL,N/A,৮,ঢাকা,ঢাকা ৮,summary,N/A
302.jpg,1,49,,,,,
302.jpg,2,10,,,,,
302.jpg,3,12,,,,,
302.jpg,4,1,,,,,
302.jpg,5,4,,,,,
302.jpg,6,8,,,,,
302.jpg,7,2,,,,,
302.jpg,8,0,,,,,
302.jpg,9,0,,,,,
302.jpg,ALL,N/A,,,N/A,summary,N/A
2422.jpg,1,49,,,,,
2422.jpg,2,10,,,,,
2422.jpg,3,13,,,,,
2422.jpg,4,1,,,,,
2422.jpg,5,6,,,,,
2422.jpg,6,0,,,,,
2422.jpg,7,7,,,,,
2422.jpg,8,4,,,,,
2422.jpg,9,0,,,,,
2422.jpg,ALL,N/A,,,N/A,summary,N/A
2334.jpg,1,97,,,,,
2334.jpg,2,20,,,,,
2334.jpg,3,1,,,,,
2334.jpg,4,1,,,,,
2334.jpg,5,4,,,,,
2334.jpg,6,8,,,,,
2334.jpg,7,2,,,,,
2334.jpg,8,3,,,,,
2334.jpg,ALL,N/A,,,N/A,summary,N/A
2115.jpg,1,44,,,,,
2115.jpg,2,10,,,,,
2115.jpg,3,18,,,,,
2115.jpg,4,1,,,,,
2115.jpg,5,2,,,,,
2115.jpg,6,2,,,,,
2115.jpg,7,9,,,,,
2115.jpg,8,8,৮,,৮,number,99.99
2115.jpg,9,2,,,,,
2115.jpg,ALL,N/A,৮,,৮,summary,N/A
65.jpg,1,58,,যশোর,যশোর,word,82.65
65.jpg,2,20,,,,,
65.jpg,3,1,১,,১,number,100.00
65.jpg,4,6,,,,,
65.jpg,5,4,,,,,
65.jpg,6,2,২,,২,number,99.43
65.jpg,7,5,,,,,
65.jpg,8,2,২,,২,number,99.94
65.jpg,ALL,N/A,২,যশোর,যশোর ২,summary,N/A
1136.jpg,1,64,,,,,
1136.jpg,2,33,,,,,
1136.jpg,3,3,,,,,
1136.jpg,4,4,,,,,
1136.jpg,5,5,,,,,
1136.jpg,6,6,,,,,
1136.jpg,7,7,,,,,
1136.jpg,8,8,৩,,৩,number,34.57
1136.jpg,ALL,N/A,৩,,৩,summary,N/A
1967.jpg,1,49,,,,,
1967.jpg,2,10,,,,,
1967.jpg,3,34,,,,,
1967.jpg,4,1,,,,,
1967.jpg,5,1,,,,,
1967.jpg,6,2,,,,,
1967.jpg,7,6,,,,,
1967.jpg,8,7,,,,,
1967.jpg,9,4,,,,,
1967.jpg,ALL,N/A,,,N/A,summary,N/A
836.jpg,1,86,,পিরোজপুর,পিরোজপুর,word,92.32
836.jpg,2,20,,,,,
836.jpg,3,1,১,,১,number,99.73
836.jpg,4,1,১,,১,number,99.94
836.jpg,5,9,১,,১,number,80.59
836.jpg,6,2,,,,,
836.jpg,7,8,৮,,৮,number,96.88
836.jpg,8,7,৭,,৭,number,82.94
836.jpg,ALL,N/A,১,পিরোজপুর,পিরোজপুর ১,summary,N/A
1776.jpg,1,44,,,,,
1776.jpg,2,10,,,,,
1776.jpg,3,33,,,,,
1776.jpg,4,1,,,,,
1776.jpg,5,3,,,,,
1776.jpg,6,2,,,,,
1776.jpg,7,5,,,,,
1776.jpg,8,0,,,,,
1776.jpg,9,2,,,,,
1776.jpg,ALL,N/A,,,N/A,summary,N/A
1231.jpg,1,71,,,,,
1231.jpg,2,17,,,,,
1231.jpg,3,8,৩,,৩,number,52.40
1231.jpg,4,9,,,,,
1231.jpg,5,0,,,,,
1231.jpg,6,1,,,,,
1231.jpg,7,7,,,,,
1231.jpg,8,8,৩,,৩,number,34.23
1231.jpg,ALL,N/A,৩,,৩,summary,N/A
1089.jpg,1,61,,,,,
1089.jpg,2,29,,,,,
1089.jpg,3,1,,,,,
1089.jpg,4,4,,,,,
1089.jpg,5,7,,,,,
1089.jpg,6,8,,,,,
1089.jpg,7,9,,,,,
1089.jpg,8,2,,,,,
1089.jpg,ALL,N/A,,,N/A,summary,N/A
463.jpg,1,38,,,,,
463.jpg,2,17,,,,,
463.jpg,3,3,,,,,
463.jpg,4,4,,,,,
463.jpg,5,5,,,,,
463.jpg,6,6,,,,,
463.jpg,7,7,,,,,
463.jpg,8,7,,,,,
463.jpg,ALL,N/A,,,N/A,summary,N/A
1249.jpg,1,73,,মৌলভীবাজার,মৌলভীবাজার,word,80.24
1249.jpg,2,100,,,,,
1249.jpg,3,3,,,,,
1249.jpg,4,4,,,,,
1249.jpg,5,5,,,,,
1249.jpg,6,6,,,,,
1249.jpg,7,7,,,,,
1249.jpg,8,8,৮,,৮,number,34.35
1249.jpg,ALL,N/A,৮,মৌলভীবাজার,মৌলভীবাজার ৮,summary,N/A
1358.jpg,1,89,,,,,
1358.jpg,2,31,,,,,
1358.jpg,3,9,,,,,
1358.jpg,4,9,,,,,
1358.jpg,5,1,,,,,
1358.jpg,6,1,,,,,
1358.jpg,7,0,,,,,
1358.jpg,8,2,,,,,
1358.jpg,ALL,N/A,,,N/A,summary,N/A
57.jpg,1,49,,,,,
57.jpg,2,10,,,,,
57.jpg,3,18,,,,,
57.jpg,4,1,,,,,
57.jpg,5,1,,,,,
57.jpg,6,5,,,,,
57.jpg,7,8,,,,,
57.jpg,8,4,,,,,
57.jpg,9,6,,,,,
57.jpg,ALL,N/A,,,N/A,summary,N/A
512.jpg,1,38,,,,,
512.jpg,2,17,,,,,
512.jpg,3,5,,,,,
512.jpg,4,6,৬,,৬,number,100.00
512.jpg,5,7,,,,,
512.jpg,6,8,,,,,
512.jpg,7,9,,,,,
512.jpg,8,0,,,,,
512.jpg,ALL,N/A,৬,,৬,summary,N/A
2200.jpg,1,49,,ঢাকা,ঢাকা,word,87.62
2200.jpg,2,10,,মেট্রো,মেট্রো,word,61.47
2200.jpg,3,18,,,,,
2200.jpg,4,2,,,,,
2200.jpg,5,9,,,,,
2200.jpg,6,8,৮,,৮,number,99.82
2200.jpg,7,2,,,,,
2200.jpg,8,8,৮,,৮,number,95.85
2200.jpg,9,4,,,,,
2200.jpg,ALL,N/A,৮,ঢাকা,ঢাকা ৮,summary,N/A
412.jpg,1,42,,চাঁদপুর,চাঁদপুর,word,91.35
412.jpg,2,34,,,,,
412.jpg,3,5,,,,,
412.jpg,4,6,,,,,
412.jpg,5,7,,,,,
412.jpg,6,8,৮,,৮,number,51.11
412.jpg,7,9,,,,,
412.jpg,8,0,,,,,
412.jpg,ALL,N/A,৮,চাঁদপুর,চাঁদপুর ৮,summary,N/A
347.jpg,1,49,,ঢাকা,ঢাকা,word,98.50
347.jpg,2,10,,,,,
347.jpg,3,18,,,,,
347.jpg,4,2,,,,,
347.jpg,5,3,,,,,
347.jpg,6,7,,,,,
347.jpg,7,6,,,,,
347.jpg,8,1,,,,,
347.jpg,9,8,,,,,
347.jpg,ALL,N/A,,ঢাকা,ঢাকা,summary,N/A
1760.jpg,1,49,,,,,
1760.jpg,2,10,,,,,
1760.jpg,3,12,,,,,
1760.jpg,4,1,,,,,
1760.jpg,5,1,,,,,
1760.jpg,6,1,,,,,
1760.jpg,7,1,,,,,
1760.jpg,8,8,৮,,৮,number,78.81
1760.jpg,9,0,,,,,
1760.jpg,ALL,N/A,৮,,৮,summary,N/A
2300.jpg,1,49,,ঢাকা,ঢাকা,word,88.85
2300.jpg,2,10,,মেট্রো,মেট্রো,word,80.15
2300.jpg,3,22,,,,,
2300.jpg,4,0,,,,,
2300.jpg,5,8,৮,,৮,number,96.34
2300.jpg,6,9,,,,,
2300.jpg,7,0,,,,,
2300.jpg,8,1,,,,,
2300.jpg,9,1,১,,১,number,99.72
2300.jpg,ALL,N/A,৮,ঢাকা,ঢাকা ৮,summary,N/A
1166.jpg,1,66,,কুষ্টিয়া,কুষ্টিয়া,word,70.85
1166.jpg,2,101,,,,,
1166.jpg,3,2,,,,,
1166.jpg,4,3,,,,,
1166.jpg,5,4,,,,,
1166.jpg,6,5,৫,,৫,number,59.60
1166.jpg,7,6,৬,,৬,number,80.04
1166.jpg,8,7,,,,,
1166.jpg,ALL,N/A,৫,কুষ্টিয়া,কুষ্টিয়া ৫,summary,N/A
2066.jpg,1,49,,,,,
2066.jpg,2,10,,,,,
2066.jpg,3,19,,,,,
2066.jpg,4,2,,,,,
2066.jpg,5,3,,,,,
2066.jpg,6,4,,,,,
2066.jpg,7,6,,,,,
2066.jpg,8,4,,,,,
2066.jpg,9,4,,,,,
2066.jpg,ALL,N/A,,,N/A,summary,N/A
1460.jpg,1,73,,,,,
1460.jpg,2,25,,,,,
1460.jpg,3,1,১,,১,number,99.76
1460.jpg,4,1,১,,১,number,99.30
1460.jpg,5,0,,,,,
1460.jpg,6,9,,,,,
1460.jpg,7,7,,,,,
1460.jpg,8,2,,,,,
1460.jpg,ALL,N/A,১,,১,summary,N/A
265.jpg,1,49,,,,,
265.jpg,2,10,,,,,
265.jpg,3,18,,,,,
265.jpg,4,3,,,,,
265.jpg,5,3,,,,,
265.jpg,6,7,,,,,
265.jpg,7,3,,,,,
265.jpg,8,8,,,,,
265.jpg,9,2,,,,,
265.jpg,ALL,N/A,,,N/A,summary,N/A
1598.jpg,1,96,,,,,
1598.jpg,2,20,,,,,
1598.jpg,3,1,,,,,
1598.jpg,4,1,,,,,
1598.jpg,5,2,,,,,
1598.jpg,6,2,,,,,
1598.jpg,7,3,৩,,৩,number,99.41
1598.jpg,8,1,,,,,
1598.jpg,ALL,N/A,৩,,৩,summary,N/A
660.jpg,1,43,,,,,
660.jpg,2,15,,,,,
660.jpg,3,5,,,,,
660.jpg,4,6,৬,,৬,number,100.00
660.jpg,5,7,৭,,৭,number,94.62
660.jpg,6,8,,,,,
660.jpg,7,9,,,,,
660.jpg,8,0,,,,,
660.jpg,ALL,N/A,৬,,৬,summary,N/A
1587.jpg,1,96,,সুনামগঞ্জ,সুনামগঞ্জ,word,98.71
1587.jpg,2,25,,,,,
1587.jpg,3,1,১,,১,number,99.79
1587.jpg,4,1,১,,১,number,99.94
1587.jpg,5,0,,,,,
1587.jpg,6,5,৫,,৫,number,57.61
1587.jpg,7,8,৮,,৮,number,98.31
1587.jpg,8,4,,,,,
1587.jpg,ALL,N/A,১,সুনামগঞ্জ,সুনামগঞ্জ ১,summary,N/A
919.jpg,1,97,,সিলেট,সিলেট,word,99.84
919.jpg,2,10,,,,,
919.jpg,3,20,,,,,
919.jpg,ALL,N/A,,সিলেট,সিলেট,summary,N/A
2069.jpg,1,49,,ঢাকা,ঢাকা,word,70.90
2069.jpg,2,10,,,,,
2069.jpg,3,18,,,,,
2069.jpg,4,2,,,,,
2069.jpg,5,9,,,,,
2069.jpg,6,3,,,,,
2069.jpg,7,5,৫,,৫,number,99.49
2069.jpg,8,9,,,,,
2069.jpg,9,2,,,,,
2069.jpg,ALL,N/A,৫,ঢাকা,ঢাকা ৫,summary,N/A
635.jpg,1,81,,,,,
635.jpg,2,23,,,,,
635.jpg,3,1,,,,,
635.jpg,4,9,,,,,
635.jpg,5,5,,,,,
635.jpg,6,6,,,,,
635.jpg,7,7,,,,,
635.jpg,8,8,,,,,
635.jpg,ALL,N/A,,,N/A,summary,N/A
580.jpg,1,54,,গাজীপুর,গাজীপুর,word,91.91
580.jpg,2,25,,,,,
580.jpg,3,2,,,,,
580.jpg,4,4,,,,,
580.jpg,5,6,,,,,
580.jpg,6,8,৮,,৮,number,86.39
580.jpg,7,0,,,,,
580.jpg,8,1,১,,১,number,15.87
580.jpg,ALL,N/A,৮,গাজীপুর,গাজীপুর ৮,summary,N/A
1062.jpg,1,98,,টাঙ্গাইল,টাঙ্গাইল,word,77.27
1062.jpg,2,24,,,,,
1062.jpg,3,2,,,,,
1062.jpg,4,3,,,,,
1062.jpg,5,4,,,,,
1062.jpg,6,5,,,,,
1062.jpg,7,6,,,,,
1062.jpg,8,7,,,,,
1062.jpg,ALL,N/A,,টাঙ্গাইল,টাঙ্গাইল,summary,N/A
1270.jpg,1,74,,,,,
1270.jpg,2,34,,,,,
1270.jpg,3,1,,,,,
1270.jpg,4,1,,,,,
1270.jpg,5,2,,,,,
1270.jpg,6,2,,,,,
1270.jpg,7,9,,,,,
1270.jpg,8,0,,,,,
1270.jpg,ALL,N/A,,,N/A,summary,N/A
379.jpg,1,44,,,,,
379.jpg,2,10,,মেট্রো,মেট্রো,word,77.71
379.jpg,3,15,,,,,
379.jpg,4,1,,,,,
379.jpg,5,2,২,,২,number,99.93
379.jpg,6,3,,,,,
379.jpg,7,4,,,,,
379.jpg,8,5,,,,,
379.jpg,9,6,,,,,
379.jpg,ALL,N/A,২,মেট্রো,মেট্রো ২,summary,N/A
1934.jpg,1,63,,,,,
1934.jpg,2,10,,,,,
1934.jpg,3,18,,,,,
1934.jpg,4,1,,,,,
1934.jpg,5,1,,,,,
1934.jpg,6,0,,,,,
1934.jpg,7,0,,,,,
1934.jpg,8,8,,,,,
1934.jpg,9,5,,,,,
1934.jpg,ALL,N/A,,,N/A,summary,N/A
1634.jpg,1,62,,,,,
1634.jpg,2,25,,,,,
1634.jpg,3,1,,,,,
1634.jpg,4,1,১,,১,number,99.34
1634.jpg,5,0,,,,,
1634.jpg,6,5,,,,,
1634.jpg,7,9,৯,,৯,number,94.90
1634.jpg,8,0,,,,,
1634.jpg,ALL,N/A,১,,১,summary,N/A
1905.jpg,1,49,,,,,
1905.jpg,2,10,,,,,
1905.jpg,3,32,,,,,
1905.jpg,4,1,,,,,
1905.jpg,5,3,,,,,
1905.jpg,6,4,,,,,
1905.jpg,7,9,,,,,
1905.jpg,8,0,,,,,
1905.jpg,9,8,৮,,৮,number,99.54
1905.jpg,ALL,N/A,৮,,৮,summary,N/A
2302.jpg,1,49,,,,,
2302.jpg,2,10,,,,,
2302.jpg,3,13,,,,,
2302.jpg,4,1,,,,,
2302.jpg,5,3,,,,,
2302.jpg,6,7,,,,,
2302.jpg,7,0,,,,,
2302.jpg,8,1,১,,১,number,99.99
2302.jpg,9,0,,,,,
2302.jpg,ALL,N/A,১,,১,summary,N/A
890.jpg,1,91,,রংপুর,রংপুর,word,98.81
890.jpg,2,20,,,,,
890.jpg,3,1,১,,১,number,99.84
890.jpg,4,4,৪,,৪,number,39.23
890.jpg,5,3,,,,,
890.jpg,6,2,,,,,
890.jpg,7,5,,,,,
890.jpg,8,0,,,,,
890.jpg,ALL,N/A,১,রংপুর,রংপুর ১,summary,N/A
630.jpg,1,58,,,,,
630.jpg,2,26,,,,,
630.jpg,3,8,,,,,
630.jpg,4,9,,,,,
630.jpg,5,0,,,,,
630.jpg,6,1,,,,,
630.jpg,7,2,,,,,
630.jpg,8,3,,,,,
630.jpg,ALL,N/A,,,N/A,summary,N/A
1318.jpg,1,79,,,,,
1318.jpg,2,27,,,,,
1318.jpg,3,3,,,,,
1318.jpg,4,4,,,,,
1318.jpg,5,5,,,,,
1318.jpg,6,6,৬,,৬,number,1.45
1318.jpg,7,7,,,,,
1318.jpg,8,8,,,,,
1318.jpg,ALL,N/A,৬,,৬,summary,N/A
1734.jpg,1,99,,ঠাকুরগাঁও,ঠাকুরগাঁও,word,90.41
1734.jpg,2,33,,,,,
1734.jpg,3,9,,,,,
1734.jpg,4,9,,,,,
1734.jpg,5,1,,,,,
1734.jpg,6,1,,,,,
1734.jpg,7,0,,,,,
1734.jpg,8,2,,,,,
1734.jpg,ALL,N/A,,ঠাকুরগাঁও,ঠাকুরগাঁও,summary,N/A
593.jpg,1,55,,গোপালগঞ্জ,গোপালগঞ্জ,word,94.13
593.jpg,2,21,,,,,
593.jpg,3,3,,,,,
593.jpg,4,4,,,,,
593.jpg,5,5,,,,,
593.jpg,6,6,,,,,
593.jpg,7,7,৭,,৭,number,40.80
593.jpg,8,8,,,,,
593.jpg,ALL,N/A,৭,গোপালগঞ্জ,গোপালগঞ্জ ৭,summary,N/A
349.jpg,1,49,,,,,
349.jpg,2,10,,,,,
349.jpg,3,18,,,,,
349.jpg,4,1,,,,,
349.jpg,5,7,,,,,
349.jpg,6,2,,,,,
349.jpg,7,8,,,,,
349.jpg,8,9,,,,,
349.jpg,9,3,,,,,
349.jpg,ALL,N/A,,,N/A,summary,N/A
611.jpg,1,57,,,,,
611.jpg,2,23,,,,,
611.jpg,3,3,,,,,
611.jpg,4,4,,,,,
611.jpg,5,5,,,,,
611.jpg,6,6,,,,,
611.jpg,7,7,,,,,
611.jpg,8,8,,,,,
611.jpg,ALL,N/A,,,N/A,summary,N/A
344.jpg,1,49,,,,,
344.jpg,2,10,,মেট্রো,মেট্রো,word,89.50
344.jpg,3,18,,,,,
344.jpg,4,2,,,,,
344.jpg,5,1,,,,,
344.jpg,6,8,,,,,
344.jpg,7,7,,,,,
344.jpg,8,9,,,,,
344.jpg,9,8,,,,,
344.jpg,ALL,N/A,,মেট্রো,মেট্রো,summary,N/A
2331.jpg,1,49,,,,,
2331.jpg,2,10,,,,,
2331.jpg,3,22,,,,,
2331.jpg,4,8,৬,,৬,number,26.56
2331.jpg,5,6,৬,,৬,number,63.92
2331.jpg,6,1,,,,,
2331.jpg,7,1,,,,,
2331.jpg,8,1,,,,,
2331.jpg,9,1,,,,,
2331.jpg,ALL,N/A,৬,,৬,summary,N/A
1749.jpg,1,45,,চট্টগ্রাম,চট্টগ্রাম,word,89.12
1749.jpg,2,33,,,,,
1749.jpg,3,1,,,,,
1749.jpg,4,4,,,,,
1749.jpg,5,1,,,,,
1749.jpg,6,8,৮,,৮,number,100.00
1749.jpg,7,7,,,,,
1749.jpg,8,7,,,,,
1749.jpg,ALL,N/A,৮,চট্টগ্রাম,চট্টগ্রাম ৮,summary,N/A
802.jpg,1,83,,,,,
802.jpg,2,20,,,,,
802.jpg,3,1,,,,,
802.jpg,4,3,,,,,
802.jpg,5,2,,,,,
802.jpg,6,7,৭,,৭,number,55.51
802.jpg,7,2,,,,,
802.jpg,8,0,,,,,
802.jpg,ALL,N/A,৭,,৭,summary,N/A
1408.jpg,1,67,,লক্ষ্মীপুর,লক্ষ্মীপুর,word,86.60
1408.jpg,2,20,,,,,
1408.jpg,3,1,১,,১,number,100.00
1408.jpg,4,2,২,,২,number,99.76
1408.jpg,5,2,,,,,
1408.jpg,6,0,,,,,
1408.jpg,7,9,৯,,৯,number,99.95
1408.jpg,8,7,৭,,৭,number,92.11
1408.jpg,ALL,N/A,১,লক্ষ্মীপুর,লক্ষ্মীপুর ১,summary,N/A
2384.jpg,1,88,,,,,
2384.jpg,2,20,,,,,
2384.jpg,3,1,১,,১,number,99.24
2384.jpg,4,1,১,,১,number,91.59
2384.jpg,5,0,,,,,
2384.jpg,6,0,,,,,
2384.jpg,7,2,১১,,১১,number,12.40
2384.jpg,8,0,,,,,
2384.jpg,ALL,N/A,১,,১,summary,N/A
435.jpg,1,45,,চট্টগ্রাম,চট্টগ্রাম,word,92.27
435.jpg,2,33,,,,,
435.jpg,3,7,,,,,
435.jpg,4,8,৮,,৮,number,44.86
435.jpg,5,9,১,,১,number,22.48
435.jpg,6,0,,,,,
435.jpg,7,1,,,,,
435.jpg,8,2,২,,২,number,99.98
435.jpg,ALL,N/A,৮,চট্টগ্রাম,চট্টগ্রাম ৮,summary,N/A
2110.jpg,1,49,,ঢাকা,ঢাকা,word,83.66
2110.jpg,2,10,,মেট্রো,মেট্রো,word,88.76
2110.jpg,3,18,,,,,
2110.jpg,4,4,,,,,
2110.jpg,5,3,,,,,
2110.jpg,6,2,,,,,
2110.jpg,7,1,,,,,
2110.jpg,8,7,,,,,
2110.jpg,9,3,৬,,৬,number,30.14
2110.jpg,ALL,N/A,৬,ঢাকা,ঢাকা ৬,summary,N/A
1285.jpg,1,75,,নওগাঁ,নওগাঁ,word,83.54
1285.jpg,2,33,,,,,
1285.jpg,3,0,,,,,
1285.jpg,4,1,১,,১,number,99.70
1285.jpg,5,1,১,,১,number,99.65
1285.jpg,6,8,৮,,৮,number,37.47
1285.jpg,7,9,,,,,
1285.jpg,8,9,,,,,
1285.jpg,ALL,N/A,১,নওগাঁ,নওগাঁ ১,summary,N/A
1369.jpg,1,91,,,,,
1369.jpg,2,27,,,,,
1369.jpg,3,3,,,,,
1369.jpg,4,4,,,,,
1369.jpg,5,5,,,,,
1369.jpg,6,6,,,,,
1369.jpg,7,7,,,,,
1369.jpg,8,8,,,,,
1369.jpg,ALL,N/A,,,N/A,summary,N/A
1975.jpg,1,49,,,,,
1975.jpg,2,10,,,,,
1975.jpg,3,31,,,,,
1975.jpg,4,1,,,,,
1975.jpg,5,3,,,,,
1975.jpg,6,0,,,,,
1975.jpg,7,4,,,,,
1975.jpg,8,3,,,,,
1975.jpg,9,9,,,,,
1975.jpg,ALL,N/A,,,N/A,summary,N/A
1411.jpg,1,68,,লালমনিরহাট,লালমনিরহাট,word,65.63
1411.jpg,2,20,,,,,
1411.jpg,3,1,,,,,
1411.jpg,4,2,,,,,
1411.jpg,5,7,,,,,
1411.jpg,6,8,,,,,
1411.jpg,7,4,,,,,
1411.jpg,8,6,৬,,৬,number,37.98
1411.jpg,ALL,N/A,৬,লালমনিরহাট,লালমনিরহাট ৬,summary,N/A
137.jpeg,1,79,,,,,
137.jpeg,2,25,,,,,
137.jpeg,3,1,,,,,
137.jpeg,4,1,,,,,
137.jpeg,5,2,,,,,
137.jpeg,6,8,,,,,
137.jpeg,7,8,,,,,
137.jpeg,8,1,,,,,
137.jpeg,ALL,N/A,,,N/A,summary,N/A
1490.jpg,1,60,,ঝিনাইদহ,ঝিনাইদহ,word,96.59
1490.jpg,2,20,,,,,
1490.jpg,3,1,,,,,
1490.jpg,4,3,,,,,
1490.jpg,5,4,,,,,
1490.jpg,6,7,,,,,
1490.jpg,7,9,১,,১,number,26.42
1490.jpg,8,2,,,,,
1490.jpg,ALL,N/A,১,ঝিনাইদহ,ঝিনাইদহ ১,summary,N/A
2444.jpg,1,44,,,,,
2444.jpg,2,10,,,,,
2444.jpg,3,20,,,,,
2444.jpg,4,1,,,,,
2444.jpg,5,6,,,,,
2444.jpg,6,4,,,,,
2444.jpg,7,8,,,,,
2444.jpg,8,4,,,,,
2444.jpg,9,1,,,,,
2444.jpg,ALL,N/A,,,N/A,summary,N/A
233.jpg,1,49,,ঢাকা,ঢাকা,word,93.41
233.jpg,2,10,,,,,
233.jpg,3,18,,,,,
233.jpg,4,2,,,,,
233.jpg,5,1,,,,,
233.jpg,6,1,,,,,
233.jpg,7,6,,,,,
233.jpg,8,0,,,,,
233.jpg,9,7,,,,,
233.jpg,ALL,N/A,,ঢাকা,ঢাকা,summary,N/A
2309.jpg,1,49,,,,,
2309.jpg,2,10,,,,,
2309.jpg,3,18,,,,,
2309.jpg,4,3,,,,,
2309.jpg,5,1,,,,,
2309.jpg,6,9,,,,,
2309.jpg,7,0,,,,,
2309.jpg,8,3,,,,,
2309.jpg,9,2,,,,,
2309.jpg,ALL,N/A,,,N/A,summary,N/A
214.jpg,1,49,,,,,
214.jpg,2,10,,,,,
214.jpg,3,12,,,,,
214.jpg,4,9,,,,,
214.jpg,5,7,,,,,
214.jpg,6,1,,,,,
214.jpg,7,1,,,,,
214.jpg,8,1,,,,,
214.jpg,9,1,,,,,
214.jpg,ALL,N/A,,,N/A,summary,N/A
901.jpg,1,91,,রংপুর,রংপুর,word,93.46
901.jpg,2,25,,,,,
901.jpg,3,1,১১,,১১,number,8.37
901.jpg,4,1,১,,১,number,2.72
901.jpg,5,1,১,,১,number,99.95
901.jpg,6,2,,,,,
901.jpg,7,4,,,,,
901.jpg,8,5,,,,,
901.jpg,ALL,N/A,১,রংপুর,রংপুর ১,summary,N/A
1838.jpg,1,50,,দিনাজপুর,দিনাজপুর,word,64.85
1838.jpg,2,25,,,,,
1838.jpg,3,1,,,,,
1838.jpg,4,1,,,,,
1838.jpg,5,3,,,,,
1838.jpg,6,4,,,,,
1838.jpg,7,5,৫,,৫,number,97.05
1838.jpg,8,3,,,,,
1838.jpg,ALL,N/A,৫,দিনাজপুর,দিনাজপুর ৫,summary,N/A
173.jpeg,1,36,,,,,
173.jpeg,2,20,,,,,
173.jpeg,3,1,,,,,
173.jpeg,4,1,,,,,
173.jpeg,5,5,,,,,
173.jpeg,6,5,,,,,
173.jpeg,7,4,,,,,
173.jpeg,8,4,,,,,
173.jpeg,ALL,N/A,,,N/A,summary,N/A
2314.jpg,1,49,,ঢাকা,ঢাকা,word,53.25
2314.jpg,2,10,,,,,
2314.jpg,3,18,,,,,
2314.jpg,4,1,,,,,
2314.jpg,5,1,১,,১,number,99.12
2314.jpg,6,5,,,,,
2314.jpg,7,2,,,,,
2314.jpg,8,8,৮,,৮,number,89.77
2314.jpg,9,4,৪,,৪,number,59.14
2314.jpg,ALL,N/A,১,ঢাকা,ঢাকা ১,summary,N/A
1527.jpg,1,81,,নীলফামারী,নীলফামারী,word,89.30
1527.jpg,2,20,,,,,
1527.jpg,3,1,,,,,
1527.jpg,4,1,৩০,,৩০,number,0.54
1527.jpg,5,2,১,,১,number,43.25
1527.jpg,6,0,,,,,
1527.jpg,7,6,৬,,৬,number,99.63
1527.jpg,8,7,,,,,
1527.jpg,ALL,N/A,৩০,নীলফামারী,নীলফামারী ৩০,summary,N/A
2601.jpg,1,43,,,,,
2601.jpg,2,25,,,,,
2601.jpg,3,1,১,,১,number,99.89
2601.jpg,4,1,২১,,২১,number,18.91
2601.jpg,5,2,,,,,
2601.jpg,6,6,,,,,
2601.jpg,7,5,,,,,
2601.jpg,8,0,,,,,
2601.jpg,ALL,N/A,১,,১,summary,N/A
2315.jpg,1,74,,ময়মনসিংহ,ময়মনসিংহ,word,76.91
2315.jpg,2,25,,,,,
2315.jpg,3,1,,,,,
2315.jpg,4,1,১১,,১১,number,25.57
2315.jpg,5,6,,,,,
2315.jpg,6,0,,,,,
2315.jpg,7,8,৮,,৮,number,99.99
2315.jpg,8,9,,,,,
2315.jpg,ALL,N/A,১১,ময়মনসিংহ,ময়মনসিংহ ১১,summary,N/A
1200.jpg,1,69,,মাদারীপুর,মাদারীপুর,word,66.81
1200.jpg,2,14,,,,,
1200.jpg,3,7,৭,,৭,number,97.24
1200.jpg,4,8,,,,,
1200.jpg,5,9,,,,,
1200.jpg,6,0,,,,,
1200.jpg,7,1,,,,,
1200.jpg,8,2,,,,,
1200.jpg,ALL,N/A,৭,মাদারীপুর,মাদারীপুর ৭,summary,N/A
825.jpg,1,86,,,,,
825.jpg,2,20,,,,,
825.jpg,3,1,,,,,
825.jpg,4,1,,,,,
825.jpg,5,7,,,,,
825.jpg,6,6,,,,,
825.jpg,7,3,,,,,
825.jpg,8,5,,,,,
825.jpg,ALL,N/A,,,N/A,summary,N/A
1384.jpg,1,90,,রাঙামাটি,রাঙামাটি,word,87.58
1384.jpg,2,15,,,,,
1384.jpg,3,2,২,,২,number,79.08
1384.jpg,4,3,,,,,
1384.jpg,5,4,,,,,
1384.jpg,6,5,,,,,
1384.jpg,7,6,৬,,৬,number,87.04
1384.jpg,8,7,,,,,
1384.jpg,ALL,N/A,২,রাঙামাটি,রাঙামাটি ২,summary,N/A
1069.jpg,1,68,,লালমনিরহাট,লালমনিরহাট,word,98.00
1069.jpg,2,25,,,,,
1069.jpg,3,1,১,,১,number,98.33
1069.jpg,4,1,১,,১,number,45.24
1069.jpg,5,1,১,,১,number,99.98
1069.jpg,6,1,১,,১,number,99.92
1069.jpg,7,0,,,,,
1069.jpg,8,6,৬,,৬,number,100.00
1069.jpg,ALL,N/A,১,লালমনিরহাট,লালমনিরহাট ১,summary,N/A
1902.jpg,1,49,,,,,
1902.jpg,2,10,,,,,
1902.jpg,3,26,,,,,
1902.jpg,4,5,৬,,৬,number,19.15
1902.jpg,5,5,৬,,৬,number,18.94
1902.jpg,6,0,,,,,
1902.jpg,7,5,,,,,
1902.jpg,8,6,,,,,
1902.jpg,9,1,,,,,
1902.jpg,ALL,N/A,৬,,৬,summary,N/A
1456.jpg,1,73,,,,,
1456.jpg,2,20,,,,,
1456.jpg,3,1,,,,,
1456.jpg,4,2,,,,,
1456.jpg,5,4,,,,,
1456.jpg,6,4,,,,,
1456.jpg,7,5,,,,,
1456.jpg,8,3,৩,,৩,number,81.98
1456.jpg,ALL,N/A,৩,,৩,summary,N/A
2006.jpg,1,44,,,,,
2006.jpg,2,10,,,,,
2006.jpg,3,27,,,,,
2006.jpg,4,1,,,,,
2006.jpg,5,1,,,,,
2006.jpg,6,0,,,,,
2006.jpg,7,0,,,,,
2006.jpg,8,3,,,,,
2006.jpg,9,9,,,,,
2006.jpg,ALL,N/A,,,N/A,summary,N/A
2316.jpg,1,49,,,,,
2316.jpg,2,10,,,,,
2316.jpg,3,18,,,,,
2316.jpg,4,1,১,,১,number,10.73
2316.jpg,5,7,৭,,৭,number,50.36
2316.jpg,6,9,,,,,
2316.jpg,7,6,,,,,
2316.jpg,8,0,,,,,
2316.jpg,9,9,,,,,
2316.jpg,ALL,N/A,১,,১,summary,N/A
1556.jpg,1,94,,শেরপুর,শেরপুর,word,82.22
1556.jpg,2,25,,,,,
1556.jpg,3,1,১,,১,number,100.00
1556.jpg,4,1,১,,১,number,100.00
1556.jpg,5,2,,,,,
1556.jpg,6,7,,,,,
1556.jpg,7,8,,,,,
1556.jpg,8,9,,,,,
1556.jpg,ALL,N/A,১,শেরপুর,শেরপুর ১,summary,N/A
2631.jpg,1,55,,,,,
2631.jpg,2,20,,,,,
2631.jpg,3,2,,,,,
2631.jpg,4,2,,,,,
2631.jpg,5,6,৬,,৬,number,99.38
2631.jpg,6,5,,,,,
2631.jpg,7,1,১,,১,number,82.48
2631.jpg,8,1,,,,,
2631.jpg,ALL,N/A,৬,,৬,summary,N/A
2586.jpg,1,54,,গাজীপুর,গাজীপুর,word,82.39
2586.jpg,2,20,,,,,
2586.jpg,3,0,,,,,
2586.jpg,4,3,,,,,
2586.jpg,5,7,,,,,
2586.jpg,6,6,৬,,৬,number,80.60
2586.jpg,7,1,১,,১,number,100.00
2586.jpg,8,1,১,,১,number,39.28
2586.jpg,ALL,N/A,১,গাজীপুর,গাজীপুর ১,summary,N/A
2081.jpg,1,49,,ঢাকা,ঢাকা,word,70.24
2081.jpg,2,10,,,,,
2081.jpg,3,18,,,,,
2081.jpg,4,2,,,,,
2081.jpg,5,2,,,,,
2081.jpg,6,4,,,,,
2081.jpg,7,8,৮,,৮,number,31.62
2081.jpg,8,0,,,,,
2081.jpg,9,9,,,,,
2081.jpg,ALL,N/A,৮,ঢাকা,ঢাকা ৮,summary,N/A
2433.jpg,1,49,,,,,
2433.jpg,2,10,,মেট্রো,মেট্রো,word,66.60
2433.jpg,3,20,,,,,
2433.jpg,4,5,,,,,
2433.jpg,5,5,,,,,
2433.jpg,6,9,১,,১,number,18.78
2433.jpg,7,4,,,,,
2433.jpg,8,7,৭,,৭,number,45.61
2433.jpg,9,8,,,,,
2433.jpg,ALL,N/A,১,মেট্রো,মেট্রো ১,summary,N/A
1516.jpg,1,79,,নাটোর,নাটোর,word,98.34
1516.jpg,2,25,,,,,
1516.jpg,3,1,,,,,
1516.jpg,4,1,,,,,
1516.jpg,5,1,,,,,
1516.jpg,6,1,,,,,
1516.jpg,7,8,,,,,
1516.jpg,8,5,,,,,
1516.jpg,ALL,N/A,,নাটোর,নাটোর,summary,N/A
598.jpg,1,55,,গোপালগঞ্জ,গোপালগঞ্জ,word,90.42
598.jpg,2,21,,,,,
598.jpg,3,1,,,,,
598.jpg,4,2,১,,১,number,82.78
598.jpg,5,3,,,,,
598.jpg,6,4,,,,,
598.jpg,7,8,৮,,৮,number,80.46
598.jpg,8,9,,,,,
598.jpg,ALL,N/A,১,গোপালগঞ্জ,গোপালগঞ্জ ১,summary,N/A
591.jpg,1,55,,গোপালগঞ্জ,গোপালগঞ্জ,word,98.28
591.jpg,2,21,,,,,
591.jpg,3,2,,,,,
591.jpg,4,4,,,,,
591.jpg,5,6,৬,,৬,number,80.86
591.jpg,6,8,৮,,৮,number,15.78
591.jpg,7,0,,,,,
591.jpg,8,1,১১,,১১,number,80.34
591.jpg,ALL,N/A,৬,গোপালগঞ্জ,গোপালগঞ্জ ৬,summary,N/A
884.jpg,1,88,,রাজবাড়ী,রাজবাড়ী,word,76.41
884.jpg,2,25,,,,,
884.jpg,3,1,১,,১,number,100.00
884.jpg,4,1,১,,১,number,100.00
884.jpg,5,3,,,,,
884.jpg,6,8,৮,,৮,number,70.99
884.jpg,7,6,,,,,
884.jpg,8,5,,,,,
884.jpg,ALL,N/A,১,রাজবাড়ী,রাজবাড়ী ১,summary,N/A
1311.jpg,1,78,,নরসিংদী,নরসিংদী,word,96.97
1311.jpg,2,30,,,,,
1311.jpg,3,1,,,,,
1311.jpg,4,2,২,,২,number,61.17
1311.jpg,5,3,,,,,
1311.jpg,6,4,,,,,
1311.jpg,7,5,,,,,
1311.jpg,8,6,,,,,
1311.jpg,ALL,N/A,২,নরসিংদী,নরসিংদী ২,summary,N/A
2482.jpg,1,39,,,,,
2482.jpg,2,10,,,,,
2482.jpg,3,20,,,,,
2482.jpg,4,1,,,,,
2482.jpg,5,2,,,,,
2482.jpg,6,4,,,,,
2482.jpg,7,3,,,,,
2482.jpg,8,1,,,,,
2482.jpg,9,0,,,,,
2482.jpg,ALL,N/A,,,N/A,summary,N/A
604.jpg,1,56,,হবিগঞ্জ,হবিগঞ্জ,word,86.70
604.jpg,2,22,,,,,
604.jpg,3,5,,,,,
604.jpg,4,6,,,,,
604.jpg,5,7,,,,,
604.jpg,6,8,৮,,৮,number,84.70
604.jpg,7,0,,,,,
604.jpg,8,1,,,,,
604.jpg,ALL,N/A,৮,হবিগঞ্জ,হবিগঞ্জ ৮,summary,N/A
1331.jpg,1,80,,,,,
1331.jpg,2,25,,,,,
1331.jpg,3,9,,,,,
1331.jpg,4,9,,,,,
1331.jpg,5,1,,,,,
1331.jpg,6,1,,,,,
1331.jpg,7,0,,,,,
1331.jpg,8,2,,,,,
1331.jpg,ALL,N/A,,,N/A,summary,N/A
970.jpg,1,52,,,,,
970.jpg,2,25,,,,,
970.jpg,3,1,,,,,
970.jpg,4,1,,,,,
970.jpg,5,3,,,,,
970.jpg,6,3,,,,,
970.jpg,7,7,,,,,
970.jpg,8,2,,,,,
970.jpg,ALL,N/A,,,N/A,summary,N/A
1081.jpg,1,60,,,,,
1081.jpg,2,28,,,,,
1081.jpg,3,8,৩,,৩,number,4.28
1081.jpg,4,9,,,,,
1081.jpg,5,0,,,,,
1081.jpg,6,1,,,,,
1081.jpg,7,2,,,,,
1081.jpg,8,3,,,,,
1081.jpg,ALL,N/A,৩,,৩,summary,N/A
484.jpg,1,48,,,,,
484.jpg,2,13,,,,,
484.jpg,3,3,,,,,
484.jpg,4,4,,,,,
484.jpg,5,5,,,,,
484.jpg,6,6,৬,,৬,number,95.73
484.jpg,7,7,,,,,
484.jpg,8,8,৩,,৩,number,22.17
484.jpg,ALL,N/A,৬,,৬,summary,N/A
676.jpg,1,83,,পাবনা,পাবনা,word,76.73
676.jpg,2,21,,,,,
676.jpg,3,9,,,,,
676.jpg,4,1,,,,,
676.jpg,5,0,,,,,
676.jpg,6,2,,,,,
676.jpg,7,1,,,,,
676.jpg,8,9,,,,,
676.jpg,ALL,N/A,,পাবনা,পাবনা,summary,N/A
1183.jpg,1,68,,,,,
1183.jpg,2,12,,,,,
1183.jpg,3,1,,,,,
1183.jpg,4,4,,,,,
1183.jpg,5,7,,,,,
1183.jpg,6,8,,,,,
1183.jpg,7,9,,,,,
1183.jpg,8,2,,,,,
1183.jpg,ALL,N/A,,,N/A,summary,N/A
1840.jpg,1,49,,,,,
1840.jpg,2,10,,মেট্রো,মেট্রো,word,73.52
1840.jpg,3,25,,,,,
1840.jpg,4,1,১,,১,number,99.08
1840.jpg,5,3,৬,,৬,number,93.59
1840.jpg,6,2,,,,,
1840.jpg,7,6,৬৬,,৬৬,number,33.70
1840.jpg,8,7,৭,,৭,number,35.28
1840.jpg,9,1,১,,১,number,98.40
1840.jpg,ALL,N/A,১,মেট্রো,মেট্রো ১,summary,N/A
765.jpg,1,82,,নোয়াখালী,নোয়াখালী,word,70.46
765.jpg,2,25,,,,,
765.jpg,3,1,১,,১,number,100.00
765.jpg,4,1,১,,১,number,13.90
765.jpg,5,0,,,,,
765.jpg,6,8,৮,,৮,number,99.85
765.jpg,7,8,,,,,
765.jpg,8,3,,,,,
765.jpg,ALL,N/A,১,নোয়াখালী,নোয়াখালী ১,summary,N/A
2527.jpg,1,90,,,,,
2527.jpg,2,20,,,,,
2527.jpg,3,1,১,,১,number,98.41
2527.jpg,4,1,১,,১,number,100.00
2527.jpg,5,1,,,,,
2527.jpg,6,4,,,,,
2527.jpg,7,4,৪,,৪,number,29.53
2527.jpg,8,2,,,,,
2527.jpg,ALL,N/A,১,,১,summary,N/A
1419.jpg,1,69,,,,,
1419.jpg,2,20,,,,,
1419.jpg,3,1,,,,,
1419.jpg,4,1,,,,,
1419.jpg,5,7,,,,,
1419.jpg,6,5,,,,,
1419.jpg,7,5,,,,,
1419.jpg,8,4,,,,,
1419.jpg,ALL,N/A,,,N/A,summary,N/A
2564.jpg,1,49,,,,,
2564.jpg,2,10,,মেট্রো,মেট্রো,word,74.07
2564.jpg,3,18,,,,,
2564.jpg,4,5,,,,,
2564.jpg,5,2,২,,২,number,97.57
2564.jpg,6,4,,,,,
2564.jpg,7,9,,,,,
2564.jpg,8,5,,,,,
2564.jpg,9,3,,,,,
2564.jpg,ALL,N/A,২,মেট্রো,মেট্রো ২,summary,N/A
1922.jpg,1,87,,,,,
1922.jpg,2,10,,মেট্রো,মেট্রো,word,95.17
1922.jpg,3,25,,,,,
1922.jpg,4,1,,,,,
1922.jpg,5,1,১,,১,number,60.95
1922.jpg,6,6,,,,,
1922.jpg,7,9,,,,,
1922.jpg,ALL,N/A,১,মেট্রো,মেট্রো ১,summary,N/A
918.jpg,1,97,,সিলেট,সিলেট,word,89.33
918.jpg,2,25,,,,,
918.jpg,3,1,১,,১,number,99.69
918.jpg,4,1,১,,১,number,99.78
918.jpg,5,2,২,,২,number,88.90
918.jpg,6,2,,,,,
918.jpg,7,4,,,,,
918.jpg,8,7,,,,,
918.jpg,ALL,N/A,১,সিলেট,সিলেট ১,summary,N/A
1756.jpg,1,44,,,,,
1756.jpg,2,10,,,,,
1756.jpg,3,28,,,,,
1756.jpg,4,0,,,,,
1756.jpg,5,5,৫,,৫,number,34.25
1756.jpg,6,0,,,,,
1756.jpg,7,3,,,,,
1756.jpg,8,3,,,,,
1756.jpg,9,6,,,,,
1756.jpg,ALL,N/A,৫,,৫,summary,N/A
1644.jpg,1,63,,খুলনা,খুলনা,word,98.47
1644.jpg,2,10,,মেট্রো,মেট্রো,word,81.48
1644.jpg,3,17,,,,,
1644.jpg,4,0,,,,,
1644.jpg,5,2,১,,১,number,81.65
1644.jpg,6,0,,,,,
1644.jpg,7,1,১,,১,number,99.99
1644.jpg,8,7,৭,,৭,number,58.63
1644.jpg,9,8,৮,,৮,number,99.70
1644.jpg,ALL,N/A,১,খুলনা,খুলনা ১,summary,N/A
2608.jpg,1,65,,কুড়িগ্রাম,কুড়িগ্রাম,word,82.17
2608.jpg,2,20,,,,,
2608.jpg,3,1,,,,,
2608.jpg,4,2,,,,,
2608.jpg,5,0,,,,,
2608.jpg,6,7,,,,,
2608.jpg,7,7,,,,,
2608.jpg,8,7,,,,,
2608.jpg,ALL,N/A,,কুড়িগ্রাম,কুড়িগ্রাম,summary,N/A
2630.jpg,1,46,,,,,
2630.jpg,2,25,,,,,
2630.jpg,3,9,,,,,
2630.jpg,4,4,৪,,৪,number,30.56
2630.jpg,5,4,,,,,
2630.jpg,6,1,,,,,
2630.jpg,7,1,,,,,
2630.jpg,8,6,৬,,৬,number,99.99
2630.jpg,ALL,N/A,৪,,৪,summary,N/A
2232.jpg,1,63,,খুলনা,খুলনা,word,82.21
2232.jpg,2,10,,মেট্রো,মেট্রো,word,92.01
2232.jpg,3,25,,,,,
2232.jpg,4,1,,,,,
2232.jpg,5,2,,,,,
2232.jpg,6,4,,,,,
2232.jpg,7,2,,,,,
2232.jpg,8,3,,,,,
2232.jpg,9,4,৪,,৪,number,25.21
2232.jpg,ALL,N/A,৪,খুলনা,খুলনা ৪,summary,N/A
26.jpeg,1,44,,,,,
26.jpeg,2,10,,,,,
26.jpeg,3,25,,,,,
26.jpeg,4,1,,,,,
26.jpeg,5,3,,,,,
26.jpeg,6,6,,,,,
26.jpeg,7,6,,,,,
26.jpeg,8,9,,,,,
26.jpeg,9,4,,,,,
26.jpeg,ALL,N/A,,,N/A,summary,N/A
647.jpg,1,82,,,,,
647.jpg,2,22,,,,,
647.jpg,3,1,,,,,
647.jpg,4,9,,,,,
647.jpg,5,5,,,,,
647.jpg,6,6,৬,,৬,number,11.75
647.jpg,7,7,,,,,
647.jpg,8,8,৩,,৩,number,31.62
647.jpg,ALL,N/A,৬,,৬,summary,N/A
2629.jpg,1,53,,গাইবান্ধা,গাইবান্ধা,word,86.35
2629.jpg,2,25,,,,,
2629.jpg,3,1,,,,,
2629.jpg,4,1,,,,,
2629.jpg,5,3,,,,,
2629.jpg,6,3,,,,,
2629.jpg,7,2,,,,,
2629.jpg,8,9,,,,,
2629.jpg,ALL,N/A,,গাইবান্ধা,গাইবান্ধা,summary,N/A
2020.jpg,1,49,,,,,
2020.jpg,2,10,,,,,
2020.jpg,3,23,,,,,
2020.jpg,4,1,,,,,
2020.jpg,5,1,,,,,
2020.jpg,6,0,,,,,
2020.jpg,7,7,৭,,৭,number,68.58
2020.jpg,8,9,,,,,
2020.jpg,9,7,,,,,
2020.jpg,ALL,N/A,৭,,৭,summary,N/A
105.jpg,1,77,,,,,
105.jpg,2,24,,,,,
105.jpg,3,1,,,,,
105.jpg,4,1,,,,,
105.jpg,5,1,,,,,
105.jpg,6,1,,,,,
105.jpg,7,1,,,,,
105.jpg,8,5,,,,,
105.jpg,ALL,N/A,,,N/A,summary,N/A
2385.jpg,1,49,,,,,
2385.jpg,2,10,,,,,
2385.jpg,3,18,,,,,
2385.jpg,4,2,,,,,
2385.jpg,5,1,১,,১,number,98.18
2385.jpg,6,7,,,,,
2385.jpg,7,6,,,,,
2385.jpg,8,6,,,,,
2385.jpg,9,1,১,,১,number,89.46
2385.jpg,ALL,N/A,১,,১,summary,N/A
249.jpg,1,49,,,,,
249.jpg,2,10,,,,,
249.jpg,3,18,,,,,
249.jpg,4,1,,,,,
249.jpg,5,1,,,,,
249.jpg,6,9,,,,,
249.jpg,7,2,,,,,
249.jpg,8,5,,,,,
249.jpg,9,3,,,,,
249.jpg,ALL,N/A,,,N/A,summary,N/A
1962.jpg,1,49,,,,,
1962.jpg,2,10,,মেট্রো,মেট্রো,word,85.54
1962.jpg,3,18,,,,,
1962.jpg,4,3,,,,,
1962.jpg,5,2,২,,২,number,95.33
1962.jpg,6,4,৪,,৪,number,31.09
1962.jpg,7,3,,,,,
1962.jpg,8,5,৫,,৫,number,78.36
1962.jpg,9,1,১,,১,number,99.85
1962.jpg,ALL,N/A,২,মেট্রো,মেট্রো ২,summary,N/A
2378.jpg,1,97,,সিলেট,সিলেট,word,89.49
2378.jpg,2,20,,,,,
2378.jpg,3,1,১,,১,number,99.98
2378.jpg,4,2,২,,২,number,47.23
2378.jpg,5,8,৮,,৮,number,48.49
2378.jpg,6,3,,,,,
2378.jpg,7,2,১,,১,number,88.22
2378.jpg,8,3,৩,,৩,number,98.46
2378.jpg,ALL,N/A,১,সিলেট,সিলেট ১,summary,N/A
659.jpg,1,43,,,,,
659.jpg,2,15,,,,,
659.jpg,3,7,,,,,
659.jpg,4,8,৬,,৬,number,7.05
659.jpg,5,9,,,,,
659.jpg,6,0,,,,,
659.jpg,7,1,,,,,
659.jpg,8,2,,,,,
659.jpg,ALL,N/A,৬,,৬,summary,N/A
2438.jpg,1,49,,,,,
2438.jpg,2,10,,,,,
2438.jpg,3,25,,,,,
2438.jpg,4,4,৪,,৪,number,80.58
2438.jpg,5,1,১,,১,number,14.01
2438.jpg,6,9,,,,,
2438.jpg,7,0,,,,,
2438.jpg,8,2,,,,,
2438.jpg,9,9,,,,,
2438.jpg,ALL,N/A,৪,,৪,summary,N/A
1584.jpg,1,96,,সুনামগঞ্জ,সুনামগঞ্জ,word,90.87
1584.jpg,2,12,,,,,
1584.jpg,3,1,,,,,
1584.jpg,4,1,,,,,
1584.jpg,5,1,১,,১,number,96.29
1584.jpg,6,9,,,,,
1584.jpg,7,2,২,,২,number,99.29
1584.jpg,8,8,৮,,৮,number,87.80
1584.jpg,ALL,N/A,১,সুনামগঞ্জ,সুনামগঞ্জ ১,summary,N/A
1478.jpg,1,74,,ময়মনসিংহ,ময়মনসিংহ,word,90.29
1478.jpg,2,25,,,,,
1478.jpg,3,1,১,,১,number,99.77
1478.jpg,4,1,১১,,১১,number,53.60
1478.jpg,5,1,১,,১,number,99.97
1478.jpg,6,8,৮,,৮,number,100.00
1478.jpg,7,0,,,,,
1478.jpg,8,9,৯,,৯,number,27.25
1478.jpg,ALL,N/A,১,ময়মনসিংহ,ময়মনসিংহ ১,summary,N/A
2421.jpg,1,97,,,,,
2421.jpg,2,25,,,,,
2421.jpg,3,5,,,,,
2421.jpg,4,4,,,,,
2421.jpg,5,3,,,,,
2421.jpg,6,0,,,,,
2421.jpg,7,2,,,,,
2421.jpg,8,1,,,,,
2421.jpg,ALL,N/A,,,N/A,summary,N/A
2152.jpg,1,49,,,,,
2152.jpg,2,10,,,,,
2152.jpg,3,13,,,,,
2152.jpg,4,1,,,,,
2152.jpg,5,9,৫,,৫,number,4.37
2152.jpg,6,4,,,,,
2152.jpg,7,0,,,,,
2152.jpg,8,6,৬,,৬,number,98.84
2152.jpg,9,7,৭,,৭,number,37.11
2152.jpg,ALL,N/A,৫,,৫,summary,N/A
2522.jpg,1,43,,,,,
2522.jpg,2,20,,,,,
2522.jpg,3,7,৭,,৭,number,58.73
2522.jpg,4,6,,,,,
2522.jpg,5,3,,,,,
2522.jpg,6,5,,,,,
2522.jpg,7,1,১,,১,number,99.99
2522.jpg,8,1,১,,১,number,99.99
2522.jpg,ALL,N/A,১,,১,summary,N/A
1897.jpg,1,49,,,,,
1897.jpg,2,10,,,,,
1897.jpg,3,32,,,,,
1897.jpg,4,1,,,,,
1897.jpg,5,1,,,,,
1897.jpg,6,0,,,,,
1897.jpg,7,8,,,,,
1897.jpg,8,6,,,,,
1897.jpg,9,4,,,,,
1897.jpg,ALL,N/A,,,N/A,summary,N/A
1380.jpg,1,0,,,,,
1380.jpg,2,1,,,,,
1380.jpg,3,3,,,,,
1380.jpg,4,4,,,,,
1380.jpg,5,5,,,,,
1380.jpg,6,6,৬,,৬,number,100.00
1380.jpg,7,15,৬,,৬,number,84.58
1380.jpg,8,90,,,,,
1380.jpg,ALL,N/A,৬,,৬,summary,N/A
63.jpg,1,77,,,,,
63.jpg,2,33,,,,,
63.jpg,3,1,,,,,
63.jpg,4,1,,,,,
63.jpg,5,5,,,,,
63.jpg,6,6,,,,,
63.jpg,7,3,,,,,
63.jpg,8,7,,,,,
63.jpg,ALL,N/A,,,N/A,summary,N/A
2195.jpg,1,49,,,,,
2195.jpg,2,10,,মেট্রো,মেট্রো,word,95.66
2195.jpg,3,18,,,,,
2195.jpg,4,1,১,,১,number,99.99
2195.jpg,5,5,৫,,৫,number,79.43
2195.jpg,6,1,১,,১,number,100.00
2195.jpg,7,7,৭,,৭,number,74.93
2195.jpg,8,0,,,,,
2195.jpg,9,2,,,,,
2195.jpg,ALL,N/A,১,মেট্রো,মেট্রো ১,summary,N/A
372.jpg,1,46,০,,০,number,5.19
372.jpg,2,11,,,,,
372.jpg,3,3,,,,,
372.jpg,4,4,,,,,
372.jpg,5,5,,,,,
372.jpg,6,6,৬,,৬,number,23.19
372.jpg,7,7,,,,,
372.jpg,8,8,৬,,৬,number,5.32
372.jpg,ALL,N/A,৬,,৬,summary,N/A
2569.jpg,1,49,,ঢাকা,ঢাকা,word,85.01
2569.jpg,2,10,,,,,
2569.jpg,3,20,,,,,
2569.jpg,4,1,,,,,
2569.jpg,5,9,,,,,
2569.jpg,6,1,,,,,
2569.jpg,7,4,,,,,
2569.jpg,8,2,,,,,
2569.jpg,9,1,,,,,
2569.jpg,ALL,N/A,,ঢাকা,ঢাকা,summary,N/A
1961.jpg,1,39,,,,,
1961.jpg,2,10,,মেট্রো,মেট্রো,word,69.08
1961.jpg,3,20,,,,,
1961.jpg,4,1,১,,১,number,99.15
1961.jpg,5,2,২,,২,number,99.84
1961.jpg,6,4,,,,,
1961.jpg,7,3,৩,,৩,number,78.18
1961.jpg,8,1,,,,,
1961.jpg,9,0,,,,,
1961.jpg,ALL,N/A,১,মেট্রো,মেট্রো ১,summary,N/A
1127.jpg,1,63,,,,,
1127.jpg,2,10,,,,,
1127.jpg,3,32,,,,,
1127.jpg,4,3,,,,,
1127.jpg,5,4,,,,,
1127.jpg,6,5,,,,,
1127.jpg,7,6,৬,,৬,number,95.52
1127.jpg,8,7,,,,,
1127.jpg,9,8,,,,,
1127.jpg,ALL,N/A,৬,,৬,summary,N/A
2591.jpg,1,99,,ঠাকুরগাঁও,ঠাকুরগাঁও,word,72.77
2591.jpg,2,25,,,,,
2591.jpg,3,7,,,,,
2591.jpg,4,0,,,,,
2591.jpg,5,7,,,,,
2591.jpg,6,2,,,,,
2591.jpg,7,1,১,,১,number,99.86
2591.jpg,8,1,,,,,
2591.jpg,ALL,N/A,১,ঠাকুরগাঁও,ঠাকুরগাঁও ১,summary,N/A
1806.jpg,1,79,,নাটোর,নাটোর,word,84.18
1806.jpg,2,25,,,,,
1806.jpg,3,1,১,,১,number,99.90
1806.jpg,4,1,১,,১,number,99.77
1806.jpg,5,1,১,,১,number,99.99
1806.jpg,6,7,৭,,৭,number,73.49
1806.jpg,7,6,৬,,৬,number,54.79
1806.jpg,8,0,,,,,
1806.jpg,ALL,N/A,১,নাটোর,নাটোর ১,summary,N/A
386.jpg,1,41,,,,,
386.jpg,2,31,,,,,
386.jpg,3,3,,,,,
386.jpg,4,4,,,,,
386.jpg,5,5,,,,,
386.jpg,6,6,৩,,৩,number,10.66
386.jpg,7,7,,,,,
386.jpg,8,8,৩,,৩,number,7.21
386.jpg,ALL,N/A,৩,,৩,summary,N/A
1593.jpg,1,96,,,,,
1593.jpg,2,25,,,,,
1593.jpg,3,1,,,,,
1593.jpg,4,1,,,,,
1593.jpg,5,0,,,,,
1593.jpg,6,5,,,,,
1593.jpg,7,1,,,,,
1593.jpg,8,7,,,,,
1593.jpg,ALL,N/A,,,N/A,summary,N/A
1168.jpg,1,66,,,,,
1168.jpg,2,101,,,,,
1168.jpg,3,1,,,,,
1168.jpg,4,2,১,,১,number,99.61
1168.jpg,5,3,,,,,
1168.jpg,6,4,,,,,
1168.jpg,7,5,,,,,
1168.jpg,8,6,৬,,৬,number,53.45
1168.jpg,ALL,N/A,১,,১,summary,N/A
1641.jpg,1,63,,খুলনা,খুলনা,word,99.58
1641.jpg,2,20,,,,,
1641.jpg,3,1,১,,১,number,100.00
1641.jpg,4,3,,,,,
1641.jpg,5,3,৩,,৩,number,99.65
1641.jpg,6,6,,,,,
1641.jpg,7,7,৭,,৭,number,98.47
1641.jpg,8,4,,,,,
1641.jpg,ALL,N/A,১,খুলনা,খুলনা ১,summary,N/A
25.jpeg,1,62,,,,,
25.jpeg,2,20,,,,,
25.jpeg,3,1,,,,,
25.jpeg,4,1,,,,,
25.jpeg,5,4,,,,,
25.jpeg,6,4,,,,,
25.jpeg,7,5,,,,,
25.jpeg,8,8,,,,,
25.jpeg,ALL,N/A,,,N/A,summary,N/A
968.jpg,1,52,,ফেনী,ফেনী,word,99.85
968.jpg,2,21,,,,,
968.jpg,3,1,১,,১,number,100.00
968.jpg,4,1,১,,১,number,99.99
968.jpg,5,1,,,,,
968.jpg,6,0,,,,,
968.jpg,7,2,,,,,
968.jpg,8,0,,,,,
968.jpg,ALL,N/A,১,ফেনী,ফেনী ১,summary,N/A
1372.jpg,1,91,,,,,
1372.jpg,2,27,,,,,
1372.jpg,3,2,২,,২,number,99.95
1372.jpg,4,3,৩,,৩,number,96.25
1372.jpg,5,4,,,,,
1372.jpg,6,5,৫,,৫,number,77.71
1372.jpg,7,6,৬,,৬,number,99.79
1372.jpg,8,7,,,,,
1372.jpg,ALL,N/A,২,,২,summary,N/A
2265.jpg,1,89,,রাজশাহী,রাজশাহী,word,84.57
2265.jpg,2,20,,,,,
2265.jpg,3,1,১,,১,number,99.89
2265.jpg,4,1,১১,,১১,number,11.09
2265.jpg,5,5,,,,,
2265.jpg,6,2,,,,,
2265.jpg,7,6,,,,,
2265.jpg,8,5,,,,,
2265.jpg,ALL,N/A,১,রাজশাহী,রাজশাহী ১,summary,N/A
1924.jpg,1,87,,,,,
1924.jpg,2,10,,মেট্রো,মেট্রো,word,91.35
1924.jpg,3,19,,,,,
1924.jpg,4,1,,,,,
1924.jpg,5,1,,,,,
1924.jpg,6,0,,,,,
1924.jpg,7,0,,,,,
1924.jpg,8,7,৭,,৭,number,25.52
1924.jpg,9,1,১,,১,number,99.06
1924.jpg,ALL,N/A,৭,মেট্রো,মেট্রো ৭,summary,N/A
1449.jpg,1,73,,মৌলভীবাজার,মৌলভীবাজার,word,86.35
1449.jpg,2,20,,,,,
1449.jpg,3,1,১,,১,number,100.00
1449.jpg,4,1,১,,১,number,100.00
1449.jpg,5,1,১,,১,number,100.00
1449.jpg,6,0,,,,,
1449.jpg,7,6,৬,,৬,number,100.00
1449.jpg,8,7,,,,,
1449.jpg,ALL,N/A,১,মৌলভীবাজার,মৌলভীবাজার ১,summary,N/A
1544.jpg,1,93,,,,,
1544.jpg,2,20,,,,,
1544.jpg,3,1,,,,,
1544.jpg,4,1,১,,১,number,42.32
1544.jpg,5,5,,,,,
1544.jpg,6,3,,,,,
1544.jpg,7,3,,,,,
1544.jpg,8,3,,,,,
1544.jpg,ALL,N/A,১,,১,summary,N/A
1826.jpg,1,57,,,,,
1826.jpg,2,25,,,,,
1826.jpg,3,1,,,,,
1826.jpg,4,1,,,,,
1826.jpg,5,1,১,,১,number,89.94
1826.jpg,6,1,,,,,
1826.jpg,7,3,,,,,
1826.jpg,8,4,,,,,
1826.jpg,ALL,N/A,১,,১,summary,N/A
1234.jpg,1,72,,মেহেরপুর,মেহেরপুর,word,97.32
1234.jpg,2,101,,,,,
1234.jpg,3,2,২,,২,number,99.52
1234.jpg,4,3,,,,,
1234.jpg,5,4,,,,,
1234.jpg,6,5,,,,,
1234.jpg,7,6,,,,,
1234.jpg,8,7,,,,,
1234.jpg,ALL,N/A,২,মেহেরপুর,মেহেরপুর ২,summary,N/A
1738.jpg,1,99,,ঠাকুরগাঁও,ঠাকুরগাঁও,word,89.87
1738.jpg,2,33,,,,,
1738.jpg,3,1,,,,,
1738.jpg,4,2,২,,২,number,81.68
1738.jpg,5,3,,,,,
1738.jpg,6,4,,,,,
1738.jpg,7,5,,,,,
1738.jpg,8,6,৬,,৬,number,58.28
1738.jpg,ALL,N/A,২,ঠাকুরগাঁও,ঠাকুরগাঁও ২,summary,N/A
1686.jpg,1,67,,,,,
1686.jpg,2,20,,,,,
1686.jpg,3,1,,,,,
1686.jpg,4,1,,,,,
1686.jpg,5,3,,,,,
1686.jpg,6,9,,,,,
1686.jpg,7,8,,,,,
1686.jpg,8,5,,,,,
1686.jpg,ALL,N/A,,,N/A,summary,N/A
1435.jpg,1,71,,মানিকগঞ্জ,মানিকগঞ্জ,word,85.23
1435.jpg,2,25,,,,,
1435.jpg,3,1,১১,,১১,number,32.17
1435.jpg,4,1,০১,,০১,number,12.70
1435.jpg,5,1,১১,,১১,number,12.83
1435.jpg,6,8,,,,,
1435.jpg,7,4,,,,,
1435.jpg,8,4,,,,,
1435.jpg,ALL,N/A,১১,মানিকগঞ্জ,মানিকগঞ্জ ১১,summary,N/A
1053.jpg,1,98,,,,,
1053.jpg,2,24,,,,,
1053.jpg,3,1,,,,,
1053.jpg,4,9,,,,,
1053.jpg,5,5,,,,,
1053.jpg,6,6,,,,,
1053.jpg,7,7,,,,,
1053.jpg,8,8,৩,,৩,number,56.62
1053.jpg,ALL,N/A,৩,,৩,summary,N/A
418.jpg,1,45,,চট্টগ্রাম,চট্টগ্রাম,word,88.83
418.jpg,2,33,,,,,
418.jpg,3,3,,,,,
418.jpg,4,4,৪,,৪,number,25.51
418.jpg,5,5,,,,,
418.jpg,6,6,৬,,৬,number,97.20
418.jpg,7,7,,,,,
418.jpg,8,8,৮,,৮,number,96.49
418.jpg,ALL,N/A,৪,চট্টগ্রাম,চট্টগ্রাম ৪,summary,N/A
1042.jpg,1,97,,সিলেট,সিলেট,word,81.23
1042.jpg,2,26,,,,,
1042.jpg,3,3,,,,,
1042.jpg,4,4,৪,,৪,number,19.74
1042.jpg,5,5,,,,,
1042.jpg,6,6,,,,,
1042.jpg,7,7,৭,,৭,number,95.08
1042.jpg,8,8,,,,,
1042.jpg,ALL,N/A,৪,সিলেট,সিলেট ৪,summary,N/A
632.jpg,1,81,,,,,
632.jpg,2,23,,,,,
632.jpg,3,3,,,,,
632.jpg,4,4,,,,,
632.jpg,5,5,,,,,
632.jpg,6,6,,,,,
632.jpg,7,7,,,,,
632.jpg,8,8,,,,,
632.jpg,ALL,N/A,,,N/A,summary,N/A
1862.jpg,1,49,,,,,
1862.jpg,2,10,,,,,
1862.jpg,3,18,,,,,
1862.jpg,4,3,,,,,
1862.jpg,5,5,৫,,৫,number,99.07
1862.jpg,6,6,,,,,
1862.jpg,7,5,৫,,৫,number,91.55
1862.jpg,8,8,৮,,৮,number,76.28
1862.jpg,9,7,৭,,৭,number,43.11
1862.jpg,ALL,N/A,৫,,৫,summary,N/A
1759.jpg,1,45,,চট্টগ্রাম,চট্টগ্রাম,word,83.81
1759.jpg,2,33,,,,,
1759.jpg,3,1,,,,,
1759.jpg,4,4,,,,,
1759.jpg,5,6,,,,,
1759.jpg,6,3,,,,,
1759.jpg,7,3,,,,,
1759.jpg,8,7,,,,,
1759.jpg,ALL,N/A,,চট্টগ্রাম,চট্টগ্রাম,summary,N/A
628.jpg,1,58,,,,,
628.jpg,2,26,,,,,
628.jpg,3,1,,,,,
628.jpg,4,2,১,,১,number,99.92
628.jpg,5,3,,,,,
628.jpg,6,4,,,,,
628.jpg,7,6,৬,,৬,number,93.48
628.jpg,8,5,,,,,
628.jpg,ALL,N/A,১,,১,summary,N/A
2471.jpg,1,49,,ঢাকা,ঢাকা,word,86.37
2471.jpg,2,10,,মেট্রো,মেট্রো,word,91.09
2471.jpg,3,25,,,,,
2471.jpg,4,2,,,,,
2471.jpg,5,1,১,,১,number,15.37
2471.jpg,6,3,,,,,
2471.jpg,7,5,৫,,৫,number,99.89
2471.jpg,8,4,,,,,
2471.jpg,9,6,,,,,
2471.jpg,ALL,N/A,১,ঢাকা,ঢাকা ১,summary,N/A
1064.jpg,1,73,,মৌলভীবাজার,মৌলভীবাজার,word,79.42
1064.jpg,2,33,,,,,
1064.jpg,3,1,১,,১,number,98.93
1064.jpg,4,2,১,,১,number,64.63
1064.jpg,5,1,১,,১,number,19.82
1064.jpg,6,6,,,,,
1064.jpg,7,6,৬,,৬,number,99.98
1064.jpg,8,9,১,,১,number,44.71
1064.jpg,ALL,N/A,১,মৌলভীবাজার,মৌলভীবাজার ১,summary,N/A
2665.jpg,1,38,,বরগুনা,বরগুনা,word,97.96
2665.jpg,2,20,,,,,
2665.jpg,3,1,১,,১,number,12.82
2665.jpg,4,1,১,,১,number,78.81
2665.jpg,5,1,২১,,২১,number,14.38
2665.jpg,6,9,৯,,৯,number,99.99
2665.jpg,7,4,,,,,
2665.jpg,8,4,,,,,
2665.jpg,ALL,N/A,১,বরগুনা,বরগুনা ১,summary,N/A
2083.jpg,1,49,,,,,
2083.jpg,2,10,,,,,
2083.jpg,3,18,,,,,
2083.jpg,4,3,,,,,
2083.jpg,5,9,,,,,
2083.jpg,6,0,,,,,
2083.jpg,7,9,,,,,
2083.jpg,8,5,,,,,
2083.jpg,9,8,,,,,
2083.jpg,ALL,N/A,,,N/A,summary,N/A
1150.jpg,1,65,,,,,
1150.jpg,2,100,,,,,
1150.jpg,3,1,,,,,
1150.jpg,4,3,,,,,
1150.jpg,5,5,,,,,
1150.jpg,6,7,,,,,
1150.jpg,7,9,,,,,
1150.jpg,8,0,,,,,
1150.jpg,ALL,N/A,,,N/A,summary,N/A
466.jpg,1,47,,কক্সবাজার,কক্সবাজার,word,98.41
466.jpg,2,12,,,,,
466.jpg,3,7,,,,,
466.jpg,4,8,৮,,৮,number,99.72
466.jpg,5,9,,,,,
466.jpg,6,0,,,,,
466.jpg,7,1,১,,১,number,99.99
466.jpg,8,0,,,,,
466.jpg,ALL,N/A,৮,কক্সবাজার,কক্সবাজার ৮,summary,N/A
1509.jpg,1,79,,নাটোর,নাটোর,word,75.57
1509.jpg,2,20,,,,,
1509.jpg,3,1,১,,১,number,99.60
1509.jpg,4,1,,,,,
1509.jpg,5,3,,,,,
1509.jpg,6,9,,,,,
1509.jpg,7,7,৭,,৭,number,57.42
1509.jpg,8,7,৭,,৭,number,56.41
1509.jpg,ALL,N/A,৭,নাটোর,নাটোর ৭,summary,N/A
873.jpg,1,87,,,,,
873.jpg,2,10,,মেট্রো,মেট্রো,word,79.24
873.jpg,3,15,,,,,
873.jpg,4,1,১,,১,number,100.00
873.jpg,5,1,১,,১,number,99.99
873.jpg,6,0,,,,,
873.jpg,7,0,,,,,
873.jpg,8,0,,,,,
873.jpg,9,6,৬,,৬,number,100.00
873.jpg,ALL,N/A,১,মেট্রো,মেট্রো ১,summary,N/A
91.jpeg,1,49,,ঢাকা,ঢাকা,word,94.75
91.jpeg,2,10,,মেট্রো,মেট্রো,word,76.08
91.jpeg,3,19,,,,,
91.jpeg,4,1,,,,,
91.jpeg,5,1,১১,,১১,number,81.88
91.jpeg,6,1,১,,১,number,99.99
91.jpeg,7,4,,,,,
91.jpeg,8,8,,,,,
91.jpeg,9,2,,,,,
91.jpeg,ALL,N/A,১১,ঢাকা,ঢাকা ১১,summary,N/A
686.jpg,1,84,,,,,
686.jpg,2,20,,,,,
686.jpg,3,0,,,,,
686.jpg,4,1,,,,,
686.jpg,5,3,,,,,
686.jpg,6,4,,,,,
686.jpg,7,5,,,,,
686.jpg,8,6,,,,,
686.jpg,ALL,N/A,,,N/A,summary,N/A
742.jpg,1,88,,রাজবাড়ী,রাজবাড়ী,word,78.62
742.jpg,2,101,,,,,
742.jpg,3,2,,,,,
742.jpg,4,3,,,,,
742.jpg,5,4,,,,,
742.jpg,6,5,,,,,
742.jpg,7,6,৬,,৬,number,96.61
742.jpg,8,7,,,,,
742.jpg,ALL,N/A,৬,রাজবাড়ী,রাজবাড়ী ৬,summary,N/A
945.jpg,1,98,,,,,
945.jpg,2,25,,,,,
945.jpg,3,1,,,,,
945.jpg,4,2,২,,২,number,63.53
945.jpg,5,2,,,,,
945.jpg,6,0,,,,,
945.jpg,7,0,,,,,
945.jpg,8,5,৫,,৫,number,89.86
945.jpg,ALL,N/A,২,,২,summary,N/A
2241.jpg,1,49,,,,,
2241.jpg,2,10,,মেট্রো,মেট্রো,word,68.40
2241.jpg,3,27,,,,,
2241.jpg,4,1,,,,,
2241.jpg,5,7,,,,,
2241.jpg,6,3,,,,,
2241.jpg,7,8,৮,,৮,number,11.34
2241.jpg,8,1,,,,,
2241.jpg,9,2,,,,,
2241.jpg,ALL,N/A,৮,মেট্রো,মেট্রো ৮,summary,N/A
951.jpg,1,98,,টাঙ্গাইল,টাঙ্গাইল,word,87.79
951.jpg,2,25,,,,,
951.jpg,3,1,,,,,
951.jpg,4,1,১,,১,number,52.00
951.jpg,5,2,২,,২,number,66.48
951.jpg,6,8,,,,,
951.jpg,7,0,,,,,
951.jpg,8,4,,,,,
951.jpg,ALL,N/A,১,টাঙ্গাইল,টাঙ্গাইল ১,summary,N/A
2301.jpg,1,49,,,,,
2301.jpg,2,10,,,,,
2301.jpg,3,13,,,,,
2301.jpg,4,8,,,,,
2301.jpg,5,0,,,,,
2301.jpg,6,4,,,,,
2301.jpg,7,2,,,,,
2301.jpg,8,6,,,,,
2301.jpg,9,1,১,,১,number,97.84
2301.jpg,ALL,N/A,১,,১,summary,N/A
863.jpg,1,87,,,,,
863.jpg,2,10,,মেট্রো,মেট্রো,word,76.34
863.jpg,3,25,,,,,
863.jpg,4,1,,,,,
863.jpg,5,1,১১,,১১,number,7.71
863.jpg,6,1,,,,,
863.jpg,7,2,,,,,
863.jpg,8,2,১,,১,number,32.06
863.jpg,9,6,৬,,৬,number,98.87
863.jpg,ALL,N/A,১১,মেট্রো,মেট্রো ১১,summary,N/A
853.jpg,1,35,,,,,
853.jpg,2,16,,,,,
853.jpg,3,9,,,,,
853.jpg,4,0,,,,,
853.jpg,5,1,,,,,
853.jpg,6,2,,,,,
853.jpg,7,3,,,,,
853.jpg,8,4,,,,,
853.jpg,ALL,N/A,,,N/A,summary,N/A
2342.jpg,1,49,,,,,
2342.jpg,2,10,,,,,
2342.jpg,3,13,,,,,
2342.jpg,4,7,,,,,
2342.jpg,5,7,৭,,৭,number,69.61
2342.jpg,6,7,,,,,
2342.jpg,7,2,,,,,
2342.jpg,8,6,,,,,
2342.jpg,9,1,,,,,
2342.jpg,ALL,N/A,৭,,৭,summary,N/A
1258.jpg,1,73,,,,,
1258.jpg,2,100,,,,,
1258.jpg,3,9,,,,,
1258.jpg,4,0,,,,,
1258.jpg,5,1,,,,,
1258.jpg,6,2,,,,,
1258.jpg,7,3,,,,,
1258.jpg,8,4,,,,,
1258.jpg,ALL,N/A,,,N/A,summary,N/A
2114.jpg,1,77,,,,,
2114.jpg,2,15,,,,,
2114.jpg,3,0,,,,,
2114.jpg,4,2,,,,,
2114.jpg,5,0,,,,,
2114.jpg,6,1,১,,১,number,99.93
2114.jpg,7,3,,,,,
2114.jpg,8,0,,,,,
2114.jpg,ALL,N/A,১,,১,summary,N/A
1036.jpg,1,58,,যশোর,যশোর,word,84.94
1036.jpg,2,20,,,,,
1036.jpg,3,1,,,,,
1036.jpg,4,5,,,,,
1036.jpg,5,5,৫,,৫,number,64.16
1036.jpg,6,5,৫,,৫,number,69.11
1036.jpg,7,6,৬,,৬,number,88.51
1036.jpg,8,7,,,,,
1036.jpg,ALL,N/A,৫,যশোর,যশোর ৫,summary,N/A
612.jpg,1,57,,জামালপুর,জামালপুর,word,97.70
612.jpg,2,20,,,,,
612.jpg,3,1,১,,১,number,74.63
612.jpg,4,2,২,,২,number,98.02
612.jpg,5,6,৬,,৬,number,100.00
612.jpg,6,8,,,,,
612.jpg,7,1,১,,১,number,36.37
612.jpg,8,2,১,,১,number,82.11
612.jpg,ALL,N/A,১,জামালপুর,জামালপুর ১,summary,N/A
528.jpg,1,49,,ঢাকা,ঢাকা,word,74.31
528.jpg,2,14,,,,,
528.jpg,3,3,,,,,
528.jpg,4,4,,,,,
528.jpg,5,5,,,,,
528.jpg,6,6,,,,,
528.jpg,7,7,৭,,৭,number,72.99
528.jpg,8,8,৮,,৮,number,25.04
528.jpg,ALL,N/A,৭,ঢাকা,ঢাকা ৭,summary,N/A
1604.jpg,1,99,,ঠাকুরগাঁও,ঠাকুরগাঁও,word,84.63
1604.jpg,2,20,,,,,
1604.jpg,3,1,,,,,
1604.jpg,4,1,,,,,
1604.jpg,5,2,,,,,
1604.jpg,6,0,,,,,
1604.jpg,7,3,৩,,৩,number,75.03
1604.jpg,8,6,,,,,
1604.jpg,ALL,N/A,৩,ঠাকুরগাঁও,ঠাকুরগাঁও ৩,summary,N/A
1788.jpg,1,49,,,,,
1788.jpg,2,10,,মেট্রো,মেট্রো,word,55.31
1788.jpg,3,13,,,,,
1788.jpg,4,1,,,,,
1788.jpg,5,3,৩,,৩,number,99.72
1788.jpg,6,8,৮,,৮,number,100.00
1788.jpg,7,1,১,,১,number,99.98
1788.jpg,8,3,,,,,
1788.jpg,9,5,৫,,৫,number,94.47
1788.jpg,ALL,N/A,৩,মেট্রো,মেট্রো ৩,summary,N/A
1016.jpg,1,56,,হবিগঞ্জ,হবিগঞ্জ,word,79.23
1016.jpg,2,25,,,,,
1016.jpg,ALL,N/A,,হবিগঞ্জ,হবিগঞ্জ,summary,N/A
590.jpg,1,55,,,,,
590.jpg,2,21,,,,,
590.jpg,3,3,,,,,
590.jpg,4,4,,,,,
590.jpg,5,5,,,,,
590.jpg,6,6,,,,,
590.jpg,7,7,,,,,
590.jpg,8,8,৩,,৩,number,33.30
590.jpg,ALL,N/A,৩,,৩,summary,N/A
2284.jpg,1,49,,,,,
2284.jpg,2,10,,,,,
2284.jpg,3,31,,,,,
2284.jpg,4,1,,,,,
2284.jpg,5,3,,,,,
2284.jpg,6,2,,,,,
2284.jpg,7,6,,,,,
2284.jpg,8,7,,,,,
2284.jpg,9,2,,,,,
2284.jpg,ALL,N/A,,,N/A,summary,N/A
376.jpg,1,37,,,,,
376.jpg,2,15,,,,,
376.jpg,3,3,,,,,
376.jpg,4,4,,,,,
376.jpg,5,5,,,,,
376.jpg,6,6,,,,,
376.jpg,7,7,,,,,
376.jpg,8,8,৩,,৩,number,10.51
376.jpg,ALL,N/A,৩,,৩,summary,N/A
1550.jpg,1,94,,শেরপুর,শেরপুর,word,98.97
1550.jpg,2,25,,,,,
1550.jpg,3,1,,,,,
1550.jpg,4,1,১,,১,number,100.00
1550.jpg,5,2,,,,,
1550.jpg,6,3,,,,,
1550.jpg,7,5,,,,,
1550.jpg,8,7,,,,,
1550.jpg,ALL,N/A,১,শেরপুর,শেরপুর ১,summary,N/A
1515.jpg,1,79,,নাটোর,নাটোর,word,91.73
1515.jpg,2,25,,,,,
1515.jpg,3,1,,,,,
1515.jpg,4,1,,,,,
1515.jpg,5,1,,,,,
1515.jpg,6,1,,,,,
1515.jpg,7,8,,,,,
1515.jpg,8,5,,,,,
1515.jpg,ALL,N/A,,নাটোর,নাটোর,summary,N/A
1215.jpg,1,70,,মাগুরা,মাগুরা,word,86.27
1215.jpg,2,16,,,,,
1215.jpg,3,3,,,,,
1215.jpg,4,4,,,,,
1215.jpg,5,5,,,,,
1215.jpg,6,6,,,,,
1215.jpg,7,7,,,,,
1215.jpg,8,8,৮,,৮,number,50.89
1215.jpg,ALL,N/A,৮,মাগুরা,মাগুরা ৮,summary,N/A
2211.jpg,1,49,,,,,
2211.jpg,2,10,,,,,
2211.jpg,3,18,,,,,
2211.jpg,4,3,,,,,
2211.jpg,5,1,,,,,
2211.jpg,6,1,১,,১,number,93.19
2211.jpg,7,3,,,,,
2211.jpg,8,2,,,,,
2211.jpg,9,3,,,,,
2211.jpg,ALL,N/A,১,,১,summary,N/A
123.jpeg,1,98,,,,,
123.jpeg,2,25,,,,,
123.jpeg,3,1,,,,,
123.jpeg,4,1,,,,,
123.jpeg,5,2,,,,,
123.jpeg,6,9,,,,,
123.jpeg,7,6,,,,,
123.jpeg,8,7,,,,,
123.jpeg,ALL,N/A,,,N/A,summary,N/A
2419.jpg,1,49,,,,,
2419.jpg,2,10,,,,,
2419.jpg,3,18,,,,,
2419.jpg,4,1,,,,,
2419.jpg,5,9,,,,,
2419.jpg,6,5,,,,,
2419.jpg,7,7,,,,,
2419.jpg,8,0,,,,,
2419.jpg,9,9,,,,,
2419.jpg,ALL,N/A,,,N/A,summary,N/A
906.jpg,1,97,,সিলেট,সিলেট,word,86.98
906.jpg,2,20,,,,,
906.jpg,3,1,১,,১,number,99.98
906.jpg,4,3,,,,,
906.jpg,5,9,,,,,
906.jpg,6,5,,,,,
906.jpg,7,5,,,,,
906.jpg,8,0,,,,,
906.jpg,ALL,N/A,১,সিলেট,সিলেট ১,summary,N/A
1935.jpg,1,46,,,,,
1935.jpg,2,31,,,,,
1935.jpg,3,1,,,,,
1935.jpg,4,1,,,,,
1935.jpg,5,0,,,,,
1935.jpg,6,2,,,,,
1935.jpg,7,2,২,,২,number,99.00
1935.jpg,8,7,,,,,
1935.jpg,ALL,N/A,২,,২,summary,N/A
1878.jpg,1,49,,,,,
1878.jpg,2,10,,,,,
1878.jpg,3,18,,,,,
1878.jpg,4,2,,,,,
1878.jpg,5,5,৫,,৫,number,97.95
1878.jpg,6,2,,,,,
1878.jpg,7,0,,,,,
1878.jpg,8,3,,,,,
1878.jpg,9,2,,,,,
1878.jpg,ALL,N/A,৫,,৫,summary,N/A
960.jpg,1,98,,,,,
960.jpg,2,25,,,,,
960.jpg,3,1,,,,,
960.jpg,4,1,,,,,
960.jpg,5,1,,,,,
960.jpg,6,5,,,,,
960.jpg,7,2,,,,,
960.jpg,8,8,৩,,৩,number,15.31
960.jpg,ALL,N/A,৩,,৩,summary,N/A
2534.jpg,1,43,,,,,
2534.jpg,2,20,,,,,
2534.jpg,3,1,,,,,
2534.jpg,4,4,,,,,
2534.jpg,5,8,,,,,
2534.jpg,6,1,১,,১,number,99.98
2534.jpg,7,1,১,,১,number,99.98
2534.jpg,8,8,৮,,৮,number,77.24
2534.jpg,ALL,N/A,১,,১,summary,N/A
469.jpg,1,46,,চুয়াডাঙ্গা,চুয়াডাঙ্গা,word,81.04
469.jpg,2,11,,,,,
469.jpg,3,3,,,,,
469.jpg,4,4,,,,,
469.jpg,5,5,,,,,
469.jpg,6,6,৬,,৬,number,95.27
469.jpg,7,7,৭,,৭,number,95.00
469.jpg,8,8,৮,,৮,number,5.34
469.jpg,ALL,N/A,৬,চুয়াডাঙ্গা,চুয়াডাঙ্গা ৬,summary,N/A
2206.jpg,1,49,,ঢাকা,ঢাকা,word,79.57
2206.jpg,2,10,,,,,
2206.jpg,3,18,,,,,
2206.jpg,4,2,,,,,
2206.jpg,5,6,৬,,৬,number,99.99
2206.jpg,6,9,৫,,৫,number,40.89
2206.jpg,7,9,,,,,
2206.jpg,8,8,৮,,৮,number,99.68
2206.jpg,9,5,৫,,৫,number,97.13
2206.jpg,ALL,N/A,৫,ঢাকা,ঢাকা ৫,summary,N/A
2088.jpg,1,49,,,,,
2088.jpg,2,10,,,,,
2088.jpg,3,24,,,,,
2088.jpg,4,1,,,,,
2088.jpg,5,2,,,,,
2088.jpg,6,5,,,,,
2088.jpg,7,3,,,,,
2088.jpg,8,8,৬,,৬,number,1.47
2088.jpg,9,1,১,,১,number,10.89
2088.jpg,ALL,N/A,৬,,৬,summary,N/A
1471.jpg,1,74,,ময়মনসিংহ,ময়মনসিংহ,word,84.84
1471.jpg,2,20,,,,,
1471.jpg,3,1,১,,১,number,99.60
1471.jpg,4,4,,,,,
1471.jpg,5,2,১,,১,number,75.76
1471.jpg,6,7,,,,,
1471.jpg,7,9,,,,,
1471.jpg,8,9,,,,,
1471.jpg,ALL,N/A,১,ময়মনসিংহ,ময়মনসিংহ ১,summary,N/A
400.jpg,1,44,,,,,
400.jpg,2,10,,,,,
400.jpg,3,15,৬,,৬,number,55.74
400.jpg,4,2,,,,,
400.jpg,5,1,,,,,
400.jpg,6,0,,,,,
400.jpg,7,9,,,,,
400.jpg,8,8,৩,,৩,number,8.44
400.jpg,9,7,,,,,
400.jpg,ALL,N/A,৬,,৬,summary,N/A
1162.jpg,1,66,,,,,
1162.jpg,2,101,,,,,
1162.jpg,3,1,,,,,
1162.jpg,4,3,,,,,
1162.jpg,5,5,,,,,
1162.jpg,6,7,,,,,
1162.jpg,7,9,,,,,
1162.jpg,8,0,,,,,
1162.jpg,ALL,N/A,,,N/A,summary,N/A
2327.jpg,1,95,,সিরাজগঞ্জ,সিরাজগঞ্জ,word,88.82
2327.jpg,2,25,,,,,
2327.jpg,3,1,,,,,
2327.jpg,4,0,,,,,
2327.jpg,5,4,,,,,
2327.jpg,6,4,,,,,
2327.jpg,7,1,১,,১,number,100.00
2327.jpg,8,1,১,,১,number,100.00
2327.jpg,ALL,N/A,১,সিরাজগঞ্জ,সিরাজগঞ্জ ১,summary,N/A
2227.jpg,1,49,,ঢাকা,ঢাকা,word,76.54
2227.jpg,2,10,,মেট্রো,মেট্রো,word,76.30
2227.jpg,3,19,,,,,
2227.jpg,4,1,,,,,
2227.jpg,5,8,,,,,
2227.jpg,6,8,,,,,
2227.jpg,7,5,,,,,
2227.jpg,8,3,,,,,
2227.jpg,9,5,,,,,
2227.jpg,ALL,N/A,,ঢাকা,ঢাকা,summary,N/A
1822.jpg,1,48,,,,,
1822.jpg,2,20,,,,,
1822.jpg,3,1,,,,,
1822.jpg,4,3,,,,,
1822.jpg,5,2,,,,,
1822.jpg,6,1,১,,১,number,100.00
1822.jpg,7,1,,,,,
1822.jpg,8,3,,,,,
1822.jpg,ALL,N/A,১,,১,summary,N/A
2226.jpg,1,64,,,,,
2226.jpg,2,25,,,,,
2226.jpg,3,1,,,,,
2226.jpg,4,1,,,,,
2226.jpg,5,0,,,,,
2226.jpg,6,6,,,,,
2226.jpg,7,8,,,,,
2226.jpg,8,6,,,,,
2226.jpg,ALL,N/A,,,N/A,summary,N/A
1079.jpg,1,60,,ঝিনাইদহ,ঝিনাইদহ,word,99.46
1079.jpg,2,28,,,,,
1079.jpg,3,7,,,,,
1079.jpg,4,8,৮,,৮,number,97.35
1079.jpg,5,9,,,,,
1079.jpg,6,0,,,,,
1079.jpg,7,1,১,,১,number,100.00
1079.jpg,8,0,,,,,
1079.jpg,ALL,N/A,৮,ঝিনাইদহ,ঝিনাইদহ ৮,summary,N/A
2339.jpg,1,49,,,,,
2339.jpg,2,10,৬,,৬,number,5.76
2339.jpg,3,18,,,,,
2339.jpg,4,1,,,,,
2339.jpg,5,1,,,,,
2339.jpg,6,7,,,,,
2339.jpg,7,7,৭,,৭,number,83.78
2339.jpg,8,3,,,,,
2339.jpg,9,3,,,,,
2339.jpg,ALL,N/A,৬,,৬,summary,N/A
1664.jpg,1,63,,খুলনা,খুলনা,word,99.96
1664.jpg,2,10,,মেট্রো,মেট্রো,word,92.14
1664.jpg,3,20,,,,,
1664.jpg,4,1,,,,,
1664.jpg,5,2,২,,২,number,62.22
1664.jpg,6,4,,,,,
1664.jpg,7,2,,,,,
1664.jpg,8,3,৩,,৩,number,99.06
1664.jpg,9,4,,,,,
1664.jpg,ALL,N/A,২,খুলনা,খুলনা ২,summary,N/A
1109.jpg,1,62,,,,,
1109.jpg,2,30,,,,,
1109.jpg,3,3,,,,,
1109.jpg,4,4,,,,,
1109.jpg,5,5,,,,,
1109.jpg,6,6,,,,,
1109.jpg,7,7,,,,,
1109.jpg,8,8,,,,,
1109.jpg,ALL,N/A,,,N/A,summary,N/A
966.jpg,1,52,,,,,
966.jpg,2,20,,,,,
966.jpg,3,1,,,,,
966.jpg,4,1,২১,,২১,number,5.04
966.jpg,5,3,,,,,
966.jpg,6,8,৮,,৮,number,13.41
966.jpg,7,5,,,,,
966.jpg,8,8,,,,,
966.jpg,ALL,N/A,২১,,২১,summary,N/A
1832.jpg,1,49,,,,,
1832.jpg,2,10,,,,,
1832.jpg,3,25,,,,,
1832.jpg,4,3,,,,,
1832.jpg,5,9,,,,,
1832.jpg,6,8,,,,,
1832.jpg,7,1,,,,,
1832.jpg,8,2,,,,,
1832.jpg,9,2,,,,,
1832.jpg,ALL,N/A,,,N/A,summary,N/A
1647.jpg,1,63,,খুলনা,খুলনা,word,87.74
1647.jpg,2,20,,,,,
1647.jpg,3,1,,,,,
1647.jpg,4,1,১১,,১১,number,27.36
1647.jpg,5,5,,,,,
1647.jpg,6,9,,,,,
1647.jpg,7,9,,,,,
1647.jpg,8,3,,,,,
1647.jpg,ALL,N/A,১১,খুলনা,খুলনা ১১,summary,N/A
914.jpg,1,97,,,,,
914.jpg,2,25,,,,,
914.jpg,3,1,,,,,
914.jpg,4,1,,,,,
914.jpg,5,0,,,,,
914.jpg,6,3,৬,,৬,number,30.16
914.jpg,7,2,,,,,
914.jpg,8,2,,,,,
914.jpg,ALL,N/A,৬,,৬,summary,N/A
721.jpg,1,87,,,,,
721.jpg,2,10,,,,,
721.jpg,3,13,,,,,
721.jpg,4,3,,,,,
721.jpg,5,4,৪,,৪,number,14.10
721.jpg,6,5,,,,,
721.jpg,7,6,৬,,৬,number,99.99
721.jpg,8,7,৭,,৭,number,98.42
721.jpg,9,8,,,,,
721.jpg,ALL,N/A,৪,,৪,summary,N/A
2340.jpg,1,49,,,,,
2340.jpg,2,10,,,,,
2340.jpg,3,22,,,,,
2340.jpg,4,1,,,,,
2340.jpg,5,1,,,,,
2340.jpg,6,1,,,,,
2340.jpg,7,1,,,,,
2340.jpg,8,6,,,,,
2340.jpg,9,8,,,,,
2340.jpg,ALL,N/A,,,N/A,summary,N/A
667.jpg,1,43,,,,,
667.jpg,2,15,,,,,
667.jpg,3,5,,,,,
667.jpg,4,6,৬,,৬,number,95.04
667.jpg,5,7,৭,,৭,number,27.26
667.jpg,6,8,৩,,৩,number,49.49
667.jpg,7,9,,,,,
667.jpg,8,0,,,,,
667.jpg,ALL,N/A,৬,,৬,summary,N/A
1410.jpg,1,68,,লালমনিরহাট,লালমনিরহাট,word,92.26
1410.jpg,2,20,,,,,
1410.jpg,3,1,১,,১,number,100.00
1410.jpg,4,2,২,,২,number,38.07
1410.jpg,5,8,৮,,৮,number,99.89
1410.jpg,6,3,,,,,
1410.jpg,7,7,৭,,৭,number,60.59
1410.jpg,8,1,১,,১,number,100.00
1410.jpg,ALL,N/A,১,লালমনিরহাট,লালমনিরহাট ১,summary,N/A
2071.jpg,1,49,,,,,
2071.jpg,2,10,,মেট্রো,মেট্রো,word,78.95
2071.jpg,3,19,,,,,
2071.jpg,4,1,,,,,
2071.jpg,5,8,,,,,
2071.jpg,6,5,৫,,৫,number,97.38
2071.jpg,7,0,,,,,
2071.jpg,8,3,,,,,
2071.jpg,9,1,১,,১,number,99.88
2071.jpg,ALL,N/A,৫,মেট্রো,মেট্রো ৫,summary,N/A
2270.jpg,1,57,,,,,
2270.jpg,2,25,,,,,
2270.jpg,3,1,১,,১,number,51.46
2270.jpg,4,1,,,,,
2270.jpg,5,1,,,,,
2270.jpg,6,1,,,,,
2270.jpg,7,3,,,,,
2270.jpg,8,4,৪,,৪,number,37.17
2270.jpg,ALL,N/A,১,,১,summary,N/A
1284.jpg,1,75,,,,,
1284.jpg,2,33,,,,,
1284.jpg,3,2,২,,২,number,28.19
1284.jpg,4,2,১,,১,number,23.17
1284.jpg,5,3,,,,,
1284.jpg,6,1,,,,,
1284.jpg,7,5,৫,,৫,number,100.00
1284.jpg,8,6,৬,,৬,number,99.87
1284.jpg,ALL,N/A,২,,২,summary,N/A
844.jpg,1,87,,,,,
844.jpg,2,10,,মেট্রো,মেট্রো,word,96.52
844.jpg,3,32,,,,,
844.jpg,4,1,,,,,
844.jpg,5,1,,,,,
844.jpg,6,0,,,,,
844.jpg,7,0,,,,,
844.jpg,8,2,,,,,
844.jpg,9,7,,,,,
844.jpg,ALL,N/A,,মেট্রো,মেট্রো,summary,N/A
857.jpg,1,87,,,,,
857.jpg,2,10,,মেট্রো,মেট্রো,word,88.15
857.jpg,3,25,,,,,
857.jpg,4,1,১,,১,number,91.39
857.jpg,5,1,১,,১,number,99.88
857.jpg,6,8,৮,,৮,number,99.98
857.jpg,7,3,,,,,
857.jpg,8,3,,,,,
857.jpg,9,7,৭,,৭,number,97.61
857.jpg,ALL,N/A,১,মেট্রো,মেট্রো ১,summary,N/A
2223.jpg,1,44,৮,,৮,number,28.35
2223.jpg,2,10,,মেট্রো,মেট্রো,word,75.80
2223.jpg,3,18,,,,,
2223.jpg,4,1,১,,১,number,99.62
2223.jpg,5,2,,,,,
2223.jpg,6,2,,,,,
2223.jpg,7,9,,,,,
2223.jpg,8,8,৮,,৮,number,99.77
2223.jpg,9,2,,,,,
2223.jpg,ALL,N/A,৮,মেট্রো,মেট্রো ৮,summary,N/A
1631.jpg,1,62,,,,,
1631.jpg,2,20,,,,,
1631.jpg,3,1,১,,১,number,99.95
1631.jpg,4,1,১,,১,number,98.19
1631.jpg,5,9,,,,,
1631.jpg,6,0,,,,,
1631.jpg,7,3,,,,,
1631.jpg,8,5,,,,,
1631.jpg,ALL,N/A,১,,১,summary,N/A
1697.jpg,1,93,,,,,
1697.jpg,2,14,,,,,
1697.jpg,3,3,,,,,
1697.jpg,4,4,,,,,
1697.jpg,5,5,,,,,
1697.jpg,6,6,,,,,
1697.jpg,7,7,,,,,
1697.jpg,8,8,,,,,
1697.jpg,ALL,N/A,,,N/A,summary,N/A
2266.jpg,1,49,,ঢাকা,ঢাকা,word,81.95
2266.jpg,2,10,,মেট্রো,মেট্রো,word,66.30
2266.jpg,3,18,,,,,
2266.jpg,4,4,,,,,
2266.jpg,5,2,,,,,
2266.jpg,6,2,,,,,
2266.jpg,7,2,,,,,
2266.jpg,8,7,৭,,৭,number,35.85
2266.jpg,9,2,,,,,
2266.jpg,ALL,N/A,৭,ঢাকা,ঢাকা ৭,summary,N/A
291.jpg,1,49,,,,,
291.jpg,2,10,,,,,
291.jpg,3,18,,,,,
291.jpg,4,3,,,,,
291.jpg,5,1,,,,,
291.jpg,6,5,,,,,
291.jpg,7,4,,,,,
291.jpg,8,0,,,,,
291.jpg,9,4,,,,,
291.jpg,ALL,N/A,,,N/A,summary,N/A
2045.jpg,1,49,,,,,
2045.jpg,2,10,,,,,
2045.jpg,3,18,,,,,
2045.jpg,4,3,,,,,
2045.jpg,5,1,১,,১,number,99.98
2045.jpg,6,0,,,,,
2045.jpg,7,0,,,,,
2045.jpg,8,8,৮,,৮,number,99.98
2045.jpg,9,0,,,,,
2045.jpg,ALL,N/A,১,,১,summary,N/A
813.jpg,1,85,,পটুয়াখালী,পটুয়াখালী,word,75.39
813.jpg,2,25,,,,,
813.jpg,3,1,১,,১,number,99.97
813.jpg,4,1,,,,,
813.jpg,5,1,,,,,
813.jpg,6,2,,,,,
813.jpg,7,0,,,,,
813.jpg,8,5,,,,,
813.jpg,ALL,N/A,১,পটুয়াখালী,পটুয়াখালী ১,summary,N/A
396.jpg,1,37,,বান্দরবান,বান্দরবান,word,85.72
396.jpg,2,15,৬,,৬,number,36.67
396.jpg,3,5,,,,,
396.jpg,4,6,,,,,
396.jpg,5,7,,,,,
396.jpg,6,8,৮,,৮,number,43.92
396.jpg,7,9,,,,,
396.jpg,8,0,,,,,
396.jpg,ALL,N/A,৬,বান্দরবান,বান্দরবান ৬,summary,N/A
2102.jpg,1,49,৮,,৮,number,3.18
2102.jpg,2,10,,,,,
2102.jpg,3,13,,,,,
2102.jpg,4,1,,,,,
2102.jpg,5,9,,,,,
2102.jpg,6,4,,,,,
2102.jpg,7,5,৫,,৫,number,96.09
2102.jpg,8,1,,,,,
2102.jpg,9,8,৮,,৮,number,100.00
2102.jpg,ALL,N/A,৮,,৮,summary,N/A
1646.jpg,1,63,,খুলনা,খুলনা,word,98.50
1646.jpg,2,10,,মেট্রো,মেট্রো,word,87.14
1646.jpg,3,25,,,,,
1646.jpg,4,1,১,,১,number,99.97
1646.jpg,5,2,,,,,
1646.jpg,6,4,,,,,
1646.jpg,7,3,,,,,
1646.jpg,8,0,,,,,
1646.jpg,9,6,৬,,৬,number,100.00
1646.jpg,ALL,N/A,১,খুলনা,খুলনা ১,summary,N/A
1451.jpg,1,73,,মৌলভীবাজার,মৌলভীবাজার,word,70.23
1451.jpg,2,25,,,,,
1451.jpg,3,1,১,,১,number,100.00
1451.jpg,4,1,১,,১,number,99.99
1451.jpg,5,1,১,,১,number,99.96
1451.jpg,6,7,৭,,৭,number,86.41
1451.jpg,7,3,,,,,
1451.jpg,8,9,,,,,
1451.jpg,ALL,N/A,১,মৌলভীবাজার,মৌলভীবাজার ১,summary,N/A
656.jpg,1,82,,নোয়াখালী,নোয়াখালী,word,76.64
656.jpg,2,22,,,,,
656.jpg,3,2,১,,১,number,93.57
656.jpg,4,3,,,,,
656.jpg,5,4,,,,,
656.jpg,6,5,,,,,
656.jpg,7,6,৬,,৬,number,99.76
656.jpg,8,7,,,,,
656.jpg,ALL,N/A,১,নোয়াখালী,নোয়াখালী ১,summary,N/A
2511.jpg,1,47,,,,,
2511.jpg,2,25,,,,,
2511.jpg,3,1,,,,,
2511.jpg,4,8,৮,,৮,number,99.99
2511.jpg,5,0,,,,,
2511.jpg,6,5,,,,,
2511.jpg,7,1,,,,,
2511.jpg,8,1,,,,,
2511.jpg,ALL,N/A,৮,,৮,summary,N/A
530.jpg,1,49,,ঢাকা,ঢাকা,word,93.21
530.jpg,2,14,,,,,
530.jpg,3,2,২,,২,number,99.87
530.jpg,4,3,,,,,
530.jpg,5,4,,,,,
530.jpg,6,5,,,,,
530.jpg,7,6,৬,,৬,number,99.70
530.jpg,8,7,,,,,
530.jpg,ALL,N/A,২,ঢাকা,ঢাকা ২,summary,N/A
112.jpeg,1,49,,ঢাকা,ঢাকা,word,96.16
112.jpeg,2,10,,মেট্রো,মেট্রো,word,96.35
112.jpeg,3,20,,,,,
112.jpeg,4,2,,,,,
112.jpeg,5,2,,,,,
112.jpeg,6,7,,,,,
112.jpeg,7,7,৭,,৭,number,99.80
112.jpeg,8,5,,,,,
112.jpeg,9,0,,,,,
112.jpeg,ALL,N/A,৭,ঢাকা,ঢাকা ৭,summary,N/A
1396.jpg,1,92,,সাতক্ষীরা,সাতক্ষীরা,word,79.84
1396.jpg,2,26,,,,,
1396.jpg,3,0,,,,,
1396.jpg,4,1,,,,,
1396.jpg,5,3,,,,,
1396.jpg,6,4,,,,,
1396.jpg,7,5,,,,,
1396.jpg,8,6,৬,,৬,number,100.00
1396.jpg,ALL,N/A,৬,সাতক্ষীরা,সাতক্ষীরা ৬,summary,N/A
401.jpg,1,44,,,,,
401.jpg,2,10,,মেট্রো,মেট্রো,word,85.08
401.jpg,3,15,,,,,
401.jpg,4,1,,,,,
401.jpg,5,2,১,,১,number,70.86
401.jpg,6,3,,,,,
401.jpg,7,4,,,,,
401.jpg,8,5,৫,,৫,number,87.55
401.jpg,9,6,৬,,৬,number,99.98
401.jpg,ALL,N/A,১,মেট্রো,মেট্রো ১,summary,N/A
2004.jpg,1,78,,,,,
2004.jpg,2,27,,,,,
2004.jpg,3,1,১,,১,number,45.79
2004.jpg,4,1,,,,,
2004.jpg,5,0,,,,,
2004.jpg,6,2,,,,,
2004.jpg,7,2,,,,,
2004.jpg,8,4,,,,,
2004.jpg,ALL,N/A,১,,১,summary,N/A
146.jpeg,1,49,,,,,
146.jpeg,2,10,,,,,
146.jpeg,3,20,,,,,
146.jpeg,4,2,,,,,
146.jpeg,5,2,,,,,
146.jpeg,6,5,,,,,
146.jpeg,7,8,,,,,
146.jpeg,8,7,,,,,
146.jpeg,9,9,,,,,
146.jpeg,ALL,N/A,,,N/A,summary,N/A
1351.jpg,1,89,,রাজশাহী,রাজশাহী,word,92.97
1351.jpg,2,31,,,,,
1351.jpg,3,1,,,,,
1351.jpg,4,1,১,,১,number,99.63
1351.jpg,5,1,,,,,
1351.jpg,6,9,,,,,
1351.jpg,7,2,২,,২,number,99.88
1351.jpg,8,8,৮,,৮,number,8.83
1351.jpg,ALL,N/A,১,রাজশাহী,রাজশাহী ১,summary,N/A
92.jpeg,1,49,,ঢাকা,ঢাকা,word,90.77
92.jpeg,2,10,,মেট্রো,মেট্রো,word,73.74
92.jpeg,3,18,,,,,
92.jpeg,4,1,,,,,
92.jpeg,5,4,,,,,
92.jpeg,6,4,,,,,
92.jpeg,7,9,,,,,
92.jpeg,8,3,,,,,
92.jpeg,9,8,,,,,
92.jpeg,ALL,N/A,,ঢাকা,ঢাকা,summary,N/A
1960.jpg,1,39,,বরিশাল,বরিশাল,word,59.61
1960.jpg,2,10,,মেট্রো,মেট্রো,word,83.84
1960.jpg,3,20,,,,,
1960.jpg,4,1,,,,,
1960.jpg,5,2,,,,,
1960.jpg,6,4,,,,,
1960.jpg,7,3,,,,,
1960.jpg,8,1,৯,,৯,number,0.63
1960.jpg,9,0,,,,,
1960.jpg,ALL,N/A,৯,বরিশাল,বরিশাল ৯,summary,N/A
2171.jpg,1,49,,,,,
2171.jpg,2,10,৯৫,,৯৫,number,0.86
2171.jpg,3,18,,,,,
2171.jpg,4,2,,,,,
2171.jpg,5,7,৭,,৭,number,51.14
2171.jpg,6,9,৫,,৫,number,7.67
2171.jpg,7,0,,,,,
2171.jpg,8,6,৬,,৬,number,99.86
2171.jpg,9,0,,,,,
2171.jpg,ALL,N/A,৯৫,,৯৫,summary,N/A
993.jpg,1,54,,গাজীপুর,গাজীপুর,word,82.10
993.jpg,2,20,,,,,
993.jpg,3,1,,,,,
993.jpg,4,1,১,,১,number,99.98
993.jpg,5,7,,,,,
993.jpg,6,0,,,,,
993.jpg,7,3,,,,,
993.jpg,8,0,,,,,
993.jpg,ALL,N/A,১,গাজীপুর,গাজীপুর ১,summary,N/A
2603.jpg,1,47,,কক্সবাজার,কক্সবাজার,word,93.81
2603.jpg,2,25,,,,,
2603.jpg,3,1,১১,,১১,number,8.82
2603.jpg,4,1,,,,,
2603.jpg,5,5,,,,,
2603.jpg,6,7,,,,,
2603.jpg,7,6,,,,,
2603.jpg,8,3,,,,,
2603.jpg,ALL,N/A,১১,কক্সবাজার,কক্সবাজার ১১,summary,N/A
2454.jpg,1,49,,,,,
2454.jpg,2,10,,,,,
2454.jpg,3,20,,,,,
2454.jpg,4,3,,,,,
2454.jpg,5,4,,,,,
2454.jpg,6,4,,,,,
2454.jpg,7,3,,,,,
2454.jpg,8,1,১,,১,number,99.69
2454.jpg,9,3,,,,,
2454.jpg,ALL,N/A,১,,১,summary,N/A
557.jpg,1,51,,ফরিদপুর,ফরিদপুর,word,96.80
557.jpg,2,17,,,,,
557.jpg,3,5,,,,,
557.jpg,4,6,,,,,
557.jpg,5,7,,,,,
557.jpg,6,8,৮,,৮,number,32.94
557.jpg,7,0,,,,,
557.jpg,8,1,১,,১,number,96.09
557.jpg,ALL,N/A,৮,ফরিদপুর,ফরিদপুর ৮,summary,N/A
2055.jpg,1,49,,,,,
2055.jpg,2,10,,,,,
2055.jpg,3,34,,,,,
2055.jpg,4,1,,,,,
2055.jpg,5,1,,,,,
2055.jpg,6,1,,,,,
2055.jpg,7,3,,,,,
2055.jpg,8,4,,,,,
2055.jpg,9,3,,,,,
2055.jpg,ALL,N/A,,,N/A,summary,N/A
1182.jpg,1,68,,,,,
1182.jpg,2,12,৬,,৬,number,40.97
1182.jpg,3,1,,,,,
1182.jpg,4,3,,,,,
1182.jpg,5,5,,,,,
1182.jpg,6,7,,,,,
1182.jpg,7,9,,,,,
1182.jpg,8,0,,,,,
1182.jpg,ALL,N/A,৬,,৬,summary,N/A
1938.jpg,1,39,,বরিশাল,বরিশাল,word,81.17
1938.jpg,2,10,,মেট্রো,মেট্রো,word,99.56
1938.jpg,3,20,,,,,
1938.jpg,4,1,১,,১,number,99.98
1938.jpg,5,2,,,,,
1938.jpg,6,4,,,,,
1938.jpg,7,0,,,,,
1938.jpg,8,4,,,,,
1938.jpg,9,4,,,,,
1938.jpg,ALL,N/A,১,বরিশাল,বরিশাল ১,summary,N/A
1018.jpg,1,56,,হবিগঞ্জ,হবিগঞ্জ,word,80.69
1018.jpg,2,20,,,,,
1018.jpg,3,1,,,,,
1018.jpg,4,1,,,,,
1018.jpg,5,4,,,,,
1018.jpg,6,1,,,,,
1018.jpg,7,0,,,,,
1018.jpg,8,7,,,,,
1018.jpg,ALL,N/A,,হবিগঞ্জ,হবিগঞ্জ,summary,N/A
690.jpg,1,84,,,,,
690.jpg,2,20,,,,,
690.jpg,3,2,২,,২,number,99.92
690.jpg,4,3,,,,,
690.jpg,5,4,,,,,
690.jpg,6,5,৫,,৫,number,85.88
690.jpg,7,6,৬,,৬,number,99.98
690.jpg,8,7,,,,,
690.jpg,ALL,N/A,২,,২,summary,N/A
27.jpeg,1,48,,কুমিল্লা,কুমিল্লা,word,82.05
27.jpeg,2,20,,,,,
27.jpeg,3,1,১,,১,number,81.80
27.jpeg,4,1,১,,১,number,99.94
27.jpeg,5,3,৩,,৩,number,99.84
27.jpeg,6,3,,,,,
27.jpeg,7,8,৮,,৮,number,97.37
27.jpeg,8,8,,,,,
27.jpeg,ALL,N/A,১,কুমিল্লা,কুমিল্লা ১,summary,N/A
1625.jpg,1,62,,,,,
1625.jpg,2,25,,,,,
1625.jpg,3,1,,,,,
1625.jpg,4,1,১,,১,number,99.96
1625.jpg,5,1,১,,১,number,99.99
1625.jpg,6,8,৮,,৮,number,86.60
1625.jpg,7,8,৮,,৮,number,99.61
1625.jpg,8,0,,,,,
1625.jpg,ALL,N/A,১,,১,summary,N/A
879.jpg,1,88,,রাজবাড়ী,রাজবাড়ী,word,86.95
879.jpg,2,25,,,,,
879.jpg,3,1,,,,,
879.jpg,4,1,,,,,
879.jpg,5,1,,,,,
879.jpg,6,3,,,,,
879.jpg,7,3,,,,,
879.jpg,8,0,,,,,
879.jpg,ALL,N/A,,রাজবাড়ী,রাজবাড়ী,summary,N/A
1577.jpg,1,60,,ঝিনাইদহ,ঝিনাইদহ,word,90.95
1577.jpg,2,25,,,,,
1577.jpg,3,1,,,,,
1577.jpg,4,1,,,,,
1577.jpg,5,2,,,,,
1577.jpg,6,5,,,,,
1577.jpg,7,0,,,,,
1577.jpg,8,8,,,,,
1577.jpg,ALL,N/A,,ঝিনাইদহ,ঝিনাইদহ,summary,N/A
775.jpg,1,82,,নোয়াখালী,নোয়াখালী,word,73.75
775.jpg,2,20,,,,,
775.jpg,3,1,১,,১,number,99.99
775.jpg,4,1,১,,১,number,99.98
775.jpg,5,1,১,,১,number,99.65
775.jpg,6,1,১,,১,number,100.00
775.jpg,7,7,,,,,
775.jpg,8,4,৪,,৪,number,60.43
775.jpg,ALL,N/A,১,নোয়াখালী,নোয়াখালী ১,summary,N/A
2076.jpg,1,49,,,,,
2076.jpg,2,10,৫,,৫,number,11.10
2076.jpg,3,13,,,,,
2076.jpg,4,1,,,,,
2076.jpg,5,9,,,,,
2076.jpg,6,4,,,,,
2076.jpg,7,0,,,,,
2076.jpg,8,6,,,,,
2076.jpg,9,7,৭,,৭,number,70.45
2076.jpg,ALL,N/A,৫,,৫,summary,N/A
2050.jpg,1,49,,,,,
2050.jpg,2,10,,,,,
2050.jpg,3,13,৮,,৮,number,77.49
2050.jpg,4,1,,,,,
2050.jpg,5,1,,,,,
2050.jpg,6,8,,,,,
2050.jpg,7,1,,,,,
2050.jpg,8,4,,,,,
2050.jpg,9,4,,,,,
2050.jpg,ALL,N/A,৮,,৮,summary,N/A
787.jpg,1,83,,পাবনা,পাবনা,word,91.39
787.jpg,2,20,,,,,
787.jpg,3,1,,,,,
787.jpg,4,2,,,,,
787.jpg,5,9,,,,,
787.jpg,6,9,,,,,
787.jpg,7,3,৩,,৩,number,85.97
787.jpg,8,5,,,,,
787.jpg,ALL,N/A,৩,পাবনা,পাবনা ৩,summary,N/A
405.jpg,1,44,,,,,
405.jpg,2,10,,,,,
405.jpg,3,15,,,,,
405.jpg,4,3,,,,,
405.jpg,5,4,,,,,
405.jpg,6,5,,,,,
405.jpg,7,6,৬,,৬,number,13.61
405.jpg,8,7,,,,,
405.jpg,9,8,,,,,
405.jpg,ALL,N/A,৬,,৬,summary,N/A
744.jpg,1,35,,বাগেরহাট,বাগেরহাট,word,98.24
744.jpg,2,16,,,,,
744.jpg,3,7,,,,,
744.jpg,4,8,৮,,৮,number,96.93
744.jpg,5,9,,,,,
744.jpg,6,0,,,,,
744.jpg,7,1,,,,,
744.jpg,8,2,১,,১,number,52.20
744.jpg,ALL,N/A,৮,বাগেরহাট,বাগেরহাট ৮,summary,N/A
2134.jpg,1,49,,,,,
2134.jpg,2,10,,,,,
2134.jpg,3,24,,,,,
2134.jpg,4,1,,,,,
2134.jpg,5,2,,,,,
2134.jpg,6,5,,,,,
2134.jpg,7,3,,,,,
2134.jpg,8,8,,,,,
2134.jpg,9,1,,,,,
2134.jpg,ALL,N/A,,,N/A,summary,N/A
285.jpg,1,49,,,,,
285.jpg,2,10,,,,,
285.jpg,3,18,,,,,
285.jpg,4,3,,,,,
285.jpg,5,1,,,,,
285.jpg,6,7,,,,,
285.jpg,7,3,,,,,
285.jpg,8,0,,,,,
285.jpg,9,7,,,,,
285.jpg,ALL,N/A,,,N/A,summary,N/A
1105.jpg,1,62,,,,,
1105.jpg,2,30,,,,,
1105.jpg,3,1,,,,,
1105.jpg,4,2,১,,১,number,17.80
1105.jpg,5,3,,,,,
1105.jpg,6,4,,,,,
1105.jpg,7,5,,,,,
1105.jpg,8,6,৬,,৬,number,95.10
1105.jpg,ALL,N/A,১,,১,summary,N/A
984.jpg,1,35,,,,,
984.jpg,2,16,,,,,
984.jpg,3,3,,,,,
984.jpg,4,4,,,,,
984.jpg,5,5,,,,,
984.jpg,6,6,,,,,
984.jpg,7,7,,,,,
984.jpg,8,8,,,,,
984.jpg,ALL,N/A,,,N/A,summary,N/A
1241.jpg,1,72,,মেহেরপুর,মেহেরপুর,word,93.40
1241.jpg,2,101,,,,,
1241.jpg,3,0,,,,,
1241.jpg,4,1,১,,১,number,98.53
1241.jpg,5,1,১,,১,number,99.74
1241.jpg,6,8,,,,,
1241.jpg,7,9,,,,,
1241.jpg,8,9,,,,,
1241.jpg,ALL,N/A,১,মেহেরপুর,মেহেরপুর ১,summary,N/A
2449.jpg,1,79,,,,,
2449.jpg,2,20,,,,,
2449.jpg,3,1,১,,১,number,99.83
2449.jpg,4,1,১,,১,number,99.53
2449.jpg,5,1,১,,১,number,99.41
2449.jpg,6,0,,,,,
2449.jpg,7,6,,,,,
2449.jpg,8,8,,,,,
2449.jpg,ALL,N/A,১,,১,summary,N/A
1671.jpg,1,64,,কিশোরগঞ্জ,কিশোরগঞ্জ,word,72.71
1671.jpg,2,25,,,,,
1671.jpg,3,1,১,,১,number,99.96
1671.jpg,4,1,১,,১,number,99.92
1671.jpg,5,4,,,,,
1671.jpg,6,9,৯,,৯,number,94.92
1671.jpg,7,8,৮,,৮,number,99.03
1671.jpg,8,8,৮,,৮,number,99.97
1671.jpg,ALL,N/A,১,কিশোরগঞ্জ,কিশোরগঞ্জ ১,summary,N/A
271.png,1,49,,ঢাকা,ঢাকা,word,75.31
271.png,2,10,,,,,
271.png,3,18,,,,,
271.png,4,3,,,,,
271.png,5,1,,,,,
271.png,6,7,,,,,
271.png,7,7,,,,,
271.png,8,2,,,,,
271.png,9,8,,,,,
271.png,ALL,N/A,,ঢাকা,ঢাকা,summary,N/A
2469.jpg,1,39,,,,,
2469.jpg,2,25,,,,,
2469.jpg,3,1,১,,১,number,99.83
2469.jpg,4,1,১,,১,number,99.90
2469.jpg,5,2,,,,,
2469.jpg,6,5,৫,,৫,number,96.36
2469.jpg,7,2,২,,২,number,80.19
2469.jpg,8,6,,,,,
2469.jpg,ALL,N/A,১,,১,summary,N/A
2070.jpg,1,49,,ঢাকা,ঢাকা,word,98.40
2070.jpg,2,10,,মেট্রো,মেট্রো,word,82.20
2070.jpg,3,19,,,,,
2070.jpg,4,1,১,,১,number,99.12
2070.jpg,5,8,৮,,৮,number,100.00
2070.jpg,6,5,৫,,৫,number,99.60
2070.jpg,7,0,,,,,
2070.jpg,8,3,,,,,
2070.jpg,9,1,১,,১,number,94.98
2070.jpg,ALL,N/A,১,ঢাকা,ঢাকা ১,summary,N/A
455.jpg,1,36,,,,,
455.jpg,2,34,৬,,৬,number,19.19
455.jpg,3,5,,,,,
455.jpg,4,6,৬,,৬,number,44.53
455.jpg,5,7,৭,,৭,number,66.14
455.jpg,6,8,,,,,
455.jpg,7,9,,,,,
455.jpg,8,0,,,,,
455.jpg,ALL,N/A,৬,,৬,summary,N/A
190.jpeg,1,83,,পাবনা,পাবনা,word,94.42
190.jpeg,2,20,,,,,
190.jpeg,3,1,,,,,
190.jpeg,4,1,,,,,
190.jpeg,5,2,,,,,
190.jpeg,6,5,,,,,
190.jpeg,7,7,,,,,
190.jpeg,8,4,,,,,
190.jpeg,ALL,N/A,,পাবনা,পাবনা,summary,N/A
741.jpg,1,88,,রাজবাড়ী,রাজবাড়ী,word,73.77
741.jpg,2,101,,,,,
741.jpg,3,1,,,,,
741.jpg,4,2,১,,১,number,89.50
741.jpg,5,3,,,,,
741.jpg,6,4,,,,,
741.jpg,7,5,,,,,
741.jpg,8,6,,,,,
741.jpg,ALL,N/A,১,রাজবাড়ী,রাজবাড়ী ১,summary,N/A
1582.jpg,1,96,,,,,
1582.jpg,2,12,,,,,
1582.jpg,3,1,,,,,
1582.jpg,4,2,১,,১,number,96.93
1582.jpg,5,3,,,,,
1582.jpg,6,4,,,,,
1582.jpg,7,5,,,,,
1582.jpg,8,6,,,,,
1582.jpg,ALL,N/A,১,,১,summary,N/A
1980.jpg,1,39,,,,,
1980.jpg,2,10,,মেট্রো,মেট্রো,word,55.09
1980.jpg,3,25,,,,,
1980.jpg,4,1,,,,,
1980.jpg,5,1,১,,১,number,99.74
1980.jpg,6,2,,,,,
1980.jpg,7,5,,,,,
1980.jpg,8,4,,,,,
1980.jpg,9,2,,,,,
1980.jpg,ALL,N/A,১,মেট্রো,মেট্রো ১,summary,N/A
1720.jpg,1,95,,সিরাজগঞ্জ,সিরাজগঞ্জ,word,90.13
1720.jpg,2,22,,,,,
1720.jpg,3,0,,,,,
1720.jpg,4,1,,,,,
1720.jpg,5,3,,,,,
1720.jpg,6,4,,,,,
1720.jpg,7,5,,,,,
1720.jpg,8,6,৬,,৬,number,81.55
1720.jpg,ALL,N/A,৬,সিরাজগঞ্জ,সিরাজগঞ্জ ৬,summary,N/A
668.jpg,1,43,,,,,
668.jpg,2,15,,,,,
668.jpg,3,5,,,,,
668.jpg,4,6,,,,,
668.jpg,5,7,,,,,
668.jpg,6,8,৮,,৮,number,8.97
668.jpg,7,9,,,,,
668.jpg,8,0,,,,,
668.jpg,ALL,N/A,৮,,৮,summary,N/A
832.jpg,1,86,,পিরোজপুর,পিরোজপুর,word,91.49
832.jpg,2,25,,,,,
832.jpg,3,1,,,,,
832.jpg,4,1,,,,,
832.jpg,5,1,,,,,
832.jpg,6,9,১,,১,number,7.42
832.jpg,7,1,,,,,
832.jpg,8,6,৬,,৬,number,99.98
832.jpg,ALL,N/A,১,পিরোজপুর,পিরোজপুর ১,summary,N/A
1246.jpg,1,73,,,,,
1246.jpg,2,25,,,,,
1246.jpg,3,7,,,,,
1246.jpg,4,8,৩,,৩,number,21.70
1246.jpg,5,9,,,,,
1246.jpg,6,0,,,,,
1246.jpg,7,1,,,,,
1246.jpg,8,2,,,,,
1246.jpg,ALL,N/A,৩,,৩,summary,N/A
2386.jpg,1,49,,,,,
2386.jpg,2,10,,,,,
2386.jpg,3,32,,,,,
2386.jpg,4,1,,,,,
2386.jpg,5,1,,,,,
2386.jpg,6,4,,,,,
2386.jpg,7,1,,,,,
2386.jpg,8,2,,,,,
2386.jpg,9,6,৬,,৬,number,45.62
2386.jpg,ALL,N/A,৬,,৬,summary,N/A
797.jpg,1,83,,পাবনা,পাবনা,word,95.31
797.jpg,2,25,,,,,
797.jpg,3,1,১,,১,number,96.76
797.jpg,4,1,০১,,০১,number,5.92
797.jpg,5,1,,,,,
797.jpg,6,1,১,,১,number,100.00
797.jpg,7,6,৬,,৬,number,99.92
797.jpg,8,7,৭,,৭,number,98.42
797.jpg,ALL,N/A,১,পাবনা,পাবনা ১,summary,N/A
269.jpg,1,49,,ঢাকা,ঢাকা,word,98.44
269.jpg,2,10,,মেট্রো,মেট্রো,word,97.36
269.jpg,3,18,,,,,
269.jpg,4,3,,,,,
269.jpg,5,3,,,,,
269.jpg,6,6,,,,,
269.jpg,7,1,,,,,
269.jpg,8,2,,,,,
269.jpg,9,8,৮,,৮,number,99.97
269.jpg,ALL,N/A,৮,ঢাকা,ঢাকা ৮,summary,N/A
944.jpg,1,97,,সিলেট,সিলেট,word,96.47
944.jpg,2,10,,মেট্রো,মেট্রো,word,76.45
944.jpg,3,25,,,,,
944.jpg,4,1,১,,১,number,99.78
944.jpg,5,1,১,,১,number,99.94
944.jpg,6,0,,,,,
944.jpg,7,0,,,,,
944.jpg,8,2,২,,২,number,92.73
944.jpg,9,3,,,,,
944.jpg,ALL,N/A,১,সিলেট,সিলেট ১,summary,N/A
6.jpeg,1,74,,ময়মনসিংহ,ময়মনসিংহ,word,76.55
6.jpeg,2,25,,,,,
6.jpeg,3,1,১,,১,number,100.00
6.jpeg,4,1,,,,,
6.jpeg,5,1,,,,,
6.jpeg,6,2,,,,,
6.jpeg,7,8,,,,,
6.jpeg,8,8,,,,,
6.jpeg,ALL,N/A,১,ময়মনসিংহ,ময়মনসিংহ ১,summary,N/A
1046.jpg,1,97,,সিলেট,সিলেট,word,86.61
1046.jpg,2,26,,,,,
1046.jpg,3,3,,,,,
1046.jpg,4,4,,,,,
1046.jpg,5,7,,,,,
1046.jpg,6,8,৮,,৮,number,28.62
1046.jpg,7,9,,,,,
1046.jpg,8,0,,,,,
1046.jpg,ALL,N/A,৮,সিলেট,সিলেট ৮,summary,N/A
1143.jpg,1,64,,,,,
1143.jpg,2,33,,,,,
1143.jpg,3,8,,,,,
1143.jpg,4,9,,,,,
1143.jpg,5,0,,,,,
1143.jpg,6,1,,,,,
1143.jpg,7,2,,,,,
1143.jpg,8,3,,,,,
1143.jpg,ALL,N/A,,,N/A,summary,N/A
1916.jpg,1,49,,ঢাকা,ঢাকা,word,99.99
1916.jpg,2,10,,মেট্রো,মেট্রো,word,86.49
1916.jpg,3,18,,,,,
1916.jpg,4,2,২,,২,number,99.73
1916.jpg,5,9,৯,,৯,number,93.70
1916.jpg,6,9,৯,,৯,number,97.08
1916.jpg,7,2,২,,২,number,82.88
1916.jpg,8,9,৯,,৯,number,72.43
1916.jpg,9,9,৯,,৯,number,91.96
1916.jpg,ALL,N/A,৯,ঢাকা,ঢাকা ৯,summary,N/A
2466.jpg,1,50,,দিনাজপুর,দিনাজপুর,word,81.49
2466.jpg,2,25,,,,,
2466.jpg,3,1,,,,,
2466.jpg,4,2,,,,,
2466.jpg,5,0,,,,,
2466.jpg,6,8,৮,,৮,number,98.18
2466.jpg,7,5,৫,,৫,number,45.72
2466.jpg,8,7,,,,,
2466.jpg,ALL,N/A,৮,দিনাজপুর,দিনাজপুর ৮,summary,N/A
356.jpg,1,49,,ঢাকা,ঢাকা,word,84.40
356.jpg,2,10,,মেট্রো,মেট্রো,word,59.95
356.jpg,3,12,,,,,
356.jpg,4,1,,,,,
356.jpg,5,1,,,,,
356.jpg,6,1,,,,,
356.jpg,7,1,,,,,
356.jpg,8,8,,,,,
356.jpg,9,9,,,,,
356.jpg,ALL,N/A,,ঢাকা,ঢাকা,summary,N/A
600.jpg,1,56,,হবিগঞ্জ,হবিগঞ্জ,word,89.44
600.jpg,2,22,,,,,
600.jpg,3,2,,,,,
600.jpg,4,4,,,,,
600.jpg,5,6,৬,,৬,number,65.01
600.jpg,6,6,৮,,৮,number,83.78
600.jpg,7,0,,,,,
600.jpg,8,1,১,,১,number,97.54
600.jpg,ALL,N/A,৬,হবিগঞ্জ,হবিগঞ্জ ৬,summary,N/A
2483.jpg,1,49,,ঢাকা,ঢাকা,word,90.50
2483.jpg,2,10,,,,,
2483.jpg,3,31,,,,,
2483.jpg,4,1,১,,১,number,90.18
2483.jpg,5,6,,,,,
2483.jpg,6,5,,,,,
2483.jpg,7,4,,,,,
2483.jpg,8,8,,,,,
2483.jpg,9,7,,,,,
2483.jpg,ALL,N/A,১,ঢাকা,ঢাকা ১,summary,N/A
2287.jpg,1,44,,,,,
2287.jpg,2,10,,,,,
2287.jpg,3,26,,,,,
2287.jpg,4,5,,,,,
2287.jpg,5,1,১,,১,number,5.08
2287.jpg,6,0,,,,,
2287.jpg,7,2,,,,,
2287.jpg,8,7,৭,,৭,number,26.68
2287.jpg,9,4,,,,,
2287.jpg,ALL,N/A,১,,১,summary,N/A
2507.jpg,1,36,৬,,৬,number,2.93
2507.jpg,2,25,,,,,
2507.jpg,3,3,,,,,
2507.jpg,4,7,,,,,
2507.jpg,5,5,,,,,
2507.jpg,6,0,,,,,
2507.jpg,7,3,৩,,৩,number,99.21
2507.jpg,8,1,১,,১,number,36.96
2507.jpg,ALL,N/A,৬,,৬,summary,N/A
272.png,1,49,,,,,
272.png,2,10,,,,,
272.png,3,12,,,,,
272.png,4,1,,,,,
272.png,5,1,,,,,
272.png,6,0,,,,,
272.png,7,0,,,,,
272.png,8,7,,,,,
272.png,9,8,,,,,
272.png,ALL,N/A,,,N/A,summary,N/A
507.jpg,1,37,,বান্দরবান,বান্দরবান,word,95.75
507.jpg,2,15,,,,,
507.jpg,3,7,,,,,
507.jpg,4,8,৮,,৮,number,99.40
507.jpg,5,9,,,,,
507.jpg,6,0,,,,,
507.jpg,7,1,১,,১,number,98.33
507.jpg,8,2,২,,২,number,99.80
507.jpg,ALL,N/A,৮,বান্দরবান,বান্দরবান ৮,summary,N/A
1217.jpg,1,70,,মাগুরা,মাগুরা,word,87.80
1217.jpg,2,16,,,,,
1217.jpg,3,0,,,,,
1217.jpg,4,1,১,,১,number,99.70
1217.jpg,5,1,১,,১,number,99.37
1217.jpg,6,8,৮,,৮,number,52.35
1217.jpg,7,9,,,,,
1217.jpg,8,9,,,,,
1217.jpg,ALL,N/A,১,মাগুরা,মাগুরা ১,summary,N/A
2242.jpg,1,49,,,,,
2242.jpg,2,10,,,,,
2242.jpg,3,31,,,,,
2242.jpg,4,1,,,,,
2242.jpg,5,8,,,,,
2242.jpg,6,6,,,,,
2242.jpg,7,9,,,,,
2242.jpg,8,4,,,,,
2242.jpg,9,4,,,,,
2242.jpg,ALL,N/A,,,N/A,summary,N/A
1660.jpg,1,63,,খুলনা,খুলনা,word,95.22
1660.jpg,2,10,,মেট্রো,মেট্রো,word,95.84
1660.jpg,3,20,,,,,
1660.jpg,4,1,,,,,
1660.jpg,5,2,,,,,
1660.jpg,6,2,১,,১,number,93.82
1660.jpg,7,2,২,,২,number,30.94
1660.jpg,8,7,,,,,
1660.jpg,9,3,,,,,
1660.jpg,ALL,N/A,১,খুলনা,খুলনা ১,summary,N/A
450.jpg,1,41,,,,,
450.jpg,2,31,,,,,
450.jpg,3,7,,,,,
450.jpg,4,8,৩,,৩,number,40.43
450.jpg,5,9,,,,,
450.jpg,6,0,,,,,
450.jpg,7,1,,,,,
450.jpg,8,2,,,,,
450.jpg,ALL,N/A,৩,,৩,summary,N/A
1732.jpg,1,99,,ঠাকুরগাঁও,ঠাকুরগাঁও,word,77.23
1732.jpg,2,33,,,,,
1732.jpg,3,0,,,,,
1732.jpg,4,1,,,,,
1732.jpg,5,3,,,,,
1732.jpg,6,4,,,,,
1732.jpg,7,5,,,,,
1732.jpg,8,6,৬,,৬,number,100.00
1732.jpg,ALL,N/A,৬,ঠাকুরগাঁও,ঠাকুরগাঁও ৬,summary,N/A
1797.jpg,1,49,,ঢাকা,ঢাকা,word,86.99
1797.jpg,2,10,,মেট্রো,মেট্রো,word,91.65
1797.jpg,3,18,,,,,
1797.jpg,4,1,,,,,
1797.jpg,5,5,,,,,
1797.jpg,6,4,,,,,
1797.jpg,7,8,৮,,৮,number,100.00
1797.jpg,8,3,,,,,
1797.jpg,9,0,,,,,
1797.jpg,ALL,N/A,৮,ঢাকা,ঢাকা ৮,summary,N/A
2540.jpg,1,49,,ঢাকা,ঢাকা,word,83.69
2540.jpg,2,10,,মেট্রো,মেট্রো,word,69.31
2540.jpg,3,22,,,,,
2540.jpg,4,1,১,,১,number,99.96
2540.jpg,5,1,১,,১,number,99.01
2540.jpg,6,0,,,,,
2540.jpg,7,9,,,,,
2540.jpg,8,7,৭,,৭,number,74.46
2540.jpg,9,6,,,,,
2540.jpg,ALL,N/A,১,ঢাকা,ঢাকা ১,summary,N/A
2255.jpg,1,49,,,,,
2255.jpg,2,10,,,,,
2255.jpg,3,20,,,,,
2255.jpg,4,3,,,,,
2255.jpg,5,9,,,,,
2255.jpg,6,5,,,,,
2255.jpg,7,3,,,,,
2255.jpg,8,4,৪,,৪,number,84.96
2255.jpg,9,3,,,,,
2255.jpg,ALL,N/A,৪,,৪,summary,N/A
2061.jpg,1,49,,,,,
2061.jpg,2,10,,মেট্রো,মেট্রো,word,83.57
2061.jpg,3,19,,,,,
2061.jpg,4,1,১১,,১১,number,66.21
2061.jpg,5,8,,,,,
2061.jpg,6,5,০,,০,number,11.36
2061.jpg,7,0,,,,,
2061.jpg,8,3,,,,,
2061.jpg,9,1,১,,১,number,79.82
2061.jpg,ALL,N/A,১১,মেট্রো,মেট্রো ১১,summary,N/A
594.jpg,1,55,,গোপালগঞ্জ,গোপালগঞ্জ,word,74.53
594.jpg,2,21,,,,,
594.jpg,3,7,,,,,
594.jpg,4,8,৮,,৮,number,98.80
594.jpg,5,9,,,,,
594.jpg,6,0,,,,,
594.jpg,7,1,১,,১,number,100.00
594.jpg,8,0,,,,,
594.jpg,ALL,N/A,৮,গোপালগঞ্জ,গোপালগঞ্জ ৮,summary,N/A
34.jpeg,1,49,৩,,৩,number,15.52
34.jpeg,2,10,,মেট্রো,মেট্রো,word,74.84
34.jpeg,3,34,,,,,
34.jpeg,4,1,,,,,
34.jpeg,5,1,,,,,
34.jpeg,6,4,,,,,
34.jpeg,7,4,,,,,
34.jpeg,8,0,,,,,
34.jpeg,9,3,,,,,
34.jpeg,ALL,N/A,৩,মেট্রো,মেট্রো ৩,summary,N/A
83.jpg,1,92,,সাতক্ষীরা,সাতক্ষীরা,word,76.06
83.jpg,2,20,,,,,
83.jpg,3,1,,,,,
83.jpg,4,1,,,,,
83.jpg,5,7,,,,,
83.jpg,6,4,,,,,
83.jpg,7,0,,,,,
83.jpg,8,5,,,,,
83.jpg,ALL,N/A,,সাতক্ষীরা,সাতক্ষীরা,summary,N/A
1243.jpg,1,72,,,,,
1243.jpg,2,101,,,,,
1243.jpg,3,8,,,,,
1243.jpg,4,9,,,,,
1243.jpg,5,0,,,,,
1243.jpg,6,1,,,,,
1243.jpg,7,7,৭,,৭,number,44.09
1243.jpg,8,8,৩,,৩,number,58.65
1243.jpg,ALL,N/A,৭,,৭,summary,N/A
943.jpg,1,98,,টাঙ্গাইল,টাঙ্গাইল,word,84.01
943.jpg,2,25,,,,,
943.jpg,3,1,,,,,
943.jpg,4,2,,,,,
943.jpg,5,2,,,,,
943.jpg,6,2,২,,২,number,99.23
943.jpg,7,0,,,,,
943.jpg,8,9,,,,,
943.jpg,ALL,N/A,২,টাঙ্গাইল,টাঙ্গাইল ২,summary,N/A
164.jpeg,1,79,,,,,
164.jpeg,2,20,,,,,
164.jpeg,3,1,,,,,
164.jpeg,4,2,,,,,
164.jpeg,5,2,,,,,
164.jpeg,6,3,,,,,
164.jpeg,7,4,,,,,
164.jpeg,8,0,,,,,
164.jpeg,ALL,N/A,,,N/A,summary,N/A
1139.jpg,1,64,,,,,
1139.jpg,2,33,,,,,
1139.jpg,3,1,,,,,
1139.jpg,4,4,,,,,
1139.jpg,5,7,,,,,
1139.jpg,6,8,,,,,
1139.jpg,7,9,,,,,
1139.jpg,8,2,,,,,
1139.jpg,ALL,N/A,,,N/A,summary,N/A
2412.jpg,1,49,,,,,
2412.jpg,2,10,৫৮,,৫৮,number,50.39
2412.jpg,3,13,,,,,
2412.jpg,4,1,,,,,
2412.jpg,5,1,,,,,
2412.jpg,6,7,,,,,
2412.jpg,7,4,,,,,
2412.jpg,8,7,,,,,
2412.jpg,9,0,,,,,
2412.jpg,ALL,N/A,৫৮,,৫৮,summary,N/A
2357.jpg,1,97,,,,,
2357.jpg,2,33,,,,,
2357.jpg,3,1,,,,,
2357.jpg,4,2,,,,,
2357.jpg,5,9,,,,,
2357.jpg,6,5,,,,,
2357.jpg,7,6,,,,,
2357.jpg,8,8,,,,,
2357.jpg,ALL,N/A,,,N/A,summary,N/A
109.jpeg,1,49,,,,,
109.jpeg,2,10,,,,,
109.jpeg,3,20,,,,,
109.jpeg,4,5,,,,,
109.jpeg,5,8,,,,,
109.jpeg,6,2,,,,,
109.jpeg,7,1,,,,,
109.jpeg,8,7,,,,,
109.jpeg,9,3,,,,,
109.jpeg,ALL,N/A,,,N/A,summary,N/A
2625.jpg,1,37,,বান্দরবান,বান্দরবান,word,76.24
2625.jpg,2,20,,,,,
2625.jpg,3,1,১,,১,number,99.73
2625.jpg,4,1,১,,১,number,100.00
2625.jpg,5,1,১,,১,number,99.99
2625.jpg,6,1,১,,১,number,100.00
2625.jpg,7,4,,,,,
2625.jpg,8,8,,,,,
2625.jpg,ALL,N/A,১,বান্দরবান,বান্দরবান ১,summary,N/A
2286.jpg,1,44,,,,,
2286.jpg,2,10,,,,,
2286.jpg,3,19,,,,,
2286.jpg,4,5,,,,,
2286.jpg,5,1,,,,,
2286.jpg,6,0,,,,,
2286.jpg,7,7,৭,,৭,number,94.26
2286.jpg,8,3,,,,,
2286.jpg,9,7,,,,,
2286.jpg,ALL,N/A,৭,,৭,summary,N/A
2478.jpg,1,39,,বরিশাল,বরিশাল,word,99.49
2478.jpg,2,20,,,,,
2478.jpg,3,1,১,,১,number,99.00
2478.jpg,4,1,১,,১,number,99.85
2478.jpg,5,3,৩,,৩,number,49.83
2478.jpg,6,4,,,,,
2478.jpg,7,0,,,,,
2478.jpg,8,7,৭,,৭,number,50.64
2478.jpg,ALL,N/A,১,বরিশাল,বরিশাল ১,summary,N/A
51.jpeg,1,74,,ময়মনসিংহ,ময়মনসিংহ,word,93.92
51.jpeg,2,25,,,,,
51.jpeg,3,1,,,,,
51.jpeg,4,1,,,,,
51.jpeg,5,6,,,,,
51.jpeg,6,5,,,,,
51.jpeg,7,1,,,,,
51.jpeg,8,7,,,,,
51.jpeg,ALL,N/A,,ময়মনসিংহ,ময়মনসিংহ,summary,N/A
2186.jpg,1,49,,,,,
2186.jpg,2,10,,,,,
2186.jpg,3,18,,,,,
2186.jpg,4,2,,,,,
2186.jpg,5,7,,,,,
2186.jpg,6,9,,,,,
2186.jpg,7,0,,,,,
2186.jpg,8,6,,,,,
2186.jpg,9,0,,,,,
2186.jpg,ALL,N/A,,,N/A,summary,N/A
103.jpeg,1,98,,,,,
103.jpeg,2,20,,,,,
103.jpeg,3,1,,,,,
103.jpeg,4,1,,,,,
103.jpeg,5,8,,,,,
103.jpeg,6,7,,,,,
103.jpeg,7,7,,,,,
103.jpeg,8,7,,,,,
103.jpeg,ALL,N/A,,,N/A,summary,N/A
1684.jpg,1,67,,লক্ষ্মীপুর,লক্ষ্মীপুর,word,96.13
1684.jpg,2,25,,,,,
1684.jpg,3,1,১,,১,number,99.98
1684.jpg,4,1,১,,১,number,99.98
1684.jpg,5,4,,,,,
1684.jpg,6,5,,,,,
1684.jpg,7,2,২,,২,number,91.91
1684.jpg,8,9,৯,,৯,number,93.54
1684.jpg,ALL,N/A,১,লক্ষ্মীপুর,লক্ষ্মীপুর ১,summary,N/A
133.jpeg,1,98,,,,,
133.jpeg,2,25,,,,,
133.jpeg,3,1,,,,,
133.jpeg,4,2,,,,,
133.jpeg,5,8,,,,,
133.jpeg,6,5,,,,,
133.jpeg,7,7,,,,,
133.jpeg,8,6,,,,,
133.jpeg,ALL,N/A,,,N/A,summary,N/A
1212.jpg,1,70,,,,,
1212.jpg,2,16,,,,,
1212.jpg,3,7,,,,,
1212.jpg,4,8,,,,,
1212.jpg,5,9,,,,,
1212.jpg,6,0,,,,,
1212.jpg,7,1,,,,,
1212.jpg,8,2,,,,,
1212.jpg,ALL,N/A,,,N/A,summary,N/A
2635.jpg,1,84,,,,,
2635.jpg,2,25,,,,,
2635.jpg,3,1,,,,,
2635.jpg,4,1,,,,,
2635.jpg,5,1,১,,১,number,96.54
2635.jpg,6,4,,,,,
2635.jpg,7,0,,,,,
2635.jpg,8,3,,,,,
2635.jpg,ALL,N/A,১,,১,summary,N/A
1379.jpg,1,90,,,,,
1379.jpg,2,15,৬,,৬,number,97.39
1379.jpg,3,3,৩,,৩,number,63.19
1379.jpg,4,4,৪,,৪,number,37.25
1379.jpg,5,5,,,,,
1379.jpg,6,6,,,,,
1379.jpg,7,7,৭,,৭,number,98.97
1379.jpg,8,8,,,,,
1379.jpg,ALL,N/A,৬,,৬,summary,N/A
1877.jpg,1,36,,,,,
1877.jpg,2,25,,,,,
1877.jpg,3,1,,,,,
1877.jpg,4,1,,,,,
1877.jpg,5,6,,,,,
1877.jpg,6,2,,,,,
1877.jpg,7,3,৩,,৩,number,100.00
1877.jpg,8,6,,,,,
1877.jpg,ALL,N/A,৩,,৩,summary,N/A
348.jpg,1,49,,ঢাকা,ঢাকা,word,88.74
348.jpg,2,10,,মেট্রো,মেট্রো,word,70.27
348.jpg,3,19,,,,,
348.jpg,4,3,,,,,
348.jpg,5,4,,,,,
348.jpg,6,5,,,,,
348.jpg,7,1,,,,,
348.jpg,8,1,,,,,
348.jpg,9,1,,,,,
348.jpg,ALL,N/A,,ঢাকা,ঢাকা,summary,N/A
1782.jpg,1,44,,,,,
1782.jpg,2,10,,,,,
1782.jpg,3,23,,,,,
1782.jpg,4,1,,,,,
1782.jpg,5,1,১,,১,number,100.00
1782.jpg,6,0,,,,,
1782.jpg,7,8,৮,,৮,number,100.00
1782.jpg,8,9,৯,,৯,number,97.38
1782.jpg,9,4,,,,,
1782.jpg,ALL,N/A,১,,১,summary,N/A
276.jpg,1,49,,,,,
276.jpg,2,10,,,,,
276.jpg,3,18,,,,,
276.jpg,4,1,,,,,
276.jpg,5,2,,,,,
276.jpg,6,1,,,,,
276.jpg,7,8,,,,,
276.jpg,8,6,,,,,
276.jpg,9,7,,,,,
276.jpg,ALL,N/A,,,N/A,summary,N/A
1553.jpg,1,94,,,,,
1553.jpg,2,20,,,,,
1553.jpg,3,1,১,,১,number,99.96
1553.jpg,4,1,,,,,
1553.jpg,5,6,,,,,
1553.jpg,6,6,৬,,৬,number,99.98
1553.jpg,7,4,,,,,
1553.jpg,8,9,,,,,
1553.jpg,ALL,N/A,১,,১,summary,N/A
519.jpg,1,41,,,,,
519.jpg,2,31,,,,,
519.jpg,3,1,,,,,
519.jpg,4,2,১,,১,number,93.70
519.jpg,5,3,,,,,
519.jpg,6,4,,,,,
519.jpg,7,5,৫,,৫,number,95.85
519.jpg,8,6,,,,,
519.jpg,ALL,N/A,১,,১,summary,N/A
1496.jpg,1,75,,নওগাঁ,নওগাঁ,word,89.77
1496.jpg,2,20,,,,,
1496.jpg,3,1,১,,১,number,99.97
1496.jpg,4,1,১,,১,number,100.00
1496.jpg,5,1,১,,১,number,99.95
1496.jpg,6,3,৩,,৩,number,97.40
1496.jpg,7,6,৬,,৬,number,99.99
1496.jpg,8,5,,,,,
1496.jpg,ALL,N/A,১,নওগাঁ,নওগাঁ ১,summary,N/A
1483.jpg,1,75,৯,,৯,number,1.16
1483.jpg,2,25,,,,,
1483.jpg,3,1,,,,,
1483.jpg,4,2,,,,,
1483.jpg,5,1,,,,,
1483.jpg,6,1,,,,,
1483.jpg,7,1,,,,,
1483.jpg,8,1,,,,,
1483.jpg,ALL,N/A,৯,,৯,summary,N/A
1027.jpg,1,57,,জামালপুর,জামালপুর,word,81.76
1027.jpg,2,25,,,,,
1027.jpg,3,1,,,,,
1027.jpg,4,1,,,,,
1027.jpg,5,1,,,,,
1027.jpg,6,9,,,,,
1027.jpg,7,8,,,,,
1027.jpg,8,4,,,,,
1027.jpg,ALL,N/A,,জামালপুর,জামালপুর,summary,N/A
1996.jpg,1,49,,ঢাকা,ঢাকা,word,84.33
1996.jpg,2,10,,মেট্রো,মেট্রো,word,71.22
1996.jpg,3,26,,,,,
1996.jpg,4,5,৫,,৫,number,100.00
1996.jpg,5,4,,,,,
1996.jpg,6,0,,,,,
1996.jpg,7,1,১,,১,number,99.84
1996.jpg,8,8,৮,,৮,number,99.99
1996.jpg,9,0,,,,,
1996.jpg,ALL,N/A,৫,ঢাকা,ঢাকা ৫,summary,N/A
795.jpg,1,83,,পাবনা,পাবনা,word,88.14
795.jpg,2,20,,,,,
795.jpg,3,1,,,,,
795.jpg,4,5,,,,,
795.jpg,5,3,,,,,
795.jpg,6,4,,,,,
795.jpg,7,3,,,,,
795.jpg,8,0,,,,,
795.jpg,ALL,N/A,,পাবনা,পাবনা,summary,N/A
2218.jpg,1,49,,,,,
2218.jpg,2,10,,,,,
2218.jpg,3,18,,,,,
2218.jpg,4,3,,,,,
2218.jpg,5,1,১,,১,number,99.82
2218.jpg,6,0,,,,,
2218.jpg,7,0,,,,,
2218.jpg,8,8,৮,,৮,number,100.00
2218.jpg,9,0,,,,,
2218.jpg,ALL,N/A,১,,১,summary,N/A
350.jpg,1,49,,ঢাকা,ঢাকা,word,67.10
350.jpg,2,10,,মেট্রো,মেট্রো,word,65.25
350.jpg,3,18,,,,,
350.jpg,4,3,,,,,
350.jpg,5,3,৩,,৩,number,100.00
350.jpg,6,8,৮,,৮,number,99.91
350.jpg,7,8,,,,,
350.jpg,8,7,,,,,
350.jpg,9,9,,,,,
350.jpg,ALL,N/A,৩,ঢাকা,ঢাকা ৩,summary,N/A
1860.jpg,1,49,,ঢাকা,ঢাকা,word,96.20
1860.jpg,2,10,,,,,
1860.jpg,3,19,,,,,
1860.jpg,4,1,,,,,
1860.jpg,5,5,,,,,
1860.jpg,6,7,,,,,
1860.jpg,7,3,,,,,
1860.jpg,8,5,,,,,
1860.jpg,9,8,,,,,
1860.jpg,ALL,N/A,,ঢাকা,ঢাকা,summary,N/A
1469.jpg,1,74,,,,,
1469.jpg,2,20,,,,,
1469.jpg,3,1,,,,,
1469.jpg,4,2,১,,১,number,5.47
1469.jpg,5,6,,,,,
1469.jpg,ALL,N/A,১,,১,summary,N/A
2176.jpg,1,49,,ঢাকা,ঢাকা,word,66.92
2176.jpg,2,10,,মেট্রো,মেট্রো,word,77.99
2176.jpg,3,18,,,,,
2176.jpg,4,3,,,,,
2176.jpg,5,2,,,,,
2176.jpg,6,5,৫,,৫,number,99.90
2176.jpg,7,0,,,,,
2176.jpg,8,2,,,,,
2176.jpg,9,9,৫,,৫,number,7.79
2176.jpg,ALL,N/A,৫,ঢাকা,ঢাকা ৫,summary,N/A
1771.jpg,1,44,,,,,
1771.jpg,2,10,,মেট্রো,মেট্রো,word,68.78
1771.jpg,3,25,,,,,
1771.jpg,4,1,,,,,
1771.jpg,5,3,,,,,
1771.jpg,6,9,,,,,
1771.jpg,7,1,,,,,
1771.jpg,8,1,,,,,
1771.jpg,9,4,,,,,
1771.jpg,ALL,N/A,,মেট্রো,মেট্রো,summary,N/A
210.jpg,1,49,,ঢাকা,ঢাকা,word,73.77
210.jpg,2,10,,,,,
210.jpg,3,18,,,,,
210.jpg,4,1,,,,,
210.jpg,5,4,,,,,
210.jpg,6,5,,,,,
210.jpg,7,8,,,,,
210.jpg,8,0,,,,,
210.jpg,9,0,,,,,
210.jpg,ALL,N/A,,ঢাকা,ঢাকা,summary,N/A
754.jpg,1,58,,যশোর,যশোর,word,99.26
754.jpg,2,20,,,,,
754.jpg,3,1,,,,,
754.jpg,4,4,,,,,
754.jpg,5,5,,,,,
754.jpg,6,0,,,,,
754.jpg,7,8,,,,,
754.jpg,8,2,,,,,
754.jpg,ALL,N/A,,যশোর,যশোর,summary,N/A
1233.jpg,1,72,,,,,
1233.jpg,2,101,,,,,
1233.jpg,3,2,,,,,
1233.jpg,4,4,,,,,
1233.jpg,5,6,,,,,
1233.jpg,6,8,,,,,
1233.jpg,7,0,,,,,
1233.jpg,8,1,,,,,
1233.jpg,ALL,N/A,,,N/A,summary,N/A
1913.jpg,1,56,,হবিগঞ্জ,হবিগঞ্জ,word,88.49
1913.jpg,2,20,,,,,
1913.jpg,3,1,১,,১,number,80.12
1913.jpg,4,1,১,,১,number,100.00
1913.jpg,5,2,,,,,
1913.jpg,6,0,,,,,
1913.jpg,7,8,,,,,
1913.jpg,8,9,,,,,
1913.jpg,ALL,N/A,১,হবিগঞ্জ,হবিগঞ্জ ১,summary,N/A
263.jpg,1,49,,,,,
263.jpg,2,10,,,,,
263.jpg,3,18,,,,,
263.jpg,4,1,,,,,
263.jpg,5,9,,,,,
263.jpg,6,5,,,,,
263.jpg,7,8,,,,,
263.jpg,8,4,,,,,
263.jpg,9,7,,,,,
263.jpg,ALL,N/A,,,N/A,summary,N/A
1148.jpg,1,65,,,,,
1148.jpg,2,100,,,,,
1148.jpg,3,3,,,,,
1148.jpg,4,4,,,,,
1148.jpg,5,5,,,,,
1148.jpg,6,6,,,,,
1148.jpg,7,7,,,,,
1148.jpg,8,8,৩,,৩,number,8.03
1148.jpg,ALL,N/A,৩,,৩,summary,N/A
1639.jpg,1,87,,,,,
1639.jpg,2,10,,,,,
1639.jpg,3,25,৫,,৫,number,14.69
1639.jpg,4,1,১,,১,number,27.17
1639.jpg,5,1,,,,,
1639.jpg,ALL,N/A,৫,,৫,summary,N/A
2355.jpg,1,49,,,,,
2355.jpg,2,10,,,,,
2355.jpg,3,18,,,,,
2355.jpg,4,1,,,,,
2355.jpg,5,7,৭,,৭,number,97.32
2355.jpg,6,1,,,,,
2355.jpg,7,1,,,,,
2355.jpg,8,3,,,,,
2355.jpg,9,3,,,,,
2355.jpg,ALL,N/A,৭,,৭,summary,N/A
1887.jpg,1,49,,,,,
1887.jpg,2,10,,,,,
1887.jpg,3,18,,,,,
1887.jpg,4,3,,,,,
1887.jpg,5,5,৫,,৫,number,99.97
1887.jpg,6,5,৫,,৫,number,99.75
1887.jpg,7,3,,,,,
1887.jpg,8,7,৭,,৭,number,99.23
1887.jpg,9,0,,,,,
1887.jpg,ALL,N/A,৫,,৫,summary,N/A
107.jpeg,1,98,,টাঙ্গাইল,টাঙ্গাইল,word,85.63
107.jpeg,2,25,,,,,
107.jpeg,3,1,,,,,
107.jpeg,4,2,,,,,
107.jpeg,5,8,,,,,
107.jpeg,6,5,,,,,
107.jpeg,7,5,,,,,
107.jpeg,8,0,,,,,
107.jpeg,ALL,N/A,,টাঙ্গাইল,টাঙ্গাইল,summary,N/A
2099.jpg,1,49,,,,,
2099.jpg,2,10,,মেট্রো,মেট্রো,word,57.68
2099.jpg,3,18,,,,,
2099.jpg,4,2,,,,,
2099.jpg,5,2,,,,,
2099.jpg,6,2,,,,,
2099.jpg,7,8,৮,,৮,number,8.47
2099.jpg,8,2,,,,,
2099.jpg,9,9,,,,,
2099.jpg,ALL,N/A,৮,মেট্রো,মেট্রো ৮,summary,N/A
1521.jpg,1,79,,নাটোর,নাটোর,word,85.98
1521.jpg,2,25,,,,,
1521.jpg,3,1,১,,১,number,99.61
1521.jpg,4,1,১,,১,number,99.83
1521.jpg,5,5,,,,,
1521.jpg,6,4,,,,,
1521.jpg,7,8,,,,,
1521.jpg,8,2,,,,,
1521.jpg,ALL,N/A,১,নাটোর,নাটোর ১,summary,N/A
100.jpeg,1,98,,টাঙ্গাইল,টাঙ্গাইল,word,88.00
100.jpeg,2,25,,,,,
100.jpeg,3,1,,,,,
100.jpeg,4,3,,,,,
100.jpeg,5,0,,,,,
100.jpeg,6,5,,,,,
100.jpeg,7,5,,,,,
100.jpeg,8,5,৫,,৫,number,65.07
100.jpeg,ALL,N/A,৫,টাঙ্গাইল,টাঙ্গাইল ৫,summary,N/A
283.jpg,1,49,,ঢাকা,ঢাকা,word,77.69
283.jpg,2,10,,মেট্রো,মেট্রো,word,69.19
283.jpg,3,18,,,,,
283.jpg,4,3,,,,,
283.jpg,5,1,,,,,
283.jpg,6,1,,,,,
283.jpg,7,5,,,,,
283.jpg,8,2,,,,,
283.jpg,9,4,,,,,
283.jpg,ALL,N/A,,ঢাকা,ঢাকা,summary,N/A
555.jpg,1,51,,ফরিদপুর,ফরিদপুর,word,68.45
555.jpg,2,17,,,,,
555.jpg,3,1,,,,,
555.jpg,4,2,১,,১,number,99.88
555.jpg,5,3,,,,,
555.jpg,6,3,,,,,
555.jpg,7,5,,,,,
555.jpg,8,6,৬,,৬,number,12.76
555.jpg,ALL,N/A,১,ফরিদপুর,ফরিদপুর ১,summary,N/A
1578.jpg,1,96,,,,,
1578.jpg,2,101,,,,,
1578.jpg,3,3,,,,,
1578.jpg,4,4,,,,,
1578.jpg,5,5,,,,,
1578.jpg,6,6,,,,,
1578.jpg,7,7,,,,,
1578.jpg,8,8,,,,,
1578.jpg,ALL,N/A,,,N/A,summary,N/A
234.jpg,1,49,,ঢাকা,ঢাকা,word,87.67
234.jpg,2,10,,,,,
234.jpg,3,18,,,,,
234.jpg,4,3,,,,,
234.jpg,5,7,,,,,
234.jpg,6,7,,,,,
234.jpg,7,5,,,,,
234.jpg,8,9,,,,,
234.jpg,9,6,,,,,
234.jpg,ALL,N/A,,ঢাকা,ঢাকা,summary,N/A
1571.jpg,1,95,,,,,
1571.jpg,2,20,,,,,
1571.jpg,3,1,১,,১,number,99.89
1571.jpg,4,1,১,,১,number,37.30
1571.jpg,5,5,,,,,
1571.jpg,6,4,,,,,
1571.jpg,7,3,,,,,
1571.jpg,8,3,,,,,
1571.jpg,ALL,N/A,১,,১,summary,N/A
687.jpg,1,84,,,,,
687.jpg,2,20,,,,,
687.jpg,3,3,,,,,
687.jpg,4,4,,,,,
687.jpg,5,5,,,,,
687.jpg,6,6,,,,,
687.jpg,7,7,,,,,
687.jpg,8,8,,,,,
687.jpg,ALL,N/A,,,N/A,summary,N/A
2360.jpg,1,44,,,,,
2360.jpg,2,10,,,,,
2360.jpg,3,25,,,,,
2360.jpg,4,1,,,,,
2360.jpg,5,1,,,,,
2360.jpg,6,0,,,,,
2360.jpg,7,7,৭,,৭,number,51.20
2360.jpg,8,4,,,,,
2360.jpg,9,8,,,,,
2360.jpg,ALL,N/A,৭,,৭,summary,N/A
888.jpg,1,89,,রাজশাহী,রাজশাহী,word,81.43
888.jpg,2,25,,,,,
888.jpg,3,1,১,,১,number,99.39
888.jpg,4,1,,,,,
888.jpg,5,2,১,,১,number,4.27
888.jpg,6,2,,,,,
888.jpg,7,9,,,,,
888.jpg,8,5,,,,,
888.jpg,ALL,N/A,১,রাজশাহী,রাজশাহী ১,summary,N/A
235.jpg,1,49,,,,,
235.jpg,2,10,,,,,
235.jpg,3,18,,,,,
235.jpg,4,2,,,,,
235.jpg,5,1,,,,,
235.jpg,6,3,,,,,
235.jpg,7,4,,,,,
235.jpg,8,8,,,,,
235.jpg,9,5,,,,,
235.jpg,ALL,N/A,,,N/A,summary,N/A
2033.jpg,1,44,৮,,৮,number,80.58
2033.jpg,2,10,,মেট্রো,মেট্রো,word,69.03
2033.jpg,3,18,,,,,
2033.jpg,4,1,,,,,
2033.jpg,5,2,২,,২,number,99.82
2033.jpg,6,2,,,,,
2033.jpg,7,9,৯,,৯,number,78.90
2033.jpg,8,8,৮,,৮,number,99.99
2033.jpg,9,2,,,,,
2033.jpg,ALL,N/A,৮,মেট্রো,মেট্রো ৮,summary,N/A
1927.jpg,1,36,,,,,
1927.jpg,2,31,১,,১,number,10.26
1927.jpg,3,1,,,,,
1927.jpg,4,1,২,,২,number,7.85
1927.jpg,5,0,,,,,
1927.jpg,6,5,,,,,
1927.jpg,7,4,,,,,
1927.jpg,8,2,১,,১,number,62.03
1927.jpg,ALL,N/A,১,,১,summary,N/A
563.jpg,1,52,,ফেনী,ফেনী,word,94.22
563.jpg,2,18,,,,,
563.jpg,3,7,,,,,
563.jpg,4,8,৮,,৮,number,95.26
563.jpg,5,9,,,,,
563.jpg,6,0,,,,,
563.jpg,7,1,১,,১,number,99.99
563.jpg,8,0,,,,,
563.jpg,ALL,N/A,৮,ফেনী,ফেনী ৮,summary,N/A
2051.jpg,1,44,,,,,
2051.jpg,2,10,,,,,
2051.jpg,3,18,,,,,
2051.jpg,4,1,,,,,
2051.jpg,5,3,,,,,
2051.jpg,6,3,,,,,
2051.jpg,7,5,,,,,
2051.jpg,8,5,,,,,
2051.jpg,9,1,,,,,
2051.jpg,ALL,N/A,,,N/A,summary,N/A
2347.jpg,1,49,,,,,
2347.jpg,2,10,,,,,
2347.jpg,3,25,,,,,
2347.jpg,4,2,,,,,
2347.jpg,5,3,,,,,
2347.jpg,6,1,,,,,
2347.jpg,7,4,,,,,
2347.jpg,8,4,,,,,
2347.jpg,9,1,,,,,
2347.jpg,ALL,N/A,,,N/A,summary,N/A
176.jpeg,1,58,,,,,
176.jpeg,2,31,,,,,
176.jpeg,3,1,,,,,
176.jpeg,4,1,,,,,
176.jpeg,5,1,,,,,
176.jpeg,6,1,,,,,
176.jpeg,7,4,,,,,
176.jpeg,8,7,,,,,
176.jpeg,ALL,N/A,,,N/A,summary,N/A
1402.jpg,1,59,,ঝালকাঠি,ঝালকাঠি,word,87.39
1402.jpg,2,25,,,,,
1402.jpg,3,1,,,,,
1402.jpg,4,1,১,,১,number,99.99
1402.jpg,5,0,,,,,
1402.jpg,6,3,,,,,
1402.jpg,7,9,,,,,
1402.jpg,8,8,৮,,৮,number,99.98
1402.jpg,ALL,N/A,১,ঝালকাঠি,ঝালকাঠি ১,summary,N/A
2445.jpg,1,35,,বাগেরহাট,বাগেরহাট,word,81.33
2445.jpg,2,20,,,,,
2445.jpg,3,1,১,,১,number,91.39
2445.jpg,4,2,,,,,
2445.jpg,5,3,,,,,
2445.jpg,6,6,৬,,৬,number,97.16
2445.jpg,7,2,,,,,
2445.jpg,8,2,,,,,
2445.jpg,ALL,N/A,১,বাগেরহাট,বাগেরহাট ১,summary,N/A
1230.jpg,1,71,,,,,
1230.jpg,2,17,,,,,
1230.jpg,3,1,,,,,
1230.jpg,4,2,,,,,
1230.jpg,5,3,,,,,
1230.jpg,6,4,,,,,
1230.jpg,7,5,,,,,
1230.jpg,8,6,,,,,
1230.jpg,ALL,N/A,,,N/A,summary,N/A
1874.jpg,1,49,,,,,
1874.jpg,2,10,,,,,
1874.jpg,3,18,,,,,
1874.jpg,4,1,,,,,
1874.jpg,5,2,,,,,
1874.jpg,6,8,৮,,৮,number,99.92
1874.jpg,7,5,৫,,৫,number,13.09
1874.jpg,8,1,,,,,
1874.jpg,9,8,৮,,৮,number,20.14
1874.jpg,ALL,N/A,৮,,৮,summary,N/A
108.jpeg,1,98,,টাঙ্গাইল,টাঙ্গাইল,word,74.34
108.jpeg,2,20,,,,,
108.jpeg,3,1,,,,,
108.jpeg,4,4,,,,,
108.jpeg,5,4,,,,,
108.jpeg,6,4,,,,,
108.jpeg,7,6,,,,,
108.jpeg,8,6,,,,,
108.jpeg,ALL,N/A,,টাঙ্গাইল,টাঙ্গাইল,summary,N/A
2542.jpg,1,90,,রাঙামাটি,রাঙামাটি,word,71.28
2542.jpg,2,25,,,,,
2542.jpg,3,1,১,,১,number,100.00
2542.jpg,4,1,১,,১,number,100.00
2542.jpg,5,0,,,,,
2542.jpg,6,7,,,,,
2542.jpg,7,6,৬,,৬,number,98.59
2542.jpg,8,3,৩,,৩,number,51.55
2542.jpg,ALL,N/A,১,রাঙামাটি,রাঙামাটি ১,summary,N/A
141.jpeg,1,79,,নাটোর,নাটোর,word,67.14
141.jpeg,2,25,,,,,
141.jpeg,3,1,১,,১,number,100.00
141.jpeg,4,1,,,,,
141.jpeg,5,0,,,,,
141.jpeg,6,8,৮,,৮,number,99.95
141.jpeg,7,9,,,,,
141.jpeg,8,4,,,,,
141.jpeg,ALL,N/A,১,নাটোর,নাটোর ১,summary,N/A
2276.jpg,1,49,,ঢাকা,ঢাকা,word,95.67
2276.jpg,2,10,,মেট্রো,মেট্রো,word,66.89
2276.jpg,3,25,,,,,
2276.jpg,4,2,,,,,
2276.jpg,5,1,,,,,
2276.jpg,6,0,,,,,
2276.jpg,7,3,,,,,
2276.jpg,8,7,,,,,
2276.jpg,9,5,,,,,
2276.jpg,ALL,N/A,,ঢাকা,ঢাকা,summary,N/A
2462.jpg,1,71,,,,,
2462.jpg,2,20,,,,,
2462.jpg,3,1,,,,,
2462.jpg,4,1,,,,,
2462.jpg,5,2,,,,,
2462.jpg,6,3,,,,,
2462.jpg,7,5,৫,,৫,number,90.54
2462.jpg,8,3,,,,,
2462.jpg,ALL,N/A,৫,,৫,summary,N/A
1721.jpg,1,95,,,,,
1721.jpg,2,22,,,,,
1721.jpg,3,3,,,,,
1721.jpg,4,4,,,,,
1721.jpg,5,5,,,,,
1721.jpg,6,6,,,,,
1721.jpg,7,7,,,,,
1721.jpg,8,8,,,,,
1721.jpg,ALL,N/A,,,N/A,summary,N/A
2551.jpg,1,65,,কুড়িগ্রাম,কুড়িগ্রাম,word,76.03
2551.jpg,2,20,,,,,
2551.jpg,ALL,N/A,,কুড়িগ্রাম,কুড়িগ্রাম,summary,N/A
239.jpg,1,44,,,,,
239.jpg,2,10,,মেট্রো,মেট্রো,word,64.00
239.jpg,3,19,,,,,
239.jpg,4,1,,,,,
239.jpg,5,0,,,,,
239.jpg,6,1,,,,,
239.jpg,7,1,,,,,
239.jpg,8,1,,,,,
239.jpg,9,1,,,,,
239.jpg,ALL,N/A,,মেট্রো,মেট্রো,summary,N/A
663.jpg,1,43,,,,,
663.jpg,2,15,,,,,
663.jpg,3,7,৭,,৭,number,63.46
663.jpg,4,8,৩,,৩,number,12.63
663.jpg,5,9,,,,,
663.jpg,6,0,,,,,
663.jpg,7,1,,,,,
663.jpg,8,2,,,,,
663.jpg,ALL,N/A,৭,,৭,summary,N/A
294.jpg,1,49,,,,,
294.jpg,2,10,,,,,
294.jpg,3,12,,,,,
294.jpg,4,1,,,,,
294.jpg,5,4,,,,,
294.jpg,6,0,,,,,
294.jpg,7,0,,,,,
294.jpg,8,8,,,,,
294.jpg,9,2,,,,,
294.jpg,ALL,N/A,,,N/A,summary,N/A
1114.jpg,1,63,,,,,
1114.jpg,2,31,,,,,
1114.jpg,3,3,,,,,
1114.jpg,4,4,,,,,
1114.jpg,5,5,,,,,
1114.jpg,6,6,৬,,৬,number,15.76
1114.jpg,7,7,,,,,
1114.jpg,8,8,৩,,৩,number,12.05
1114.jpg,ALL,N/A,৬,,৬,summary,N/A
2407.jpg,1,44,৬,,৬,number,26.89
2407.jpg,2,10,,,,,
2407.jpg,3,25,,,,,
2407.jpg,4,1,,,,,
2407.jpg,5,2,,,,,
2407.jpg,6,4,,,,,
2407.jpg,7,1,,,,,
2407.jpg,8,8,,,,,
2407.jpg,9,3,৩,,৩,number,91.38
2407.jpg,ALL,N/A,৬,,৬,summary,N/A
859.jpg,1,87,,,,,
859.jpg,2,10,,মেট্রো,মেট্রো,word,91.31
859.jpg,3,25,,,,,
859.jpg,4,1,,,,,
859.jpg,5,1,,,,,
859.jpg,6,3,,,,,
859.jpg,7,0,,,,,
859.jpg,8,0,,,,,
859.jpg,9,2,১,,১,number,69.53
859.jpg,ALL,N/A,১,মেট্রো,মেট্রো ১,summary,N/A
2467.jpg,1,49,,ঢাকা,ঢাকা,word,89.98
2467.jpg,2,10,,মেট্রো,মেট্রো,word,64.96
2467.jpg,3,25,,,,,
2467.jpg,4,2,,,,,
2467.jpg,5,1,১,,১,number,90.46
2467.jpg,6,3,,,,,
2467.jpg,7,5,৫,,৫,number,32.83
2467.jpg,8,4,৪,,৪,number,68.19
2467.jpg,9,6,,,,,
2467.jpg,ALL,N/A,১,ঢাকা,ঢাকা ১,summary,N/A
2387.jpg,1,97,,,,,
2387.jpg,2,20,,,,,
2387.jpg,3,1,১,,১,number,37.27
2387.jpg,4,4,,,,,
2387.jpg,5,6,৬,,৬,number,99.95
2387.jpg,6,2,,,,,
2387.jpg,7,9,,,,,
2387.jpg,8,2,,,,,
2387.jpg,ALL,N/A,১,,১,summary,N/A
1010.jpg,1,56,,,,,
1010.jpg,2,25,,,,,
1010.jpg,3,1,,,,,
1010.jpg,4,1,,,,,
1010.jpg,5,1,,,,,
1010.jpg,6,2,,,,,
1010.jpg,7,7,৭,,৭,number,60.60
1010.jpg,8,7,,,,,
1010.jpg,ALL,N/A,৭,,৭,summary,N/A
1635.jpg,1,62,,,,,
1635.jpg,2,20,,,,,
1635.jpg,3,1,,,,,
1635.jpg,4,1,১,,১,number,99.82
1635.jpg,5,5,,,,,
1635.jpg,6,5,,,,,
1635.jpg,7,9,,,,,
1635.jpg,8,8,,,,,
1635.jpg,ALL,N/A,১,,১,summary,N/A
212.jpg,1,49,,,,,
212.jpg,2,10,,,,,
212.jpg,3,18,,,,,
212.jpg,4,2,,,,,
212.jpg,5,1,,,,,
212.jpg,6,3,,,,,
212.jpg,7,4,,,,,
212.jpg,8,8,,,,,
212.jpg,9,5,,,,,
212.jpg,ALL,N/A,,,N/A,summary,N/A
1837.jpg,1,57,,জামালপুর,জামালপুর,word,97.62
1837.jpg,2,20,,,,,
1837.jpg,3,1,১,,১,number,100.00
1837.jpg,4,2,,,,,
1837.jpg,5,8,৮,,৮,number,98.17
1837.jpg,6,3,,,,,
1837.jpg,7,4,,,,,
1837.jpg,8,5,,,,,
1837.jpg,ALL,N/A,১,জামালপুর,জামালপুর ১,summary,N/A
1858.jpg,1,49,,ঢাকা,ঢাকা,word,80.44
1858.jpg,2,10,,,,,
1858.jpg,3,30,,,,,
1858.jpg,4,1,,,,,
1858.jpg,5,1,১,,১,number,99.79
1858.jpg,6,3,,,,,
1858.jpg,7,6,,,,,
1858.jpg,8,4,৪,,৪,number,45.04
1858.jpg,9,1,১,,১,number,99.03
1858.jpg,ALL,N/A,১,ঢাকা,ঢাকা ১,summary,N/A
1830.jpg,1,48,,,,,
1830.jpg,2,25,,,,,
1830.jpg,3,1,,,,,
1830.jpg,4,2,,,,,
1830.jpg,5,3,,,,,
1830.jpg,6,6,,,,,
1830.jpg,7,4,৪,,৪,number,50.35
1830.jpg,8,4,,,,,
1830.jpg,ALL,N/A,৪,,৪,summary,N/A
1576.jpg,1,96,,সুনামগঞ্জ,সুনামগঞ্জ,word,87.55
1576.jpg,2,101,,,,,
1576.jpg,3,0,,,,,
1576.jpg,4,1,,,,,
1576.jpg,5,3,,,,,
1576.jpg,6,4,,,,,
1576.jpg,7,5,৫,,৫,number,99.95
1576.jpg,8,6,৬,,৬,number,100.00
1576.jpg,ALL,N/A,৫,সুনামগঞ্জ,সুনামগঞ্জ ৫,summary,N/A
1613.jpg,1,99,,ঠাকুরগাঁও,ঠাকুরগাঁও,word,96.00
1613.jpg,2,25,,,,,
1613.jpg,3,1,১,,১,number,99.94
1613.jpg,4,1,১,,১,number,99.99
1613.jpg,5,4,,,,,
1613.jpg,6,2,২,,২,number,47.94
1613.jpg,7,8,৮,,৮,number,50.99
1613.jpg,8,8,৮,,৮,number,95.05
1613.jpg,ALL,N/A,১,ঠাকুরগাঁও,ঠাকুরগাঁও ১,summary,N/A
856.jpg,1,87,,,,,
856.jpg,2,10,,,,,
856.jpg,3,101,,,,,
856.jpg,4,1,১,,১,number,71.21
856.jpg,5,1,,,,,
856.jpg,6,1,১,,১,number,79.70
856.jpg,7,0,,,,,
856.jpg,8,6,৬,,৬,number,99.52
856.jpg,9,3,,,,,
856.jpg,ALL,N/A,১,,১,summary,N/A
1083.jpg,1,60,,ঝিনাইদহ,ঝিনাইদহ,word,89.31
1083.jpg,2,28,,,,,
1083.jpg,3,1,,,,,
1083.jpg,4,2,,,,,
1083.jpg,5,3,,,,,
1083.jpg,6,4,,,,,
1083.jpg,7,8,৮,,৮,number,82.27
1083.jpg,8,9,,,,,
1083.jpg,ALL,N/A,৮,ঝিনাইদহ,ঝিনাইদহ ৮,summary,N/A
2381.jpg,1,44,৮,,৮,number,33.25
2381.jpg,2,10,৫,,৫,number,7.67
2381.jpg,3,20,,,,,
2381.jpg,4,1,,,,,
2381.jpg,5,6,৬,,৬,number,85.53
2381.jpg,6,0,,,,,
2381.jpg,7,4,৪,,৪,number,83.11
2381.jpg,8,7,,,,,
2381.jpg,9,7,,,,,
2381.jpg,ALL,N/A,৮,,৮,summary,N/A
2008.jpg,1,96,,সুনামগঞ্জ,সুনামগঞ্জ,word,87.25
2008.jpg,2,20,,,,,
2008.jpg,3,1,,,,,
2008.jpg,4,1,১,,১,number,100.00
2008.jpg,5,3,,,,,
2008.jpg,6,6,৬,,৬,number,100.00
2008.jpg,7,8,,,,,
2008.jpg,8,0,,,,,
2008.jpg,ALL,N/A,১,সুনামগঞ্জ,সুনামগঞ্জ ১,summary,N/A
2602.jpg,1,55,,গোপালগঞ্জ,গোপালগঞ্জ,word,75.35
2602.jpg,2,20,,,,,
2602.jpg,3,5,,,,,
2602.jpg,4,9,,,,,
2602.jpg,5,7,,,,,
2602.jpg,6,6,৬,,৬,number,99.99
2602.jpg,7,1,,,,,
2602.jpg,8,1,,,,,
2602.jpg,ALL,N/A,৬,গোপালগঞ্জ,গোপালগঞ্জ ৬,summary,N/A
1628.jpg,1,62,,,,,
1628.jpg,2,20,,,,,
1628.jpg,ALL,N/A,,,N/A,summary,N/A
361.jpg,1,49,,,,,
361.jpg,2,10,,,,,
361.jpg,3,18,,,,,
361.jpg,4,3,,,,,
361.jpg,5,9,,,,,
361.jpg,6,1,,,,,
361.jpg,7,7,,,,,
361.jpg,8,8,,,,,
361.jpg,9,6,,,,,
361.jpg,ALL,N/A,,,N/A,summary,N/A
1845.jpg,1,73,১,মৌলভীবাজার,১,number,99.36
1845.jpg,2,20,,,,,
1845.jpg,3,1,১,,১,number,99.98
1845.jpg,4,1,১,,১,number,100.00
1845.jpg,5,2,২,,২,number,99.91
1845.jpg,6,8,৮,,৮,number,99.03
1845.jpg,7,4,,,,,
1845.jpg,8,4,,,,,
1845.jpg,ALL,N/A,১,মৌলভীবাজার,মৌলভীবাজার ১,summary,N/A
329.jpg,1,49,,,,,
329.jpg,2,10,,,,,
329.jpg,3,18,,,,,
329.jpg,4,2,,,,,
329.jpg,5,7,,,,,
329.jpg,6,2,,,,,
329.jpg,7,4,,,,,
329.jpg,8,7,,,,,
329.jpg,9,9,,,,,
329.jpg,ALL,N/A,,,N/A,summary,N/A
1944.jpg,1,63,,খুলনা,খুলনা,word,82.58
1944.jpg,2,10,,মেট্রো,মেট্রো,word,91.20
1944.jpg,3,19,,,,,
1944.jpg,4,0,,,,,
1944.jpg,5,5,৫,,৫,number,45.70
1944.jpg,6,0,,,,,
1944.jpg,7,0,০,,০,number,25.60
1944.jpg,8,0,,,,,
1944.jpg,9,4,,,,,
1944.jpg,ALL,N/A,৫,খুলনা,খুলনা ৫,summary,N/A
2131.jpg,1,49,,ঢাকা,ঢাকা,word,90.63
2131.jpg,2,10,,মেট্রো,মেট্রো,word,90.69
2131.jpg,3,18,,,,,
2131.jpg,4,1,,,,,
2131.jpg,5,2,,,,,
2131.jpg,6,7,৭,,৭,number,74.61
2131.jpg,7,3,,,,,
2131.jpg,8,3,,,,,
2131.jpg,9,3,,,,,
2131.jpg,ALL,N/A,৭,ঢাকা,ঢাকা ৭,summary,N/A
809.jpg,1,39,,বরিশাল,বরিশাল,word,74.59
809.jpg,2,10,,মেট্রো,মেট্রো,word,97.14
809.jpg,3,20,,,,,
809.jpg,4,1,,,,,
809.jpg,5,1,১,,১,number,96.24
809.jpg,6,1,,,,,
809.jpg,7,3,,,,,
809.jpg,8,3,,,,,
809.jpg,9,2,২,,২,number,41.84
809.jpg,ALL,N/A,১,বরিশাল,বরিশাল ১,summary,N/A
40.jpeg,1,49,,,,,
40.jpeg,2,10,,,,,
40.jpeg,3,31,,,,,
40.jpeg,4,1,,,,,
40.jpeg,5,5,,,,,
40.jpeg,6,5,,,,,
40.jpeg,7,5,,,,,
40.jpeg,8,4,,,,,
40.jpeg,9,3,,,,,
40.jpeg,ALL,N/A,,,N/A,summary,N/A
996.jpg,1,54,,,,,
996.jpg,2,25,,,,,
996.jpg,3,1,,,,,
996.jpg,4,1,১,,১,number,99.76
996.jpg,5,2,,,,,
996.jpg,6,6,,,,,
996.jpg,7,7,৭,,৭,number,37.25
996.jpg,8,3,,,,,
996.jpg,ALL,N/A,১,,১,summary,N/A
2530.jpg,1,53,,গাইবান্ধা,গাইবান্ধা,word,96.35
2530.jpg,2,20,,,,,
2530.jpg,3,1,১১,,১১,number,51.38
2530.jpg,4,2,,,,,
2530.jpg,5,8,,,,,
2530.jpg,6,2,,,,,
2530.jpg,7,1,,,,,
2530.jpg,8,1,,,,,
2530.jpg,ALL,N/A,১১,গাইবান্ধা,গাইবান্ধা ১১,summary,N/A
848.jpg,1,87,,,,,
848.jpg,2,10,,মেট্রো,মেট্রো,word,60.83
848.jpg,3,29,,,,,
848.jpg,4,1,১,,১,number,99.98
848.jpg,5,1,১,,১,number,100.00
848.jpg,6,0,,,,,
848.jpg,7,0,,,,,
848.jpg,8,0,,,,,
848.jpg,9,5,৫,,৫,number,84.88
848.jpg,ALL,N/A,১,মেট্রো,মেট্রো ১,summary,N/A
2479.jpg,1,41,,,,,
2479.jpg,2,25,,,,,
2479.jpg,3,1,,,,,
2479.jpg,4,1,,,,,
2479.jpg,5,3,,,,,
2479.jpg,6,1,,,,,
2479.jpg,7,4,,,,,
2479.jpg,8,2,,,,,
2479.jpg,ALL,N/A,,,N/A,summary,N/A
1403.jpg,1,59,,ঝালকাঠি,ঝালকাঠি,word,99.41
1403.jpg,2,27,,,,,
1403.jpg,3,2,,,,,
1403.jpg,4,4,,,,,
1403.jpg,5,6,৬,,৬,number,90.85
1403.jpg,6,8,,,,,
1403.jpg,7,0,,,,,
1403.jpg,8,1,৬১,,৬১,number,6.22
1403.jpg,ALL,N/A,৬,ঝালকাঠি,ঝালকাঠি ৬,summary,N/A
644.jpg,1,81,,নীলফামারী,নীলফামারী,word,69.87
644.jpg,2,23,,,,,
644.jpg,3,1,,,,,
644.jpg,4,2,১,,১,number,95.02
644.jpg,5,3,,,,,
644.jpg,6,4,,,,,
644.jpg,7,5,,,,,
644.jpg,8,6,,,,,
644.jpg,ALL,N/A,১,নীলফামারী,নীলফামারী ১,summary,N/A
965.jpg,1,52,,,,,
965.jpg,2,25,,,,,
965.jpg,3,1,,,,,
965.jpg,4,1,,,,,
965.jpg,5,0,,,,,
965.jpg,6,9,,,,,
965.jpg,7,7,,,,,
965.jpg,8,6,,,,,
965.jpg,ALL,N/A,,,N/A,summary,N/A
1025.jpg,1,56,,,,,
1025.jpg,2,25,,,,,
1025.jpg,3,1,১,,১,number,44.80
1025.jpg,4,1,,,,,
1025.jpg,5,1,১,,১,number,39.61
1025.jpg,6,0,,,,,
1025.jpg,7,0,,,,,
1025.jpg,8,8,,,,,
1025.jpg,ALL,N/A,১,,১,summary,N/A
2573.jpg,1,49,,ঢাকা,ঢাকা,word,89.94
2573.jpg,2,10,,মেট্রো,মেট্রো,word,80.33
2573.jpg,3,24,,,,,
2573.jpg,4,1,১,,১,number,100.00
2573.jpg,5,9,,,,,
2573.jpg,6,6,৬,,৬,number,100.00
2573.jpg,7,8,,,,,
2573.jpg,8,2,১,,১,number,99.07
2573.jpg,9,1,১,,১,number,99.99
2573.jpg,ALL,N/A,১,ঢাকা,ঢাকা ১,summary,N/A
425.jpg,1,45,,,,,
425.jpg,2,33,,,,,
425.jpg,3,9,,,,,
425.jpg,4,0,,,,,
425.jpg,5,1,,,,,
425.jpg,6,2,,,,,
425.jpg,7,3,,,,,
425.jpg,8,4,,,,,
425.jpg,ALL,N/A,,,N/A,summary,N/A
2651.jpg,1,73,,,,,
2651.jpg,2,33,,,,,
2651.jpg,3,1,,,,,
2651.jpg,4,2,১,,১,number,98.29
2651.jpg,5,8,,,,,
2651.jpg,6,0,,,,,
2651.jpg,7,5,,,,,
2651.jpg,8,4,০,,০,number,38.82
2651.jpg,ALL,N/A,১,,১,summary,N/A
577.jpg,1,53,,,,,
577.jpg,2,19,,,,,
577.jpg,3,8,,,,,
577.jpg,4,9,,,,,
577.jpg,5,0,,,,,
577.jpg,6,1,,,,,
577.jpg,7,2,,,,,
577.jpg,8,3,,,,,
577.jpg,ALL,N/A,,,N/A,summary,N/A
2124.jpg,1,49,,ঢাকা,ঢাকা,word,74.99
2124.jpg,2,10,,,,,
2124.jpg,3,18,,,,,
2124.jpg,4,4,,,,,
2124.jpg,5,5,৫,,৫,number,90.64
2124.jpg,6,2,২,,২,number,9.72
2124.jpg,7,1,,,,,
2124.jpg,8,9,,,,,
2124.jpg,9,0,,,,,
2124.jpg,ALL,N/A,৫,ঢাকা,ঢাকা ৫,summary,N/A
986.jpg,1,52,,,,,
986.jpg,2,25,,,,,
986.jpg,3,1,,,,,
986.jpg,4,1,,,,,
986.jpg,5,3,,,,,
986.jpg,6,7,,,,,
986.jpg,7,9,,,,,
986.jpg,8,0,,,,,
986.jpg,ALL,N/A,,,N/A,summary,N/A
2184.jpg,1,49,,ঢাকা,ঢাকা,word,81.64
2184.jpg,2,10,,,,,
2184.jpg,3,19,,,,,
2184.jpg,4,1,,,,,
2184.jpg,5,7,৭,,৭,number,41.32
2184.jpg,6,0,,,,,
2184.jpg,7,8,৮,,৮,number,100.00
2184.jpg,8,0,,,,,
2184.jpg,9,2,,,,,
2184.jpg,ALL,N/A,৭,ঢাকা,ঢাকা ৭,summary,N/A
842.jpg,1,39,,বরিশাল,বরিশাল,word,95.53
842.jpg,2,10,,মেট্রো,মেট্রো,word,68.80
842.jpg,3,20,,,,,
842.jpg,4,1,,,,,
842.jpg,5,2,২১,,২১,number,10.53
842.jpg,6,3,,,,,
842.jpg,7,6,৬,,৬,number,100.00
842.jpg,8,4,,,,,
842.jpg,9,9,,,,,
842.jpg,ALL,N/A,২১,বরিশাল,বরিশাল ২১,summary,N/A
1197.jpg,1,69,,,,,
1197.jpg,2,14,,,,,
1197.jpg,3,2,,,,,
1197.jpg,4,4,,,,,
1197.jpg,5,6,,,,,
1197.jpg,6,8,,,,,
1197.jpg,7,0,,,,,
1197.jpg,8,1,,,,,
1197.jpg,ALL,N/A,,,N/A,summary,N/A
2363.jpg,1,49,,ঢাকা,ঢাকা,word,85.21
2363.jpg,2,10,,মেট্রো,মেট্রো,word,84.96
2363.jpg,3,18,,,,,
2363.jpg,4,1,,,,,
2363.jpg,5,7,৭,,৭,number,66.95
2363.jpg,6,1,১,,১,number,50.66
2363.jpg,7,1,১,,১,number,99.98
2363.jpg,8,3,,,,,
2363.jpg,9,3,,,,,
2363.jpg,ALL,N/A,১,ঢাকা,ঢাকা ১,summary,N/A
783.jpg,1,82,,নোয়াখালী,নোয়াখালী,word,89.10
783.jpg,2,25,,,,,
783.jpg,3,1,১,,১,number,100.00
783.jpg,4,1,১,,১,number,99.99
783.jpg,5,1,১,,১,number,99.98
783.jpg,6,0,,,,,
783.jpg,7,8,৮,,৮,number,75.57
783.jpg,8,5,,,,,
783.jpg,ALL,N/A,১,নোয়াখালী,নোয়াখালী ১,summary,N/A
1622.jpg,1,62,,,,,
1622.jpg,2,20,,,,,
1622.jpg,3,1,১,,১,number,100.00
1622.jpg,4,1,১,,১,number,100.00
1622.jpg,5,1,১,,১,number,100.00
1622.jpg,6,3,,,,,
1622.jpg,7,3,৩,,৩,number,98.07
1622.jpg,8,6,৬,,৬,number,99.97
1622.jpg,ALL,N/A,১,,১,summary,N/A
1942.jpg,1,49,,,,,
1942.jpg,2,13,,,,,
1942.jpg,3,5,৫,,৫,number,69.61
1942.jpg,4,1,,,,,
1942.jpg,5,0,,,,,
1942.jpg,6,0,,,,,
1942.jpg,7,3,,,,,
1942.jpg,8,3,,,,,
1942.jpg,ALL,N/A,৫,,৫,summary,N/A
1620.jpg,1,62,,,,,
1620.jpg,2,20,,,,,
1620.jpg,3,1,১,,১,number,96.54
1620.jpg,4,1,১,,১,number,34.59
1620.jpg,5,4,,,,,
1620.jpg,6,4,,,,,
1620.jpg,7,2,,,,,
1620.jpg,8,5,৫,,৫,number,99.45
1620.jpg,ALL,N/A,১,,১,summary,N/A
1911.jpg,1,44,,,,,
1911.jpg,2,10,,মেট্রো,মেট্রো,word,87.73
1911.jpg,3,27,,,,,
1911.jpg,4,1,,,,,
1911.jpg,5,1,,,,,
1911.jpg,6,7,,,,,
1911.jpg,7,6,,,,,
1911.jpg,8,0,,,,,
1911.jpg,9,2,,,,,
1911.jpg,ALL,N/A,,মেট্রো,মেট্রো,summary,N/A
1009.jpg,1,56,,হবিগঞ্জ,হবিগঞ্জ,word,62.00
1009.jpg,2,20,,,,,
1009.jpg,3,1,,,,,
1009.jpg,4,1,,,,,
1009.jpg,5,3,,,,,
1009.jpg,6,3,৩,,৩,number,99.98
1009.jpg,7,3,৩,,৩,number,54.46
1009.jpg,8,2,,,,,
1009.jpg,ALL,N/A,৩,হবিগঞ্জ,হবিগঞ্জ ৩,summary,N/A
1422.jpg,1,69,২১,মাদারীপুর,মাদারীপুর,word,72.78
1422.jpg,2,25,,,,,
1422.jpg,3,1,১,,১,number,99.99
1422.jpg,4,1,১,,১,number,99.95
1422.jpg,5,1,,,,,
1422.jpg,6,3,,,,,
1422.jpg,7,9,,,,,
1422.jpg,8,7,,,,,
1422.jpg,ALL,N/A,১,মাদারীপুর,মাদারীপুর ১,summary,N/A
1015.jpg,1,56,,,,,
1015.jpg,2,20,,,,,
1015.jpg,3,1,১,,১,number,93.85
1015.jpg,4,1,১,,১,number,38.49
1015.jpg,5,1,১১,,১১,number,66.86
1015.jpg,6,7,,,,,
1015.jpg,7,2,,,,,
1015.jpg,8,0,,,,,
1015.jpg,ALL,N/A,১,,১,summary,N/A
990.jpg,1,54,,গাজীপুর,গাজীপুর,word,81.61
990.jpg,2,20,,,,,
990.jpg,3,1,১,,১,number,100.00
990.jpg,4,1,১,,১,number,100.00
990.jpg,5,2,২,,২,number,99.06
990.jpg,6,8,,,,,
990.jpg,7,1,,,,,
990.jpg,8,1,,,,,
990.jpg,ALL,N/A,১,গাজীপুর,গাজীপুর ১,summary,N/A
1711.jpg,1,94,,শেরপুর,শেরপুর,word,99.40
1711.jpg,2,25,,,,,
1711.jpg,3,3,,,,,
1711.jpg,4,4,,,,,
1711.jpg,5,7,,,,,
1711.jpg,6,8,৮,,৮,number,81.71
1711.jpg,7,9,,,,,
1711.jpg,8,0,,,,,
1711.jpg,ALL,N/A,৮,শেরপুর,শেরপুর ৮,summary,N/A
134.jpeg,1,98,,,,,
134.jpeg,2,25,,,,,
134.jpeg,3,1,,,,,
134.jpeg,4,1,,,,,
134.jpeg,5,1,,,,,
134.jpeg,6,8,,,,,
134.jpeg,7,5,,,,,
134.jpeg,8,5,,,,,
134.jpeg,ALL,N/A,,,N/A,summary,N/A
60.jpg,1,49,,ঢাকা,ঢাকা,word,79.08
60.jpg,2,10,,,,,
60.jpg,3,18,,,,,
60.jpg,4,3,,,,,
60.jpg,5,2,,,,,
60.jpg,6,1,,,,,
60.jpg,7,8,,,,,
60.jpg,8,3,,,,,
60.jpg,9,6,,,,,
60.jpg,ALL,N/A,,ঢাকা,ঢাকা,summary,N/A
1893.jpg,1,49,,,,,
1893.jpg,2,10,,মেট্রো,মেট্রো,word,73.59
1893.jpg,3,18,,,,,
1893.jpg,4,3,,,,,
1893.jpg,5,3,,,,,
1893.jpg,6,5,৫,,৫,number,88.36
1893.jpg,7,8,,,,,
1893.jpg,8,0,,,,,
1893.jpg,9,7,৭,,৭,number,98.20
1893.jpg,ALL,N/A,৫,মেট্রো,মেট্রো ৫,summary,N/A
1198.jpg,1,69,,মাদারীপুর,মাদারীপুর,word,87.79
1198.jpg,2,14,,,,,
1198.jpg,3,2,২,,২,number,99.92
1198.jpg,4,3,,,,,
1198.jpg,5,4,,,,,
1198.jpg,6,5,,,,,
1198.jpg,7,6,,,,,
1198.jpg,8,7,,,,,
1198.jpg,ALL,N/A,২,মাদারীপুর,মাদারীপুর ২,summary,N/A
1821.jpg,1,49,,,,,
1821.jpg,2,10,,,,,
1821.jpg,3,20,,,,,
1821.jpg,4,3,,,,,
1821.jpg,5,9,,,,,
1821.jpg,6,5,,,,,
1821.jpg,7,3,,,,,
1821.jpg,8,4,,,,,
1821.jpg,9,3,,,,,
1821.jpg,ALL,N/A,,,N/A,summary,N/A
1436.jpg,1,59,,ঝালকাঠি,ঝালকাঠি,word,99.09
1436.jpg,2,20,,,,,
1436.jpg,3,1,১,,১,number,100.00
1436.jpg,4,1,১,,১,number,100.00
1436.jpg,5,3,,,,,
1436.jpg,6,7,,,,,
1436.jpg,7,8,,,,,
1436.jpg,8,7,,,,,
1436.jpg,ALL,N/A,১,ঝালকাঠি,ঝালকাঠি ১,summary,N/A
1794.jpg,1,49,,ঢাকা,ঢাকা,word,81.21
1794.jpg,2,10,,মেট্রো,মেট্রো,word,80.08
1794.jpg,3,18,,,,,
1794.jpg,4,2,,,,,
1794.jpg,5,5,৫,,৫,number,91.40
1794.jpg,6,6,৬,,৬,number,95.08
1794.jpg,7,6,৬,,৬,number,100.00
1794.jpg,8,3,,,,,
1794.jpg,9,7,৭,,৭,number,54.79
1794.jpg,ALL,N/A,৬,ঢাকা,ঢাকা ৬,summary,N/A
2023.jpg,1,49,,,,,
2023.jpg,2,10,,,,,
2023.jpg,3,18,,,,,
2023.jpg,4,2,,,,,
2023.jpg,5,5,৫,,৫,number,99.54
2023.jpg,6,5,৫,,৫,number,98.68
2023.jpg,7,2,,,,,
2023.jpg,8,0,,,,,
2023.jpg,9,6,,,,,
2023.jpg,ALL,N/A,৫,,৫,summary,N/A
310.jpg,1,49,,ঢাকা,ঢাকা,word,89.65
310.jpg,2,10,,মেট্রো,মেট্রো,word,61.81
310.jpg,3,18,,,,,
310.jpg,4,2,,,,,
310.jpg,5,5,,,,,
310.jpg,6,8,,,,,
310.jpg,7,8,,,,,
310.jpg,8,0,,,,,
310.jpg,9,0,,,,,
310.jpg,ALL,N/A,,ঢাকা,ঢাকা,summary,N/A
2031.jpg,1,49,,,,,
2031.jpg,2,10,,,,,
2031.jpg,3,18,,,,,
2031.jpg,4,1,,,,,
2031.jpg,5,5,,,,,
2031.jpg,6,0,,,,,
2031.jpg,7,1,,,,,
2031.jpg,8,7,৭,,৭,number,92.44
2031.jpg,9,3,,,,,
2031.jpg,ALL,N/A,৭,,৭,summary,N/A
954.jpg,1,98,,,,,
954.jpg,2,20,,,,,
954.jpg,3,1,,,,,
954.jpg,4,3,,,,,
954.jpg,5,5,,,,,
954.jpg,6,7,,,,,
954.jpg,7,6,৬,,৬,number,100.00
954.jpg,8,2,,,,,
954.jpg,ALL,N/A,৬,,৬,summary,N/A
81.jpg,1,49,,,,,
81.jpg,2,10,,,,,
81.jpg,3,31,,,,,
81.jpg,4,1,,,,,
81.jpg,5,8,৩,,৩,number,14.67
81.jpg,6,7,,,,,
81.jpg,7,7,,,,,
81.jpg,8,9,,,,,
81.jpg,9,4,,,,,
81.jpg,ALL,N/A,৩,,৩,summary,N/A
1815.jpg,1,91,,রংপুর,রংপুর,word,98.96
1815.jpg,2,20,,,,,
1815.jpg,3,1,১,,১,number,100.00
1815.jpg,4,4,,,,,
1815.jpg,5,4,,,,,
1815.jpg,6,9,৯,,৯,number,43.92
1815.jpg,7,2,২,,২,number,99.96
1815.jpg,8,4,,,,,
1815.jpg,ALL,N/A,১,রংপুর,রংপুর ১,summary,N/A
1433.jpg,1,71,,মানিকগঞ্জ,মানিকগঞ্জ,word,96.85
1433.jpg,2,25,,,,,
1433.jpg,3,1,,,,,
1433.jpg,4,1,,,,,
1433.jpg,5,0,,,,,
1433.jpg,6,5,,,,,
1433.jpg,7,5,,,,,
1433.jpg,8,5,,,,,
1433.jpg,ALL,N/A,,মানিকগঞ্জ,মানিকগঞ্জ,summary,N/A
2425.jpg,1,49,,ঢাকা,ঢাকা,word,80.19
2425.jpg,2,10,,,,,
2425.jpg,3,19,,,,,
2425.jpg,4,1,,,,,
2425.jpg,5,7,৭,,৭,number,40.02
2425.jpg,6,3,,,,,
2425.jpg,7,2,,,,,
2425.jpg,8,3,,,,,
2425.jpg,9,3,,,,,
2425.jpg,ALL,N/A,৭,ঢাকা,ঢাকা ৭,summary,N/A
511.jpg,1,42,,,,,
511.jpg,2,34,,,,,
511.jpg,3,3,,,,,
511.jpg,4,4,,,,,
511.jpg,5,5,,,,,
511.jpg,6,6,,,,,
511.jpg,7,7,,,,,
511.jpg,8,8,,,,,
511.jpg,ALL,N/A,,,N/A,summary,N/A
200.jpeg,1,79,,নাটোর,নাটোর,word,75.58
200.jpeg,2,20,,,,,
200.jpeg,3,1,,,,,
200.jpeg,4,3,,,,,
200.jpeg,5,2,,,,,
200.jpeg,6,3,,,,,
200.jpeg,7,4,,,,,
200.jpeg,8,6,,,,,
200.jpeg,ALL,N/A,,নাটোর,নাটোর,summary,N/A
2127.jpg,1,49,,,,,
2127.jpg,2,10,,মেট্রো,মেট্রো,word,90.09
2127.jpg,3,19,,,,,
2127.jpg,4,1,,,,,
2127.jpg,5,8,৮,,৮,number,21.22
2127.jpg,6,0,,,,,
2127.jpg,7,7,,,,,
2127.jpg,8,0,,,,,
2127.jpg,9,9,,,,,
2127.jpg,ALL,N/A,৮,মেট্রো,মেট্রো ৮,summary,N/A
1305.jpg,1,78,,নরসিংদী,নরসিংদী,word,86.15
1305.jpg,2,30,,,,,
1305.jpg,3,0,,,,,
1305.jpg,4,1,,,,,
1305.jpg,5,3,,,,,
1305.jpg,6,4,,,,,
1305.jpg,7,5,,,,,
1305.jpg,8,6,৬,,৬,number,100.00
1305.jpg,ALL,N/A,৬,নরসিংদী,নরসিংদী ৬,summary,N/A
2594.jpg,1,81,,নীলফামারী,নীলফামারী,word,65.62
2594.jpg,2,20,,,,,
2594.jpg,3,1,১,,১,number,98.10
2594.jpg,4,1,,,,,
2594.jpg,5,3,,,,,
2594.jpg,6,0,,,,,
2594.jpg,7,0,,,,,
2594.jpg,8,6,,,,,
2594.jpg,ALL,N/A,১,নীলফামারী,নীলফামারী ১,summary,N/A
1995.jpg,1,49,,ঢাকা,ঢাকা,word,87.98
1995.jpg,2,10,,,,,
1995.jpg,3,27,,,,,
1995.jpg,4,1,,,,,
1995.jpg,5,6,,,,,
1995.jpg,6,1,,,,,
1995.jpg,7,3,,,,,
1995.jpg,8,3,,,,,
1995.jpg,9,9,,,,,
1995.jpg,ALL,N/A,,ঢাকা,ঢাকা,summary,N/A
1232.jpg,1,71,,মানিকগঞ্জ,মানিকগঞ্জ,word,88.35
1232.jpg,2,17,,,,,
1232.jpg,3,5,,,,,
1232.jpg,4,6,৬,,৬,number,99.86
1232.jpg,5,7,,,,,
1232.jpg,6,8,,,,,
1232.jpg,7,1,,,,,
1232.jpg,8,0,,,,,
1232.jpg,ALL,N/A,৬,মানিকগঞ্জ,মানিকগঞ্জ ৬,summary,N/A
1596.jpg,1,96,,সুনামগঞ্জ,সুনামগঞ্জ,word,85.85
1596.jpg,2,20,,,,,
1596.jpg,3,1,১,,১,number,99.90
1596.jpg,4,1,১,,১,number,99.91
1596.jpg,ALL,N/A,১,সুনামগঞ্জ,সুনামগঞ্জ ১,summary,N/A
364.jpg,1,49,,,,,
364.jpg,2,10,,,,,
364.jpg,3,12,,,,,
364.jpg,4,9,,,,,
364.jpg,5,7,,,,,
364.jpg,6,1,,,,,
364.jpg,7,1,,,,,
364.jpg,8,1,,,,,
364.jpg,9,1,,,,,
364.jpg,ALL,N/A,,,N/A,summary,N/A
1948.jpg,1,49,,,,,
1948.jpg,2,10,০,,০,number,1.63
1948.jpg,3,31,,,,,
1948.jpg,4,1,,,,,
1948.jpg,5,6,৩,,৩,number,20.87
1948.jpg,6,4,,,,,
1948.jpg,7,1,,,,,
1948.jpg,8,2,,,,,
1948.jpg,9,6,,,,,
1948.jpg,ALL,N/A,০,,০,summary,N/A
1899.jpg,1,49,,ঢাকা,ঢাকা,word,92.55
1899.jpg,2,10,,মেট্রো,মেট্রো,word,70.94
1899.jpg,3,20,,,,,
1899.jpg,4,4,,,,,
1899.jpg,5,3,,,,,
1899.jpg,6,6,,,,,
1899.jpg,7,1,১,,১,number,64.69
1899.jpg,8,4,,,,,
1899.jpg,9,9,৯,,৯,number,25.55
1899.jpg,ALL,N/A,১,ঢাকা,ঢাকা ১,summary,N/A
225.jpg,1,49,,ঢাকা,ঢাকা,word,94.56
225.jpg,2,10,,,,,
225.jpg,3,18,,,,,
225.jpg,4,3,,,,,
225.jpg,5,3,৩,,৩,number,99.99
225.jpg,6,3,,,,,
225.jpg,7,7,,,,,
225.jpg,8,2,,,,,
225.jpg,9,2,,,,,
225.jpg,ALL,N/A,৩,ঢাকা,ঢাকা ৩,summary,N/A
2106.jpg,1,49,,,,,
2106.jpg,2,10,,,,,
2106.jpg,3,18,,,,,
2106.jpg,4,3,,,,,
2106.jpg,5,1,১,,১,number,99.96
2106.jpg,6,0,,,,,
2106.jpg,7,0,,,,,
2106.jpg,8,8,৮,,৮,number,99.99
2106.jpg,9,0,,,,,
2106.jpg,ALL,N/A,১,,১,summary,N/A
487.jpg,1,48,,কুমিল্লা,কুমিল্লা,word,79.42
487.jpg,2,13,,,,,
487.jpg,3,2,,,,,
487.jpg,4,4,,,,,
487.jpg,5,6,৬,,৬,number,99.73
487.jpg,6,8,৮,,৮,number,21.54
487.jpg,7,0,,,,,
487.jpg,8,1,৩,,৩,number,0.95
487.jpg,ALL,N/A,৬,কুমিল্লা,কুমিল্লা ৬,summary,N/A
818.jpg,1,85,,পটুয়াখালী,পটুয়াখালী,word,83.25
818.jpg,2,20,,,,,
818.jpg,3,1,,,,,
818.jpg,4,1,১,,১,number,99.92
818.jpg,5,4,,,,,
818.jpg,6,7,,,,,
818.jpg,7,5,,,,,
818.jpg,8,0,,,,,
818.jpg,ALL,N/A,১,পটুয়াখালী,পটুয়াখালী ১,summary,N/A
2148.jpg,1,49,,ঢাকা,ঢাকা,word,98.64
2148.jpg,2,10,,মেট্রো,মেট্রো,word,94.72
2148.jpg,3,18,,,,,
2148.jpg,4,3,,,,,
2148.jpg,5,7,,,,,
2148.jpg,6,5,৫,,৫,number,99.91
2148.jpg,7,3,,,,,
2148.jpg,8,5,৫,,৫,number,100.00
2148.jpg,9,5,,,,,
2148.jpg,ALL,N/A,৫,ঢাকা,ঢাকা ৫,summary,N/A
866.jpg,1,87,,,,,
866.jpg,2,10,,মেট্রো,মেট্রো,word,83.98
866.jpg,3,25,,,,,
866.jpg,4,1,১,,১,number,99.99
866.jpg,5,1,১,,১,number,41.31
866.jpg,6,5,৫,,৫,number,53.59
866.jpg,7,6,৬,,৬,number,39.34
866.jpg,8,9,,,,,
866.jpg,9,2,২,,২,number,98.46
866.jpg,ALL,N/A,১,মেট্রো,মেট্রো ১,summary,N/A
896.jpg,1,91,,রংপুর,রংপুর,word,69.72
896.jpg,2,25,,,,,
896.jpg,3,1,,,,,
896.jpg,4,1,১,,১,number,66.92
896.jpg,5,1,১,,১,number,99.88
896.jpg,6,1,১,,১,number,61.08
896.jpg,7,5,৫,,৫,number,89.21
896.jpg,8,0,,,,,
896.jpg,ALL,N/A,১,রংপুর,রংপুর ১,summary,N/A
1276.jpg,1,74,,ময়মনসিংহ,ময়মনসিংহ,word,93.79
1276.jpg,2,34,,,,,
1276.jpg,3,5,,,,,
1276.jpg,4,6,৬,,৬,number,99.78
1276.jpg,5,7,,,,,
1276.jpg,6,8,,,,,
1276.jpg,7,1,,,,,
1276.jpg,8,0,,,,,
1276.jpg,ALL,N/A,৬,ময়মনসিংহ,ময়মনসিংহ ৬,summary,N/A
788.jpg,1,39,,বরিশাল,বরিশাল,word,97.42
788.jpg,2,10,,মেট্রো,মেট্রো,word,91.06
788.jpg,3,25,,,,,
788.jpg,4,1,,,,,
788.jpg,5,1,,,,,
788.jpg,6,1,,,,,
788.jpg,7,1,১,,১,number,89.52
788.jpg,8,1,,,,,
788.jpg,9,8,৮,,৮,number,99.04
788.jpg,ALL,N/A,১,বরিশাল,বরিশাল ১,summary,N/A
1722.jpg,1,95,,সিরাজগঞ্জ,সিরাজগঞ্জ,word,92.84
1722.jpg,2,22,,,,,
1722.jpg,3,9,,,,,
1722.jpg,4,1,,,,,
1722.jpg,5,1,,,,,
1722.jpg,6,0,,,,,
1722.jpg,7,2,,,,,
1722.jpg,8,9,,,,,
1722.jpg,ALL,N/A,,সিরাজগঞ্জ,সিরাজগঞ্জ,summary,N/A
274.jpg,1,44,,,,,
274.jpg,2,10,,মেট্রো,মেট্রো,word,82.54
274.jpg,3,12,,,,,
274.jpg,4,0,,,,,
274.jpg,5,2,,,,,
274.jpg,6,1,,,,,
274.jpg,7,2,,,,,
274.jpg,8,5,,,,,
274.jpg,9,7,,,,,
274.jpg,ALL,N/A,,মেট্রো,মেট্রো,summary,N/A
661.jpg,1,43,,,,,
661.jpg,2,15,৬,,৬,number,100.00
661.jpg,3,3,,,,,
661.jpg,4,4,,,,,
661.jpg,5,5,,,,,
661.jpg,6,6,,,,,
661.jpg,7,7,৭,,৭,number,82.76
661.jpg,8,8,৮,,৮,number,25.67
661.jpg,ALL,N/A,৬,,৬,summary,N/A
648.jpg,1,82,,,,,
648.jpg,2,22,,,,,
648.jpg,3,3,,,,,
648.jpg,4,4,৪,,৪,number,13.02
648.jpg,5,5,,,,,
648.jpg,6,6,,,,,
648.jpg,7,7,,,,,
648.jpg,8,8,,,,,
648.jpg,ALL,N/A,৪,,৪,summary,N/A
1953.jpg,1,63,,,,,
1953.jpg,2,10,,মেট্রো,মেট্রো,word,66.08
1953.jpg,3,27,,,,,
1953.jpg,4,1,,,,,
1953.jpg,5,1,১,,১,number,21.53
1953.jpg,6,0,,,,,
1953.jpg,7,6,,,,,
1953.jpg,8,3,,,,,
1953.jpg,9,5,,,,,
1953.jpg,ALL,N/A,১,মেট্রো,মেট্রো ১,summary,N/A
2035.jpg,1,49,,ঢাকা,ঢাকা,word,80.30
2035.jpg,2,10,,মেট্রো,মেট্রো,word,82.71
2035.jpg,3,19,,,,,
2035.jpg,4,1,১,,১,number,90.08
2035.jpg,5,8,,,,,
2035.jpg,6,5,৫,,৫,number,10.66
2035.jpg,7,0,,,,,
2035.jpg,8,3,,,,,
2035.jpg,9,1,১,,১,number,98.39
2035.jpg,ALL,N/A,১,ঢাকা,ঢাকা ১,summary,N/A
570.jpg,1,52,,,,,
570.jpg,2,18,,,,,
570.jpg,3,3,,,,,
570.jpg,4,4,,,,,
570.jpg,5,5,,,,,
570.jpg,6,6,৬,,৬,number,13.22
570.jpg,7,7,,,,,
570.jpg,8,8,৩,,৩,number,18.74
570.jpg,ALL,N/A,৬,,৬,summary,N/A
1540.jpg,1,92,,,,,
1540.jpg,2,20,,,,,
1540.jpg,3,1,,,,,
1540.jpg,4,4,,,,,
1540.jpg,5,3,৩,,৩,number,80.18
1540.jpg,6,3,৩,,৩,number,99.65
1540.jpg,7,8,৮,,৮,number,95.97
1540.jpg,8,5,,,,,
1540.jpg,ALL,N/A,৩,,৩,summary,N/A
1093.jpg,1,61,,জয়পুরহাট,জয়পুরহাট,word,80.79
1093.jpg,2,29,,,,,
1093.jpg,3,5,,,,,
1093.jpg,4,6,৬,,৬,number,99.68
1093.jpg,5,7,,,,,
1093.jpg,6,8,৮,,৮,number,99.06
1093.jpg,7,0,,,,,
1093.jpg,8,1,,,,,
1093.jpg,ALL,N/A,৬,জয়পুরহাট,জয়পুরহাট ৬,summary,N/A
1194.jpg,1,68,,লালমনিরহাট,লালমনিরহাট,word,98.92
1194.jpg,2,25,,,,,
1194.jpg,3,1,১,,১,number,99.08
1194.jpg,4,1,১,,১,number,93.59
1194.jpg,5,1,১,,১,number,99.99
1194.jpg,6,1,১,,১,number,99.94
1194.jpg,7,0,,,,,
1194.jpg,8,6,৬,,৬,number,100.00
1194.jpg,ALL,N/A,১,লালমনিরহাট,লালমনিরহাট ১,summary,N/A
2664.jpg,1,44,,,,,
2664.jpg,2,10,,,,,
2664.jpg,3,20,,,,,
2664.jpg,4,1,,,,,
2664.jpg,5,8,,,,,
2664.jpg,6,5,,,,,
2664.jpg,7,3,,,,,
2664.jpg,8,3,,,,,
2664.jpg,9,6,,,,,
2664.jpg,ALL,N/A,,,N/A,summary,N/A
1909.jpg,1,39,,,,,
1909.jpg,2,10,৫,,৫,number,27.24
1909.jpg,3,20,,,,,
1909.jpg,4,1,১,,১,number,72.68
1909.jpg,5,2,,,,,
1909.jpg,6,4,,,,,
1909.jpg,7,3,,,,,
1909.jpg,8,1,,,,,
1909.jpg,9,0,,,,,
1909.jpg,ALL,N/A,৫,,৫,summary,N/A
2476.jpg,1,58,,যশোর,যশোর,word,99.69
2476.jpg,2,20,,,,,
2476.jpg,3,1,১,,১,number,99.99
2476.jpg,4,4,,,,,
2476.jpg,5,2,,,,,
2476.jpg,6,4,,,,,
2476.jpg,7,3,,,,,
2476.jpg,8,3,,,,,
2476.jpg,ALL,N/A,১,যশোর,যশোর ১,summary,N/A
338.jpg,1,49,,ঢাকা,ঢাকা,word,85.85
338.jpg,2,10,,,,,
338.jpg,3,18,,,,,
338.jpg,4,2,,,,,
338.jpg,5,1,,,,,
338.jpg,6,7,,,,,
338.jpg,7,3,,,,,
338.jpg,8,4,,,,,
338.jpg,9,2,,,,,
338.jpg,ALL,N/A,,ঢাকা,ঢাকা,summary,N/A
2296.jpg,1,49,,,,,
2296.jpg,2,10,,,,,
2296.jpg,3,22,,,,,
2296.jpg,4,1,১,,১,number,43.00
2296.jpg,5,1,,,,,
2296.jpg,6,1,,,,,
2296.jpg,7,1,,,,,
2296.jpg,8,6,,,,,
2296.jpg,9,0,,,,,
2296.jpg,ALL,N/A,১,,১,summary,N/A
2299.jpg,1,49,,ঢাকা,ঢাকা,word,84.18
2299.jpg,2,10,,মেট্রো,মেট্রো,word,69.22
2299.jpg,3,22,,,,,
2299.jpg,4,1,,,,,
2299.jpg,5,1,১,,১,number,99.95
2299.jpg,6,1,,,,,
2299.jpg,7,2,,,,,
2299.jpg,8,7,,,,,
2299.jpg,9,9,,,,,
2299.jpg,ALL,N/A,১,ঢাকা,ঢাকা ১,summary,N/A
2256.jpg,1,83,,,,,
2256.jpg,2,31,,,,,
2256.jpg,3,1,,,,,
2256.jpg,4,1,,,,,
2256.jpg,5,0,,,,,
2256.jpg,6,4,,,,,
2256.jpg,7,0,,,,,
2256.jpg,8,6,,,,,
2256.jpg,ALL,N/A,,,N/A,summary,N/A
2372.jpg,1,49,,,,,
2372.jpg,2,10,,,,,
2372.jpg,3,13,,,,,
2372.jpg,4,1,,,,,
2372.jpg,5,3,,,,,
2372.jpg,6,7,,,,,
2372.jpg,7,0,,,,,
2372.jpg,8,1,১,,১,number,100.00
2372.jpg,9,0,,,,,
2372.jpg,ALL,N/A,১,,১,summary,N/A
88.jpeg,1,39,,বরিশাল,বরিশাল,word,73.10
88.jpeg,2,25,,,,,
88.jpeg,3,1,,,,,
88.jpeg,4,1,,,,,
88.jpeg,5,1,,,,,
88.jpeg,6,3,,,,,
88.jpeg,7,7,,,,,
88.jpeg,8,8,৮,,৮,number,41.79
88.jpeg,ALL,N/A,৮,বরিশাল,বরিশাল ৮,summary,N/A
2642.jpg,1,43,,,,,
2642.jpg,2,25,,,,,
2642.jpg,3,3,,,,,
2642.jpg,4,7,,,,,
2642.jpg,5,5,৫,,৫,number,98.89
2642.jpg,6,4,৪,,৪,number,69.93
2642.jpg,7,1,১,,১,number,91.41
2642.jpg,8,1,১,,১,number,87.41
2642.jpg,ALL,N/A,১,,১,summary,N/A
1063.jpg,1,68,,,,,
1063.jpg,2,20,,,,,
1063.jpg,3,1,,,,,
1063.jpg,4,2,১,,১,number,45.96
1063.jpg,5,1,,,,,
1063.jpg,6,1,,,,,
1063.jpg,7,0,,,,,
1063.jpg,8,3,৩,,৩,number,98.91
1063.jpg,ALL,N/A,১,,১,summary,N/A
2383.jpg,1,49,,ঢাকা,ঢাকা,word,93.50
2383.jpg,2,10,,,,,
2383.jpg,3,13,৮,,৮,number,73.42
2383.jpg,4,1,১,,১,number,67.32
2383.jpg,5,3,,,,,
2383.jpg,6,7,৭,,৭,number,83.57
2383.jpg,7,0,,,,,
2383.jpg,8,1,১,,১,number,98.20
2383.jpg,9,0,,,,,
2383.jpg,ALL,N/A,১,ঢাকা,ঢাকা ১,summary,N/A
691.jpg,1,84,,,,,
691.jpg,2,20,,,,,
691.jpg,3,7,,,,,
691.jpg,4,8,,,,,
691.jpg,5,9,,,,,
691.jpg,6,0,,,,,
691.jpg,7,1,,,,,
691.jpg,8,2,,,,,
691.jpg,ALL,N/A,,,N/A,summary,N/A
2620.jpg,1,65,,,,,
2620.jpg,2,20,,,,,
2620.jpg,3,1,১,,১,number,95.53
2620.jpg,4,1,১,,১,number,82.79
2620.jpg,5,1,১,,১,number,98.78
2620.jpg,6,1,১,,১,number,99.99
2620.jpg,7,3,,,,,
2620.jpg,8,7,,,,,
2620.jpg,ALL,N/A,১,,১,summary,N/A
2146.jpg,1,49,৮,,৮,number,16.37
2146.jpg,2,10,,মেট্রো,মেট্রো,word,79.16
2146.jpg,3,18,,,,,
2146.jpg,4,3,,,,,
2146.jpg,5,4,,,,,
2146.jpg,6,5,,,,,
2146.jpg,7,0,,,,,
2146.jpg,8,3,,,,,
2146.jpg,9,5,,,,,
2146.jpg,ALL,N/A,৮,মেট্রো,মেট্রো ৮,summary,N/A
77.jpg,1,63,,খুলনা,খুলনা,word,99.98
77.jpg,2,10,,মেট্রো,মেট্রো,word,99.87
77.jpg,3,27,,,,,
77.jpg,4,1,,,,,
77.jpg,5,1,১,,১,number,73.10
77.jpg,6,0,,,,,
77.jpg,7,0,,,,,
77.jpg,8,8,৮,,৮,number,17.90
77.jpg,9,3,,,,,
77.jpg,ALL,N/A,১,খুলনা,খুলনা ১,summary,N/A
2203.jpg,1,49,,,,,
2203.jpg,2,10,,,,,
2203.jpg,3,18,,,,,
2203.jpg,4,1,,,,,
2203.jpg,5,5,,,,,
2203.jpg,6,0,,,,,
2203.jpg,7,0,০,,০,number,67.16
2203.jpg,8,5,,,,,
2203.jpg,9,5,,,,,
2203.jpg,ALL,N/A,০,,০,summary,N/A
2655.jpg,1,47,,কক্সবাজার,কক্সবাজার,word,65.67
2655.jpg,2,20,,,,,
2655.jpg,3,1,১,,১,number,99.91
2655.jpg,4,1,১,,১,number,100.00
2655.jpg,5,7,,,,,
2655.jpg,6,9,৯,,৯,number,99.86
2655.jpg,7,0,,,,,
2655.jpg,8,5,,,,,
2655.jpg,ALL,N/A,১,কক্সবাজার,কক্সবাজার ১,summary,N/A
1298.jpg,1,77,,,,,
1298.jpg,2,31,,,,,
1298.jpg,3,0,,,,,
1298.jpg,4,1,১,,১,number,99.65
1298.jpg,5,1,১,,১,number,99.66
1298.jpg,6,8,৮,,৮,number,34.85
1298.jpg,7,9,,,,,
1298.jpg,8,9,,,,,
1298.jpg,ALL,N/A,১,,১,summary,N/A
2562.jpg,1,49,,,,,
2562.jpg,2,10,,,,,
2562.jpg,3,13,৮,,৮,number,21.17
2562.jpg,4,1,,,,,
2562.jpg,5,4,,,,,
2562.jpg,6,1,,,,,
2562.jpg,7,4,,,,,
2562.jpg,8,4,,,,,
2562.jpg,9,2,,,,,
2562.jpg,ALL,N/A,৮,,৮,summary,N/A
1349.jpg,1,89,,রাজশাহী,রাজশাহী,word,93.26
1349.jpg,2,20,,,,,
1349.jpg,3,1,১,,১,number,100.00
1349.jpg,4,4,,,,,
1349.jpg,5,3,৩,,৩,number,99.85
1349.jpg,6,2,২,,২,number,83.48
1349.jpg,7,9,,,,,
1349.jpg,8,0,,,,,
1349.jpg,ALL,N/A,১,রাজশাহী,রাজশাহী ১,summary,N/A
989.jpg,1,54,,,,,
989.jpg,2,25,,,,,
989.jpg,3,1,,,,,
989.jpg,4,1,,,,,
989.jpg,5,1,,,,,
989.jpg,6,2,,,,,
989.jpg,7,9,,,,,
989.jpg,8,8,,,,,
989.jpg,ALL,N/A,,,N/A,summary,N/A
592.jpg,1,55,,,,,
592.jpg,2,21,,,,,
592.jpg,3,1,,,,,
592.jpg,4,4,,,,,
592.jpg,5,7,,,,,
592.jpg,6,8,,,,,
592.jpg,7,9,,,,,
592.jpg,8,2,,,,,
592.jpg,ALL,N/A,,,N/A,summary,N/A
1462.jpg,1,74,,,,,
1462.jpg,2,20,,,,,
1462.jpg,3,1,,,,,
1462.jpg,4,4,,,,,
1462.jpg,5,4,,,,,
1462.jpg,6,8,৮,,৮,number,65.99
1462.jpg,7,3,,,,,
1462.jpg,8,0,,,,,
1462.jpg,ALL,N/A,৮,,৮,summary,N/A
402.jpg,1,42,,,,,
402.jpg,2,34,,,,,
402.jpg,3,5,,,,,
402.jpg,4,6,৬,,৬,number,100.00
402.jpg,5,7,৭,,৭,number,96.86
402.jpg,6,8,,,,,
402.jpg,7,9,,,,,
402.jpg,8,0,,,,,
402.jpg,ALL,N/A,৬,,৬,summary,N/A
240.jpg,1,49,,,,,
240.jpg,2,10,,,,,
240.jpg,3,19,,,,,
240.jpg,4,1,,,,,
240.jpg,5,7,,,,,
240.jpg,6,4,,,,,
240.jpg,7,6,,,,,
240.jpg,8,0,,,,,
240.jpg,9,7,,,,,
240.jpg,ALL,N/A,,,N/A,summary,N/A
1702.jpg,1,93,,শরীয়তপুর,শরীয়তপুর,word,84.58
1702.jpg,2,14,,,,,
1702.jpg,3,1,,,,,
1702.jpg,4,2,১,,১,number,99.45
1702.jpg,5,3,,,,,
1702.jpg,6,4,,,,,
1702.jpg,7,5,,,,,
1702.jpg,8,6,৬,,৬,number,87.53
1702.jpg,ALL,N/A,১,শরীয়তপুর,শরীয়তপুর ১,summary,N/A
748.jpg,1,58,,যশোর,যশোর,word,99.91
748.jpg,2,20,,,,,
748.jpg,3,1,,,,,
748.jpg,4,7,৭,,৭,number,35.06
748.jpg,5,6,,,,,
748.jpg,6,0,,,,,
748.jpg,7,3,,,,,
748.jpg,8,5,৫,,৫,number,65.94
748.jpg,ALL,N/A,৭,যশোর,যশোর ৭,summary,N/A
459.jpg,1,47,,কক্সবাজার,কক্সবাজার,word,87.96
459.jpg,2,12,,,,,
459.jpg,3,2,,,,,
459.jpg,4,4,,,,,
459.jpg,5,6,,,,,
459.jpg,6,8,৮,,৮,number,83.43
459.jpg,7,0,,,,,
459.jpg,8,1,৬১,,৬১,number,19.38
459.jpg,ALL,N/A,৮,কক্সবাজার,কক্সবাজার ৮,summary,N/A
2145.jpg,1,49,,,,,
2145.jpg,2,10,,মেট্রো,মেট্রো,word,94.19
2145.jpg,3,19,,,,,
2145.jpg,4,1,,,,,
2145.jpg,5,8,৮,,৮,number,98.72
2145.jpg,6,0,,,,,
2145.jpg,7,7,,,,,
2145.jpg,8,0,,,,,
2145.jpg,9,9,,,,,
2145.jpg,ALL,N/A,৮,মেট্রো,মেট্রো ৮,summary,N/A
150.jpeg,1,49,,ঢাকা,ঢাকা,word,83.56
150.jpeg,2,10,,মেট্রো,মেট্রো,word,77.79
150.jpeg,3,20,,,,,
150.jpeg,4,5,,,,,
150.jpeg,5,3,,,,,
150.jpeg,6,3,,,,,
150.jpeg,7,6,,,,,
150.jpeg,8,8,,,,,
150.jpeg,9,9,,,,,
150.jpeg,ALL,N/A,,ঢাকা,ঢাকা,summary,N/A
2034.jpg,1,49,,ঢাকা,ঢাকা,word,99.41
2034.jpg,2,10,,মেট্রো,মেট্রো,word,85.87
2034.jpg,3,19,,,,,
2034.jpg,4,1,,,,,
2034.jpg,5,5,৫,,৫,number,99.20
2034.jpg,6,5,,,,,
2034.jpg,7,2,,,,,
2034.jpg,8,7,,,,,
2034.jpg,9,6,,,,,
2034.jpg,ALL,N/A,৫,ঢাকা,ঢাকা ৫,summary,N/A
1512.jpg,1,59,,,,,
1512.jpg,2,27,,,,,
1512.jpg,3,1,,,,,
1512.jpg,4,4,,,,,
1512.jpg,5,7,,,,,
1512.jpg,6,8,,,,,
1512.jpg,7,9,,,,,
1512.jpg,8,2,,,,,
1512.jpg,ALL,N/A,,,N/A,summary,N/A
237.jpg,1,49,,ঢাকা,ঢাকা,word,82.65
237.jpg,2,10,,,,,
237.jpg,3,12,,,,,
237.jpg,4,1,,,,,
237.jpg,5,4,,,,,
237.jpg,6,0,,,,,
237.jpg,7,0,,,,,
237.jpg,8,8,,,,,
237.jpg,9,2,,,,,
237.jpg,ALL,N/A,,ঢাকা,ঢাকা,summary,N/A
262.jpg,1,44,,,,,
262.jpg,2,10,,মেট্রো,মেট্রো,word,91.99
262.jpg,3,18,,,,,
262.jpg,4,1,,,,,
262.jpg,5,2,,,,,
262.jpg,6,6,,,,,
262.jpg,7,4,,,,,
262.jpg,8,1,,,,,
262.jpg,9,7,,,,,
262.jpg,ALL,N/A,,মেট্রো,মেট্রো,summary,N/A
2248.jpg,1,39,,বরিশাল,বরিশাল,word,86.93
2248.jpg,2,25,,,,,
2248.jpg,3,1,,,,,
2248.jpg,4,1,,,,,
2248.jpg,5,1,১,,১,number,23.92
2248.jpg,6,8,৮,,৮,number,97.89
2248.jpg,7,0,,,,,
2248.jpg,8,2,,,,,
2248.jpg,ALL,N/A,১,বরিশাল,বরিশাল ১,summary,N/A
129.jpeg,1,98,,,,,
129.jpeg,2,20,,,,,
129.jpeg,3,1,,,,,
129.jpeg,4,2,,,,,
129.jpeg,5,2,,,,,
129.jpeg,6,3,,,,,
129.jpeg,7,3,,,,,
129.jpeg,8,5,,,,,
129.jpeg,ALL,N/A,,,N/A,summary,N/A
1763.jpg,1,44,,,,,
1763.jpg,2,10,,মেট্রো,মেট্রো,word,76.26
1763.jpg,3,11,,,,,
1763.jpg,4,1,,,,,
1763.jpg,5,1,,,,,
1763.jpg,6,0,,,,,
1763.jpg,7,3,,,,,
1763.jpg,8,2,,,,,
1763.jpg,9,9,,,,,
1763.jpg,ALL,N/A,,মেট্রো,মেট্রো,summary,N/A
1334.jpg,1,80,০,,০,number,2.65
1334.jpg,2,25,,,,,
1334.jpg,3,7,,,,,
1334.jpg,4,8,,,,,
1334.jpg,5,9,,,,,
1334.jpg,6,0,,,,,
1334.jpg,7,1,,,,,
1334.jpg,8,2,,,,,
1334.jpg,ALL,N/A,০,,০,summary,N/A
737.jpg,1,88,,রাজবাড়ী,রাজবাড়ী,word,85.03
737.jpg,2,101,,,,,
737.jpg,3,9,,,,,
737.jpg,4,1,,,,,
737.jpg,5,0,,,,,
737.jpg,6,2,,,,,
737.jpg,7,1,,,,,
737.jpg,8,9,,,,,
737.jpg,ALL,N/A,,রাজবাড়ী,রাজবাড়ী,summary,N/A
1131.jpg,1,63,,খুলনা,খুলনা,word,99.81
1131.jpg,2,31,,,,,
1131.jpg,3,7,,,,,
1131.jpg,4,8,৮,,৮,number,99.08
1131.jpg,5,9,,,,,
1131.jpg,6,0,,,,,
1131.jpg,7,0,,,,,
1131.jpg,8,1,১,,১,number,99.99
1131.jpg,ALL,N/A,৮,খুলনা,খুলনা ৮,summary,N/A
2091.jpg,1,49,,,,,
2091.jpg,2,10,,মেট্রো,মেট্রো,word,75.75
2091.jpg,3,18,,,,,
2091.jpg,4,2,,,,,
2091.jpg,5,9,৯,,৯,number,95.45
2091.jpg,6,3,,,,,
2091.jpg,7,5,৫,,৫,number,81.16
2091.jpg,8,9,,,,,
2091.jpg,9,2,২,,২,number,40.77
2091.jpg,ALL,N/A,৯,মেট্রো,মেট্রো ৯,summary,N/A
807.jpg,1,85,,পটুয়াখালী,পটুয়াখালী,word,79.66
807.jpg,2,20,,,,,
807.jpg,3,1,,,,,
807.jpg,4,1,,,,,
807.jpg,5,6,,,,,
807.jpg,6,3,,,,,
807.jpg,7,0,,,,,
807.jpg,8,0,,,,,
807.jpg,ALL,N/A,,পটুয়াখালী,পটুয়াখালী,summary,N/A
1172.jpg,1,67,,লক্ষ্মীপুর,লক্ষ্মীপুর,word,84.72
1172.jpg,2,11,,,,,
1172.jpg,3,5,,,,,
1172.jpg,4,6,৬,,৬,number,98.19
1172.jpg,5,7,,,,,
1172.jpg,6,8,৮,,৮,number,95.52
1172.jpg,7,0,,,,,
1172.jpg,8,1,,,,,
1172.jpg,ALL,N/A,৬,লক্ষ্মীপুর,লক্ষ্মীপুর ৬,summary,N/A
503.jpg,1,48,,,,,
503.jpg,2,13,,,,,
503.jpg,3,1,,,,,
503.jpg,4,2,,,,,
503.jpg,5,3,,,,,
503.jpg,6,4,,,,,
503.jpg,7,5,,,,,
503.jpg,8,6,৬,,৬,number,93.27
503.jpg,ALL,N/A,৬,,৬,summary,N/A
1828.jpg,1,91,,রংপুর,রংপুর,word,92.79
1828.jpg,2,25,,,,,
1828.jpg,3,1,১১,,১১,number,52.93
1828.jpg,4,1,১,,১,number,71.98
1828.jpg,5,4,,,,,
1828.jpg,6,7,৭,,৭,number,91.41
1828.jpg,7,4,,,,,
1828.jpg,8,1,১,,১,number,99.61
1828.jpg,ALL,N/A,১,রংপুর,রংপুর ১,summary,N/A
2606.jpg,1,84,,,,,
2606.jpg,2,20,,,,,
2606.jpg,3,1,,,,,
2606.jpg,4,1,,,,,
2606.jpg,5,5,,,,,
2606.jpg,6,3,,,,,
2606.jpg,7,2,,,,,
2606.jpg,8,4,,,,,
2606.jpg,ALL,N/A,,,N/A,summary,N/A
2277.jpg,1,49,,,,,
2277.jpg,2,10,,,,,
2277.jpg,3,15,,,,,
2277.jpg,4,1,,,,,
2277.jpg,5,1,,,,,
2277.jpg,6,3,,,,,
2277.jpg,7,9,,,,,
2277.jpg,8,8,,,,,
2277.jpg,9,0,,,,,
2277.jpg,ALL,N/A,,,N/A,summary,N/A
496.jpg,1,48,,কুমিল্লা,কুমিল্লা,word,84.93
496.jpg,2,13,,,,,
496.jpg,3,3,,,,,
496.jpg,4,4,,,,,
496.jpg,5,5,,,,,
496.jpg,6,6,,,,,
496.jpg,7,7,৭,,৭,number,79.11
496.jpg,8,8,৮,,৮,number,8.19
496.jpg,ALL,N/A,৭,কুমিল্লা,কুমিল্লা ৭,summary,N/A
2239.jpg,1,49,,,,,
2239.jpg,2,10,,,,,
2239.jpg,3,31,,,,,
2239.jpg,4,2,,,,,
2239.jpg,5,0,,,,,
2239.jpg,6,3,,,,,
2239.jpg,7,8,,,,,
2239.jpg,8,5,,,,,
2239.jpg,9,7,৭,,৭,number,40.31
2239.jpg,ALL,N/A,৭,,৭,summary,N/A
2463.jpg,1,63,,,,,
2463.jpg,2,10,,মেট্রো,মেট্রো,word,80.29
2463.jpg,3,20,,,,,
2463.jpg,4,1,১,,১,number,62.18
2463.jpg,5,3,,,,,
2463.jpg,6,5,,,,,
2463.jpg,7,1,১,,১,number,99.99
2463.jpg,8,8,,,,,
2463.jpg,9,0,,,,,
2463.jpg,ALL,N/A,১,মেট্রো,মেট্রো ১,summary,N/A
2409.jpg,1,44,,,,,
2409.jpg,2,10,,,,,
2409.jpg,3,18,,,,,
2409.jpg,4,1,৩,,৩,number,7.06
2409.jpg,5,3,,,,,
2409.jpg,6,1,,,,,
2409.jpg,7,6,,,,,
2409.jpg,8,1,,,,,
2409.jpg,9,2,,,,,
2409.jpg,ALL,N/A,৩,,৩,summary,N/A
597.jpg,1,55,,,,,
597.jpg,2,21,,,,,
597.jpg,3,1,,,,,
597.jpg,4,2,১,,১,number,80.16
597.jpg,5,3,,,,,
597.jpg,6,4,,,,,
597.jpg,7,5,,,,,
597.jpg,8,6,,,,,
597.jpg,ALL,N/A,১,,১,summary,N/A
2101.jpg,1,49,,,,,
2101.jpg,2,10,,,,,
2101.jpg,3,24,,,,,
2101.jpg,4,1,,,,,
2101.jpg,5,2,,,,,
2101.jpg,6,0,,,,,
2101.jpg,7,0,,,,,
2101.jpg,8,8,,,,,
2101.jpg,9,8,,,,,
2101.jpg,ALL,N/A,,,N/A,summary,N/A
2418.jpg,1,49,,,,,
2418.jpg,2,10,,,,,
2418.jpg,3,18,,,,,
2418.jpg,4,3,,,,,
2418.jpg,5,4,,,,,
2418.jpg,6,0,,,,,
2418.jpg,7,2,১,,১,number,99.75
2418.jpg,8,8,,,,,
2418.jpg,9,2,,,,,
2418.jpg,ALL,N/A,১,,১,summary,N/A
480.jpg,1,48,,কুমিল্লা,কুমিল্লা,word,85.26
480.jpg,2,13,৮,,৮,number,16.50
480.jpg,3,5,,,,,
480.jpg,4,6,,,,,
480.jpg,5,7,,,,,
480.jpg,6,8,,,,,
480.jpg,7,0,,,,,
480.jpg,8,1,১১,,১১,number,23.82
480.jpg,ALL,N/A,৮,কুমিল্লা,কুমিল্লা ৮,summary,N/A
1278.jpg,1,75,,,,,
1278.jpg,2,33,,,,,
1278.jpg,3,7,৭,,৭,number,34.23
1278.jpg,4,8,,,,,
1278.jpg,5,9,,,,,
1278.jpg,6,0,,,,,
1278.jpg,7,1,,,,,
1278.jpg,8,2,,,,,
1278.jpg,ALL,N/A,৭,,৭,summary,N/A
245.jpg,1,49,,,,,
245.jpg,2,10,,,,,
245.jpg,3,19,,,,,
245.jpg,4,1,,,,,
245.jpg,5,7,,,,,
245.jpg,6,7,,,,,
245.jpg,7,4,,,,,
245.jpg,8,6,,,,,
245.jpg,9,0,,,,,
245.jpg,ALL,N/A,,,N/A,summary,N/A
1583.jpg,1,96,,সুনামগঞ্জ,সুনামগঞ্জ,word,86.81
1583.jpg,2,12,,,,,
1583.jpg,3,2,,,,,
1583.jpg,4,3,,,,,
1583.jpg,5,4,,,,,
1583.jpg,6,5,,,,,
1583.jpg,7,6,৬,,৬,number,99.59
1583.jpg,8,7,,,,,
1583.jpg,ALL,N/A,৬,সুনামগঞ্জ,সুনামগঞ্জ ৬,summary,N/A
1976.jpg,1,58,,,,,
1976.jpg,2,17,,,,,
1976.jpg,3,0,,,,,
1976.jpg,4,2,২,,২,number,70.80
1976.jpg,5,0,,,,,
1976.jpg,6,9,৯,,৯,number,86.64
1976.jpg,7,0,,,,,
1976.jpg,8,7,৭,,৭,number,73.40
1976.jpg,ALL,N/A,২,,২,summary,N/A
902.jpg,1,91,,রংপুর,রংপুর,word,98.84
902.jpg,2,25,,,,,
902.jpg,3,1,,,,,
902.jpg,4,1,,,,,
902.jpg,5,2,,,,,
902.jpg,6,9,,,,,
902.jpg,7,1,,,,,
902.jpg,8,0,,,,,
902.jpg,ALL,N/A,,রংপুর,রংপুর,summary,N/A
2154.jpg,1,49,,,,,
2154.jpg,2,10,,,,,
2154.jpg,3,18,,,,,
2154.jpg,4,2,,,,,
2154.jpg,5,0,,,,,
2154.jpg,6,0,,,,,
2154.jpg,7,6,৬,,৬,number,95.00
2154.jpg,8,9,,,,,
2154.jpg,9,7,,,,,
2154.jpg,ALL,N/A,৬,,৬,summary,N/A
889.jpg,1,89,,,,,
889.jpg,2,25,,,,,
889.jpg,3,1,,,,,
889.jpg,4,1,১,,১,number,69.07
889.jpg,5,2,,,,,
889.jpg,6,5,,,,,
889.jpg,7,8,,,,,
889.jpg,8,8,,,,,
889.jpg,ALL,N/A,১,,১,summary,N/A
2567.jpg,1,49,,ঢাকা,ঢাকা,word,85.91
2567.jpg,2,10,,মেট্রো,মেট্রো,word,69.76
2567.jpg,3,23,,,,,
2567.jpg,4,9,,,,,
2567.jpg,5,5,,,,,
2567.jpg,6,7,৭,,৭,number,39.96
2567.jpg,7,3,,,,,
2567.jpg,8,3,৩,,৩,number,96.90
2567.jpg,9,0,,,,,
2567.jpg,ALL,N/A,৭,ঢাকা,ঢাকা ৭,summary,N/A
1345.jpg,1,76,,,,,
1345.jpg,2,32,,,,,
1345.jpg,3,8,৩,,৩,number,29.75
1345.jpg,4,8,৩,,৩,number,71.41
1345.jpg,5,0,,,,,
1345.jpg,6,1,,,,,
1345.jpg,7,7,,,,,
1345.jpg,8,9,,,,,
1345.jpg,ALL,N/A,৩,,৩,summary,N/A
1663.jpg,1,63,,,,,
1663.jpg,2,10,,,,,
1663.jpg,3,20,,,,,
1663.jpg,4,1,,,,,
1663.jpg,5,3,,,,,
1663.jpg,6,3,,,,,
1663.jpg,7,3,,,,,
1663.jpg,8,5,,,,,
1663.jpg,9,5,,,,,
1663.jpg,ALL,N/A,,,N/A,summary,N/A
261.jpg,1,49,,ঢাকা,ঢাকা,word,65.78
261.jpg,2,10,,,,,
261.jpg,3,12,,,,,
261.jpg,4,0,,,,,
261.jpg,5,2,,,,,
261.jpg,6,1,,,,,
261.jpg,7,4,,,,,
261.jpg,8,2,,,,,
261.jpg,9,8,,,,,
261.jpg,ALL,N/A,,ঢাকা,ঢাকা,summary,N/A
305.jpg,1,49,,ঢাকা,ঢাকা,word,78.33
305.jpg,2,10,,,,,
305.jpg,3,18,,,,,
305.jpg,4,3,,,,,
305.jpg,5,5,,,,,
305.jpg,6,5,,,,,
305.jpg,7,9,,,,,
305.jpg,8,8,,,,,
305.jpg,9,2,,,,,
305.jpg,ALL,N/A,,ঢাকা,ঢাকা,summary,N/A
2663.jpg,1,44,,,,,
2663.jpg,2,10,,,,,
2663.jpg,3,20,,,,,
2663.jpg,4,1,,,,,
2663.jpg,5,1,,,,,
2663.jpg,6,5,,,,,
2663.jpg,7,5,,,,,
2663.jpg,8,6,,,,,
2663.jpg,9,6,,,,,
2663.jpg,ALL,N/A,,,N/A,summary,N/A
2666.jpg,1,47,,,,,
2666.jpg,2,25,৫,,৫,number,27.30
2666.jpg,ALL,N/A,৫,,৫,summary,N/A
610.jpg,1,57,,জামালপুর,জামালপুর,word,87.59
610.jpg,2,23,,,,,
610.jpg,3,1,,,,,
610.jpg,4,0,,,,,
610.jpg,5,8,৮৮,,৮৮,number,28.84
610.jpg,6,7,,,,,
610.jpg,7,6,৬,,৬,number,98.27
610.jpg,8,5,,,,,
610.jpg,ALL,N/A,৮৮,জামালপুর,জামালপুর ৮৮,summary,N/A
2575.jpg,1,44,,,,,
2575.jpg,2,10,,মেট্রো,মেট্রো,word,95.54
2575.jpg,3,18,,,,,
2575.jpg,4,1,১,,১,number,100.00
2575.jpg,5,2,১,,১,number,99.90
2575.jpg,6,7,৭,,৭,number,70.46
2575.jpg,7,5,,,,,
2575.jpg,8,9,,,,,
2575.jpg,9,4,,,,,
2575.jpg,ALL,N/A,১,মেট্রো,মেট্রো ১,summary,N/A
2068.jpg,1,49,,ঢাকা,ঢাকা,word,84.69
2068.jpg,2,10,,মেট্রো,মেট্রো,word,81.81
2068.jpg,3,19,,,,,
2068.jpg,4,1,,,,,
2068.jpg,5,7,৭,,৭,number,27.74
2068.jpg,6,2,২,,২,number,99.47
2068.jpg,7,7,৭,,৭,number,49.16
2068.jpg,8,5,,,,,
2068.jpg,9,0,,,,,
2068.jpg,ALL,N/A,৭,ঢাকা,ঢাকা ৭,summary,N/A
999.jpg,1,54,,গাজীপুর,গাজীপুর,word,54.33
999.jpg,2,25,,,,,
999.jpg,3,1,,,,,
999.jpg,4,1,১,,১,number,85.20
999.jpg,5,0,,,,,
999.jpg,6,2,,,,,
999.jpg,7,3,,,,,
999.jpg,8,8,৮,,৮,number,20.02
999.jpg,ALL,N/A,১,গাজীপুর,গাজীপুর ১,summary,N/A
296.jpg,1,49,,ঢাকা,ঢাকা,word,90.35
296.jpg,2,10,,,,,
296.jpg,3,18,,,,,
296.jpg,4,2,,,,,
296.jpg,5,2,,,,,
296.jpg,6,9,,,,,
296.jpg,7,7,,,,,
296.jpg,8,1,,,,,
296.jpg,9,0,,,,,
296.jpg,ALL,N/A,,ঢাকা,ঢাকা,summary,N/A
636.jpg,1,81,,নীলফামারী,নীলফামারী,word,73.97
636.jpg,2,23,,,,,
636.jpg,3,3,,,,,
636.jpg,4,4,৪,,৪,number,19.16
636.jpg,5,5,,,,,
636.jpg,6,6,৬,,৬,number,99.99
636.jpg,7,7,৭,,৭,number,84.99
636.jpg,8,8,,,,,
636.jpg,ALL,N/A,৪,নীলফামারী,নীলফামারী ৪,summary,N/A
2358.jpg,1,49,,,,,
2358.jpg,2,10,,,,,
2358.jpg,3,13,৬,,৬,number,7.04
2358.jpg,4,0,,,,,
2358.jpg,5,1,,,,,
2358.jpg,6,0,,,,,
2358.jpg,7,7,৭,,৭,number,94.83
2358.jpg,8,3,,,,,
2358.jpg,9,1,,,,,
2358.jpg,ALL,N/A,৬,,৬,summary,N/A
1353.jpg,1,89,,রাজশাহী,রাজশাহী,word,71.99
1353.jpg,2,31,,,,,
1353.jpg,3,3,,,,,
1353.jpg,4,4,৪,,৪,number,15.57
1353.jpg,5,5,,,,,
1353.jpg,6,6,,,,,
1353.jpg,7,7,৭,,৭,number,96.28
1353.jpg,8,8,,,,,
1353.jpg,ALL,N/A,৪,রাজশাহী,রাজশাহী ৪,summary,N/A
957.jpg,1,98,,,,,
957.jpg,2,25,,,,,
957.jpg,3,1,১,,১,number,57.09
957.jpg,4,2,,,,,
957.jpg,5,2,,,,,
957.jpg,6,8,,,,,
957.jpg,7,7,,,,,
957.jpg,8,4,৪,,৪,number,44.71
957.jpg,ALL,N/A,১,,১,summary,N/A
849.jpg,1,87,,,,,
849.jpg,2,10,,,,,
849.jpg,3,25,,,,,
849.jpg,4,1,,,,,
849.jpg,5,1,১,,১,number,42.26
849.jpg,6,3,,,,,
849.jpg,7,0,,,,,
849.jpg,8,0,,,,,
849.jpg,9,9,,,,,
849.jpg,ALL,N/A,১,,১,summary,N/A
2644.jpg,1,49,,ঢাকা,ঢাকা,word,99.62
2644.jpg,2,10,,মেট্রো,মেট্রো,word,90.80
2644.jpg,3,25,,,,,
2644.jpg,4,8,৮,,৮,number,87.24
2644.jpg,5,6,,,,,
2644.jpg,6,6,,,,,
2644.jpg,7,0,,,,,
2644.jpg,8,2,,,,,
2644.jpg,9,3,,,,,
2644.jpg,ALL,N/A,৮,ঢাকা,ঢাকা ৮,summary,N/A
908.jpg,1,97,,সিলেট,সিলেট,word,88.28
908.jpg,2,10,,মেট্রো,মেট্রো,word,65.60
908.jpg,3,20,,,,,
908.jpg,4,1,,,,,
908.jpg,5,1,,,,,
908.jpg,6,1,,,,,
908.jpg,7,3,,,,,
908.jpg,8,0,,,,,
908.jpg,9,7,,,,,
908.jpg,ALL,N/A,,সিলেট,সিলেট,summary,N/A
500.jpg,1,42,,চাঁদপুর,চাঁদপুর,word,87.98
500.jpg,2,34,,,,,
500.jpg,3,7,,,,,
500.jpg,4,8,৮,,৮,number,98.43
500.jpg,5,9,,,,,
500.jpg,6,0,,,,,
500.jpg,7,1,১,,১,number,99.55
500.jpg,8,2,২,,২,number,99.91
500.jpg,ALL,N/A,৮,চাঁদপুর,চাঁদপুর ৮,summary,N/A
1829.jpg,1,49,,,,,
1829.jpg,2,10,,,,,
1829.jpg,3,20,,,,,
1829.jpg,4,5,,,,,
1829.jpg,5,1,,,,,
1829.jpg,6,8,,,,,
1829.jpg,7,8,৮,,৮,number,99.75
1829.jpg,8,9,,,,,
1829.jpg,9,1,,,,,
1829.jpg,ALL,N/A,৮,,৮,summary,N/A
2018.jpg,1,49,,,,,
2018.jpg,2,10,,,,,
2018.jpg,3,18,,,,,
2018.jpg,4,2,,,,,
2018.jpg,5,5,৫,,৫,number,99.47
2018.jpg,6,0,,,,,
2018.jpg,7,2,,,,,
2018.jpg,8,8,৮,,৮,number,79.59
2018.jpg,9,7,৭,,৭,number,74.97
2018.jpg,ALL,N/A,৫,,৫,summary,N/A
52.jpeg,1,74,,ময়মনসিংহ,ময়মনসিংহ,word,96.99
52.jpeg,2,20,,,,,
52.jpeg,3,1,,,,,
52.jpeg,4,5,,,,,
52.jpeg,5,3,,,,,
52.jpeg,6,6,,,,,
52.jpeg,7,9,,,,,
52.jpeg,8,8,,,,,
52.jpeg,ALL,N/A,,ময়মনসিংহ,ময়মনসিংহ,summary,N/A
698.jpg,1,86,,পিরোজপুর,পিরোজপুর,word,95.36
698.jpg,2,18,,,,,
698.jpg,3,0,,,,,
698.jpg,4,1,,,,,
698.jpg,5,3,,,,,
698.jpg,6,4,,,,,
698.jpg,7,5,,,,,
698.jpg,8,6,৬,,৬,number,100.00
698.jpg,ALL,N/A,৬,পিরোজপুর,পিরোজপুর ৬,summary,N/A
514.jpg,1,36,,,,,
514.jpg,2,34,,,,,
514.jpg,3,9,,,,,
514.jpg,4,0,,,,,
514.jpg,5,1,,,,,
514.jpg,6,2,,,,,
514.jpg,7,3,,,,,
514.jpg,8,4,,,,,
514.jpg,ALL,N/A,,,N/A,summary,N/A
1977.jpg,1,87,,,,,
1977.jpg,2,10,,,,,
1977.jpg,3,31,,,,,
1977.jpg,4,1,,,,,
1977.jpg,5,1,১,,১,number,68.32
1977.jpg,6,0,,,,,
1977.jpg,7,3,,,,,
1977.jpg,8,4,,,,,
1977.jpg,9,9,,,,,
1977.jpg,ALL,N/A,১,,১,summary,N/A
33.jpeg,1,84,,,,,
33.jpeg,2,25,,,,,
33.jpeg,3,1,১,,১,number,100.00
33.jpeg,4,1,,,,,
33.jpeg,5,0,,,,,
33.jpeg,6,4,,,,,
33.jpeg,7,2,,,,,
33.jpeg,8,2,,,,,
33.jpeg,ALL,N/A,১,,১,summary,N/A
1365.jpg,1,91,,,,,
1365.jpg,2,27,,,,,
1365.jpg,3,1,,,,,
1365.jpg,4,9,,,,,
1365.jpg,5,5,,,,,
1365.jpg,6,6,,,,,
1365.jpg,7,7,,,,,
1365.jpg,8,8,,,,,
1365.jpg,ALL,N/A,,,N/A,summary,N/A
1043.jpg,1,97,,সিলেট,সিলেট,word,98.94
1043.jpg,2,26,,,,,
1043.jpg,3,0,,,,,
1043.jpg,4,1,,,,,
1043.jpg,5,3,,,,,
1043.jpg,6,4,,,,,
1043.jpg,7,5,,,,,
1043.jpg,8,6,৬,,৬,number,100.00
1043.jpg,ALL,N/A,৬,সিলেট,সিলেট ৬,summary,N/A
881.jpg,1,88,,রাজবাড়ী,রাজবাড়ী,word,82.08
881.jpg,2,20,,,,,
881.jpg,3,1,১,,১,number,80.72
881.jpg,4,1,১,,১,number,99.83
881.jpg,5,2,,,,,
881.jpg,6,9,,,,,
881.jpg,7,6,৬,,৬,number,99.65
881.jpg,8,4,,,,,
881.jpg,ALL,N/A,১,রাজবাড়ী,রাজবাড়ী ১,summary,N/A
509.jpg,1,39,,বরিশাল,বরিশাল,word,87.20
509.jpg,2,27,,,,,
509.jpg,3,7,,,,,
509.jpg,4,8,৮,,৮,number,90.17
509.jpg,5,9,,,,,
509.jpg,6,0,,,,,
509.jpg,7,1,১,,১,number,58.29
509.jpg,8,2,২,,২,number,99.96
509.jpg,ALL,N/A,৮,বরিশাল,বরিশাল ৮,summary,N/A
2356.jpg,1,49,,,,,
2356.jpg,2,10,,,,,
2356.jpg,3,18,,,,,
2356.jpg,4,5,৫,,৫,number,80.78
2356.jpg,5,7,,,,,
2356.jpg,6,2,,,,,
2356.jpg,7,9,,,,,
2356.jpg,8,2,,,,,
2356.jpg,9,1,,,,,
2356.jpg,ALL,N/A,৫,,৫,summary,N/A
7.jpeg,1,74,,ময়মনসিংহ,ময়মনসিংহ,word,97.17
7.jpeg,2,20,,,,,
7.jpeg,3,1,,,,,
7.jpeg,4,1,,,,,
7.jpeg,5,3,,,,,
7.jpeg,6,5,,,,,
7.jpeg,7,6,,,,,
7.jpeg,8,7,,,,,
7.jpeg,ALL,N/A,,ময়মনসিংহ,ময়মনসিংহ,summary,N/A
2475.jpg,1,49,,ঢাকা,ঢাকা,word,74.58
2475.jpg,2,10,,,,,
2475.jpg,3,20,,,,,
2475.jpg,4,1,,,,,
2475.jpg,5,3,৩,,৩,number,48.28
2475.jpg,6,3,৩,,৩,number,99.09
2475.jpg,7,0,,,,,
2475.jpg,8,8,,,,,
2475.jpg,9,5,,,,,
2475.jpg,ALL,N/A,৩,ঢাকা,ঢাকা ৩,summary,N/A
2308.jpg,1,91,,রংপুর,রংপুর,word,64.05
2308.jpg,2,25,,,,,
2308.jpg,3,1,,,,,
2308.jpg,4,1,১১১,,১১১,number,23.49
2308.jpg,5,6,,,,,
2308.jpg,6,0,,,,,
2308.jpg,7,6,,,,,
2308.jpg,8,9,,,,,
2308.jpg,ALL,N/A,১১১,রংপুর,রংপুর ১১১,summary,N/A
1174.jpg,1,67,,লক্ষ্মীপুর,লক্ষ্মীপুর,word,65.70
1174.jpg,2,11,,,,,
1174.jpg,3,2,,,,,
1174.jpg,4,4,,,,,
1174.jpg,5,6,,,,,
1174.jpg,6,8,৮,,৮,number,67.92
1174.jpg,7,0,,,,,
1174.jpg,8,1,,,,,
1174.jpg,ALL,N/A,৮,লক্ষ্মীপুর,লক্ষ্মীপুর ৮,summary,N/A
1859.jpg,1,49,,,,,
1859.jpg,2,10,,মেট্রো,মেট্রো,word,74.93
1859.jpg,3,19,,,,,
1859.jpg,4,1,,,,,
1859.jpg,5,5,৫,,৫,number,99.85
1859.jpg,6,7,৭,,৭,number,43.50
1859.jpg,7,3,,,,,
1859.jpg,8,5,,,,,
1859.jpg,9,8,৮,,৮,number,69.92
1859.jpg,ALL,N/A,৫,মেট্রো,মেট্রো ৫,summary,N/A
1745.jpg,1,49,,,,,
1745.jpg,2,10,,,,,
1745.jpg,3,18,,,,,
1745.jpg,4,2,,,,,
1745.jpg,5,2,২,,২,number,48.18
1745.jpg,6,6,,,,,
1745.jpg,7,4,,,,,
1745.jpg,8,8,,,,,
1745.jpg,9,3,,,,,
1745.jpg,ALL,N/A,২,,২,summary,N/A
2539.jpg,1,47,,কক্সবাজার,কক্সবাজার,word,89.11
2539.jpg,2,25,,,,,
2539.jpg,3,1,১,,১,number,99.97
2539.jpg,4,1,১,,১,number,99.98
2539.jpg,5,5,,,,,
2539.jpg,6,6,,,,,
2539.jpg,7,8,,,,,
2539.jpg,8,5,,,,,
2539.jpg,ALL,N/A,১,কক্সবাজার,কক্সবাজার ১,summary,N/A
1409.jpg,1,68,,লালমনিরহাট,লালমনিরহাট,word,77.28
1409.jpg,2,25,,,,,
1409.jpg,3,1,,,,,
1409.jpg,4,1,,,,,
1409.jpg,5,1,,,,,
1409.jpg,6,8,,,,,
1409.jpg,7,2,,,,,
1409.jpg,8,0,,,,,
1409.jpg,ALL,N/A,,লালমনিরহাট,লালমনিরহাট,summary,N/A
575.jpg,1,53,,গাইবান্ধা,গাইবান্ধা,word,86.38
575.jpg,2,19,,,,,
575.jpg,3,7,,,,,
575.jpg,4,8,৮,,৮,number,45.17
575.jpg,5,9,,,,,
575.jpg,6,0,,,,,
575.jpg,7,1,১,,১,number,99.84
575.jpg,8,0,,,,,
575.jpg,ALL,N/A,৮,গাইবান্ধা,গাইবান্ধা ৮,summary,N/A
1489.jpg,1,75,,নওগাঁ,নওগাঁ,word,89.06
1489.jpg,2,25,,,,,
1489.jpg,3,1,১,,১,number,99.95
1489.jpg,4,1,১,,১,number,73.50
1489.jpg,5,4,,,,,
1489.jpg,6,5,৫,,৫,number,87.52
1489.jpg,7,5,৫,,৫,number,47.77
1489.jpg,8,3,৩,,৩,number,98.26
1489.jpg,ALL,N/A,১,নওগাঁ,নওগাঁ ১,summary,N/A
1425.jpg,1,59,,,,,
1425.jpg,2,27,,,,,
1425.jpg,3,1,,,,,
1425.jpg,4,3,৩,,৩,number,99.79
1425.jpg,5,5,,,,,
1425.jpg,6,7,০,,০,number,79.82
1425.jpg,7,9,,,,,
1425.jpg,8,0,,,,,
1425.jpg,ALL,N/A,৩,,৩,summary,N/A
1792.jpg,1,49,,ঢাকা,ঢাকা,word,96.41
1792.jpg,2,10,,মেট্রো,মেট্রো,word,91.06
1792.jpg,3,18,,,,,
1792.jpg,4,3,,,,,
1792.jpg,5,9,,,,,
1792.jpg,6,2,২,,২,number,100.00
1792.jpg,7,9,,,,,
1792.jpg,8,9,,,,,
1792.jpg,9,9,,,,,
1792.jpg,ALL,N/A,২,ঢাকা,ঢাকা ২,summary,N/A
2288.jpg,1,44,,,,,
2288.jpg,2,10,,,,,
2288.jpg,3,31,,,,,
2288.jpg,4,1,,,,,
2288.jpg,5,1,,,,,
2288.jpg,6,6,,,,,
2288.jpg,7,9,,,,,
2288.jpg,8,3,,,,,
2288.jpg,9,1,,,,,
2288.jpg,ALL,N/A,,,N/A,summary,N/A
565.jpg,1,52,,,,,
565.jpg,2,18,,,,,
565.jpg,3,8,,,,,
565.jpg,4,9,,,,,
565.jpg,5,0,,,,,
565.jpg,6,1,,,,,
565.jpg,7,2,,,,,
565.jpg,8,3,,,,,
565.jpg,ALL,N/A,,,N/A,summary,N/A
323.jpg,1,49,,,,,
323.jpg,2,10,,,,,
323.jpg,3,19,,,,,
323.jpg,4,1,১,,১,number,99.94
323.jpg,5,1,,,,,
323.jpg,6,0,,,,,
323.jpg,7,5,,,,,
323.jpg,8,4,,,,,
323.jpg,9,7,,,,,
323.jpg,ALL,N/A,১,,১,summary,N/A
1658.jpg,1,63,,,,,
1658.jpg,2,10,,,,,
1658.jpg,3,25,,,,,
1658.jpg,4,1,,,,,
1658.jpg,5,1,,,,,
1658.jpg,6,5,,,,,
1658.jpg,7,2,,,,,
1658.jpg,8,5,,,,,
1658.jpg,9,9,,,,,
1658.jpg,ALL,N/A,,,N/A,summary,N/A
1969.jpg,1,49,,ঢাকা,ঢাকা,word,82.70
1969.jpg,2,10,,,,,
1969.jpg,3,31,,,,,
1969.jpg,4,2,,,,,
1969.jpg,5,0,,,,,
1969.jpg,6,4,,,,,
1969.jpg,7,5,,,,,
1969.jpg,8,2,,,,,
1969.jpg,9,8,৮,,৮,number,95.25
1969.jpg,ALL,N/A,৮,ঢাকা,ঢাকা ৮,summary,N/A
1563.jpg,1,92,,সাতক্ষীরা,সাতক্ষীরা,word,90.42
1563.jpg,2,20,,,,,
1563.jpg,3,1,,,,,
1563.jpg,4,1,১,,১,number,99.83
1563.jpg,5,6,৬,,৬,number,100.00
1563.jpg,6,0,,,,,
1563.jpg,7,9,,,,,
1563.jpg,8,9,,,,,
1563.jpg,ALL,N/A,১,সাতক্ষীরা,সাতক্ষীরা ১,summary,N/A
1347.jpg,1,76,,,,,
1347.jpg,2,32,,,,,
1347.jpg,3,1,,,,,
1347.jpg,4,2,,,,,
1347.jpg,5,3,,,,,
1347.jpg,6,4,,,,,
1347.jpg,7,5,,,,,
1347.jpg,8,6,,,,,
1347.jpg,ALL,N/A,,,N/A,summary,N/A
2570.jpg,1,100,,ঢাকা,ঢাকা,word,84.42
2570.jpg,2,10,,,,,
2570.jpg,3,103,,,,,
2570.jpg,4,3,,,,,
2570.jpg,5,9,,,,,
2570.jpg,6,0,,,,,
2570.jpg,7,1,,,,,
2570.jpg,8,4,,,,,
2570.jpg,9,5,,,,,
2570.jpg,ALL,N/A,,ঢাকা,ঢাকা,summary,N/A
341.jpg,1,49,,,,,
341.jpg,2,10,,,,,
341.jpg,3,12,,,,,
341.jpg,4,1,,,,,
341.jpg,5,1,,,,,
341.jpg,6,1,,,,,
341.jpg,7,4,,,,,
341.jpg,8,7,,,,,
341.jpg,9,7,,,,,
341.jpg,ALL,N/A,,,N/A,summary,N/A
1956.jpg,1,59,,ঝালকাঠি,ঝালকাঠি,word,80.98
1956.jpg,2,20,,,,,
1956.jpg,3,1,,,,,
1956.jpg,4,1,১,,১,number,99.99
1956.jpg,5,3,৩,,৩,number,97.45
1956.jpg,6,7,,,,,
1956.jpg,7,8,৮,,৮,number,24.07
1956.jpg,8,7,,,,,
1956.jpg,ALL,N/A,১,ঝালকাঠি,ঝালকাঠি ১,summary,N/A
718.jpg,1,87,,,,,
718.jpg,2,10,,মেট্রো,মেট্রো,word,89.18
718.jpg,3,13,,,,,
718.jpg,4,3,,,,,
718.jpg,5,4,,,,,
718.jpg,6,5,,,,,
718.jpg,7,6,৬,,৬,number,85.25
718.jpg,8,7,,,,,
718.jpg,9,8,,,,,
718.jpg,ALL,N/A,৬,মেট্রো,মেট্রো ৬,summary,N/A
621.jpg,1,58,,যশোর,যশোর,word,98.57
621.jpg,2,26,,,,,
621.jpg,3,5,,,,,
621.jpg,4,6,,,,,
621.jpg,5,7,,,,,
621.jpg,6,8,৮,,৮,number,98.19
621.jpg,7,0,,,,,
621.jpg,8,1,,,,,
621.jpg,ALL,N/A,৮,যশোর,যশোর ৮,summary,N/A
408.jpg,1,39,,,,,
408.jpg,2,33,,,,,
408.jpg,3,7,,,,,
408.jpg,4,8,৩,,৩,number,40.51
408.jpg,5,9,,,,,
408.jpg,6,0,,,,,
408.jpg,7,1,,,,,
408.jpg,8,2,,,,,
408.jpg,ALL,N/A,৩,,৩,summary,N/A
2228.jpg,1,58,,,,,
2228.jpg,2,31,৩,,৩,number,27.80
2228.jpg,3,1,১,,১,number,5.58
2228.jpg,4,1,,,,,
2228.jpg,5,5,৫,,৫,number,99.92
2228.jpg,6,1,১,,১,number,98.65
2228.jpg,7,3,,,,,
2228.jpg,8,7,৭,,৭,number,12.66
2228.jpg,ALL,N/A,১,,১,summary,N/A
2394.jpg,1,49,,,,,
2394.jpg,2,10,,,,,
2394.jpg,3,18,,,,,
2394.jpg,4,4,,,,,
2394.jpg,5,8,৮,,৮,number,99.99
2394.jpg,6,3,,,,,
2394.jpg,7,7,,,,,
2394.jpg,8,2,,,,,
2394.jpg,9,1,,,,,
2394.jpg,ALL,N/A,৮,,৮,summary,N/A
1699.jpg,1,93,,শরীয়তপুর,শরীয়তপুর,word,82.82
1699.jpg,2,14,,,,,
1699.jpg,3,3,,,,,
1699.jpg,4,4,,,,,
1699.jpg,5,7,৭,,৭,number,49.80
1699.jpg,6,8,৮,,৮,number,87.41
1699.jpg,7,0,,,,,
1699.jpg,8,9,,,,,
1699.jpg,ALL,N/A,৭,শরীয়তপুর,শরীয়তপুর ৭,summary,N/A
574.jpg,1,53,,গাইবান্ধা,গাইবান্ধা,word,86.60
574.jpg,2,19,,,,,
574.jpg,3,3,,,,,
574.jpg,4,4,,,,,
574.jpg,5,5,,,,,
574.jpg,6,6,,,,,
574.jpg,7,7,৭,,৭,number,60.77
574.jpg,8,8,,,,,
574.jpg,ALL,N/A,৭,গাইবান্ধা,গাইবান্ধা ৭,summary,N/A
1011.jpg,1,56,,হবিগঞ্জ,হবিগঞ্জ,word,75.25
1011.jpg,2,20,,,,,
1011.jpg,3,1,,,,,
1011.jpg,4,1,,,,,
1011.jpg,5,4,,,,,
1011.jpg,6,9,,,,,
1011.jpg,7,3,,,,,
1011.jpg,8,3,,,,,
1011.jpg,ALL,N/A,,হবিগঞ্জ,হবিগঞ্জ,summary,N/A
1912.jpg,1,73,,মৌলভীবাজার,মৌলভীবাজার,word,81.35
1912.jpg,2,20,,,,,
1912.jpg,3,1,১,,১,number,100.00
1912.jpg,4,2,২,,২,number,75.60
1912.jpg,5,7,৭,,৭,number,36.98
1912.jpg,6,8,,,,,
1912.jpg,7,0,,,,,
1912.jpg,8,0,,,,,
1912.jpg,ALL,N/A,১,মৌলভীবাজার,মৌলভীবাজার ১,summary,N/A
1245.jpg,1,73,,মৌলভীবাজার,মৌলভীবাজার,word,59.50
1245.jpg,2,100,,,,,
1245.jpg,3,7,,,,,
1245.jpg,4,8,,,,,
1245.jpg,5,9,,,,,
1245.jpg,6,0,,,,,
1245.jpg,7,1,,,,,
1245.jpg,8,2,,,,,
1245.jpg,ALL,N/A,,মৌলভীবাজার,মৌলভীবাজার,summary,N/A
520.jpg,1,98,,টাঙ্গাইল,টাঙ্গাইল,word,81.39
520.jpg,2,25,,,,,
520.jpg,3,1,১,,১,number,100.00
520.jpg,4,2,২,,২,number,74.72
520.jpg,5,5,,,,,
520.jpg,6,0,,,,,
520.jpg,7,7,,,,,
520.jpg,8,0,,,,,
520.jpg,ALL,N/A,১,টাঙ্গাইল,টাঙ্গাইল ১,summary,N/A
1903.jpg,1,44,৮,,৮,number,40.83
1903.jpg,2,10,,মেট্রো,মেট্রো,word,85.89
1903.jpg,3,32,,,,,
1903.jpg,4,1,,,,,
1903.jpg,5,1,,,,,
1903.jpg,6,0,,,,,
1903.jpg,7,0,,,,,
1903.jpg,8,6,৬,,৬,number,98.21
1903.jpg,9,2,,,,,
1903.jpg,ALL,N/A,৮,মেট্রো,মেট্রো ৮,summary,N/A
1199.jpg,1,69,,,,,
1199.jpg,2,14,,,,,
1199.jpg,3,9,,,,,
1199.jpg,4,0,,,,,
1199.jpg,5,1,,,,,
1199.jpg,6,2,,,,,
1199.jpg,7,3,,,,,
1199.jpg,8,4,,,,,
1199.jpg,ALL,N/A,,,N/A,summary,N/A
429.jpg,1,36,,,,,
429.jpg,2,34,,,,,
429.jpg,3,7,,,,,
429.jpg,4,8,৮৮,,৮৮,number,88.30
429.jpg,5,9,,,,,
429.jpg,6,0,,,,,
429.jpg,7,1,১,,১,number,86.24
429.jpg,8,2,২,,২,number,99.93
429.jpg,ALL,N/A,৮৮,,৮৮,summary,N/A
2269.jpg,1,50,,,,,
2269.jpg,2,20,,,,,
2269.jpg,3,1,,,,,
2269.jpg,4,1,,,,,
2269.jpg,5,7,,,,,
2269.jpg,6,4,৪,,৪,number,37.45
2269.jpg,7,0,,,,,
2269.jpg,8,0,,,,,
2269.jpg,ALL,N/A,৪,,৪,summary,N/A
111.jpeg,1,98,,টাঙ্গাইল,টাঙ্গাইল,word,85.61
111.jpeg,2,20,,,,,
111.jpeg,3,1,,,,,
111.jpeg,4,5,,,,,
111.jpeg,5,2,২,,২,number,90.49
111.jpeg,6,3,,,,,
111.jpeg,7,6,,,,,
111.jpeg,8,6,,,,,
111.jpeg,ALL,N/A,২,টাঙ্গাইল,টাঙ্গাইল ২,summary,N/A
1597.jpg,1,96,,সুনামগঞ্জ,সুনামগঞ্জ,word,84.47
1597.jpg,2,20,,,,,
1597.jpg,3,1,১,,১,number,91.98
1597.jpg,4,1,১,,১,number,99.99
1597.jpg,5,5,৫,,৫,number,79.18
1597.jpg,6,9,,,,,
1597.jpg,7,8,৮,,৮,number,99.48
1597.jpg,8,4,,,,,
1597.jpg,ALL,N/A,১,সুনামগঞ্জ,সুনামগঞ্জ ১,summary,N/A
1133.jpg,1,63,,,,,
1133.jpg,2,31,,,,,
1133.jpg,3,8,,,,,
1133.jpg,4,9,,,,,
1133.jpg,5,0,,,,,
1133.jpg,6,1,,,,,
1133.jpg,7,2,,,,,
1133.jpg,8,3,,,,,
1133.jpg,ALL,N/A,,,N/A,summary,N/A
2370.jpg,1,49,,ঢাকা,ঢাকা,word,92.27
2370.jpg,2,10,,মেট্রো,মেট্রো,word,85.68
2370.jpg,3,24,২,,২,number,80.69
2370.jpg,4,1,১,,১,number,99.94
2370.jpg,5,2,২,,২,number,93.79
2370.jpg,6,0,,,,,
2370.jpg,7,2,,,,,
2370.jpg,8,0,,,,,
2370.jpg,9,0,,,,,
2370.jpg,ALL,N/A,২,ঢাকা,ঢাকা ২,summary,N/A
1653.jpg,1,63,,,,,
1653.jpg,2,10,,,,,
1653.jpg,3,25,,,,,
1653.jpg,4,1,১,,১,number,11.93
1653.jpg,5,1,,,,,
1653.jpg,6,2,,,,,
1653.jpg,7,5,,,,,
1653.jpg,8,0,,,,,
1653.jpg,9,7,,,,,
1653.jpg,ALL,N/A,১,,১,summary,N/A
2369.jpg,1,49,,ঢাকা,ঢাকা,word,85.29
2369.jpg,2,10,,মেট্রো,মেট্রো,word,76.15
2369.jpg,3,18,,,,,
2369.jpg,4,3,,,,,
2369.jpg,5,4,,,,,
2369.jpg,6,5,৫,,৫,number,99.58
2369.jpg,7,0,,,,,
2369.jpg,8,3,,,,,
2369.jpg,9,5,৫,,৫,number,99.94
2369.jpg,ALL,N/A,৫,ঢাকা,ঢাকা ৫,summary,N/A
785.jpg,1,83,,,,,
785.jpg,2,25,,,,,
785.jpg,3,1,,,,,
785.jpg,4,1,,,,,
785.jpg,5,8,,,,,
785.jpg,6,8,,,,,
785.jpg,7,3,,,,,
785.jpg,8,3,,,,,
785.jpg,ALL,N/A,,,N/A,summary,N/A
808.jpg,1,85,,,,,
808.jpg,2,20,,,,,
808.jpg,3,1,১,,১,number,99.59
808.jpg,4,1,১,,১,number,66.41
808.jpg,5,6,,,,,
808.jpg,6,6,৬,,৬,number,98.92
808.jpg,7,7,,,,,
808.jpg,8,7,৭,,৭,number,95.19
808.jpg,ALL,N/A,১,,১,summary,N/A
165.jpeg,1,36,,,,,
165.jpeg,2,25,,,,,
165.jpeg,3,1,,,,,
165.jpeg,4,1,১,,১,number,99.92
165.jpeg,5,1,,,,,
165.jpeg,6,1,,,,,
165.jpeg,7,2,,,,,
165.jpeg,8,3,,,,,
165.jpeg,ALL,N/A,১,,১,summary,N/A
1377.jpg,1,90,,রাঙামাটি,রাঙামাটি,word,81.47
1377.jpg,2,15,,,,,
1377.jpg,3,1,,,,,
1377.jpg,4,1,১,,১,number,99.86
1377.jpg,5,1,,,,,
1377.jpg,6,9,,,,,
1377.jpg,7,2,২,,২,number,99.77
1377.jpg,8,8,৮,,৮,number,59.12
1377.jpg,ALL,N/A,১,রাঙামাটি,রাঙামাটি ১,summary,N/A
1445.jpg,1,73,,মৌলভীবাজার,মৌলভীবাজার,word,67.32
1445.jpg,2,20,,,,,
1445.jpg,3,1,১,,১,number,97.42
1445.jpg,4,1,,,,,
1445.jpg,5,7,৭,,৭,number,72.11
1445.jpg,6,7,,,,,
1445.jpg,7,9,,,,,
1445.jpg,8,6,৬,,৬,number,99.98
1445.jpg,ALL,N/A,১,মৌলভীবাজার,মৌলভীবাজার ১,summary,N/A
1726.jpg,1,95,,সিরাজগঞ্জ,সিরাজগঞ্জ,word,70.33
1726.jpg,2,22,,,,,
1726.jpg,3,1,,,,,
1726.jpg,4,2,১,,১,number,92.85
1726.jpg,5,3,,,,,
1726.jpg,6,4,,,,,
1726.jpg,7,5,,,,,
1726.jpg,8,6,৬,,৬,number,94.49
1726.jpg,ALL,N/A,১,সিরাজগঞ্জ,সিরাজগঞ্জ ১,summary,N/A
767.jpg,1,67,৩,লক্ষ্মীপুর,লক্ষ্মীপুর,word,83.07
767.jpg,2,20,৬,,৬,number,36.42
767.jpg,3,1,১,,১,number,85.81
767.jpg,4,1,১,,১,number,99.70
767.jpg,5,0,,,,,
767.jpg,6,5,,,,,
767.jpg,7,2,,,,,
767.jpg,8,1,,,,,
767.jpg,ALL,N/A,১,লক্ষ্মীপুর,লক্ষ্মীপুর ১,summary,N/A
2510.jpg,1,47,,কক্সবাজার,কক্সবাজার,word,76.65
2510.jpg,2,25,,,,,
2510.jpg,3,7,৭,,৭,number,31.63
2510.jpg,4,8,৮,,৮,number,100.00
2510.jpg,5,1,১,,১,number,100.00
2510.jpg,6,5,৫,,৫,number,97.60
2510.jpg,7,1,১,,১,number,99.75
2510.jpg,8,1,,,,,
2510.jpg,ALL,N/A,১,কক্সবাজার,কক্সবাজার ১,summary,N/A
407.jpg,1,38,,বরগুনা,বরগুনা,word,71.37
407.jpg,2,17,,,,,
407.jpg,3,7,৭,,৭,number,87.64
407.jpg,4,8,৮,,৮,number,18.59
407.jpg,5,9,,,,,
407.jpg,6,0,,,,,
407.jpg,7,1,,,,,
407.jpg,8,2,,,,,
407.jpg,ALL,N/A,৭,বরগুনা,বরগুনা ৭,summary,N/A
1549.jpg,1,93,,,,,
1549.jpg,2,20,,,,,
1549.jpg,3,1,,,,,
1549.jpg,4,1,১,,১,number,99.99
1549.jpg,5,2,,,,,
1549.jpg,6,4,,,,,
1549.jpg,7,6,,,,,
1549.jpg,8,6,,,,,
1549.jpg,ALL,N/A,১,,১,summary,N/A
2524.jpg,1,60,,ঝিনাইদহ,ঝিনাইদহ,word,97.63
2524.jpg,2,20,,,,,
2524.jpg,3,1,১,,১,number,85.32
2524.jpg,4,1,১,,১,number,91.57
2524.jpg,5,4,,,,,
2524.jpg,6,4,,,,,
2524.jpg,7,3,,,,,
2524.jpg,8,4,,,,,
2524.jpg,ALL,N/A,১,ঝিনাইদহ,ঝিনাইদহ ১,summary,N/A
114.jpeg,1,98,,টাঙ্গাইল,টাঙ্গাইল,word,93.49
114.jpeg,2,33,,,,,
114.jpeg,3,1,,,,,
114.jpeg,4,1,,,,,
114.jpeg,5,0,,,,,
114.jpeg,6,0,,,,,
114.jpeg,7,8,,,,,
114.jpeg,8,6,,,,,
114.jpeg,ALL,N/A,,টাঙ্গাইল,টাঙ্গাইল,summary,N/A
1022.jpg,1,56,,,,,
1022.jpg,2,25,,,,,
1022.jpg,3,1,১,,১,number,95.39
1022.jpg,4,1,,,,,
1022.jpg,5,2,,,,,
1022.jpg,6,0,,,,,
1022.jpg,7,3,,,,,
1022.jpg,8,4,,,,,
1022.jpg,ALL,N/A,১,,১,summary,N/A
2230.jpg,1,49,,ঢাকা,ঢাকা,word,87.98
2230.jpg,2,10,৫,,৫,number,48.40
2230.jpg,3,15,৬,,৬,number,40.92
2230.jpg,4,1,১,,১,number,99.95
2230.jpg,5,4,,,,,
2230.jpg,6,1,,,,,
2230.jpg,7,3,৩,,৩,number,15.73
2230.jpg,8,8,৩,,৩,number,7.77
2230.jpg,9,6,,,,,
2230.jpg,ALL,N/A,৩,ঢাকা,ঢাকা ৩,summary,N/A
830.jpg,1,86,,পিরোজপুর,পিরোজপুর,word,89.07
830.jpg,2,25,,,,,
830.jpg,3,1,১,,১,number,35.37
830.jpg,4,1,১১,,১১,number,4.53
830.jpg,5,1,,,,,
830.jpg,6,0,,,,,
830.jpg,7,3,,,,,
830.jpg,8,6,,,,,
830.jpg,ALL,N/A,১,পিরোজপুর,পিরোজপুর ১,summary,N/A
1323.jpg,1,79,,,,,
1323.jpg,2,27,,,,,
1323.jpg,3,1,,,,,
1323.jpg,4,2,১,,১,number,94.67
1323.jpg,5,3,,,,,
1323.jpg,6,4,,,,,
1323.jpg,7,5,,,,,
1323.jpg,8,6,,,,,
1323.jpg,ALL,N/A,১,,১,summary,N/A
2390.jpg,1,49,,ঢাকা,ঢাকা,word,73.55
2390.jpg,2,10,,,,,
2390.jpg,3,14,,,,,
2390.jpg,4,7,৭,,৭,number,65.51
2390.jpg,5,1,,,,,
2390.jpg,6,1,,,,,
2390.jpg,7,3,,,,,
2390.jpg,8,5,৫,,৫,number,80.79
2390.jpg,9,4,,,,,
2390.jpg,ALL,N/A,৭,ঢাকা,ঢাকা ৭,summary,N/A
301.jpg,1,49,,ঢাকা,ঢাকা,word,98.91
301.jpg,2,10,,,,,
301.jpg,3,18,,,,,
301.jpg,4,2,,,,,
301.jpg,5,0,,,,,
301.jpg,6,4,,,,,
301.jpg,7,5,,,,,
301.jpg,8,7,,,,,
301.jpg,9,7,,,,,
301.jpg,ALL,N/A,,ঢাকা,ঢাকা,summary,N/A
1314.jpg,1,79,,নাটোর,নাটোর,word,84.76
1314.jpg,2,27,,,,,
1314.jpg,3,1,,,,,
1314.jpg,4,1,১,,১,number,97.03
1314.jpg,5,1,,,,,
1314.jpg,6,2,২,,২,number,99.93
1314.jpg,7,8,৮,,৮,number,93.59
1314.jpg,8,9,,,,,
1314.jpg,ALL,N/A,১,নাটোর,নাটোর ১,summary,N/A
2013.jpg,1,97,,সিলেট,সিলেট,word,79.06
2013.jpg,2,25,,,,,
2013.jpg,3,1,,,,,
2013.jpg,4,2,,,,,
2013.jpg,5,2,১,,১,number,73.96
2013.jpg,6,3,,,,,
2013.jpg,7,8,৮,,৮,number,99.98
2013.jpg,8,4,,,,,
2013.jpg,ALL,N/A,১,সিলেট,সিলেট ১,summary,N/A
404.jpg,1,36,,,,,
404.jpg,2,34,,,,,
404.jpg,3,1,১,,১,number,100.00
404.jpg,4,2,১,,১,number,84.63
404.jpg,5,3,,,,,
404.jpg,6,4,,,,,
404.jpg,7,5,৫,,৫,number,99.72
404.jpg,8,6,৬,,৬,number,100.00
404.jpg,ALL,N/A,১,,১,summary,N/A
1796.jpg,1,44,,,,,
1796.jpg,2,10,,মেট্রো,মেট্রো,word,98.69
1796.jpg,3,18,,,,,
1796.jpg,4,1,,,,,
1796.jpg,5,2,,,,,
1796.jpg,6,7,,,,,
1796.jpg,7,6,৬,,৬,number,100.00
1796.jpg,8,6,,,,,
1796.jpg,9,6,,,,,
1796.jpg,ALL,N/A,৬,মেট্রো,মেট্রো ৬,summary,N/A
2472.jpg,1,36,,,,,
2472.jpg,2,25,,,,,
2472.jpg,3,1,১,,১,number,45.88
2472.jpg,4,1,১,,১,number,31.81
2472.jpg,5,6,৬,,৬,number,92.03
2472.jpg,6,2,,,,,
2472.jpg,7,3,,,,,
2472.jpg,8,6,,,,,
2472.jpg,ALL,N/A,১,,১,summary,N/A
757.jpg,1,58,,যশোর,যশোর,word,86.83
757.jpg,2,25,,,,,
757.jpg,3,1,,,,,
757.jpg,4,1,১,,১,number,99.99
757.jpg,5,8,৮,,৮,number,92.32
757.jpg,6,2,,,,,
757.jpg,7,9,,,,,
757.jpg,8,5,,,,,
757.jpg,ALL,N/A,১,যশোর,যশোর ১,summary,N/A
1936.jpg,1,40,,ভোলা,ভোলা,word,74.76
1936.jpg,2,20,,,,,
1936.jpg,3,1,১,,১,number,99.99
1936.jpg,4,2,,,,,
1936.jpg,5,0,,,,,
1936.jpg,6,7,,,,,
1936.jpg,7,5,৫,,৫,number,100.00
1936.jpg,8,4,,,,,
1936.jpg,ALL,N/A,১,ভোলা,ভোলা ১,summary,N/A
295.jpg,1,44,,,,,
295.jpg,2,10,,,,,
295.jpg,3,18,,,,,
295.jpg,4,1,,,,,
295.jpg,5,1,,,,,
295.jpg,6,1,,,,,
295.jpg,7,8,,,,,
295.jpg,8,2,,,,,
295.jpg,9,18,,,,,
295.jpg,10,7,,,,,
295.jpg,ALL,N/A,,,N/A,summary,N/A
483.jpg,1,37,,বান্দরবান,বান্দরবান,word,92.23
483.jpg,2,15,,,,,
483.jpg,3,6,৬,,৬,number,99.95
483.jpg,4,5,,,,,
483.jpg,5,4,,,,,
483.jpg,6,3,,,,,
483.jpg,7,2,১,,১,number,86.50
483.jpg,8,1,,,,,
483.jpg,ALL,N/A,৬,বান্দরবান,বান্দরবান ৬,summary,N/A
1113.jpg,1,63,,খুলনা,খুলনা,word,98.25
1113.jpg,2,31,,,,,
1113.jpg,3,5,,,,,
1113.jpg,4,6,,,,,
1113.jpg,5,7,,,,,
1113.jpg,6,8,৮,,৮,number,76.77
1113.jpg,7,0,,,,,
1113.jpg,8,1,১,,১,number,32.17
1113.jpg,ALL,N/A,৮,খুলনা,খুলনা ৮,summary,N/A
931.jpg,1,98,,টাঙ্গাইল,টাঙ্গাইল,word,86.81
931.jpg,2,20,,,,,
931.jpg,3,1,১,,১,number,46.33
931.jpg,4,4,,,,,
931.jpg,5,8,৮,,৮,number,19.88
931.jpg,6,8,,,,,
931.jpg,7,1,,,,,
931.jpg,8,3,,,,,
931.jpg,ALL,N/A,১,টাঙ্গাইল,টাঙ্গাইল ১,summary,N/A
2074.jpg,1,49,,ঢাকা,ঢাকা,word,90.25
2074.jpg,2,10,,মেট্রো,মেট্রো,word,95.75
2074.jpg,3,19,,,,,
2074.jpg,4,1,,,,,
2074.jpg,5,7,৭,,৭,number,25.86
2074.jpg,6,2,,,,,
2074.jpg,7,7,৭,,৭,number,33.60
2074.jpg,8,5,৫,,৫,number,99.88
2074.jpg,9,0,,,,,
2074.jpg,ALL,N/A,৭,ঢাকা,ঢাকা ৭,summary,N/A
2458.jpg,1,49,,ঢাকা,ঢাকা,word,99.43
2458.jpg,2,10,,মেট্রো,মেট্রো,word,83.78
2458.jpg,3,25,,,,,
2458.jpg,4,4,,,,,
2458.jpg,5,4,,,,,
2458.jpg,6,6,,,,,
2458.jpg,7,4,,,,,
2458.jpg,8,4,,,,,
2458.jpg,9,8,,,,,
2458.jpg,ALL,N/A,,ঢাকা,ঢাকা,summary,N/A
2499.jpg,1,74,,ময়মনসিংহ,ময়মনসিংহ,word,92.61
2499.jpg,2,20,,,,,
2499.jpg,3,1,১,,১,number,65.78
2499.jpg,4,4,,,,,
2499.jpg,5,3,,,,,
2499.jpg,6,3,,,,,
2499.jpg,7,0,,,,,
2499.jpg,8,4,৪,,৪,number,27.16
2499.jpg,ALL,N/A,১,ময়মনসিংহ,ময়মনসিংহ ১,summary,N/A
2182.jpg,1,49,,,,,
2182.jpg,2,10,,,,,
2182.jpg,3,18,,,,,
2182.jpg,4,3,,,,,
2182.jpg,5,1,১,,১,number,98.88
2182.jpg,6,8,৮,,৮,number,100.00
2182.jpg,7,4,,,,,
2182.jpg,8,3,,,,,
2182.jpg,9,5,৫,,৫,number,94.78
2182.jpg,ALL,N/A,১,,১,summary,N/A
2509.jpg,1,55,,,,,
2509.jpg,2,25,,,,,
2509.jpg,3,1,,,,,
2509.jpg,4,7,,,,,
2509.jpg,5,4,,,,,
2509.jpg,6,3,৩,,৩,number,99.91
2509.jpg,7,1,১,,১,number,36.24
2509.jpg,8,1,১১,,১১,number,38.24
2509.jpg,ALL,N/A,৩,,৩,summary,N/A
1382.jpg,1,90,,রাঙামাটি,রাঙামাটি,word,81.27
1382.jpg,2,15,,,,,
1382.jpg,3,9,,,,,
1382.jpg,4,9,,,,,
1382.jpg,5,1,,,,,
1382.jpg,6,1,,,,,
1382.jpg,7,0,,,,,
1382.jpg,8,2,,,,,
1382.jpg,ALL,N/A,,রাঙামাটি,রাঙামাটি,summary,N/A
1275.jpg,1,74,,,,,
1275.jpg,2,34,,,,,
1275.jpg,3,8,৩,,৩,number,19.49
1275.jpg,4,8,৩,,৩,number,31.76
1275.jpg,5,9,,,,,
1275.jpg,6,0,,,,,
1275.jpg,7,1,,,,,
1275.jpg,8,7,,,,,
1275.jpg,ALL,N/A,৩,,৩,summary,N/A
513.jpg,1,35,,বাগেরহাট,বাগেরহাট,word,91.58
513.jpg,2,20,,,,,
513.jpg,3,1,,,,,
513.jpg,4,2,,,,,
513.jpg,5,5,,,,,
513.jpg,6,0,,,,,
513.jpg,7,0,,,,,
513.jpg,8,6,৬,,৬,number,100.00
513.jpg,ALL,N/A,৬,বাগেরহাট,বাগেরহাট ৬,summary,N/A
816.jpg,1,85,,পটুয়াখালী,পটুয়াখালী,word,62.54
816.jpg,2,25,,,,,
816.jpg,3,1,,,,,
816.jpg,4,1,,,,,
816.jpg,5,1,১,,১,number,98.90
816.jpg,6,0,,,,,
816.jpg,7,6,,,,,
816.jpg,8,4,,,,,
816.jpg,ALL,N/A,১,পটুয়াখালী,পটুয়াখালী ১,summary,N/A
1974.jpg,1,83,,,,,
1974.jpg,2,31,,,,,
1974.jpg,3,1,,,,,
1974.jpg,4,1,,,,,
1974.jpg,5,0,,,,,
1974.jpg,6,4,,,,,
1974.jpg,7,0,,,,,
1974.jpg,8,6,৩,,৩,number,61.67
1974.jpg,ALL,N/A,৩,,৩,summary,N/A
1896.jpg,1,49,,,,,
1896.jpg,2,10,,,,,
1896.jpg,3,30,,,,,
1896.jpg,4,1,,,,,
1896.jpg,5,1,,,,,
1896.jpg,6,1,,,,,
1896.jpg,7,3,,,,,
1896.jpg,8,8,৮,,৮,number,89.70
1896.jpg,9,2,,,,,
1896.jpg,ALL,N/A,৮,,৮,summary,N/A
541.jpg,1,50,,দিনাজপুর,দিনাজপুর,word,94.28
541.jpg,2,16,,,,,
541.jpg,3,2,,,,,
541.jpg,4,4,,,,,
541.jpg,5,6,,,,,
541.jpg,6,8,,,,,
541.jpg,7,0,,,,,
541.jpg,8,1,,,,,
541.jpg,ALL,N/A,,দিনাজপুর,দিনাজপুর,summary,N/A
1754.jpg,1,44,,,,,
1754.jpg,2,10,,,,,
1754.jpg,3,15,,,,,
1754.jpg,4,1,,,,,
1754.jpg,5,1,,,,,
1754.jpg,6,2,,,,,
1754.jpg,7,1,,,,,
1754.jpg,8,8,,,,,
1754.jpg,9,9,,,,,
1754.jpg,ALL,N/A,,,N/A,summary,N/A
1008.jpg,1,56,,হবিগঞ্জ,হবিগঞ্জ,word,95.11
1008.jpg,2,25,,,,,
1008.jpg,3,1,,,,,
1008.jpg,4,1,১,,১,number,99.98
1008.jpg,5,0,,,,,
1008.jpg,6,3,,,,,
1008.jpg,7,6,,,,,
1008.jpg,8,6,৬,,৬,number,99.99
1008.jpg,ALL,N/A,১,হবিগঞ্জ,হবিগঞ্জ ১,summary,N/A
730.jpg,1,88,,রাজবাড়ী,রাজবাড়ী,word,76.00
730.jpg,2,25,,,,,
730.jpg,3,1,১,,১,number,99.65
730.jpg,4,1,১,,১,number,100.00
730.jpg,5,0,,,,,
730.jpg,6,7,৭,,৭,number,54.97
730.jpg,7,8,৮,,৮,number,98.65
730.jpg,8,6,,,,,
730.jpg,ALL,N/A,১,রাজবাড়ী,রাজবাড়ী ১,summary,N/A
2521.jpg,1,65,,কুড়িগ্রাম,কুড়িগ্রাম,word,88.12
2521.jpg,2,20,,,,,
2521.jpg,3,1,১,,১,number,100.00
2521.jpg,4,0,,,,,
2521.jpg,5,4,,,,,
2521.jpg,6,1,১১,,১১,number,33.01
2521.jpg,7,3,,,,,
2521.jpg,8,1,,,,,
2521.jpg,ALL,N/A,১,কুড়িগ্রাম,কুড়িগ্রাম ১,summary,N/A
1059.jpg,1,98,,টাঙ্গাইল,টাঙ্গাইল,word,77.64
1059.jpg,2,24,,,,,
1059.jpg,3,2,২,,২,number,99.75
1059.jpg,4,3,,,,,
1059.jpg,5,4,,,,,
1059.jpg,6,5,৫,,৫,number,99.59
1059.jpg,7,6,৬,,৬,number,97.16
1059.jpg,8,7,,,,,
1059.jpg,ALL,N/A,২,টাঙ্গাইল,টাঙ্গাইল ২,summary,N/A
713.jpg,1,85,,পটুয়াখালী,পটুয়াখালী,word,70.28
713.jpg,2,19,৭,,৭,number,68.13
713.jpg,3,3,,,,,
713.jpg,4,4,,,,,
713.jpg,5,7,,,,,
713.jpg,6,8,,,,,
713.jpg,7,9,,,,,
713.jpg,8,0,,,,,
713.jpg,ALL,N/A,৭,পটুয়াখালী,পটুয়াখালী ৭,summary,N/A
2026.jpg,1,49,,,,,
2026.jpg,2,10,,মেট্রো,মেট্রো,word,83.29
2026.jpg,3,24,,,,,
2026.jpg,4,1,,,,,
2026.jpg,5,2,,,,,
2026.jpg,6,3,,,,,
2026.jpg,7,7,৭,,৭,number,72.14
2026.jpg,8,0,,,,,
2026.jpg,9,3,,,,,
2026.jpg,ALL,N/A,৭,মেট্রো,মেট্রো ৭,summary,N/A
1486.jpg,1,75,,,,,
1486.jpg,2,25,,,,,
1486.jpg,3,1,১,,১,number,99.92
1486.jpg,4,3,৩,,৩,number,99.46
1486.jpg,5,5,৫,,৫,number,99.09
1486.jpg,6,7,,,,,
1486.jpg,7,7,,,,,
1486.jpg,8,8,৮,,৮,number,76.05
1486.jpg,ALL,N/A,১,,১,summary,N/A
2159.jpg,1,49,,ঢাকা,ঢাকা,word,99.07
2159.jpg,2,10,,,,,
2159.jpg,3,18,,,,,
2159.jpg,4,2,,,,,
2159.jpg,5,0,,,,,
2159.jpg,6,0,,,,,
2159.jpg,7,6,,,,,
2159.jpg,8,9,,,,,
2159.jpg,9,7,৭,,৭,number,81.52
2159.jpg,ALL,N/A,৭,ঢাকা,ঢাকা ৭,summary,N/A
1437.jpg,1,71,,মানিকগঞ্জ,মানিকগঞ্জ,word,84.20
1437.jpg,2,25,,,,,
1437.jpg,3,1,১,,১,number,100.00
1437.jpg,4,1,১,,১,number,100.00
1437.jpg,5,1,১,,১,number,99.99
1437.jpg,6,3,,,,,
1437.jpg,7,7,,,,,
1437.jpg,8,5,,,,,
1437.jpg,ALL,N/A,১,মানিকগঞ্জ,মানিকগঞ্জ ১,summary,N/A
1964.jpg,1,49,,,,,
1964.jpg,2,10,,,,,
1964.jpg,3,27,,,,,
1964.jpg,4,1,,,,,
1964.jpg,5,1,,,,,
1964.jpg,6,3,,,,,
1964.jpg,7,4,,,,,
1964.jpg,8,9,৯,,৯,number,77.33
1964.jpg,9,2,৫,,৫,number,1.31
1964.jpg,ALL,N/A,৯,,৯,summary,N/A
2135.jpg,1,49,,,,,
2135.jpg,2,10,,,,,
2135.jpg,3,18,,,,,
2135.jpg,4,3,,,,,
2135.jpg,5,7,,,,,
2135.jpg,6,5,,,,,
2135.jpg,7,3,,,,,
2135.jpg,8,5,,,,,
2135.jpg,9,5,,,,,
2135.jpg,ALL,N/A,,,N/A,summary,N/A
1295.jpg,1,77,,,,,
1295.jpg,2,31,,,,,
1295.jpg,3,1,,,,,
1295.jpg,4,1,,,,,
1295.jpg,5,2,,,,,
1295.jpg,6,2,,,,,
1295.jpg,7,9,,,,,
1295.jpg,8,0,,,,,
1295.jpg,ALL,N/A,,,N/A,summary,N/A
390.jpg,1,44,,,,,
390.jpg,2,10,,,,,
390.jpg,3,15,,,,,
390.jpg,4,9,,,,,
390.jpg,5,0,,,,,
390.jpg,6,1,,,,,
390.jpg,7,2,,,,,
390.jpg,8,3,,,,,
390.jpg,9,4,,,,,
390.jpg,ALL,N/A,,,N/A,summary,N/A
227.png,1,49,,ঢাকা,ঢাকা,word,78.72
227.png,2,10,,মেট্রো,মেট্রো,word,89.70
227.png,3,18,,,,,
227.png,4,1,,,,,
227.png,5,5,,,,,
227.png,6,5,,,,,
227.png,7,0,,,,,
227.png,8,6,,,,,
227.png,9,8,৮,,৮,number,38.16
227.png,ALL,N/A,৮,ঢাকা,ঢাকা ৮,summary,N/A
1610.jpg,1,60,,ঝিনাইদহ,ঝিনাইদহ,word,96.47
1610.jpg,2,20,,,,,
1610.jpg,3,1,,,,,
1610.jpg,4,5,,,,,
1610.jpg,5,2,,,,,
1610.jpg,6,9,,,,,
1610.jpg,7,4,,,,,
1610.jpg,8,6,,,,,
1610.jpg,ALL,N/A,,ঝিনাইদহ,ঝিনাইদহ,summary,N/A
324.jpg,1,44,,,,,
324.jpg,2,10,,,,,
324.jpg,3,18,,,,,
324.jpg,4,1,,,,,
324.jpg,5,2,,,,,
324.jpg,6,5,,,,,
324.jpg,7,5,,,,,
324.jpg,8,6,,,,,
324.jpg,9,9,,,,,
324.jpg,ALL,N/A,,,N/A,summary,N/A
1917.jpg,1,49,,ঢাকা,ঢাকা,word,94.38
1917.jpg,2,10,,মেট্রো,মেট্রো,word,81.69
1917.jpg,3,24,,,,,
1917.jpg,4,1,,,,,
1917.jpg,5,1,১,,১,number,100.00
1917.jpg,6,3,৩,,৩,number,99.97
1917.jpg,7,5,,,,,
1917.jpg,8,1,,,,,
1917.jpg,9,7,,,,,
1917.jpg,ALL,N/A,১,ঢাকা,ঢাকা ১,summary,N/A
871.jpg,1,87,,,,,
871.jpg,2,10,,মেট্রো,মেট্রো,word,73.49
871.jpg,3,101,,,,,
871.jpg,4,1,১,,১,number,100.00
871.jpg,5,1,১,,১,number,99.99
871.jpg,6,1,১,,১,number,99.99
871.jpg,7,0,,,,,
871.jpg,8,6,,,,,
871.jpg,9,9,,,,,
871.jpg,ALL,N/A,১,মেট্রো,মেট্রো ১,summary,N/A
70.jpg,1,63,,খুলনা,খুলনা,word,94.93
70.jpg,2,10,,মেট্রো,মেট্রো,word,75.87
70.jpg,3,27,,,,,
70.jpg,4,1,১,,১,number,99.98
70.jpg,5,1,১,,১,number,68.71
70.jpg,6,1,,,,,
70.jpg,7,7,,,,,
70.jpg,8,3,,,,,
70.jpg,9,0,,,,,
70.jpg,ALL,N/A,১,খুলনা,খুলনা ১,summary,N/A
2624.jpg,1,84,,,,,
2624.jpg,2,25,,,,,
2624.jpg,3,2,,,,,
2624.jpg,4,2,,,,,
2624.jpg,5,0,,,,,
2624.jpg,6,1,১,,১,number,99.85
2624.jpg,7,1,১,,১,number,99.98
2624.jpg,8,1,১,,১,number,96.18
2624.jpg,ALL,N/A,১,,১,summary,N/A
1272.jpg,1,74,,ময়মনসিংহ,ময়মনসিংহ,word,62.90
1272.jpg,2,34,,,,,
1272.jpg,3,2,১,,১,number,37.13
1272.jpg,4,2,১,,১,number,45.62
1272.jpg,5,3,৩,,৩,number,99.72
1272.jpg,6,1,,,,,
1272.jpg,7,5,৫,,৫,number,100.00
1272.jpg,8,6,৬,,৬,number,99.95
1272.jpg,ALL,N/A,১,ময়মনসিংহ,ময়মনসিংহ ১,summary,N/A
2174.jpg,1,49,,ঢাকা,ঢাকা,word,91.50
2174.jpg,2,10,,,,,
2174.jpg,3,18,,,,,
2174.jpg,4,3,,,,,
2174.jpg,5,9,৫,,৫,number,4.94
2174.jpg,6,8,৮,,৮,number,99.67
2174.jpg,7,9,,,,,
2174.jpg,8,2,,,,,
2174.jpg,9,4,,,,,
2174.jpg,ALL,N/A,৫,ঢাকা,ঢাকা ৫,summary,N/A
2.jpeg,1,74,,ময়মনসিংহ,ময়মনসিংহ,word,79.95
2.jpeg,2,20,,,,,
2.jpeg,3,1,,,,,
2.jpeg,4,3,,,,,
2.jpeg,5,6,,,,,
2.jpeg,6,9,,,,,
2.jpeg,7,2,,,,,
2.jpeg,8,4,,,,,
2.jpeg,ALL,N/A,,ময়মনসিংহ,ময়মনসিংহ,summary,N/A
1970.jpg,1,39,,বরিশাল,বরিশাল,word,95.33
1970.jpg,2,10,,মেট্রো,মেট্রো,word,68.66
1970.jpg,3,20,,,,,
1970.jpg,4,1,,,,,
1970.jpg,5,2,,,,,
1970.jpg,6,3,,,,,
1970.jpg,7,5,,,,,
1970.jpg,8,8,৩,,৩,number,69.58
1970.jpg,9,2,,,,,
1970.jpg,ALL,N/A,৩,বরিশাল,বরিশাল ৩,summary,N/A
740.jpg,1,88,,,,,
740.jpg,2,101,,,,,
740.jpg,3,7,,,,,
740.jpg,4,8,,,,,
740.jpg,5,9,,,,,
740.jpg,6,0,,,,,
740.jpg,7,1,,,,,
740.jpg,8,2,,,,,
740.jpg,ALL,N/A,,,N/A,summary,N/A
1357.jpg,1,89,,,,,
1357.jpg,2,31,,,,,
1357.jpg,3,3,,,,,
1357.jpg,4,4,,,,,
1357.jpg,5,5,,,,,
1357.jpg,6,6,৬,,৬,number,4.65
1357.jpg,7,7,,,,,
1357.jpg,8,8,,,,,
1357.jpg,ALL,N/A,৬,,৬,summary,N/A
1599.jpg,1,60,,ঝিনাইদহ,ঝিনাইদহ,word,80.41
1599.jpg,2,20,,,,,
1599.jpg,3,1,১,,১,number,19.38
1599.jpg,4,1,১,,১,number,50.82
1599.jpg,5,3,৩,,৩,number,99.10
1599.jpg,6,4,,,,,
1599.jpg,7,4,,,,,
1599.jpg,8,4,,,,,
1599.jpg,ALL,N/A,১,ঝিনাইদহ,ঝিনাইদহ ১,summary,N/A
916.jpg,1,97,,সিলেট,সিলেট,word,95.53
916.jpg,2,25,,,,,
916.jpg,3,1,,,,,
916.jpg,4,1,,,,,
916.jpg,5,5,,,,,
916.jpg,6,6,,,,,
916.jpg,7,9,,,,,
916.jpg,8,2,১,,১,number,41.16
916.jpg,ALL,N/A,১,সিলেট,সিলেট ১,summary,N/A
1765.jpg,1,45,,,,,
1765.jpg,2,33,,,,,
1765.jpg,3,1,,,,,
1765.jpg,4,4,,,,,
1765.jpg,5,7,,,,,
1765.jpg,6,9,,,,,
1765.jpg,7,6,,,,,
1765.jpg,8,1,,,,,
1765.jpg,ALL,N/A,,,N/A,summary,N/A
1879.jpg,1,49,,,,,
1879.jpg,2,10,,,,,
1879.jpg,3,18,,,,,
1879.jpg,4,2,,,,,
1879.jpg,5,5,৫,,৫,number,33.25
1879.jpg,6,2,,,,,
1879.jpg,7,0,,,,,
1879.jpg,8,3,,,,,
1879.jpg,9,2,,,,,
1879.jpg,ALL,N/A,৫,,৫,summary,N/A
2447.jpg,1,48,,,,,
2447.jpg,2,25,,,,,
2447.jpg,3,1,,,,,
2447.jpg,4,2,,,,,
2447.jpg,5,1,১,,১,number,3.37
2447.jpg,6,3,,,,,
2447.jpg,7,6,৬,,৬,number,56.57
2447.jpg,8,7,৭,,৭,number,74.06
2447.jpg,ALL,N/A,১,,১,summary,N/A
1907.jpg,1,41,,,,,
1907.jpg,2,25,,,,,
1907.jpg,3,1,,,,,
1907.jpg,4,1,,,,,
1907.jpg,5,3,,,,,
1907.jpg,6,1,,,,,
1907.jpg,7,4,,,,,
1907.jpg,8,2,,,,,
1907.jpg,ALL,N/A,,,N/A,summary,N/A
543.jpg,1,50,,দিনাজপুর,দিনাজপুর,word,96.68
543.jpg,2,16,,,,,
543.jpg,3,3,,,,,
543.jpg,4,4,,,,,
543.jpg,5,5,,,,,
543.jpg,6,6,,,,,
543.jpg,7,7,৭,,৭,number,46.21
543.jpg,8,8,৮,,৮,number,9.54
543.jpg,ALL,N/A,৭,দিনাজপুর,দিনাজপুর ৭,summary,N/A
1724.jpg,1,95,,সিরাজগঞ্জ,সিরাজগঞ্জ,word,92.91
1724.jpg,2,22,,,,,
1724.jpg,3,2,২,,২,number,99.79
1724.jpg,4,3,৩,,৩,number,65.83
1724.jpg,5,4,,,,,
1724.jpg,6,5,৫,,৫,number,69.49
1724.jpg,7,6,৬,,৬,number,99.92
1724.jpg,8,7,,,,,
1724.jpg,ALL,N/A,২,সিরাজগঞ্জ,সিরাজগঞ্জ ২,summary,N/A
131.jpeg,1,98,,টাঙ্গাইল,টাঙ্গাইল,word,69.81
131.jpeg,2,20,,,,,
131.jpeg,3,1,,,,,
131.jpeg,4,1,,,,,
131.jpeg,5,7,,,,,
131.jpeg,6,4,,,,,
131.jpeg,7,3,,,,,
131.jpeg,8,0,,,,,
131.jpeg,ALL,N/A,,টাঙ্গাইল,টাঙ্গাইল,summary,N/A
1155.jpg,1,65,,,,,
1155.jpg,2,100,,,,,
1155.jpg,3,8,,,,,
1155.jpg,4,9,,,,,
1155.jpg,5,0,,,,,
1155.jpg,6,1,,,,,
1155.jpg,7,2,,,,,
1155.jpg,8,3,,,,,
1155.jpg,ALL,N/A,,,N/A,summary,N/A
1798.jpg,1,49,,ঢাকা,ঢাকা,word,93.59
1798.jpg,2,10,,মেট্রো,মেট্রো,word,79.16
1798.jpg,3,18,,,,,
1798.jpg,4,4,,,,,
1798.jpg,5,2,২,,২,number,69.22
1798.jpg,6,7,৭,,৭,number,58.14
1798.jpg,7,8,৮,,৮,number,97.72
1798.jpg,8,6,৬,,৬,number,100.00
1798.jpg,9,8,৮,,৮,number,100.00
1798.jpg,ALL,N/A,৮,ঢাকা,ঢাকা ৮,summary,N/A
2604.jpg,1,49,,,,,
2604.jpg,2,10,,,,,
2604.jpg,3,34,,,,,
2604.jpg,4,1,,,,,
2604.jpg,5,1,,,,,
2604.jpg,6,1,,,,,
2604.jpg,7,1,,,,,
2604.jpg,8,2,,,,,
2604.jpg,9,4,,,,,
2604.jpg,ALL,N/A,,,N/A,summary,N/A
2267.jpg,1,49,,ঢাকা,ঢাকা,word,91.25
2267.jpg,2,10,,,,,
2267.jpg,3,20,,,,,
2267.jpg,4,4,৪,,৪,number,53.30
2267.jpg,5,2,,,,,
2267.jpg,6,7,,,,,
2267.jpg,7,8,,,,,
2267.jpg,8,2,,,,,
2267.jpg,9,6,,,,,
2267.jpg,ALL,N/A,৪,ঢাকা,ঢাকা ৪,summary,N/A
2389.jpg,1,49,,ঢাকা,ঢাকা,word,79.15
2389.jpg,2,10,,মেট্রো,মেট্রো,word,89.39
2389.jpg,3,18,,,,,
2389.jpg,4,2,,,,,
2389.jpg,5,5,,,,,
2389.jpg,6,0,,,,,
2389.jpg,7,3,,,,,
2389.jpg,8,3,,,,,
2389.jpg,9,9,,,,,
2389.jpg,ALL,N/A,,ঢাকা,ঢাকা,summary,N/A
1020.jpg,1,56,,,,,
1020.jpg,2,20,৮,,৮,number,2.18
1020.jpg,3,1,১,,১,number,99.75
1020.jpg,4,1,১,,১,number,98.68
1020.jpg,5,3,৩,,৩,number,30.55
1020.jpg,6,9,,,,,
1020.jpg,7,4,,,,,
1020.jpg,8,7,৭,,৭,number,13.48
1020.jpg,ALL,N/A,১,,১,summary,N/A
1386.jpg,1,90,,,,,
1386.jpg,2,15,,,,,
1386.jpg,3,1,,,,,
1386.jpg,4,2,২,,২,number,44.32
1386.jpg,5,3,,,,,
1386.jpg,6,4,,,,,
1386.jpg,7,5,,,,,
1386.jpg,8,6,৬,,৬,number,38.94
1386.jpg,ALL,N/A,২,,২,summary,N/A
2042.jpg,1,49,,ঢাকা,ঢাকা,word,72.90
2042.jpg,2,10,,মেট্রো,মেট্রো,word,86.99
2042.jpg,3,19,,,,,
2042.jpg,4,1,,,,,
2042.jpg,5,8,৮,,৮,number,100.00
2042.jpg,6,5,,,,,
2042.jpg,7,0,,,,,
2042.jpg,8,3,,,,,
2042.jpg,9,1,,,,,
2042.jpg,ALL,N/A,৮,ঢাকা,ঢাকা ৮,summary,N/A
21.jpeg,1,49,,ঢাকা,ঢাকা,word,93.77
21.jpeg,2,10,,মেট্রো,মেট্রো,word,92.30
21.jpeg,3,20,,,,,
21.jpeg,4,5,,,,,
21.jpeg,5,0,,,,,
21.jpeg,6,0,,,,,
21.jpeg,7,0,,,,,
21.jpeg,8,2,,,,,
21.jpeg,9,3,৩,,৩,number,94.86
21.jpeg,ALL,N/A,৩,ঢাকা,ঢাকা ৩,summary,N/A
1895.jpg,1,49,,,,,
1895.jpg,2,10,,,,,
1895.jpg,3,26,,,,,
1895.jpg,4,5,,,,,
1895.jpg,5,1,,,,,
1895.jpg,6,7,,,,,
1895.jpg,7,9,,,,,
1895.jpg,8,6,,,,,
1895.jpg,9,1,,,,,
1895.jpg,ALL,N/A,,,N/A,summary,N/A
952.jpg,1,52,,,,,
952.jpg,2,20,,,,,
952.jpg,3,1,,,,,
952.jpg,4,1,,,,,
952.jpg,5,5,,,,,
952.jpg,6,9,,,,,
952.jpg,7,8,৮,,৮,number,96.93
952.jpg,8,8,,,,,
952.jpg,ALL,N/A,৮,,৮,summary,N/A
1605.jpg,1,1,,,,,
1605.jpg,2,1,,,,,
1605.jpg,3,0,,,,,
1605.jpg,4,7,,,,,
1605.jpg,5,6,,,,,
1605.jpg,6,2,,,,,
1605.jpg,ALL,N/A,,,N/A,summary,N/A
449.jpg,1,37,,বান্দরবান,বান্দরবান,word,99.73
449.jpg,2,15,৬,,৬,number,78.68
449.jpg,3,2,১,,১,number,75.31
449.jpg,4,1,,,,,
449.jpg,5,0,,,,,
449.jpg,6,9,,,,,
449.jpg,7,8,৮,,৮,number,99.12
449.jpg,8,7,,,,,
449.jpg,ALL,N/A,৬,বান্দরবান,বান্দরবান ৬,summary,N/A
2225.jpg,1,49,,,,,
2225.jpg,2,10,,,,,
2225.jpg,3,27,,,,,
2225.jpg,4,1,,,,,
2225.jpg,5,4,,,,,
2225.jpg,6,8,,,,,
2225.jpg,7,2,,,,,
2225.jpg,8,2,,,,,
2225.jpg,9,3,,,,,
2225.jpg,ALL,N/A,,,N/A,summary,N/A
1206.jpg,1,69,,,,,
1206.jpg,2,14,,,,,
1206.jpg,3,1,,,,,
1206.jpg,4,2,,,,,
1206.jpg,5,3,,,,,
1206.jpg,6,4,,,,,
1206.jpg,7,5,,,,,
1206.jpg,8,6,,,,,
1206.jpg,ALL,N/A,,,N/A,summary,N/A
478.jpg,1,42,,চাঁদপুর,চাঁদপুর,word,91.01
478.jpg,2,34,,,,,
478.jpg,3,7,,,,,
478.jpg,4,8,৮,,৮,number,45.85
478.jpg,5,9,,,,,
478.jpg,6,0,,,,,
478.jpg,7,1,,,,,
478.jpg,8,2,,,,,
478.jpg,ALL,N/A,৮,চাঁদপুর,চাঁদপুর ৮,summary,N/A
603.jpg,1,56,,হবিগঞ্জ,হবিগঞ্জ,word,90.30
603.jpg,2,22,,,,,
603.jpg,3,1,,,,,
603.jpg,4,2,,,,,
603.jpg,5,3,,,,,
603.jpg,6,4,,,,,
603.jpg,7,8,৮,,৮,number,54.34
603.jpg,8,9,,,,,
603.jpg,ALL,N/A,৮,হবিগঞ্জ,হবিগঞ্জ ৮,summary,N/A
811.jpg,1,85,,পটুয়াখালী,পটুয়াখালী,word,70.44
811.jpg,2,25,,,,,
811.jpg,3,1,১,,১,number,83.48
811.jpg,4,1,,,,,
811.jpg,5,0,,,,,
811.jpg,6,7,,,,,
811.jpg,7,4,,,,,
811.jpg,8,3,,,,,
811.jpg,ALL,N/A,১,পটুয়াখালী,পটুয়াখালী ১,summary,N/A
1532.jpg,1,92,,সাতক্ষীরা,সাতক্ষীরা,word,77.77
1532.jpg,2,20,,,,,
1532.jpg,3,1,১,,১,number,99.72
1532.jpg,4,6,৬,,৬,number,100.00
1532.jpg,5,9,৯,,৯,number,99.74
1532.jpg,6,4,,,,,
1532.jpg,7,3,৩,,৩,number,99.48
1532.jpg,8,7,৭,,৭,number,29.55
1532.jpg,ALL,N/A,১,সাতক্ষীরা,সাতক্ষীরা ১,summary,N/A
258.jpg,1,49,,ঢাকা,ঢাকা,word,89.45
258.jpg,2,10,,মেট্রো,মেট্রো,word,78.09
258.jpg,3,18,,,,,
258.jpg,4,1,,,,,
258.jpg,5,5,,,,,
258.jpg,6,3,,,,,
258.jpg,7,7,,,,,
258.jpg,8,5,,,,,
258.jpg,9,0,,,,,
258.jpg,ALL,N/A,,ঢাকা,ঢাকা,summary,N/A
1428.jpg,1,71,,মানিকগঞ্জ,মানিকগঞ্জ,word,80.87
1428.jpg,2,25,,,,,
1428.jpg,3,1,১,,১,number,99.97
1428.jpg,4,1,১,,১,number,72.53
1428.jpg,ALL,N/A,১,মানিকগঞ্জ,মানিকগঞ্জ ১,summary,N/A
1277.jpg,1,74,,ময়মনসিংহ,ময়মনসিংহ,word,90.23
1277.jpg,2,34,,,,,
1277.jpg,3,2,২,,২,number,99.82
1277.jpg,4,3,,,,,
1277.jpg,5,4,,,,,
1277.jpg,6,5,,,,,
1277.jpg,7,6,৬,,৬,number,93.35
1277.jpg,8,7,,,,,
1277.jpg,ALL,N/A,২,ময়মনসিংহ,ময়মনসিংহ ২,summary,N/A
2212.jpg,1,49,,ঢাকা,ঢাকা,word,75.37
2212.jpg,2,10,,,,,
2212.jpg,3,19,,,,,
2212.jpg,4,1,১,,১,number,38.06
2212.jpg,5,8,,,,,
2212.jpg,6,5,,,,,
2212.jpg,7,0,,,,,
2212.jpg,8,3,,,,,
2212.jpg,9,1,১,,১,number,26.10
2212.jpg,ALL,N/A,১,ঢাকা,ঢাকা ১,summary,N/A
843.jpg,1,87,,,,,
843.jpg,2,10,,মেট্রো,মেট্রো,word,74.10
843.jpg,3,22,,,,,
843.jpg,4,1,১,,১,number,65.76
843.jpg,5,1,১,,১,number,82.12
843.jpg,6,0,,,,,
843.jpg,7,0,,,,,
843.jpg,8,0,,,,,
843.jpg,9,4,,,,,
843.jpg,ALL,N/A,১,মেট্রো,মেট্রো ১,summary,N/A
2166.jpg,1,49,,ঢাকা,ঢাকা,word,82.30
2166.jpg,2,10,,মেট্রো,মেট্রো,word,95.82
2166.jpg,3,18,,,,,
2166.jpg,4,2,২,,২,number,44.33
2166.jpg,5,2,,,,,
2166.jpg,6,2,,,,,
2166.jpg,7,8,৮,,৮,number,100.00
2166.jpg,8,2,,,,,
2166.jpg,9,9,৯,,৯,number,99.72
2166.jpg,ALL,N/A,২,ঢাকা,ঢাকা ২,summary,N/A
2282.jpg,1,44,,,,,
2282.jpg,2,10,,মেট্রো,মেট্রো,word,68.93
2282.jpg,3,18,,,,,
2282.jpg,4,1,,,,,
2282.jpg,5,2,,,,,
2282.jpg,6,8,৮,,৮,number,99.94
2282.jpg,7,4,,,,,
2282.jpg,8,1,১,,১,number,20.25
2282.jpg,9,0,,,,,
2282.jpg,ALL,N/A,৮,মেট্রো,মেট্রো ৮,summary,N/A
2552.jpg,1,53,,,,,
2552.jpg,2,20,,,,,
2552.jpg,3,1,,,,,
2552.jpg,4,3,,,,,
2552.jpg,5,1,,,,,
2552.jpg,6,1,১,,১,number,0.99
2552.jpg,7,5,,,,,
2552.jpg,8,9,,,,,
2552.jpg,ALL,N/A,১,,১,summary,N/A
2365.jpg,1,46,,,,,
2365.jpg,2,25,,,,,
2365.jpg,3,1,,,,,
2365.jpg,4,1,১,,১,number,98.02
2365.jpg,5,2,,,,,
2365.jpg,6,4,,,,,
2365.jpg,7,2,,,,,
2365.jpg,8,0,,,,,
2365.jpg,ALL,N/A,১,,১,summary,N/A
708.jpg,1,85,,,,,
708.jpg,2,19,,,,,
708.jpg,3,1,,,,,
708.jpg,4,9,,,,,
708.jpg,5,5,,,,,
708.jpg,6,6,,,,,
708.jpg,7,7,,,,,
708.jpg,8,8,,,,,
708.jpg,ALL,N/A,,,N/A,summary,N/A
533.jpg,1,49,,ঢাকা,ঢাকা,word,86.39
533.jpg,2,14,,,,,
533.jpg,3,1,,,,,
533.jpg,4,2,১,,১,number,34.59
533.jpg,5,3,,,,,
533.jpg,6,4,,,,,
533.jpg,7,8,৮,,৮,number,49.21
533.jpg,8,9,,,,,
533.jpg,ALL,N/A,১,ঢাকা,ঢাকা ১,summary,N/A
1056.jpg,1,98,,,,,
1056.jpg,2,24,,,,,
1056.jpg,3,3,,,,,
1056.jpg,4,4,,,,,
1056.jpg,5,5,,,,,
1056.jpg,6,6,,,,,
1056.jpg,7,7,,,,,
1056.jpg,8,8,,,,,
1056.jpg,ALL,N/A,,,N/A,summary,N/A
499.jpg,1,38,,বরগুনা,বরগুনা,word,89.19
499.jpg,2,17,,,,,
499.jpg,3,5,,,,,
499.jpg,4,6,,,,,
499.jpg,5,7,,,,,
499.jpg,6,8,৮,,৮,number,56.75
499.jpg,7,9,,,,,
499.jpg,8,0,,,,,
499.jpg,ALL,N/A,৮,বরগুনা,বরগুনা ৮,summary,N/A
2364.jpg,1,49,,,,,
2364.jpg,2,10,,,,,
2364.jpg,3,18,,,,,
2364.jpg,4,2,,,,,
2364.jpg,5,7,৫,,৫,number,17.06
2364.jpg,6,9,,,,,
2364.jpg,7,2,,,,,
2364.jpg,8,6,,,,,
2364.jpg,9,7,,,,,
2364.jpg,ALL,N/A,৫,,৫,summary,N/A
1543.jpg,1,93,,,,,
1543.jpg,2,25,,,,,
1543.jpg,3,1,১,,১,number,24.66
1543.jpg,4,1,৫১,,৫১,number,10.10
1543.jpg,5,4,,,,,
1543.jpg,6,8,,,,,
1543.jpg,7,5,,,,,
1543.jpg,8,7,,,,,
1543.jpg,ALL,N/A,১,,১,summary,N/A
666.jpg,1,43,,,,,
666.jpg,2,15,,,,,
666.jpg,3,3,,,,,
666.jpg,4,4,,,,,
666.jpg,5,5,,,,,
666.jpg,6,6,,,,,
666.jpg,7,7,,,,,
666.jpg,8,8,৩,,৩,number,11.62
666.jpg,ALL,N/A,৩,,৩,summary,N/A
1077.jpg,1,60,,,,,
1077.jpg,2,28,,,,,
1077.jpg,3,1,,,,,
1077.jpg,4,4,,,,,
1077.jpg,5,7,,,,,
1077.jpg,6,8,,,,,
1077.jpg,7,9,,,,,
1077.jpg,8,2,,,,,
1077.jpg,ALL,N/A,,,N/A,summary,N/A
1890.jpg,1,49,,,,,
1890.jpg,2,10,,মেট্রো,মেট্রো,word,85.17
1890.jpg,3,18,,,,,
1890.jpg,4,2,,,,,
1890.jpg,5,6,,,,,
1890.jpg,6,5,৫,,৫,number,98.76
1890.jpg,7,9,,,,,
1890.jpg,8,1,,,,,
1890.jpg,9,6,,,,,
1890.jpg,ALL,N/A,৫,মেট্রো,মেট্রো ৫,summary,N/A
411.jpg,1,36,,,,,
411.jpg,2,34,,,,,
411.jpg,3,3,,,,,
411.jpg,4,4,,,,,
411.jpg,5,5,,,,,
411.jpg,6,6,,,,,
411.jpg,7,7,৭,,৭,number,97.30
411.jpg,8,8,,,,,
411.jpg,ALL,N/A,৭,,৭,summary,N/A
1090.jpg,1,61,,জয়পুরহাট,জয়পুরহাট,word,87.54
1090.jpg,2,29,,,,,
1090.jpg,3,2,,,,,
1090.jpg,4,4,,,,,
1090.jpg,5,6,,,,,
1090.jpg,6,8,৮,,৮,number,91.11
1090.jpg,7,0,,,,,
1090.jpg,8,1,,,,,
1090.jpg,ALL,N/A,৮,জয়পুরহাট,জয়পুরহাট ৮,summary,N/A
1266.jpg,1,74,,,,,
1266.jpg,2,34,৬,,৬,number,43.60
1266.jpg,3,2,,,,,
1266.jpg,4,4,,,,,
1266.jpg,5,6,,,,,
1266.jpg,6,8,,,,,
1266.jpg,7,0,,,,,
1266.jpg,8,1,,,,,
1266.jpg,ALL,N/A,৬,,৬,summary,N/A
286.jpg,1,44,,,,,
286.jpg,2,10,,,,,
286.jpg,3,19,,,,,
286.jpg,4,1,,,,,
286.jpg,5,1,,,,,
286.jpg,6,2,,,,,
286.jpg,7,2,,,,,
286.jpg,8,6,,,,,
286.jpg,9,4,,,,,
286.jpg,ALL,N/A,,,N/A,summary,N/A
2165.jpg,1,49,,,,,
2165.jpg,2,10,,,,,
2165.jpg,3,13,,,,,
2165.jpg,4,1,,,,,
2165.jpg,5,5,,,,,
2165.jpg,6,8,৮,,৮,number,99.48
2165.jpg,7,9,,,,,
2165.jpg,8,0,,,,,
2165.jpg,9,4,,,,,
2165.jpg,ALL,N/A,৮,,৮,summary,N/A
1723.jpg,1,95,,সিরাজগঞ্জ,সিরাজগঞ্জ,word,87.03
1723.jpg,2,22,,,,,
1723.jpg,3,3,,,,,
1723.jpg,4,4,,,,,
1723.jpg,5,7,৭,,৭,number,53.27
1723.jpg,6,8,৮,,৮,number,78.08
1723.jpg,7,9,,,,,
1723.jpg,8,0,,,,,
1723.jpg,ALL,N/A,৭,সিরাজগঞ্জ,সিরাজগঞ্জ ৭,summary,N/A
747.jpg,1,58,,যশোর,যশোর,word,94.14
747.jpg,2,20,,,,,
747.jpg,3,1,১,,১,number,99.99
747.jpg,4,7,৭,,৭,number,90.26
747.jpg,5,6,৬,,৬,number,100.00
747.jpg,6,0,,,,,
747.jpg,7,3,,,,,
747.jpg,8,5,,,,,
747.jpg,ALL,N/A,১,যশোর,যশোর ১,summary,N/A
1514.jpg,1,79,,নাটোর,নাটোর,word,99.58
1514.jpg,2,1,,,,,
1514.jpg,3,1,,,,,
1514.jpg,4,6,,,,,
1514.jpg,5,8,৮,,৮,number,97.72
1514.jpg,ALL,N/A,৮,নাটোর,নাটোর ৮,summary,N/A
942.jpg,1,98,,টাঙ্গাইল,টাঙ্গাইল,word,78.86
942.jpg,2,20,,,,,
942.jpg,3,1,১,,১,number,1.56
942.jpg,4,1,২১,,২১,number,9.45
942.jpg,5,4,,,,,
942.jpg,6,0,,,,,
942.jpg,7,5,,,,,
942.jpg,8,2,১,,১,number,35.08
942.jpg,ALL,N/A,১,টাঙ্গাইল,টাঙ্গাইল ১,summary,N/A
316.jpg,1,49,,,,,
316.jpg,2,10,,,,,
316.jpg,3,18,,,,,
316.jpg,4,2,,,,,
316.jpg,5,1,,,,,
316.jpg,6,3,,,,,
316.jpg,7,3,,,,,
316.jpg,8,7,,,,,
316.jpg,9,7,,,,,
316.jpg,10,4,,,,,
316.jpg,ALL,N/A,,,N/A,summary,N/A
988.jpg,1,52,,ফেনী,ফেনী,word,93.32
988.jpg,2,20,,,,,
988.jpg,3,1,১,,১,number,100.00
988.jpg,4,1,১,,১,number,99.99
988.jpg,5,8,,,,,
988.jpg,6,7,৭,,৭,number,39.40
988.jpg,7,5,,,,,
988.jpg,8,9,,,,,
988.jpg,ALL,N/A,১,ফেনী,ফেনী ১,summary,N/A
973.jpg,1,35,,বাগেরহাট,বাগেরহাট,word,93.16
973.jpg,2,16,,,,,
973.jpg,3,7,,,,,
973.jpg,4,8,৮৮,,৮৮,number,62.80
973.jpg,5,9,,,,,
973.jpg,6,0,,,,,
973.jpg,7,1,১,,১,number,98.82
973.jpg,8,2,২,,২,number,99.94
973.jpg,ALL,N/A,৮৮,বাগেরহাট,বাগেরহাট ৮৮,summary,N/A
1657.jpg,1,63,,খুলনা,খুলনা,word,85.80
1657.jpg,2,25,,,,,
1657.jpg,3,1,,,,,
1657.jpg,4,1,,,,,
1657.jpg,5,1,১,,১,number,99.99
1657.jpg,6,2,,,,,
1657.jpg,7,9,,,,,
1657.jpg,8,6,,,,,
1657.jpg,ALL,N/A,১,খুলনা,খুলনা ১,summary,N/A
629.jpg,1,58,,যশোর,যশোর,word,96.62
629.jpg,2,26,,,,,
629.jpg,3,2,২,,২,number,99.89
629.jpg,4,3,,,,,
629.jpg,5,4,,,,,
629.jpg,6,5,,,,,
629.jpg,7,6,৬,,৬,number,99.96
629.jpg,8,7,,,,,
629.jpg,ALL,N/A,২,যশোর,যশোর ২,summary,N/A
1562.jpg,1,95,,সিরাজগঞ্জ,সিরাজগঞ্জ,word,99.22
1562.jpg,2,25,,,,,
1562.jpg,3,1,১,,১,number,74.87
1562.jpg,4,1,১,,১,number,99.99
1562.jpg,5,7,,,,,
1562.jpg,6,4,,,,,
1562.jpg,ALL,N/A,১,সিরাজগঞ্জ,সিরাজগঞ্জ ১,summary,N/A
2194.jpg,1,49,,,,,
2194.jpg,2,10,,মেট্রো,মেট্রো,word,76.29
2194.jpg,3,18,,,,,
2194.jpg,4,1,১,,১,number,98.03
2194.jpg,5,7,৭,,৭,number,65.63
2194.jpg,6,2,,,,,
2194.jpg,7,1,১,,১,number,99.99
2194.jpg,8,6,৬,,৬,number,99.26
2194.jpg,9,4,,,,,
2194.jpg,ALL,N/A,১,মেট্রো,মেট্রো ১,summary,N/A
838.jpg,1,87,,,,,
838.jpg,2,10,,মেট্রো,মেট্রো,word,81.49
838.jpg,3,20,,,,,
838.jpg,4,1,১,,১,number,98.52
838.jpg,5,2,,,,,
838.jpg,ALL,N/A,১,মেট্রো,মেট্রো ১,summary,N/A
1781.jpg,1,49,,ঢাকা,ঢাকা,word,79.10
1781.jpg,2,10,,মেট্রো,মেট্রো,word,91.03
1781.jpg,3,13,,,,,
1781.jpg,4,5,,,,,
1781.jpg,5,1,,,,,
1781.jpg,6,4,,,,,
1781.jpg,7,8,৮,,৮,number,100.00
1781.jpg,8,7,,,,,
1781.jpg,9,3,,,,,
1781.jpg,ALL,N/A,৮,ঢাকা,ঢাকা ৮,summary,N/A
665.jpg,1,43,,,,,
665.jpg,2,15,,,,,
665.jpg,3,7,,,,,
665.jpg,4,8,৮,,৮,number,73.34
665.jpg,5,9,,,,,
665.jpg,6,0,,,,,
665.jpg,7,1,১,,১,number,98.33
665.jpg,8,2,২,,২,number,99.97
665.jpg,ALL,N/A,৮,,৮,summary,N/A
174.jpeg,1,60,,ঝিনাইদহ,ঝিনাইদহ,word,91.51
174.jpeg,2,25,,,,,
174.jpeg,3,2,২,,২,number,98.37
174.jpeg,4,9,,,,,
174.jpeg,5,1,১,,১,number,98.32
174.jpeg,6,1,১,,১,number,100.00
174.jpeg,7,1,,,,,
174.jpeg,8,1,,,,,
174.jpeg,ALL,N/A,১,ঝিনাইদহ,ঝিনাইদহ ১,summary,N/A
2415.jpg,1,49,,ঢাকা,ঢাকা,word,92.21
2415.jpg,2,10,,মেট্রো,মেট্রো,word,96.13
2415.jpg,3,18,,,,,
2415.jpg,4,2,,,,,
2415.jpg,5,7,৭,,৭,number,25.96
2415.jpg,6,9,,,,,
2415.jpg,7,2,,,,,
2415.jpg,8,6,,,,,
2415.jpg,9,7,,,,,
2415.jpg,ALL,N/A,৭,ঢাকা,ঢাকা ৭,summary,N/A
1094.jpg,1,61,,জয়পুরহাট,জয়পুরহাট,word,78.53
1094.jpg,2,29,,,,,
1094.jpg,3,1,,,,,
1094.jpg,4,2,,,,,
1094.jpg,5,3,,,,,
1094.jpg,6,4,,,,,
1094.jpg,7,8,,,,,
1094.jpg,8,9,,,,,
1094.jpg,ALL,N/A,,জয়পুরহাট,জয়পুরহাট,summary,N/A
805.jpg,1,85,,পটুয়াখালী,পটুয়াখালী,word,74.07
805.jpg,2,20,,,,,
805.jpg,3,1,১,,১,number,99.87
805.jpg,4,2,,,,,
805.jpg,5,0,,,,,
805.jpg,6,9,৯,,৯,number,93.22
805.jpg,7,5,,,,,
805.jpg,8,5,,,,,
805.jpg,ALL,N/A,১,পটুয়াখালী,পটুয়াখালী ১,summary,N/A
539.jpg,1,50,,দিনাজপুর,দিনাজপুর,word,56.42
539.jpg,2,16,,,,,
539.jpg,3,1,,,,,
539.jpg,4,2,,,,,
539.jpg,5,3,,,,,
539.jpg,6,4,,,,,
539.jpg,7,5,,,,,
539.jpg,8,6,,,,,
539.jpg,ALL,N/A,,দিনাজপুর,দিনাজপুর,summary,N/A
2513.jpg,1,49,,ঢাকা,ঢাকা,word,96.11
2513.jpg,2,10,,মেট্রো,মেট্রো,word,78.78
2513.jpg,3,101,,,,,
2513.jpg,4,7,৭,,৭,number,84.10
2513.jpg,5,0,,,,,
2513.jpg,6,8,,,,,
2513.jpg,7,4,,,,,
2513.jpg,8,5,,,,,
2513.jpg,9,1,১,,১,number,99.99
2513.jpg,ALL,N/A,৭,ঢাকা,ঢাকা ৭,summary,N/A
680.jpg,1,83,,,,,
680.jpg,2,21,,,,,
680.jpg,3,1,,,,,
680.jpg,4,2,১,,১,number,57.72
680.jpg,5,3,,,,,
680.jpg,6,4,,,,,
680.jpg,7,5,,,,,
680.jpg,8,6,,,,,
680.jpg,ALL,N/A,১,,১,summary,N/A
1248.jpg,1,73,৩,,৩,number,3.21
1248.jpg,2,100,,,,,
1248.jpg,3,1,,,,,
1248.jpg,4,2,,,,,
1248.jpg,5,9,,,,,
1248.jpg,6,0,,,,,
1248.jpg,7,1,,,,,
1248.jpg,8,2,,,,,
1248.jpg,ALL,N/A,৩,,৩,summary,N/A
1714.jpg,1,94,,,,,
1714.jpg,2,25,,,,,
1714.jpg,3,1,,,,,
1714.jpg,4,2,১,,১,number,99.25
1714.jpg,5,3,,,,,
1714.jpg,6,4,,,,,
1714.jpg,7,5,,,,,
1714.jpg,8,6,৬,,৬,number,85.72
1714.jpg,ALL,N/A,১,,১,summary,N/A
1149.jpg,1,65,,কুড়িগ্রাম,কুড়িগ্রাম,word,67.59
1149.jpg,2,100,,,,,
1149.jpg,3,1,,,,,
1149.jpg,4,2,,,,,
1149.jpg,5,3,,,,,
1149.jpg,6,4,৪,,৪,number,16.16
1149.jpg,7,5,,,,,
1149.jpg,8,6,,,,,
1149.jpg,ALL,N/A,৪,কুড়িগ্রাম,কুড়িগ্রাম ৪,summary,N/A
1586.jpg,1,96,,সুনামগঞ্জ,সুনামগঞ্জ,word,82.41
1586.jpg,2,12,,,,,
1586.jpg,3,3,,,,,
1586.jpg,4,4,,,,,
1586.jpg,5,5,,,,,
1586.jpg,6,6,,,,,
1586.jpg,7,7,৭,,৭,number,66.66
1586.jpg,8,8,,,,,
1586.jpg,ALL,N/A,৭,সুনামগঞ্জ,সুনামগঞ্জ ৭,summary,N/A
675.jpg,1,83,,,,,
675.jpg,2,21,,,,,
675.jpg,3,3,,,,,
675.jpg,4,4,,,,,
675.jpg,5,5,,,,,
675.jpg,6,6,,,,,
675.jpg,7,7,,,,,
675.jpg,8,8,,,,,
675.jpg,ALL,N/A,,,N/A,summary,N/A
2461.jpg,1,58,,,,,
2461.jpg,2,25,,,,,
2461.jpg,3,1,১,,১,number,99.93
2461.jpg,4,2,,,,,
2461.jpg,5,6,,,,,
2461.jpg,6,8,৮,,৮,number,100.00
2461.jpg,7,9,৯,,৯,number,51.38
2461.jpg,8,8,৮,,৮,number,99.95
2461.jpg,ALL,N/A,৮,,৮,summary,N/A
1523.jpg,1,79,,নাটোর,নাটোর,word,98.54
1523.jpg,2,20,,,,,
1523.jpg,3,9,,,,,
1523.jpg,4,3,,,,,
1523.jpg,5,1,,,,,
1523.jpg,6,1,১,,১,number,100.00
1523.jpg,7,1,,,,,
1523.jpg,8,1,১,,১,number,99.93
1523.jpg,ALL,N/A,১,নাটোর,নাটোর ১,summary,N/A
228.jpg,1,49,,,,,
228.jpg,2,10,,,,,
228.jpg,3,18,,,,,
228.jpg,4,2,,,,,
228.jpg,5,2,,,,,
228.jpg,6,3,,,,,
228.jpg,7,3,,,,,
228.jpg,8,4,,,,,
228.jpg,9,5,,,,,
228.jpg,ALL,N/A,,,N/A,summary,N/A
391.jpg,1,37,,বান্দরবান,বান্দরবান,word,90.69
391.jpg,2,15,৬,,৬,number,39.18
391.jpg,3,7,,,,,
391.jpg,4,8,৮,,৮,number,86.24
391.jpg,5,9,,,,,
391.jpg,6,0,,,,,
391.jpg,7,1,,,,,
391.jpg,8,2,,,,,
391.jpg,ALL,N/A,৬,বান্দরবান,বান্দরবান ৬,summary,N/A
471.jpg,1,40,,,,,
471.jpg,2,32,,,,,
471.jpg,3,7,,,,,
471.jpg,4,8,,,,,
471.jpg,5,9,,,,,
471.jpg,6,0,,,,,
471.jpg,7,1,,,,,
471.jpg,8,2,,,,,
471.jpg,ALL,N/A,,,N/A,summary,N/A
211.jpg,1,49,,ঢাকা,ঢাকা,word,86.28
211.jpg,2,10,,,,,
211.jpg,3,24,,,,,
211.jpg,4,1,,,,,
211.jpg,5,2,,,,,
211.jpg,6,6,,,,,
211.jpg,7,7,,,,,
211.jpg,8,7,,,,,
211.jpg,9,7,,,,,
211.jpg,ALL,N/A,,ঢাকা,ঢাকা,summary,N/A
964.jpg,1,52,,,,,
964.jpg,2,25,,,,,
964.jpg,3,1,,,,,
964.jpg,4,1,১,,১,number,99.91
964.jpg,5,4,,,,,
964.jpg,6,9,,,,,
964.jpg,7,2,,,,,
964.jpg,8,6,,,,,
964.jpg,ALL,N/A,১,,১,summary,N/A
2235.jpg,1,63,,,,,
2235.jpg,2,10,,,,,
2235.jpg,3,27,,,,,
2235.jpg,4,1,,,,,
2235.jpg,5,1,,,,,
2235.jpg,6,0,,,,,
2235.jpg,7,6,,,,,
2235.jpg,8,3,,,,,
2235.jpg,9,5,,,,,
2235.jpg,ALL,N/A,,,N/A,summary,N/A
1457.jpg,1,59,,,,,
1457.jpg,2,25,,,,,
1457.jpg,3,1,,,,,
1457.jpg,4,1,,,,,
1457.jpg,5,1,,,,,
1457.jpg,6,0,,,,,
1457.jpg,7,4,,,,,
1457.jpg,8,3,,,,,
1457.jpg,ALL,N/A,,,N/A,summary,N/A
2516.jpg,1,39,,বরিশাল,বরিশাল,word,83.09
2516.jpg,2,10,,মেট্রো,মেট্রো,word,92.67
2516.jpg,3,25,,,,,
2516.jpg,4,3,৩,,৩,number,92.60
2516.jpg,5,7,,,,,
2516.jpg,6,6,,,,,
2516.jpg,7,3,৩,,৩,number,88.13
2516.jpg,8,1,১,,১,number,100.00
2516.jpg,9,1,১,,১,number,99.91
2516.jpg,ALL,N/A,৩,বরিশাল,বরিশাল ৩,summary,N/A
1479.jpg,1,60,,ঝিনাইদহ,ঝিনাইদহ,word,80.87
1479.jpg,2,20,,,,,
1479.jpg,3,1,,,,,
1479.jpg,4,1,,,,,
1479.jpg,5,2,২,,২,number,69.24
1479.jpg,6,3,,,,,
1479.jpg,7,0,,,,,
1479.jpg,8,0,,,,,
1479.jpg,ALL,N/A,২,ঝিনাইদহ,ঝিনাইদহ ২,summary,N/A
1661.jpg,1,63,,খুলনা,খুলনা,word,91.32
1661.jpg,2,10,,মেট্রো,মেট্রো,word,89.85
1661.jpg,3,25,,,,,
1661.jpg,4,1,১,,১,number,66.44
1661.jpg,5,1,১,,১,number,99.87
1661.jpg,6,0,,,,,
1661.jpg,7,9,,,,,
1661.jpg,8,4,,,,,
1661.jpg,9,2,,,,,
1661.jpg,ALL,N/A,১,খুলনা,খুলনা ১,summary,N/A
2219.jpg,1,49,,,,,
2219.jpg,2,10,,,,,
2219.jpg,3,13,,,,,
2219.jpg,4,1,,,,,
2219.jpg,5,3,,,,,
2219.jpg,6,0,,,,,
2219.jpg,7,5,,,,,
2219.jpg,8,3,,,,,
2219.jpg,9,4,,,,,
2219.jpg,ALL,N/A,,,N/A,summary,N/A
221.jpg,1,49,,ঢাকা,ঢাকা,word,80.19
221.jpg,2,10,,,,,
221.jpg,3,18,,,,,
221.jpg,4,1,,,,,
221.jpg,5,4,,,,,
221.jpg,6,5,,,,,
221.jpg,7,0,,,,,
221.jpg,8,0,,,,,
221.jpg,9,8,,,,,
221.jpg,ALL,N/A,,ঢাকা,ঢাকা,summary,N/A
623.jpg,1,58,,,,,
623.jpg,2,26,,,,,
623.jpg,3,1,,,,,
623.jpg,4,2,১,,১,number,45.11
623.jpg,5,3,৩,,৩,number,98.30
623.jpg,6,5,,,,,
623.jpg,7,5,,,,,
623.jpg,8,4,৪,,৪,number,36.96
623.jpg,ALL,N/A,১,,১,summary,N/A
2199.jpg,1,49,,,,,
2199.jpg,2,10,,,,,
2199.jpg,3,18,,,,,
2199.jpg,4,3,,,,,
2199.jpg,5,3,,,,,
2199.jpg,6,0,,,,,
2199.jpg,7,5,,,,,
2199.jpg,8,7,৭,,৭,number,87.73
2199.jpg,9,5,৫,,৫,number,99.93
2199.jpg,ALL,N/A,৭,,৭,summary,N/A
474.jpg,1,47,,কক্সবাজার,কক্সবাজার,word,85.30
474.jpg,2,12,,,,,
474.jpg,3,1,,,,,
474.jpg,4,2,,,,,
474.jpg,5,3,,,,,
474.jpg,6,4,,,,,
474.jpg,7,8,৮,,৮,number,78.48
474.jpg,8,9,,,,,
474.jpg,ALL,N/A,৮,কক্সবাজার,কক্সবাজার ৮,summary,N/A
4.jpeg,1,74,,ময়মনসিংহ,ময়মনসিংহ,word,72.52
4.jpeg,2,20,,,,,
4.jpeg,3,1,,,,,
4.jpeg,4,4,,,,,
4.jpeg,5,6,,,,,
4.jpeg,6,6,,,,,
4.jpeg,7,3,,,,,
4.jpeg,8,0,,,,,
4.jpeg,ALL,N/A,,ময়মনসিংহ,ময়মনসিংহ,summary,N/A
157.jpeg,1,49,,ঢাকা,ঢাকা,word,76.68
157.jpeg,2,10,,মেট্রো,মেট্রো,word,92.09
157.jpeg,3,14,,,,,
157.jpeg,4,7,,,,,
157.jpeg,5,1,,,,,
157.jpeg,6,1,,,,,
157.jpeg,7,3,৩,,৩,number,99.53
157.jpeg,8,2,,,,,
157.jpeg,9,4,,,,,
157.jpeg,ALL,N/A,৩,ঢাকা,ঢাকা ৩,summary,N/A
707.jpg,1,85,,পটুয়াখালী,পটুয়াখালী,word,82.46
707.jpg,2,19,,,,,
707.jpg,3,1,,,,,
707.jpg,4,1,১,,১,number,99.50
707.jpg,5,1,১,,১,number,99.88
707.jpg,6,9,,,,,
707.jpg,7,2,২,,২,number,99.96
707.jpg,8,8,,,,,
707.jpg,ALL,N/A,১,পটুয়াখালী,পটুয়াখালী ১,summary,N/A
281.jpg,1,49,,ঢাকা,ঢাকা,word,99.75
281.jpg,2,10,,,,,
281.jpg,3,12,,,,,
281.jpg,4,1,১,,১,number,99.90
281.jpg,5,1,,,,,
281.jpg,6,1,,,,,
281.jpg,7,1,,,,,
281.jpg,8,9,,,,,
281.jpg,9,7,,,,,
281.jpg,ALL,N/A,১,ঢাকা,ঢাকা ১,summary,N/A
2550.jpg,1,36,,,,,
2550.jpg,2,25,,,,,
2550.jpg,3,1,১,,১,number,100.00
2550.jpg,4,2,,,,,
2550.jpg,5,6,৬,,৬,number,99.03
2550.jpg,6,0,,,,,
2550.jpg,7,0,,,,,
2550.jpg,8,8,৮,,৮,number,99.97
2550.jpg,ALL,N/A,১,,১,summary,N/A
1440.jpg,1,71,,মানিকগঞ্জ,মানিকগঞ্জ,word,81.79
1440.jpg,2,20,,,,,
1440.jpg,3,1,১,,১,number,91.36
1440.jpg,4,2,২,,২,number,45.62
1440.jpg,5,5,,,,,
1440.jpg,6,3,,,,,
1440.jpg,7,4,,,,,
1440.jpg,8,4,,,,,
1440.jpg,ALL,N/A,১,মানিকগঞ্জ,মানিকগঞ্জ ১,summary,N/A
1739.jpg,1,99,,ঠাকুরগাঁও,ঠাকুরগাঁও,word,96.04
1739.jpg,2,33,,,,,
1739.jpg,3,2,,,,,
1739.jpg,4,3,,,,,
1739.jpg,5,4,,,,,
1739.jpg,6,5,,,,,
1739.jpg,7,6,৬,,৬,number,99.31
1739.jpg,8,7,,,,,
1739.jpg,ALL,N/A,৬,ঠাকুরগাঁও,ঠাকুরগাঁও ৬,summary,N/A
658.jpg,1,43,,,,,
658.jpg,2,15,,,,,
658.jpg,3,1,,,,,
658.jpg,4,2,২,,২,number,99.81
658.jpg,5,3,,,,,
658.jpg,6,4,,,,,
658.jpg,7,5,,,,,
658.jpg,8,6,,,,,
658.jpg,ALL,N/A,২,,২,summary,N/A
2209.jpg,1,49,,ঢাকা,ঢাকা,word,89.88
2209.jpg,2,10,,মেট্রো,মেট্রো,word,88.69
2209.jpg,3,19,,,,,
2209.jpg,4,1,১,,১,number,99.50
2209.jpg,5,5,৫,,৫,number,98.97
2209.jpg,6,4,,,,,
2209.jpg,7,9,,,,,
2209.jpg,8,4,,,,,
2209.jpg,9,3,,,,,
2209.jpg,ALL,N/A,১,ঢাকা,ঢাকা ১,summary,N/A
1696.jpg,1,93,,,,,
1696.jpg,2,14,,,,,
1696.jpg,3,0,,,,,
1696.jpg,4,1,,,,,
1696.jpg,5,3,,,,,
1696.jpg,6,4,,,,,
1696.jpg,7,5,৫,,৫,number,91.51
1696.jpg,8,6,৬,,৬,number,99.98
1696.jpg,ALL,N/A,৫,,৫,summary,N/A
1753.jpg,1,44,,,,,
1753.jpg,2,10,,মেট্রো,মেট্রো,word,74.50
1753.jpg,3,15,৫,,৫,number,64.70
1753.jpg,4,1,,,,,
1753.jpg,5,1,,,,,
1753.jpg,6,2,,,,,
1753.jpg,7,1,,,,,
1753.jpg,8,8,,,,,
1753.jpg,9,9,,,,,
1753.jpg,ALL,N/A,৫,মেট্রো,মেট্রো ৫,summary,N/A
2399.jpg,1,44,,,,,
2399.jpg,2,10,,,,,
2399.jpg,3,15,,,,,
2399.jpg,4,1,,,,,
2399.jpg,5,1,,,,,
2399.jpg,6,0,,,,,
2399.jpg,7,0,,,,,
2399.jpg,8,4,,,,,
2399.jpg,9,9,,,,,
2399.jpg,ALL,N/A,,,N/A,summary,N/A
703.jpg,1,86,,,,,
703.jpg,2,18,,,,,
703.jpg,3,7,,,,,
703.jpg,4,8,,,,,
703.jpg,5,9,,,,,
703.jpg,6,0,,,,,
703.jpg,7,1,,,,,
703.jpg,8,2,,,,,
703.jpg,ALL,N/A,,,N/A,summary,N/A
1017.jpg,1,35,,,,,
1017.jpg,2,16,,,,,
1017.jpg,3,7,,,,,
1017.jpg,4,8,,,,,
1017.jpg,5,9,,,,,
1017.jpg,6,0,,,,,
1017.jpg,7,1,,,,,
1017.jpg,8,2,,,,,
1017.jpg,ALL,N/A,,,N/A,summary,N/A
1322.jpg,1,79,,,,,
1322.jpg,2,27,,,,,
1322.jpg,3,7,,,,,
1322.jpg,4,8,,,,,
1322.jpg,5,9,,,,,
1322.jpg,6,0,,,,,
1322.jpg,7,1,,,,,
1322.jpg,8,2,,,,,
1322.jpg,ALL,N/A,,,N/A,summary,N/A
1787.jpg,1,49,,,,,
1787.jpg,2,10,,,,,
1787.jpg,3,18,,,,,
1787.jpg,4,1,,,,,
1787.jpg,5,3,৩,,৩,number,85.47
1787.jpg,6,3,,,,,
1787.jpg,7,4,,,,,
1787.jpg,8,9,,,,,
1787.jpg,9,5,,,,,
1787.jpg,ALL,N/A,৩,,৩,summary,N/A
1608.jpg,1,99,,,,,
1608.jpg,2,20,,,,,
1608.jpg,3,1,,,,,
1608.jpg,4,2,,,,,
1608.jpg,5,6,,,,,
1608.jpg,6,2,,,,,
1608.jpg,7,8,,,,,
1608.jpg,8,4,,,,,
1608.jpg,ALL,N/A,,,N/A,summary,N/A
917.jpg,1,97,,সিলেট,সিলেট,word,99.65
917.jpg,2,20,,,,,
917.jpg,3,1,,,,,
917.jpg,4,4,৪,,৪,number,95.88
917.jpg,5,3,,,,,
917.jpg,6,3,,,,,
917.jpg,7,2,,,,,
917.jpg,8,2,,,,,
917.jpg,ALL,N/A,৪,সিলেট,সিলেট ৪,summary,N/A
894.jpg,1,91,,রংপুর,রংপুর,word,95.69
894.jpg,2,20,,,,,
894.jpg,3,1,১,,১,number,99.50
894.jpg,4,6,৬,,৬,number,48.77
894.jpg,5,6,৬,,৬,number,96.76
894.jpg,6,2,,,,,
894.jpg,7,2,১,,১,number,30.74
894.jpg,8,4,,,,,
894.jpg,ALL,N/A,১,রংপুর,রংপুর ১,summary,N/A
2147.jpg,1,49,,,,,
2147.jpg,2,10,,মেট্রো,মেট্রো,word,63.45
2147.jpg,3,18,,,,,
2147.jpg,4,2,,,,,
2147.jpg,5,2,,,,,
2147.jpg,6,0,,,,,
2147.jpg,7,3,,,,,
2147.jpg,8,2,,,,,
2147.jpg,9,7,৭,,৭,number,27.20
2147.jpg,ALL,N/A,৭,মেট্রো,মেট্রো ৭,summary,N/A
1678.jpg,1,64,,কিশোরগঞ্জ,কিশোরগঞ্জ,word,99.48
1678.jpg,2,25,,,,,
1678.jpg,3,1,১,,১,number,99.92
1678.jpg,4,1,,,,,
1678.jpg,5,1,১,,১,number,99.99
1678.jpg,6,7,৭,,৭,number,34.22
1678.jpg,7,7,,,,,
1678.jpg,8,4,,,,,
1678.jpg,ALL,N/A,১,কিশোরগঞ্জ,কিশোরগঞ্জ ১,summary,N/A
1477.jpg,1,74,,ময়মনসিংহ,ময়মনসিংহ,word,94.43
1477.jpg,2,25,,,,,
1477.jpg,3,1,১,,১,number,99.89
1477.jpg,4,2,২,,২,number,99.15
1477.jpg,5,0,,,,,
1477.jpg,6,7,,,,,
1477.jpg,7,3,,,,,
1477.jpg,8,8,৮,,৮,number,93.71
1477.jpg,ALL,N/A,১,ময়মনসিংহ,ময়মনসিংহ ১,summary,N/A
340.jpg,1,49,,,,,
340.jpg,2,10,,মেট্রো,মেট্রো,word,78.27
340.jpg,3,18,,,,,
340.jpg,4,1,১,,১,number,40.62
340.jpg,5,9,,,,,
340.jpg,6,8,৮,,৮,number,99.99
340.jpg,7,0,,,,,
340.jpg,8,4,,,,,
340.jpg,9,3,,,,,
340.jpg,ALL,N/A,১,মেট্রো,মেট্রো ১,summary,N/A
1152.jpg,1,65,,কুড়িগ্রাম,কুড়িগ্রাম,word,81.56
1152.jpg,2,100,,,,,
1152.jpg,3,3,,,,,
1152.jpg,4,4,,,,,
1152.jpg,5,5,,,,,
1152.jpg,6,6,,,,,
1152.jpg,7,7,,,,,
1152.jpg,8,8,,,,,
1152.jpg,ALL,N/A,,কুড়িগ্রাম,কুড়িগ্রাম,summary,N/A
482.jpg,1,38,,,,,
482.jpg,2,17,,,,,
482.jpg,3,5,,,,,
482.jpg,4,6,৬,,৬,number,70.17
482.jpg,5,7,,,,,
482.jpg,6,8,৩,,৩,number,14.77
482.jpg,7,9,,,,,
482.jpg,8,0,,,,,
482.jpg,ALL,N/A,৬,,৬,summary,N/A
505.jpg,1,46,,চুয়াডাঙ্গা,চুয়াডাঙ্গা,word,70.25
505.jpg,2,11,,,,,
505.jpg,3,1,১,,১,number,100.00
505.jpg,4,2,১,,১,number,72.30
505.jpg,5,3,,,,,
505.jpg,6,4,,,,,
505.jpg,7,5,৫,,৫,number,98.92
505.jpg,8,6,৬,,৬,number,99.99
505.jpg,ALL,N/A,১,চুয়াডাঙ্গা,চুয়াডাঙ্গা ১,summary,N/A
1035.jpg,1,57,,জামালপুর,জামালপুর,word,84.10
1035.jpg,2,25,,,,,
1035.jpg,3,1,,,,,
1035.jpg,4,1,১,,১,number,99.99
1035.jpg,5,1,,,,,
1035.jpg,6,0,,,,,
1035.jpg,7,8,,,,,
1035.jpg,8,3,,,,,
1035.jpg,ALL,N/A,১,জামালপুর,জামালপুর ১,summary,N/A
2167.jpg,1,49,,,,,
2167.jpg,2,10,,,,,
2167.jpg,3,18,,,,,
2167.jpg,4,3,,,,,
2167.jpg,5,9,,,,,
2167.jpg,6,8,,,,,
2167.jpg,7,9,,,,,
2167.jpg,8,2,,,,,
2167.jpg,9,4,,,,,
2167.jpg,ALL,N/A,,,N/A,summary,N/A
270.jpg,1,49,,,,,
270.jpg,2,10,,,,,
270.jpg,3,18,,,,,
270.jpg,4,3,,,,,
270.jpg,5,4,,,,,
270.jpg,6,8,,,,,
270.jpg,7,4,,,,,
270.jpg,8,5,,,,,
270.jpg,9,0,,,,,
270.jpg,ALL,N/A,,,N/A,summary,N/A
1004.jpg,1,55,,গোপালগঞ্জ,গোপালগঞ্জ,word,86.24
1004.jpg,2,20,,,,,
1004.jpg,3,1,,,,,
1004.jpg,4,1,১,,১,number,99.97
1004.jpg,5,5,,,,,
1004.jpg,6,0,,,,,
1004.jpg,7,2,,,,,
1004.jpg,8,5,৫,,৫,number,97.16
1004.jpg,ALL,N/A,১,গোপালগঞ্জ,গোপালগঞ্জ ১,summary,N/A
1190.jpg,1,68,,লালমনিরহাট,লালমনিরহাট,word,95.97
1190.jpg,2,12,,,,,
1190.jpg,3,5,,,,,
1190.jpg,4,6,৬,,৬,number,99.84
1190.jpg,5,7,,,,,
1190.jpg,6,8,৮,,৮,number,98.05
1190.jpg,7,0,,,,,
1190.jpg,8,1,,,,,
1190.jpg,ALL,N/A,৬,লালমনিরহাট,লালমনিরহাট ৬,summary,N/A
1729.jpg,1,99,,ঠাকুরগাঁও,ঠাকুরগাঁও,word,88.59
1729.jpg,2,33,,,,,
1729.jpg,3,1,,,,,
1729.jpg,4,1,১,,১,number,97.68
1729.jpg,5,1,১,,১,number,99.17
1729.jpg,6,2,২,,২,number,99.93
1729.jpg,7,8,৮,,৮,number,86.82
1729.jpg,8,9,,,,,
1729.jpg,ALL,N/A,১,ঠাকুরগাঁও,ঠাকুরগাঁও ১,summary,N/A
982.jpg,1,52,,ফেনী,ফেনী,word,98.04
982.jpg,2,20,,,,,
982.jpg,3,1,১,,১,number,99.98
982.jpg,4,2,২,,২,number,98.03
982.jpg,5,4,,,,,
982.jpg,6,4,,,,,
982.jpg,7,9,,,,,
982.jpg,8,9,,,,,
982.jpg,ALL,N/A,১,ফেনী,ফেনী ১,summary,N/A
865.jpg,1,39,,বরিশাল,বরিশাল,word,82.32
865.jpg,2,10,,মেট্রো,মেট্রো,word,86.81
865.jpg,3,25,,,,,
865.jpg,4,1,,,,,
865.jpg,5,1,১,,১,number,100.00
865.jpg,6,8,৮,,৮,number,100.00
865.jpg,7,8,৮,,৮,number,98.27
865.jpg,8,4,,,,,
865.jpg,9,7,৭,,৭,number,25.26
865.jpg,ALL,N/A,৮,বরিশাল,বরিশাল ৮,summary,N/A
1362.jpg,1,89,,,,,
1362.jpg,2,31,৯,,৯,number,78.72
1362.jpg,3,1,,,,,
1362.jpg,4,2,২,,২,number,30.04
1362.jpg,5,3,,,,,
1362.jpg,6,4,,,,,
1362.jpg,7,5,,,,,
1362.jpg,8,6,৬,,৬,number,39.70
1362.jpg,ALL,N/A,৯,,৯,summary,N/A
2323.jpg,1,49,,ঢাকা,ঢাকা,word,97.71
2323.jpg,2,10,,,,,
2323.jpg,3,18,,,,,
2323.jpg,4,3,,,,,
2323.jpg,5,0,,,,,
2323.jpg,6,7,,,,,
2323.jpg,7,4,৪,,৪,number,25.24
2323.jpg,8,8,৮,,৮,number,93.28
2323.jpg,9,2,,,,,
2323.jpg,ALL,N/A,৪,ঢাকা,ঢাকা ৪,summary,N/A
2003.jpg,1,49,,ঢাকা,ঢাকা,word,81.72
2003.jpg,2,10,,মেট্রো,মেট্রো,word,77.15
2003.jpg,3,26,,,,,
2003.jpg,4,5,৫,,৫,number,99.85
2003.jpg,5,4,,,,,
2003.jpg,6,0,,,,,
2003.jpg,7,1,১,,১,number,99.88
2003.jpg,8,8,৮,,৮,number,99.98
2003.jpg,9,0,,,,,
2003.jpg,ALL,N/A,৫,ঢাকা,ঢাকা ৫,summary,N/A
410.jpg,1,40,,,,,
410.jpg,2,32,,,,,
410.jpg,3,5,,,,,
410.jpg,4,6,,,,,
410.jpg,5,7,৭,,৭,number,29.14
410.jpg,6,8,,,,,
410.jpg,7,9,,,,,
410.jpg,8,0,,,,,
410.jpg,ALL,N/A,৭,,৭,summary,N/A
979.jpg,1,49,,,,,
979.jpg,2,10,,,,,
979.jpg,3,20,,,,,
979.jpg,4,4,,,,,
979.jpg,5,9,,,,,
979.jpg,6,2,,,,,
979.jpg,7,0,,,,,
979.jpg,8,0,,,,,
979.jpg,9,1,,,,,
979.jpg,ALL,N/A,,,N/A,summary,N/A
868.jpg,1,87,,,,,
868.jpg,2,10,,মেট্রো,মেট্রো,word,75.22
868.jpg,3,101,,,,,
868.jpg,4,0,,,,,
868.jpg,5,0,,,,,
868.jpg,6,0,,,,,
868.jpg,7,0,,,,,
868.jpg,8,4,,,,,
868.jpg,9,2,,,,,
868.jpg,ALL,N/A,,মেট্রো,মেট্রো,summary,N/A
182.jpeg,1,0,,জামালপুর,জামালপুর,word,96.83
182.jpeg,2,33,,,,,
182.jpeg,3,1,,,,,
182.jpeg,4,1,,,,,
182.jpeg,5,1,১,,১,number,99.99
182.jpeg,6,6,,,,,
182.jpeg,7,7,,,,,
182.jpeg,8,7,,,,,
182.jpeg,ALL,N/A,১,জামালপুর,জামালপুর ১,summary,N/A
445.jpg,1,42,,,,,
445.jpg,2,34,,,,,
445.jpg,3,7,,,,,
445.jpg,4,8,,,,,
445.jpg,5,9,,,,,
445.jpg,6,0,,,,,
445.jpg,7,1,,,,,
445.jpg,8,2,,,,,
445.jpg,ALL,N/A,,,N/A,summary,N/A
845.jpg,1,87,,,,,
845.jpg,2,10,,মেট্রো,মেট্রো,word,96.86
845.jpg,3,25,,,,,
845.jpg,4,1,১,,১,number,99.66
845.jpg,5,1,১,,১,number,99.20
845.jpg,6,5,৫,,৫,number,97.66
845.jpg,7,6,৬,,৬,number,83.47
845.jpg,8,8,৮,,৮,number,58.92
845.jpg,9,4,,,,,
845.jpg,ALL,N/A,১,মেট্রো,মেট্রো ১,summary,N/A
93.jpeg,1,98,,,,,
93.jpeg,2,33,,,,,
93.jpeg,3,1,,,,,
93.jpeg,4,1,১,,১,number,99.93
93.jpeg,5,3,,,,,
93.jpeg,6,8,৮,,৮,number,98.91
93.jpeg,7,9,,,,,
93.jpeg,8,5,,,,,
93.jpeg,ALL,N/A,১,,১,summary,N/A
422.jpg,1,45,,,,,
422.jpg,2,33,,,,,
422.jpg,3,7,,,,,
422.jpg,4,8,,,,,
422.jpg,5,9,,,,,
422.jpg,6,0,,,,,
422.jpg,7,1,১,,১,number,89.06
422.jpg,8,2,,,,,
422.jpg,ALL,N/A,১,,১,summary,N/A
2295.jpg,1,44,,,,,
2295.jpg,2,10,,,,,
2295.jpg,3,26,,,,,
2295.jpg,4,5,,,,,
2295.jpg,5,1,,,,,
2295.jpg,6,0,,,,,
2295.jpg,7,3,,,,,
2295.jpg,8,0,,,,,
2295.jpg,9,7,,,,,
2295.jpg,ALL,N/A,,,N/A,summary,N/A
1237.jpg,1,72,,মেহেরপুর,মেহেরপুর,word,93.08
1237.jpg,2,101,,,,,
1237.jpg,3,1,,,,,
1237.jpg,4,4,,,,,
1237.jpg,5,7,,,,,
1237.jpg,6,8,৮,,৮,number,99.17
1237.jpg,7,9,,,,,
1237.jpg,8,2,,,,,
1237.jpg,ALL,N/A,৮,মেহেরপুর,মেহেরপুর ৮,summary,N/A
1607.jpg,1,99,,ঠাকুরগাঁও,ঠাকুরগাঁও,word,84.58
1607.jpg,2,20,,,,,
1607.jpg,3,1,১,,১,number,99.99
1607.jpg,4,3,,,,,
1607.jpg,5,0,,,,,
1607.jpg,6,2,২,,২,number,98.24
1607.jpg,7,4,,,,,
1607.jpg,8,4,,,,,
1607.jpg,ALL,N/A,১,ঠাকুরগাঁও,ঠাকুরগাঁও ১,summary,N/A
170.jpeg,1,89,,,,,
170.jpeg,2,20,,,,,
170.jpeg,3,1,,,,,
170.jpeg,4,2,,,,,
170.jpeg,5,2,,,,,
170.jpeg,6,8,,,,,
170.jpeg,7,8,,,,,
170.jpeg,8,8,,,,,
170.jpeg,ALL,N/A,,,N/A,summary,N/A
199.jpeg,1,70,,,,,
199.jpeg,2,25,,,,,
199.jpeg,3,1,,,,,
199.jpeg,4,1,,,,,
199.jpeg,5,0,,,,,
199.jpeg,6,0,,,,,
199.jpeg,7,2,,,,,
199.jpeg,8,6,,,,,
199.jpeg,ALL,N/A,,,N/A,summary,N/A
436.jpg,1,98,,টাঙ্গাইল,টাঙ্গাইল,word,85.87
436.jpg,2,25,,,,,
436.jpg,3,1,১,,১,number,100.00
436.jpg,4,1,,,,,
436.jpg,5,8,৮,,৮,number,99.46
436.jpg,6,2,২,,২,number,85.77
436.jpg,7,2,২,,২,number,99.79
436.jpg,8,0,,,,,
436.jpg,ALL,N/A,২,টাঙ্গাইল,টাঙ্গাইল ২,summary,N/A
794.jpg,1,83,,,,,
794.jpg,2,1,১,,১,number,99.99
794.jpg,3,1,,,,,
794.jpg,4,1,,,,,
794.jpg,5,3,,,,,
794.jpg,6,9,,,,,
794.jpg,7,0,,,,,
794.jpg,ALL,N/A,১,,১,summary,N/A
1706.jpg,1,94,,,,,
1706.jpg,2,25,,,,,
1706.jpg,3,1,,,,,
1706.jpg,4,9,,,,,
1706.jpg,5,5,,,,,
1706.jpg,6,6,,,,,
1706.jpg,7,7,,,,,
1706.jpg,8,8,৩,,৩,number,36.38
1706.jpg,ALL,N/A,৩,,৩,summary,N/A
782.jpg,1,82,,নোয়াখালী,নোয়াখালী,word,84.68
782.jpg,2,25,,,,,
782.jpg,3,1,,,,,
782.jpg,4,1,,,,,
782.jpg,5,4,,,,,
782.jpg,6,0,,,,,
782.jpg,7,3,,,,,
782.jpg,8,2,১,,১,number,86.25
782.jpg,ALL,N/A,১,নোয়াখালী,নোয়াখালী ১,summary,N/A
2456.jpg,1,85,,পটুয়াখালী,পটুয়াখালী,word,74.45
2456.jpg,2,20,,,,,
2456.jpg,3,1,,,,,
2456.jpg,4,1,১,,১,number,66.73
2456.jpg,5,1,১,,১,number,96.66
2456.jpg,6,9,,,,,
2456.jpg,7,8,৮,,৮,number,17.43
2456.jpg,8,0,,,,,
2456.jpg,ALL,N/A,১,পটুয়াখালী,পটুয়াখালী ১,summary,N/A
1145.jpg,1,64,,কিশোরগঞ্জ,কিশোরগঞ্জ,word,99.70
1145.jpg,2,33,,,,,
1145.jpg,3,1,,,,,
1145.jpg,4,2,,,,,
1145.jpg,5,3,,,,,
1145.jpg,6,4,,,,,
1145.jpg,7,8,,,,,
1145.jpg,8,9,,,,,
1145.jpg,ALL,N/A,,কিশোরগঞ্জ,কিশোরগঞ্জ,summary,N/A
1564.jpg,1,95,,সিরাজগঞ্জ,সিরাজগঞ্জ,word,73.11
1564.jpg,2,25,,,,,
1564.jpg,3,1,,,,,
1564.jpg,4,1,,,,,
1564.jpg,5,5,,,,,
1564.jpg,6,3,৬,,৬,number,96.46
1564.jpg,7,4,,,,,
1564.jpg,8,8,,,,,
1564.jpg,ALL,N/A,৬,সিরাজগঞ্জ,সিরাজগঞ্জ ৬,summary,N/A
2494.jpg,1,49,,,,,
2494.jpg,2,10,,মেট্রো,মেট্রো,word,79.46
2494.jpg,3,19,,,,,
2494.jpg,4,1,১,,১,number,98.51
2494.jpg,5,8,৮,,৮,number,92.75
2494.jpg,6,8,৮,,৮,number,36.48
2494.jpg,7,5,,,,,
2494.jpg,8,3,,,,,
2494.jpg,9,5,,,,,
2494.jpg,ALL,N/A,৮,মেট্রো,মেট্রো ৮,summary,N/A
587.jpg,1,55,,গোপালগঞ্জ,গোপালগঞ্জ,word,89.59
587.jpg,2,21,,,,,
587.jpg,3,1,,,,,
587.jpg,4,2,,,,,
587.jpg,5,3,,,,,
587.jpg,6,4,,,,,
587.jpg,7,5,,,,,
587.jpg,8,6,৬,,৬,number,100.00
587.jpg,ALL,N/A,৬,গোপালগঞ্জ,গোপালগঞ্জ ৬,summary,N/A
962.jpg,1,98,,,,,
962.jpg,2,25,,,,,
962.jpg,3,1,১,,১,number,99.97
962.jpg,4,2,,,,,
962.jpg,5,2,,,,,
962.jpg,6,2,,,,,
962.jpg,7,3,৩,,৩,number,92.16
962.jpg,8,6,,,,,
962.jpg,ALL,N/A,১,,১,summary,N/A
2079.jpg,1,49,,ঢাকা,ঢাকা,word,67.77
2079.jpg,2,10,,,,,
2079.jpg,3,19,,,,,
2079.jpg,4,1,,,,,
2079.jpg,5,1,১,,১,number,93.25
2079.jpg,6,3,,,,,
2079.jpg,7,9,,,,,
2079.jpg,8,5,৫,,৫,number,99.75
2079.jpg,9,9,,,,,
2079.jpg,ALL,N/A,১,ঢাকা,ঢাকা ১,summary,N/A
2656.jpg,1,81,,নীলফামারী,নীলফামারী,word,70.59
2656.jpg,2,25,,,,,
2656.jpg,3,1,,,,,
2656.jpg,4,1,,,,,
2656.jpg,5,1,,,,,
2656.jpg,6,0,,,,,
2656.jpg,7,8,,,,,
2656.jpg,8,5,,,,,
2656.jpg,ALL,N/A,,নীলফামারী,নীলফামারী,summary,N/A
1070.jpg,1,68,,লালমনিরহাট,লালমনিরহাট,word,97.21
1070.jpg,2,25,,,,,
1070.jpg,3,1,১,,১,number,99.99
1070.jpg,4,1,১,,১,number,99.98
1070.jpg,5,1,১,,১,number,99.81
1070.jpg,6,2,,,,,
1070.jpg,7,6,৬,,৬,number,100.00
1070.jpg,8,7,৭,,৭,number,94.05
1070.jpg,ALL,N/A,১,লালমনিরহাট,লালমনিরহাট ১,summary,N/A
669.jpg,1,83,,,,,
669.jpg,2,20,,,,,
669.jpg,3,1,১,,১,number,99.99
669.jpg,4,5,,,,,
669.jpg,5,6,৬,,৬,number,99.98
669.jpg,6,1,১,,১,number,99.34
669.jpg,7,7,,,,,
669.jpg,8,6,,,,,
669.jpg,ALL,N/A,১,,১,summary,N/A
792.jpg,1,83,,পাবনা,পাবনা,word,99.79
792.jpg,2,25,,,,,
792.jpg,3,1,১,,১,number,99.99
792.jpg,4,2,২,,২,number,98.55
792.jpg,5,2,,,,,
792.jpg,6,2,১,,১,number,28.52
792.jpg,7,0,,,,,
792.jpg,8,7,,,,,
792.jpg,ALL,N/A,১,পাবনা,পাবনা ১,summary,N/A
1463.jpg,1,74,,ময়মনসিংহ,ময়মনসিংহ,word,97.07
1463.jpg,2,20,,,,,
1463.jpg,3,1,১,,১,number,99.99
1463.jpg,4,3,,,,,
1463.jpg,5,4,,,,,
1463.jpg,6,2,,,,,
1463.jpg,7,3,,,,,
1463.jpg,8,5,,,,,
1463.jpg,ALL,N/A,১,ময়মনসিংহ,ময়মনসিংহ ১,summary,N/A
1242.jpg,1,72,,,,,
1242.jpg,2,101,,,,,
1242.jpg,3,1,,,,,
1242.jpg,4,2,,,,,
1242.jpg,5,3,,,,,
1242.jpg,6,4,,,,,
1242.jpg,7,5,,,,,
1242.jpg,8,6,,,,,
1242.jpg,ALL,N/A,,,N/A,summary,N/A
2362.jpg,1,49,,,,,
2362.jpg,2,10,,,,,
2362.jpg,3,13,,,,,
2362.jpg,4,5,,,,,
2362.jpg,5,3,,,,,
2362.jpg,6,9,,,,,
2362.jpg,7,1,,,,,
2362.jpg,8,8,,,,,
2362.jpg,9,0,,,,,
2362.jpg,ALL,N/A,,,N/A,summary,N/A
1000.jpg,1,55,,গোপালগঞ্জ,গোপালগঞ্জ,word,88.81
1000.jpg,2,20,,,,,
1000.jpg,3,1,,,,,
1000.jpg,4,1,,,,,
1000.jpg,5,6,,,,,
1000.jpg,6,7,,,,,
1000.jpg,7,9,,,,,
1000.jpg,8,5,,,,,
1000.jpg,ALL,N/A,,গোপালগঞ্জ,গোপালগঞ্জ,summary,N/A
2519.jpg,1,40,,,,,
2519.jpg,2,25,,,,,
2519.jpg,3,1,,,,,
2519.jpg,4,1,,,,,
2519.jpg,5,0,,,,,
2519.jpg,6,2,,,,,
2519.jpg,7,2,,,,,
2519.jpg,8,6,,,,,
2519.jpg,ALL,N/A,,,N/A,summary,N/A
290.jpg,1,49,,,,,
290.jpg,2,10,,,,,
290.jpg,3,18,,,,,
290.jpg,4,2,,,,,
290.jpg,5,0,,,,,
290.jpg,6,4,,,,,
290.jpg,7,5,,,,,
290.jpg,8,7,,,,,
290.jpg,9,7,,,,,
290.jpg,ALL,N/A,,,N/A,summary,N/A
789.jpg,1,83,,পাবনা,পাবনা,word,93.28
789.jpg,2,25,,,,,
789.jpg,3,1,,,,,
789.jpg,4,2,,,,,
789.jpg,5,0,,,,,
789.jpg,6,9,,,,,
789.jpg,7,2,১,,১,number,85.45
789.jpg,8,5,,,,,
789.jpg,ALL,N/A,১,পাবনা,পাবনা ১,summary,N/A
2584.jpg,1,105,,,,,
2584.jpg,2,25,,,,,
2584.jpg,3,5,,,,,
2584.jpg,4,5,,,,,
2584.jpg,5,9,,,,,
2584.jpg,6,1,,,,,
2584.jpg,7,1,,,,,
2584.jpg,8,1,,,,,
2584.jpg,ALL,N/A,,,N/A,summary,N/A
1374.jpg,1,91,,,,,
1374.jpg,2,27,,,,,
1374.jpg,3,1,,,,,
1374.jpg,4,2,১,,১,number,41.63
1374.jpg,5,3,,,,,
1374.jpg,6,4,,,,,
1374.jpg,7,5,,,,,
1374.jpg,8,6,,,,,
1374.jpg,ALL,N/A,১,,১,summary,N/A
1693.jpg,1,93,,শরীয়তপুর,শরীয়তপুর,word,79.41
1693.jpg,2,14,,,,,
1693.jpg,3,1,,,,,
1693.jpg,4,1,১,,১,number,98.58
1693.jpg,5,1,১,,১,number,99.56
1693.jpg,6,9,,,,,
1693.jpg,7,2,২,,২,number,99.80
1693.jpg,8,8,৮,,৮,number,95.49
1693.jpg,ALL,N/A,১,শরীয়তপুর,শরীয়তপুর ১,summary,N/A
739.jpg,1,88,,রাজবাড়ী,রাজবাড়ী,word,71.86
739.jpg,2,101,,,,,
739.jpg,3,2,২,,২,number,90.85
739.jpg,4,3,৩,,৩,number,28.68
739.jpg,5,4,,,,,
739.jpg,6,5,,,,,
739.jpg,7,6,৬৬,,৬৬,number,61.44
739.jpg,8,7,,,,,
739.jpg,ALL,N/A,২,রাজবাড়ী,রাজবাড়ী ২,summary,N/A
207.jpg,1,49,,,,,
207.jpg,2,10,,,,,
207.jpg,3,19,,,,,
207.jpg,4,1,,,,,
207.jpg,5,3,,,,,
207.jpg,6,7,,,,,
207.jpg,7,0,,,,,
207.jpg,8,6,,,,,
207.jpg,9,1,,,,,
207.jpg,ALL,N/A,,,N/A,summary,N/A
1192.jpg,1,68,,,,,
1192.jpg,2,12,৬,,৬,number,92.83
1192.jpg,3,1,,,,,
1192.jpg,4,2,১,,১,number,96.94
1192.jpg,5,3,,,,,
1192.jpg,6,4,৪,,৪,number,17.17
1192.jpg,7,5,,,,,
1192.jpg,8,6,,,,,
1192.jpg,ALL,N/A,৬,,৬,summary,N/A
1271.jpg,1,74,,ময়মনসিংহ,ময়মনসিংহ,word,86.72
1271.jpg,2,34,৬,,৬,number,10.46
1271.jpg,3,3,,,,,
1271.jpg,4,4,,,,,
1271.jpg,5,5,,,,,
1271.jpg,6,6,,,,,
1271.jpg,7,7,,,,,
1271.jpg,8,8,৮,,৮,number,20.98
1271.jpg,ALL,N/A,৬,ময়মনসিংহ,ময়মনসিংহ ৬,summary,N/A
1669.jpg,1,64,,,,,
1669.jpg,2,20,,,,,
1669.jpg,3,1,১,,১,number,99.99
1669.jpg,4,1,,,,,
1669.jpg,5,5,,,,,
1669.jpg,6,8,৮,,৮,number,99.99
1669.jpg,7,7,৭,,৭,number,55.37
1669.jpg,8,3,,,,,
1669.jpg,ALL,N/A,১,,১,summary,N/A
1466.jpg,1,74,,ময়মনসিংহ,ময়মনসিংহ,word,95.21
1466.jpg,2,25,,,,,
1466.jpg,ALL,N/A,,ময়মনসিংহ,ময়মনসিংহ,summary,N/A
2214.jpg,1,49,,,,,
2214.jpg,2,10,,,,,
2214.jpg,3,25,,,,,
2214.jpg,4,3,,,,,
2214.jpg,5,1,১,,১,number,55.15
2214.jpg,6,2,,,,,
2214.jpg,7,8,৮,,৮,number,99.99
2214.jpg,8,6,৬,,৬,number,25.04
2214.jpg,9,2,,,,,
2214.jpg,ALL,N/A,১,,১,summary,N/A
876.jpg,1,39,,,,,
876.jpg,2,10,,মেট্রো,মেট্রো,word,96.64
876.jpg,3,20,,,,,
876.jpg,4,1,,,,,
876.jpg,5,2,২,,২,number,86.19
876.jpg,6,2,,,,,
876.jpg,7,9,৯,,৯,number,99.72
876.jpg,8,3,,,,,
876.jpg,9,5,,,,,
876.jpg,ALL,N/A,২,মেট্রো,মেট্রো ২,summary,N/A
2022.jpg,1,67,,লক্ষ্মীপুর,লক্ষ্মীপুর,word,76.37
2022.jpg,2,25,,,,,
2022.jpg,3,1,,,,,
2022.jpg,4,1,১,,১,number,99.96
2022.jpg,5,4,,,,,
2022.jpg,6,8,৮,,৮,number,99.99
2022.jpg,7,2,,,,,
2022.jpg,8,9,,,,,
2022.jpg,ALL,N/A,১,লক্ষ্মীপুর,লক্ষ্মীপুর ১,summary,N/A
2359.jpg,1,97,,সিলেট,সিলেট,word,84.10
2359.jpg,2,25,,,,,
2359.jpg,3,1,,,,,
2359.jpg,4,2,,,,,
2359.jpg,5,3,,,,,
2359.jpg,6,5,,,,,
2359.jpg,7,1,,,,,
2359.jpg,8,5,৫,,৫,number,95.71
2359.jpg,ALL,N/A,৫,সিলেট,সিলেট ৫,summary,N/A
2060.jpg,1,49,০,,০,number,8.22
2060.jpg,2,10,,,,,
2060.jpg,3,13,,,,,
2060.jpg,4,1,,,,,
2060.jpg,5,9,,,,,
2060.jpg,6,4,,,,,
2060.jpg,7,0,,,,,
2060.jpg,8,6,,,,,
2060.jpg,9,7,৭,,৭,number,40.92
2060.jpg,ALL,N/A,০,,০,summary,N/A
930.jpg,1,50,,দিনাজপুর,দিনাজপুর,word,98.35
930.jpg,2,25,,,,,
930.jpg,3,1,,,,,
930.jpg,4,1,,,,,
930.jpg,5,1,,,,,
930.jpg,6,7,৭,,৭,number,13.84
930.jpg,7,7,,,,,
930.jpg,8,5,৫,,৫,number,84.99
930.jpg,ALL,N/A,৭,দিনাজপুর,দিনাজপুর ৭,summary,N/A
1764.jpg,1,45,,,,,
1764.jpg,2,33,,,,,
1764.jpg,3,1,,,,,
1764.jpg,4,4,,,,,
1764.jpg,5,5,,,,,
1764.jpg,6,8,,,,,
1764.jpg,7,4,,,,,
1764.jpg,8,6,,,,,
1764.jpg,ALL,N/A,,,N/A,summary,N/A
1116.jpg,1,63,,,,,
1116.jpg,2,26,,,,,
1116.jpg,3,32,,,,,
1116.jpg,4,1,,,,,
1116.jpg,5,3,,,,,
1116.jpg,6,5,,,,,
1116.jpg,7,7,,,,,
1116.jpg,8,9,,,,,
1116.jpg,9,0,,,,,
1116.jpg,ALL,N/A,,,N/A,summary,N/A
905.jpg,1,92,,সাতক্ষীরা,সাতক্ষীরা,word,81.51
905.jpg,2,20,,,,,
905.jpg,3,1,,,,,
905.jpg,4,1,,,,,
905.jpg,5,0,,,,,
905.jpg,6,9,,,,,
905.jpg,7,9,,,,,
905.jpg,8,6,,,,,
905.jpg,ALL,N/A,,সাতক্ষীরা,সাতক্ষীরা,summary,N/A
620.jpg,1,58,,,,,
620.jpg,2,26,,,,,
620.jpg,3,1,,,,,
620.jpg,4,3,,,,,
620.jpg,5,5,,,,,
620.jpg,6,7,০,,০,number,29.71
620.jpg,7,9,,,,,
620.jpg,8,0,,,,,
620.jpg,ALL,N/A,০,,০,summary,N/A
1662.jpg,1,63,,,,,
1662.jpg,2,20,,,,,
1662.jpg,3,1,,,,,
1662.jpg,4,1,,,,,
1662.jpg,5,2,,,,,
1662.jpg,6,2,,,,,
1662.jpg,7,0,,,,,
1662.jpg,8,9,,,,,
1662.jpg,ALL,N/A,,,N/A,summary,N/A
2129.jpg,1,49,,,,,
2129.jpg,2,10,,,,,
2129.jpg,3,18,,,,,
2129.jpg,4,1,,,,,
2129.jpg,5,3,,,,,
2129.jpg,6,8,৮,,৮,number,95.51
2129.jpg,7,8,৮,,৮,number,98.99
2129.jpg,8,0,,,,,
2129.jpg,9,2,,,,,
2129.jpg,ALL,N/A,৮,,৮,summary,N/A
1955.jpg,1,87,,,,,
1955.jpg,2,10,,মেট্রো,মেট্রো,word,74.64
1955.jpg,3,31,,,,,
1955.jpg,4,1,,,,,
1955.jpg,5,1,,,,,
1955.jpg,6,0,,,,,
1955.jpg,7,3,৩,,৩,number,99.42
1955.jpg,8,4,,,,,
1955.jpg,9,9,,,,,
1955.jpg,ALL,N/A,৩,মেট্রো,মেট্রো ৩,summary,N/A
948.jpg,1,98,,টাঙ্গাইল,টাঙ্গাইল,word,85.61
948.jpg,2,25,,,,,
948.jpg,3,1,১,,১,number,99.97
948.jpg,4,1,,,,,
948.jpg,5,4,,,,,
948.jpg,6,4,,,,,
948.jpg,7,4,,,,,
948.jpg,8,9,,,,,
948.jpg,ALL,N/A,১,টাঙ্গাইল,টাঙ্গাইল ১,summary,N/A
191.jpeg,1,57,,জামালপুর,জামালপুর,word,80.63
191.jpeg,2,1,,,,,
191.jpeg,3,1,,,,,
191.jpeg,4,0,,,,,
191.jpeg,5,0,,,,,
191.jpeg,6,0,,,,,
191.jpeg,7,6,,,,,
191.jpeg,8,101,,,,,
191.jpeg,ALL,N/A,,জামালপুর,জামালপুর,summary,N/A
699.jpg,1,86,,,,,
699.jpg,2,18,,,,,
699.jpg,3,3,,,,,
699.jpg,4,4,,,,,
699.jpg,5,5,,,,,
699.jpg,6,6,,,,,
699.jpg,7,7,,,,,
699.jpg,8,8,,,,,
699.jpg,ALL,N/A,,,N/A,summary,N/A
581.jpg,1,54,,,,,
581.jpg,2,25,,,,,
581.jpg,3,1,,,,,
581.jpg,4,4,,,,,
581.jpg,5,7,,,,,
581.jpg,6,8,,,,,
581.jpg,7,9,,,,,
581.jpg,8,2,,,,,
581.jpg,ALL,N/A,,,N/A,summary,N/A
553.jpg,1,51,,ফরিদপুর,ফরিদপুর,word,99.97
553.jpg,2,17,,,,,
553.jpg,3,2,২,,২,number,99.12
553.jpg,4,3,,,,,
553.jpg,5,4,,,,,
553.jpg,6,5,৫,,৫,number,99.97
553.jpg,7,5,৬,,৬,number,99.95
553.jpg,8,7,,,,,
553.jpg,ALL,N/A,২,ফরিদপুর,ফরিদপুর ২,summary,N/A
2063.jpg,1,44,,,,,
2063.jpg,2,10,,,,,
2063.jpg,3,18,,,,,
2063.jpg,4,1,,,,,
2063.jpg,5,3,,,,,
2063.jpg,6,3,,,,,
2063.jpg,7,5,,,,,
2063.jpg,8,5,,,,,
2063.jpg,9,1,,,,,
2063.jpg,ALL,N/A,,,N/A,summary,N/A
2283.jpg,1,49,,,,,
2283.jpg,2,10,,,,,
2283.jpg,3,31,,,,,
2283.jpg,4,1,,,,,
2283.jpg,5,5,,,,,
2283.jpg,6,1,,,,,
2283.jpg,7,4,,,,,
2283.jpg,8,1,,,,,
2283.jpg,9,6,,,,,
2283.jpg,ALL,N/A,,,N/A,summary,N/A
2617.jpg,1,40,,ভোলা,ভোলা,word,83.18
2617.jpg,2,20,,,,,
2617.jpg,3,1,১,,১,number,99.97
2617.jpg,4,2,২,,২,number,84.42
2617.jpg,5,2,২,,২,number,39.23
2617.jpg,6,0,,,,,
2617.jpg,7,5,,,,,
2617.jpg,8,3,,,,,
2617.jpg,ALL,N/A,২,ভোলা,ভোলা ২,summary,N/A
277.jpg,1,49,,,,,
277.jpg,2,10,,,,,
277.jpg,3,18,,,,,
277.jpg,4,1,,,,,
277.jpg,5,1,,,,,
277.jpg,6,9,,,,,
277.jpg,7,8,,,,,
277.jpg,8,6,,,,,
277.jpg,9,2,,,,,
277.jpg,ALL,N/A,,,N/A,summary,N/A
654.jpg,1,82,,,,,
654.jpg,2,22,,,,,
654.jpg,3,7,,,,,
654.jpg,4,8,,,,,
654.jpg,5,9,,,,,
654.jpg,6,0,,,,,
654.jpg,7,1,,,,,
654.jpg,8,2,,,,,
654.jpg,ALL,N/A,,,N/A,summary,N/A
1716.jpg,1,95,,,,,
1716.jpg,2,22,,,,,
1716.jpg,3,3,,,,,
1716.jpg,4,4,,,,,
1716.jpg,5,5,,,,,
1716.jpg,6,6,,,,,
1716.jpg,7,7,,,,,
1716.jpg,8,8,,,,,
1716.jpg,ALL,N/A,,,N/A,summary,N/A
1317.jpg,1,79,,নাটোর,নাটোর,word,63.38
1317.jpg,2,27,,,,,
1317.jpg,3,0,,,,,
1317.jpg,4,1,,,,,
1317.jpg,5,3,,,,,
1317.jpg,6,4,,,,,
1317.jpg,7,5,,,,,
1317.jpg,8,6,৬,,৬,number,100.00
1317.jpg,ALL,N/A,৬,নাটোর,নাটোর ৬,summary,N/A
231.jpg,1,49,,ঢাকা,ঢাকা,word,79.94
231.jpg,2,10,,,,,
231.jpg,3,18,,,,,
231.jpg,4,2,,,,,
231.jpg,5,0,,,,,
231.jpg,6,3,,,,,
231.jpg,7,3,,,,,
231.jpg,8,1,,,,,
231.jpg,9,1,,,,,
231.jpg,ALL,N/A,,ঢাকা,ঢাকা,summary,N/A
2579.jpg,1,36,,,,,
2579.jpg,2,25,,,,,
2579.jpg,3,1,,,,,
2579.jpg,4,2,,,,,
2579.jpg,5,6,৬,,৬,number,98.58
2579.jpg,6,8,৮,,৮,number,96.78
2579.jpg,7,5,৫,,৫,number,41.95
2579.jpg,8,7,,,,,
2579.jpg,ALL,N/A,৬,,৬,summary,N/A
1799.jpg,1,49,,ঢাকা,ঢাকা,word,85.88
1799.jpg,2,10,,মেট্রো,মেট্রো,word,90.73
1799.jpg,3,13,,,,,
1799.jpg,4,1,,,,,
1799.jpg,5,6,৬,,৬,number,100.00
1799.jpg,6,0,,,,,
1799.jpg,7,8,৮,,৮,number,99.99
1799.jpg,8,6,৬,,৬,number,100.00
1799.jpg,9,4,,,,,
1799.jpg,ALL,N/A,৬,ঢাকা,ঢাকা ৬,summary,N/A
1356.jpg,1,89,,রাজশাহী,রাজশাহী,word,67.81
1356.jpg,2,31,,,,,
1356.jpg,3,0,,,,,
1356.jpg,4,1,,,,,
1356.jpg,5,3,,,,,
1356.jpg,6,4,,,,,
1356.jpg,7,5,৫,,৫,number,98.77
1356.jpg,8,6,৬,,৬,number,100.00
1356.jpg,ALL,N/A,৫,রাজশাহী,রাজশাহী ৫,summary,N/A
2503.jpg,1,80,,নেত্রকোনা,নেত্রকোনা,word,88.26
2503.jpg,2,20,,,,,
2503.jpg,3,1,,,,,
2503.jpg,4,1,১,,১,number,98.91
2503.jpg,5,8,,,,,
2503.jpg,6,5,,,,,
2503.jpg,7,2,২,,২,number,96.74
2503.jpg,8,0,,,,,
2503.jpg,ALL,N/A,১,নেত্রকোনা,নেত্রকোনা ১,summary,N/A
2430.jpg,1,49,,,,,
2430.jpg,2,10,,,,,
2430.jpg,3,25,,,,,
2430.jpg,4,2,,,,,
2430.jpg,5,5,,,,,
2430.jpg,6,4,,,,,
2430.jpg,7,7,০,,০,number,21.04
2430.jpg,8,4,,,,,
2430.jpg,9,6,,,,,
2430.jpg,ALL,N/A,০,,০,summary,N/A
643.jpg,1,81,,,,,
643.jpg,2,23,,,,,
643.jpg,3,7,,,,,
643.jpg,4,8,,,,,
643.jpg,5,9,,,,,
643.jpg,6,0,,,,,
643.jpg,7,1,,,,,
643.jpg,8,2,,,,,
643.jpg,ALL,N/A,,,N/A,summary,N/A
1727.jpg,1,95,,সিরাজগঞ্জ,সিরাজগঞ্জ,word,90.16
1727.jpg,2,22,,,,,
1727.jpg,3,2,১,,১,number,54.63
1727.jpg,4,3,,,,,
1727.jpg,5,4,,,,,
1727.jpg,6,6,৬,,৬,number,99.91
1727.jpg,7,7,,,,,
1727.jpg,8,5,,,,,
1727.jpg,ALL,N/A,১,সিরাজগঞ্জ,সিরাজগঞ্জ ১,summary,N/A
793.jpg,1,83,,,,,
793.jpg,2,1,১,,১,number,99.98
793.jpg,3,1,১,,১,number,99.39
793.jpg,4,3,,,,,
793.jpg,5,9,,,,,
793.jpg,6,0,,,,,
793.jpg,7,1,,,,,
793.jpg,ALL,N/A,১,,১,summary,N/A
2615.jpg,1,40,,ভোলা,ভোলা,word,80.81
2615.jpg,2,20,,,,,
2615.jpg,3,1,১,,১,number,100.00
2615.jpg,4,2,২,,২,number,99.70
2615.jpg,5,2,২,,২,number,99.98
2615.jpg,6,3,৩,,৩,number,97.93
2615.jpg,7,5,,,,,
2615.jpg,8,0,,,,,
2615.jpg,ALL,N/A,২,ভোলা,ভোলা ২,summary,N/A
2119.jpg,1,49,৮৮,,৮৮,number,0.42
2119.jpg,2,10,,,,,
2119.jpg,3,18,,,,,
2119.jpg,4,3,,,,,
2119.jpg,5,1,১,,১,number,50.67
2119.jpg,6,0,,,,,
2119.jpg,7,0,,,,,
2119.jpg,8,8,,,,,
2119.jpg,9,0,,,,,
2119.jpg,ALL,N/A,৮৮,,৮৮,summary,N/A
1308.jpg,1,78,,নরসিংদী,নরসিংদী,word,99.97
1308.jpg,2,30,,,,,
1308.jpg,3,3,,,,,
1308.jpg,4,4,,,,,
1308.jpg,5,7,,,,,
1308.jpg,6,8,৮,,৮,number,96.69
1308.jpg,7,9,,,,,
1308.jpg,8,0,,,,,
1308.jpg,ALL,N/A,৮,নরসিংদী,নরসিংদী ৮,summary,N/A
2261.jpg,1,49,,,,,
2261.jpg,2,10,,,,,
2261.jpg,3,15,,,,,
2261.jpg,4,1,,,,,
2261.jpg,5,4,,,,,
2261.jpg,6,0,,,,,
2261.jpg,7,9,,,,,
2261.jpg,8,7,,,,,
2261.jpg,9,9,,,,,
2261.jpg,ALL,N/A,,,N/A,summary,N/A
1447.jpg,1,59,,ঝালকাঠি,ঝালকাঠি,word,97.61
1447.jpg,2,20,,,,,
1447.jpg,3,1,,,,,
1447.jpg,4,1,১,,১,number,99.99
1447.jpg,5,4,৪,,৪,number,65.52
1447.jpg,6,7,,,,,
1447.jpg,7,5,৫,,৫,number,99.40
1447.jpg,8,9,,,,,
1447.jpg,ALL,N/A,১,ঝালকাঠি,ঝালকাঠি ১,summary,N/A
1303.jpg,1,78,,নরসিংদী,নরসিংদী,word,82.63
1303.jpg,2,30,,,,,
1303.jpg,3,1,,,,,
1303.jpg,4,1,,,,,
1303.jpg,5,1,,,,,
1303.jpg,6,9,,,,,
1303.jpg,7,2,২,,২,number,99.84
1303.jpg,8,8,৮,,৮,number,93.79
1303.jpg,ALL,N/A,২,নরসিংদী,নরসিংদী ২,summary,N/A
37.jpeg,1,44,,,,,
37.jpeg,2,10,,মেট্রো,মেট্রো,word,99.25
37.jpeg,3,100,,,,,
37.jpeg,4,8,,,,,
37.jpeg,5,1,,,,,
37.jpeg,6,3,৩,,৩,number,99.51
37.jpeg,7,7,,,,,
37.jpeg,8,5,,,,,
37.jpeg,9,8,৮,,৮,number,99.91
37.jpeg,ALL,N/A,৩,মেট্রো,মেট্রো ৩,summary,N/A
486.jpg,1,48,,কুমিল্লা,কুমিল্লা,word,62.32
486.jpg,2,13,,,,,
486.jpg,3,1,,,,,
486.jpg,4,2,,,,,
486.jpg,5,3,৩,,৩,number,30.12
486.jpg,6,4,৪,,৪,number,27.30
486.jpg,7,5,,,,,
486.jpg,8,6,৬,,৬,number,100.00
486.jpg,ALL,N/A,৩,কুমিল্লা,কুমিল্লা ৩,summary,N/A
572.jpg,1,53,,গাইবান্ধা,গাইবান্ধা,word,96.89
572.jpg,2,19,,,,,
572.jpg,3,2,,,,,
572.jpg,4,4,,,,,
572.jpg,5,6,,,,,
572.jpg,6,8,৮,,৮,number,49.18
572.jpg,7,0,,,,,
572.jpg,8,1,,,,,
572.jpg,ALL,N/A,৮,গাইবান্ধা,গাইবান্ধা ৮,summary,N/A
1973.jpg,1,39,,বরিশাল,বরিশাল,word,84.63
1973.jpg,2,10,,,,,
1973.jpg,3,20,,,,,
1973.jpg,4,1,১,,১,number,100.00
1973.jpg,5,2,২,,২,number,90.87
1973.jpg,6,4,,,,,
1973.jpg,7,4,,,,,
1973.jpg,8,2,,,,,
1973.jpg,9,2,,,,,
1973.jpg,ALL,N/A,১,বরিশাল,বরিশাল ১,summary,N/A
821.jpg,1,85,,,,,
821.jpg,2,25,,,,,
821.jpg,3,1,,,,,
821.jpg,4,1,১,,১,number,100.00
821.jpg,5,0,,,,,
821.jpg,6,6,,,,,
821.jpg,7,5,,,,,
821.jpg,8,5,,,,,
821.jpg,ALL,N/A,১,,১,summary,N/A
1943.jpg,1,49,,ঢাকা,ঢাকা,word,89.97
1943.jpg,2,10,,,,,
1943.jpg,3,31,,,,,
1943.jpg,4,2,,,,,
1943.jpg,5,0,,,,,
1943.jpg,6,2,,,,,
1943.jpg,7,6,,,,,
1943.jpg,8,4,,,,,
1943.jpg,9,2,,,,,
1943.jpg,ALL,N/A,,ঢাকা,ঢাকা,summary,N/A
1273.jpg,1,74,,ময়মনসিংহ,ময়মনসিংহ,word,82.72
1273.jpg,2,34,,,,,
1273.jpg,3,1,১,,১,number,98.58
1273.jpg,4,1,১,,১,number,94.81
1273.jpg,5,0,,,,,
1273.jpg,6,8,৮,,৮,number,45.22
1273.jpg,7,9,,,,,
1273.jpg,8,9,,,,,
1273.jpg,ALL,N/A,১,ময়মনসিংহ,ময়মনসিংহ ১,summary,N/A
1261.jpg,1,73,,মৌলভীবাজার,মৌলভীবাজার,word,98.13
1261.jpg,2,25,,,,,
1261.jpg,3,1,,,,,
1261.jpg,4,2,১,,১,number,89.30
1261.jpg,5,3,,,,,
1261.jpg,6,4,,,,,
1261.jpg,7,5,৫,,৫,number,32.03
1261.jpg,8,6,৬,,৬,number,99.99
1261.jpg,ALL,N/A,১,মৌলভীবাজার,মৌলভীবাজার ১,summary,N/A
1329.jpg,1,80,,,,,
1329.jpg,2,25,,,,,
1329.jpg,3,0,,,,,
1329.jpg,4,1,,,,,
1329.jpg,5,3,,,,,
1329.jpg,6,4,,,,,
1329.jpg,7,5,,,,,
1329.jpg,8,6,৬,,৬,number,41.43
1329.jpg,ALL,N/A,৬,,৬,summary,N/A
947.jpg,1,98,,টাঙ্গাইল,টাঙ্গাইল,word,76.98
947.jpg,2,25,,,,,
947.jpg,3,1,১,,১,number,98.21
947.jpg,4,2,১,,১,number,79.09
947.jpg,5,2,,,,,
947.jpg,6,2,,,,,
947.jpg,7,1,১,,১,number,100.00
947.jpg,8,0,,,,,
947.jpg,ALL,N/A,১,টাঙ্গাইল,টাঙ্গাইল ১,summary,N/A
166.jpeg,1,49,,ঢাকা,ঢাকা,word,87.13
166.jpeg,2,10,,,,,
166.jpeg,3,19,,,,,
166.jpeg,4,1,,,,,
166.jpeg,5,3,,,,,
166.jpeg,6,3,,,,,
166.jpeg,7,9,,,,,
166.jpeg,8,7,,,,,
166.jpeg,9,6,,,,,
166.jpeg,ALL,N/A,,ঢাকা,ঢাকা,summary,N/A
1751.jpg,1,45,,চট্টগ্রাম,চট্টগ্রাম,word,88.03
1751.jpg,2,33,,,,,
1751.jpg,3,1,,,,,
1751.jpg,4,2,,,,,
1751.jpg,5,5,,,,,
1751.jpg,6,9,,,,,
1751.jpg,7,3,,,,,
1751.jpg,8,5,,,,,
1751.jpg,ALL,N/A,,চট্টগ্রাম,চট্টগ্রাম,summary,N/A
2263.jpg,1,49,,,,,
2263.jpg,2,10,,,,,
2263.jpg,3,18,,,,,
2263.jpg,4,1,,,,,
2263.jpg,5,3,,,,,
2263.jpg,6,5,৫,,৫,number,22.61
2263.jpg,7,4,৪,,৪,number,67.43
2263.jpg,8,1,,,,,
2263.jpg,9,7,৭,,৭,number,79.30
2263.jpg,ALL,N/A,৫,,৫,summary,N/A
1214.jpg,1,70,,,,,
1214.jpg,2,16,,,,,
1214.jpg,3,1,,,,,
1214.jpg,4,2,,,,,
1214.jpg,5,9,,,,,
1214.jpg,6,0,,,,,
1214.jpg,7,1,,,,,
1214.jpg,8,2,,,,,
1214.jpg,ALL,N/A,,,N/A,summary,N/A
2067.jpg,1,49,৮,,৮,number,4.60
2067.jpg,2,10,,,,,
2067.jpg,3,18,,,,,
2067.jpg,4,1,,,,,
2067.jpg,5,4,,,,,
2067.jpg,6,9,,,,,
2067.jpg,7,1,,,,,
2067.jpg,8,4,,,,,
2067.jpg,9,1,,,,,
2067.jpg,ALL,N/A,৮,,৮,summary,N/A
953.jpg,1,98,,টাঙ্গাইল,টাঙ্গাইল,word,73.89
953.jpg,2,20,,,,,
953.jpg,3,1,১,,১,number,36.73
953.jpg,4,1,,,,,
953.jpg,5,2,২,,২,number,30.81
953.jpg,6,2,,,,,
953.jpg,7,4,,,,,
953.jpg,8,5,,,,,
953.jpg,ALL,N/A,১,টাঙ্গাইল,টাঙ্গাইল ১,summary,N/A
2555.jpg,1,65,,,,,
2555.jpg,2,25,,,,,
2555.jpg,3,1,১,,১,number,97.63
2555.jpg,4,1,,,,,
2555.jpg,5,0,,,,,
2555.jpg,6,4,,,,,
2555.jpg,7,0,,,,,
2555.jpg,8,9,৯,,৯,number,39.82
2555.jpg,ALL,N/A,১,,১,summary,N/A
1123.jpg,1,63,,,,,
1123.jpg,2,10,৩,,৩,number,32.81
1123.jpg,3,32,,,,,
1123.jpg,4,8,,,,,
1123.jpg,5,9,,,,,
1123.jpg,6,0,,,,,
1123.jpg,7,1,,,,,
1123.jpg,8,2,,,,,
1123.jpg,9,3,,,,,
1123.jpg,ALL,N/A,৩,,৩,summary,N/A
2504.jpg,1,43,,,,,
2504.jpg,2,25,,,,,
2504.jpg,3,1,১,,১,number,99.99
2504.jpg,4,1,১,,১,number,49.03
2504.jpg,5,4,,,,,
2504.jpg,6,9,,,,,
2504.jpg,7,7,,,,,
2504.jpg,8,2,১,,১,number,24.39
2504.jpg,ALL,N/A,১,,১,summary,N/A
833.jpg,1,86,,পিরোজপুর,পিরোজপুর,word,62.43
833.jpg,2,25,,,,,
833.jpg,3,1,১,,১,number,92.43
833.jpg,4,1,,,,,
833.jpg,5,1,১,,১,number,99.60
833.jpg,6,3,,,,,
833.jpg,7,8,,,,,
833.jpg,8,9,,,,,
833.jpg,ALL,N/A,১,পিরোজপুর,পিরোজপুর ১,summary,N/A
2252.jpg,1,49,,,,,
2252.jpg,2,10,,,,,
2252.jpg,3,25,,,,,
2252.jpg,4,2,,,,,
2252.jpg,5,3,,,,,
2252.jpg,6,3,,,,,
2252.jpg,7,4,,,,,
2252.jpg,8,1,,,,,
2252.jpg,9,5,,,,,
2252.jpg,ALL,N/A,,,N/A,summary,N/A
441.jpg,1,45,,চট্টগ্রাম,চট্টগ্রাম,word,56.00
441.jpg,2,33,,,,,
441.jpg,3,5,,,,,
441.jpg,4,6,৬,,৬,number,54.85
441.jpg,5,7,,,,,
441.jpg,6,8,,,,,
441.jpg,7,9,,,,,
441.jpg,8,0,,,,,
441.jpg,ALL,N/A,৬,চট্টগ্রাম,চট্টগ্রাম ৬,summary,N/A
209.jpg,1,49,,,,,
209.jpg,2,10,,,,,
209.jpg,3,19,,,,,
209.jpg,4,1,,,,,
209.jpg,5,1,,,,,
209.jpg,6,8,,,,,
209.jpg,7,9,,,,,
209.jpg,8,7,,,,,
209.jpg,9,6,,,,,
209.jpg,ALL,N/A,,,N/A,summary,N/A
1676.jpg,1,64,,কিশোরগঞ্জ,কিশোরগঞ্জ,word,84.64
1676.jpg,2,25,,,,,
1676.jpg,3,1,,,,,
1676.jpg,4,1,১,,১,number,99.99
1676.jpg,5,1,১,,১,number,99.99
1676.jpg,6,6,৬,,৬,number,99.76
1676.jpg,7,0,,,,,
1676.jpg,8,5,,,,,
1676.jpg,ALL,N/A,১,কিশোরগঞ্জ,কিশোরগঞ্জ ১,summary,N/A
1538.jpg,1,92,,সাতক্ষীরা,সাতক্ষীরা,word,67.05
1538.jpg,2,20,,,,,
1538.jpg,ALL,N/A,,সাতক্ষীরা,সাতক্ষীরা,summary,N/A
2000.jpg,1,49,,,,,
2000.jpg,2,10,,,,,
2000.jpg,3,27,,,,,
2000.jpg,4,1,,,,,
2000.jpg,5,3,,,,,
2000.jpg,6,4,,,,,
2000.jpg,7,4,,,,,
2000.jpg,8,2,,,,,
2000.jpg,9,4,,,,,
2000.jpg,ALL,N/A,,,N/A,summary,N/A
556.jpg,1,51,,ফরিদপুর,ফরিদপুর,word,99.81
556.jpg,2,17,,,,,
556.jpg,3,1,,,,,
556.jpg,4,2,২,,২,number,63.03
556.jpg,5,3,,,,,
556.jpg,6,4,,,,,
556.jpg,7,8,,,,,
556.jpg,8,9,,,,,
556.jpg,ALL,N/A,২,ফরিদপুর,ফরিদপুর ২,summary,N/A
192.jpeg,1,36,,,,,
192.jpeg,2,20,,,,,
192.jpeg,3,1,,,,,
192.jpeg,4,3,,,,,
192.jpeg,5,6,,,,,
192.jpeg,6,0,,,,,
192.jpeg,7,0,,,,,
192.jpeg,8,5,,,,,
192.jpeg,ALL,N/A,,,N/A,summary,N/A
117.jpeg,1,98,,,,,
117.jpeg,2,33,,,,,
117.jpeg,3,1,,,,,
117.jpeg,4,1,,,,,
117.jpeg,5,1,,,,,
117.jpeg,6,1,,,,,
117.jpeg,7,9,,,,,
117.jpeg,8,2,,,,,
117.jpeg,ALL,N/A,,,N/A,summary,N/A
243.jpg,1,49,,,,,
243.jpg,2,10,,,,,
243.jpg,3,19,,,,,
243.jpg,4,1,,,,,
243.jpg,5,7,,,,,
243.jpg,6,7,,,,,
243.jpg,7,4,,,,,
243.jpg,8,6,,,,,
243.jpg,9,0,,,,,
243.jpg,ALL,N/A,,,N/A,summary,N/A
304.jpg,1,49,,ঢাকা,ঢাকা,word,96.13
304.jpg,2,10,,,,,
304.jpg,3,18,,,,,
304.jpg,4,2,,,,,
304.jpg,5,0,,,,,
304.jpg,6,7,,,,,
304.jpg,7,8,,,,,
304.jpg,8,5,,,,,
304.jpg,9,5,,,,,
304.jpg,ALL,N/A,,ঢাকা,ঢাকা,summary,N/A
759.jpg,1,58,,যশোর,যশোর,word,62.04
759.jpg,2,25,,,,,
759.jpg,3,1,,,,,
759.jpg,4,1,,,,,
759.jpg,5,2,১,,১,number,61.69
759.jpg,6,3,৩,,৩,number,40.92
759.jpg,7,4,,,,,
759.jpg,8,0,,,,,
759.jpg,ALL,N/A,১,যশোর,যশোর ১,summary,N/A
8.jpeg,1,74,,ময়মনসিংহ,ময়মনসিংহ,word,96.60
8.jpeg,2,20,,,,,
8.jpeg,3,1,,,,,
8.jpeg,4,5,,,,,
8.jpeg,5,3,,,,,
8.jpeg,6,3,,,,,
8.jpeg,7,3,,,,,
8.jpeg,8,1,,,,,
8.jpeg,ALL,N/A,,ময়মনসিংহ,ময়মনসিংহ,summary,N/A
2597.jpg,1,55,,গোপালগঞ্জ,গোপালগঞ্জ,word,91.63
2597.jpg,2,25,,,,,
2597.jpg,3,3,,,,,
2597.jpg,4,1,,,,,
2597.jpg,5,2,১,,১,number,87.41
2597.jpg,6,0,,,,,
2597.jpg,7,1,১,,১,number,99.91
2597.jpg,8,1,,,,,
2597.jpg,ALL,N/A,১,গোপালগঞ্জ,গোপালগঞ্জ ১,summary,N/A
2376.jpg,1,49,,,,,
2376.jpg,2,10,,,,,
2376.jpg,3,18,,,,,
2376.jpg,4,1,,,,,
2376.jpg,5,3,,,,,
2376.jpg,6,8,৮,,৮,number,95.60
2376.jpg,7,8,৮,,৮,number,99.99
2376.jpg,8,0,,,,,
2376.jpg,9,2,,,,,
2376.jpg,ALL,N/A,৮,,৮,summary,N/A
490.jpg,1,38,৬,,৬,number,2.10
490.jpg,2,17,,,,,
490.jpg,3,7,,,,,
490.jpg,4,8,,,,,
490.jpg,5,9,,,,,
490.jpg,6,0,,,,,
490.jpg,7,1,,,,,
490.jpg,8,2,,,,,
490.jpg,ALL,N/A,৬,,৬,summary,N/A
2420.jpg,1,49,,,,,
2420.jpg,2,10,,,,,
2420.jpg,3,18,,,,,
2420.jpg,4,0,,,,,
2420.jpg,5,8,৮,,৮,number,99.31
2420.jpg,6,0,,,,,
2420.jpg,7,0,,,,,
2420.jpg,8,1,১,,১,number,93.31
2420.jpg,9,3,,,,,
2420.jpg,ALL,N/A,৮,,৮,summary,N/A
306.jpg,1,49,৩,,৩,number,5.40
306.jpg,2,10,,,,,
306.jpg,3,12,,,,,
306.jpg,4,1,,,,,
306.jpg,5,1,,,,,
306.jpg,6,0,,,,,
306.jpg,7,0,,,,,
306.jpg,8,1,,,,,
306.jpg,9,1,,,,,
306.jpg,ALL,N/A,৩,,৩,summary,N/A
1501.jpg,1,60,,ঝিনাইদহ,ঝিনাইদহ,word,95.01
1501.jpg,2,25,,,,,
1501.jpg,3,1,,,,,
1501.jpg,4,1,১,,১,number,99.98
1501.jpg,5,2,,,,,
1501.jpg,6,8,৮,,৮,number,98.80
1501.jpg,7,3,,,,,
1501.jpg,8,6,,,,,
1501.jpg,ALL,N/A,১,ঝিনাইদহ,ঝিনাইদহ ১,summary,N/A
2128.jpg,1,49,,ঢাকা,ঢাকা,word,79.76
2128.jpg,2,10,,মেট্রো,মেট্রো,word,88.11
2128.jpg,3,18,,,,,
2128.jpg,4,3,,,,,
2128.jpg,5,9,,,,,
2128.jpg,6,0,,,,,
2128.jpg,7,9,,,,,
2128.jpg,8,5,৫,,৫,number,99.91
2128.jpg,9,8,৮,,৮,number,100.00
2128.jpg,ALL,N/A,৫,ঢাকা,ঢাকা ৫,summary,N/A
892.jpg,1,91,,রংপুর,রংপুর,word,95.85
892.jpg,2,25,,,,,
892.jpg,3,1,১,,১,number,100.00
892.jpg,4,1,,,,,
892.jpg,5,2,,,,,
892.jpg,6,5,৫,,৫,number,72.40
892.jpg,7,3,,,,,
892.jpg,8,8,৮,,৮,number,99.57
892.jpg,ALL,N/A,১,রংপুর,রংপুর ১,summary,N/A
862.jpg,1,87,,,,,
862.jpg,2,10,,মেট্রো,মেট্রো,word,82.35
862.jpg,3,31,,,,,
862.jpg,4,1,,,,,
862.jpg,5,1,,,,,
862.jpg,6,1,১,,১,number,82.61
862.jpg,7,0,,,,,
862.jpg,8,3,,,,,
862.jpg,9,7,,,,,
862.jpg,ALL,N/A,১,মেট্রো,মেট্রো ১,summary,N/A
1226.jpg,1,71,,,,,
1226.jpg,2,17,,,,,
1226.jpg,3,1,,,,,
1226.jpg,4,1,,,,,
1226.jpg,5,2,,,,,
1226.jpg,6,2,,,,,
1226.jpg,7,9,,,,,
1226.jpg,8,0,,,,,
1226.jpg,ALL,N/A,,,N/A,summary,N/A
1713.jpg,1,94,,,,,
1713.jpg,2,25,,,,,
1713.jpg,3,7,,,,,
1713.jpg,4,8,,,,,
1713.jpg,5,9,,,,,
1713.jpg,6,0,,,,,
1713.jpg,7,1,,,,,
1713.jpg,8,2,,,,,
1713.jpg,ALL,N/A,,,N/A,summary,N/A
2234.jpg,1,49,,,,,
2234.jpg,2,25,,,,,
2234.jpg,3,1,,,,,
2234.jpg,4,1,,,,,
2234.jpg,5,0,,,,,
2234.jpg,6,5,,,,,
2234.jpg,7,2,,,,,
2234.jpg,8,3,,,,,
2234.jpg,ALL,N/A,,,N/A,summary,N/A
2273.jpg,1,49,,,,,
2273.jpg,2,10,,,,,
2273.jpg,3,15,,,,,
2273.jpg,4,1,১,,১,number,84.49
2273.jpg,5,1,১,,১,number,12.62
2273.jpg,6,6,,,,,
2273.jpg,7,5,৫,,৫,number,30.08
2273.jpg,8,1,,,,,
2273.jpg,9,7,,,,,
2273.jpg,ALL,N/A,১,,১,summary,N/A
1492.jpg,1,75,,নওগাঁ,নওগাঁ,word,91.90
1492.jpg,2,25,,,,,
1492.jpg,3,1,১,,১,number,99.99
1492.jpg,4,1,১,,১,number,99.99
1492.jpg,5,1,১,,১,number,100.00
1492.jpg,6,4,,,,,
1492.jpg,7,9,৯,,৯,number,32.36
1492.jpg,8,3,,,,,
1492.jpg,ALL,N/A,১,নওগাঁ,নওগাঁ ১,summary,N/A
2001.jpg,1,39,,বরিশাল,বরিশাল,word,78.63
2001.jpg,2,25,,,,,
2001.jpg,3,1,,,,,
2001.jpg,4,1,,,,,
2001.jpg,5,6,,,,,
2001.jpg,6,5,,,,,
2001.jpg,7,7,,,,,
2001.jpg,8,4,,,,,
2001.jpg,ALL,N/A,,বরিশাল,বরিশাল,summary,N/A
1326.jpg,1,80,,নেত্রকোনা,নেত্রকোনা,word,79.00
1326.jpg,2,25,,,,,
1326.jpg,3,1,,,,,
1326.jpg,4,1,১,,১,number,99.29
1326.jpg,5,1,১,,১,number,98.03
1326.jpg,6,9,,,,,
1326.jpg,7,2,২,,২,number,99.86
1326.jpg,8,8,৮,,৮,number,99.04
1326.jpg,ALL,N/A,১,নেত্রকোনা,নেত্রকোনা ১,summary,N/A
1494.jpg,1,75,,নওগাঁ,নওগাঁ,word,92.63
1494.jpg,2,20,,,,,
1494.jpg,3,1,১,,১,number,99.99
1494.jpg,4,6,,,,,
1494.jpg,5,6,৬,,৬,number,97.49
1494.jpg,6,3,,,,,
1494.jpg,7,9,,,,,
1494.jpg,8,9,৯,,৯,number,76.56
1494.jpg,ALL,N/A,১,নওগাঁ,নওগাঁ ১,summary,N/A
1801.jpg,1,49,,,,,
1801.jpg,2,10,,মেট্রো,মেট্রো,word,76.22
1801.jpg,3,18,,,,,
1801.jpg,4,1,১,,১,number,90.80
1801.jpg,5,1,১,,১,number,99.93
1801.jpg,6,6,,,,,
1801.jpg,7,5,৫,,৫,number,99.96
1801.jpg,8,9,,,,,
1801.jpg,9,4,,,,,
1801.jpg,ALL,N/A,১,মেট্রো,মেট্রো ১,summary,N/A
861.jpg,1,87,,,,,
861.jpg,2,10,,মেট্রো,মেট্রো,word,84.58
861.jpg,3,17,,,,,
861.jpg,4,1,১,,১,number,100.00
861.jpg,5,1,১,,১,number,99.88
861.jpg,6,0,,,,,
861.jpg,7,5,,,,,
861.jpg,8,8,,,,,
861.jpg,9,4,,,,,
861.jpg,ALL,N/A,১,মেট্রো,মেট্রো ১,summary,N/A
62.jpg,1,49,,ঢাকা,ঢাকা,word,85.29
62.jpg,2,10,,মেট্রো,মেট্রো,word,91.48
62.jpg,3,18,,,,,
62.jpg,4,3,,,,,
62.jpg,5,1,,,,,
62.jpg,6,1,,,,,
62.jpg,7,0,,,,,
62.jpg,8,8,,,,,
62.jpg,9,9,,,,,
62.jpg,ALL,N/A,,ঢাকা,ঢাকা,summary,N/A
773.jpg,1,82,,নোয়াখালী,নোয়াখালী,word,69.45
773.jpg,2,20,,,,,
773.jpg,3,1,২১,,২১,number,14.46
773.jpg,4,1,১,,১,number,92.84
773.jpg,5,2,২,,২,number,80.17
773.jpg,6,2,২,,২,number,77.69
773.jpg,7,3,,,,,
773.jpg,8,8,৮,,৮,number,99.80
773.jpg,ALL,N/A,২,নোয়াখালী,নোয়াখালী ২,summary,N/A
2529.jpg,1,44,,,,,
2529.jpg,2,10,,মেট্রো,মেট্রো,word,86.46
2529.jpg,3,25,,,,,
2529.jpg,4,1,১,,১,number,83.16
2529.jpg,5,4,,,,,
2529.jpg,6,8,৮,,৮,number,97.81
2529.jpg,7,0,,,,,
2529.jpg,8,4,,,,,
2529.jpg,9,3,৩,,৩,number,98.56
2529.jpg,ALL,N/A,১,মেট্রো,মেট্রো ১,summary,N/A
2423.jpg,1,49,,,,,
2423.jpg,2,10,,,,,
2423.jpg,3,18,,,,,
2423.jpg,4,3,,,,,
2423.jpg,5,1,১১,,১১,number,8.96
2423.jpg,6,1,,,,,
2423.jpg,7,7,,,,,
2423.jpg,8,0,,,,,
2423.jpg,9,2,,,,,
2423.jpg,ALL,N/A,১১,,১১,summary,N/A
1998.jpg,1,40,,ভোলা,ভোলা,word,91.87
1998.jpg,2,25,,,,,
1998.jpg,3,1,,,,,
1998.jpg,4,1,১,,১,number,99.57
1998.jpg,5,0,,,,,
1998.jpg,6,7,,,,,
1998.jpg,7,4,,,,,
1998.jpg,8,5,,,,,
1998.jpg,ALL,N/A,১,ভোলা,ভোলা ১,summary,N/A
1398.jpg,1,92,,সাতক্ষীরা,সাতক্ষীরা,word,71.09
1398.jpg,2,26,,,,,
1398.jpg,3,9,,,,,
1398.jpg,4,1,,,,,
1398.jpg,5,1,,,,,
1398.jpg,6,9,,,,,
1398.jpg,7,0,,,,,
1398.jpg,8,2,,,,,
1398.jpg,ALL,N/A,,সাতক্ষীরা,সাতক্ষীরা,summary,N/A
1439.jpg,1,71,,মানিকগঞ্জ,মানিকগঞ্জ,word,85.23
1439.jpg,2,20,,,,,
1439.jpg,3,1,,,,,
1439.jpg,4,1,১,,১,number,98.88
1439.jpg,5,0,,,,,
1439.jpg,6,5,,,,,
1439.jpg,7,8,,,,,
1439.jpg,8,6,৬,,৬,number,100.00
1439.jpg,ALL,N/A,১,মানিকগঞ্জ,মানিকগঞ্জ ১,summary,N/A
2329.jpg,1,49,,,,,
2329.jpg,2,10,,,,,
2329.jpg,3,18,,,,,
2329.jpg,4,6,,,,,
2329.jpg,5,0,,,,,
2329.jpg,6,7,,,,,
2329.jpg,7,8,,,,,
2329.jpg,8,1,,,,,
2329.jpg,9,3,,,,,
2329.jpg,ALL,N/A,,,N/A,summary,N/A
712.jpg,1,85,,,,,
712.jpg,2,19,,,,,
712.jpg,3,9,,,,,
712.jpg,4,1,,,,,
712.jpg,5,0,,,,,
712.jpg,6,2,,,,,
712.jpg,7,1,,,,,
712.jpg,8,9,,,,,
712.jpg,ALL,N/A,,,N/A,summary,N/A
440.jpg,1,40,,ভোলা,ভোলা,word,90.45
440.jpg,2,32,,,,,
440.jpg,3,1,,,,,
440.jpg,4,2,,,,,
440.jpg,5,3,,,,,
440.jpg,6,4,,,,,
440.jpg,7,5,,,,,
440.jpg,8,6,,,,,
440.jpg,ALL,N/A,,ভোলা,ভোলা,summary,N/A
1448.jpg,1,73,,মৌলভীবাজার,মৌলভীবাজার,word,80.43
1448.jpg,2,20,,,,,
1448.jpg,3,1,,,,,
1448.jpg,4,2,২,,২,number,51.48
1448.jpg,5,2,,,,,
1448.jpg,6,2,,,,,
1448.jpg,7,4,,,,,
1448.jpg,8,6,,,,,
1448.jpg,ALL,N/A,২,মৌলভীবাজার,মৌলভীবাজার ২,summary,N/A
568.jpg,1,52,,ফেনী,ফেনী,word,89.88
568.jpg,2,18,,,,,
568.jpg,3,5,,,,,
568.jpg,4,6,,,,,
568.jpg,5,7,,,,,
568.jpg,6,8,৮,,৮,number,80.30
568.jpg,7,0,,,,,
568.jpg,8,1,,,,,
568.jpg,ALL,N/A,৮,ফেনী,ফেনী ৮,summary,N/A
2298.jpg,1,57,,জামালপুর,জামালপুর,word,86.00
2298.jpg,2,25,,,,,
2298.jpg,3,1,,,,,
2298.jpg,4,1,১,,১,number,61.31
2298.jpg,5,1,১,,১,number,99.97
2298.jpg,6,6,,,,,
2298.jpg,7,1,,,,,
2298.jpg,8,4,,,,,
2298.jpg,ALL,N/A,১,জামালপুর,জামালপুর ১,summary,N/A
1554.jpg,1,94,,শেরপুর,শেরপুর,word,89.70
1554.jpg,2,20,,,,,
1554.jpg,3,1,,,,,
1554.jpg,4,1,১,,১,number,78.12
1554.jpg,5,9,,,,,
1554.jpg,6,4,,,,,
1554.jpg,7,0,,,,,
1554.jpg,8,8,৮,,৮,number,100.00
1554.jpg,ALL,N/A,১,শেরপুর,শেরপুর ১,summary,N/A
447.jpg,1,45,,চট্টগ্রাম,চট্টগ্রাম,word,93.41
447.jpg,2,33,,,,,
447.jpg,3,1,,,,,
447.jpg,4,2,২,,২,number,99.93
447.jpg,5,3,,,,,
447.jpg,6,4,,,,,
447.jpg,7,5,,,,,
447.jpg,8,6,,,,,
447.jpg,ALL,N/A,২,চট্টগ্রাম,চট্টগ্রাম ২,summary,N/A
895.jpg,1,91,,রংপুর,রংপুর,word,76.31
895.jpg,2,20,,,,,
895.jpg,3,1,১,,১,number,96.84
895.jpg,4,1,,,,,
895.jpg,5,4,,,,,
895.jpg,6,3,,,,,
895.jpg,7,5,,,,,
895.jpg,8,7,,,,,
895.jpg,ALL,N/A,১,রংপুর,রংপুর ১,summary,N/A
2264.jpg,1,49,,ঢাকা,ঢাকা,word,93.10
2264.jpg,2,10,,মেট্রো,মেট্রো,word,95.82
2264.jpg,3,31,,,,,
2264.jpg,4,1,,,,,
2264.jpg,5,4,৪,,৪,number,33.72
2264.jpg,6,4,,,,,
2264.jpg,7,9,১,,১,number,90.04
2264.jpg,8,8,৮,,৮,number,92.07
2264.jpg,9,1,১,,১,number,99.92
2264.jpg,ALL,N/A,১,ঢাকা,ঢাকা ১,summary,N/A
2285.jpg,1,49,,,,,
2285.jpg,2,10,,,,,
2285.jpg,3,20,,,,,
2285.jpg,4,4,৪,,৪,number,82.95
2285.jpg,5,6,,,,,
2285.jpg,6,5,,,,,
2285.jpg,7,2,,,,,
2285.jpg,8,1,১,,১,number,30.31
2285.jpg,9,5,৫,,৫,number,99.59
2285.jpg,ALL,N/A,৪,,৪,summary,N/A
98.jpeg,1,98,,,,,
98.jpeg,2,20,,,,,
98.jpeg,3,1,,,,,
98.jpeg,4,5,,,,,
98.jpeg,5,5,,,,,
98.jpeg,6,9,,,,,
98.jpeg,7,8,,,,,
98.jpeg,8,7,,,,,
98.jpeg,ALL,N/A,,,N/A,summary,N/A
535.jpg,1,50,,,,,
535.jpg,2,16,,,,,
535.jpg,3,1,,,,,
535.jpg,4,2,,,,,
535.jpg,5,3,,,,,
535.jpg,6,4,,,,,
535.jpg,7,5,,,,,
535.jpg,8,6,৬,,৬,number,92.23
535.jpg,ALL,N/A,৬,,৬,summary,N/A
1574.jpg,1,96,,,,,
1574.jpg,2,101,,,,,
1574.jpg,3,3,,,,,
1574.jpg,4,4,,,,,
1574.jpg,5,5,,,,,
1574.jpg,6,6,৬,,৬,number,98.26
1574.jpg,7,7,,,,,
1574.jpg,8,8,৫,,৫,number,1.57
1574.jpg,ALL,N/A,৬,,৬,summary,N/A
768.jpg,1,82,,নোয়াখালী,নোয়াখালী,word,88.83
768.jpg,2,100,,,,,
768.jpg,3,0,,,,,
768.jpg,4,0,,,,,
768.jpg,5,0,,,,,
768.jpg,6,0,,,,,
768.jpg,7,2,১,,১,number,14.37
768.jpg,8,8,৮,,৮,number,39.87
768.jpg,ALL,N/A,১,নোয়াখালী,নোয়াখালী ১,summary,N/A
2052.jpg,1,49,,,,,
2052.jpg,2,10,৮,,৮,number,0.99
2052.jpg,3,13,,,,,
2052.jpg,4,5,৫,,৫,number,99.85
2052.jpg,5,1,,,,,
2052.jpg,6,6,,,,,
2052.jpg,7,0,,,,,
2052.jpg,8,4,,,,,
2052.jpg,9,6,,,,,
2052.jpg,ALL,N/A,৮,,৮,summary,N/A
2541.jpg,1,43,,,,,
2541.jpg,2,20,,,,,
2541.jpg,3,1,১,,১,number,99.96
2541.jpg,4,1,১,,১,number,93.37
2541.jpg,5,0,,,,,
2541.jpg,6,2,২,,২,number,99.31
2541.jpg,7,0,,,,,
2541.jpg,8,1,৬,,৬,number,1.89
2541.jpg,ALL,N/A,১,,১,summary,N/A
1791.jpg,1,49,,,,,
1791.jpg,2,10,,,,,
1791.jpg,3,13,,,,,
1791.jpg,4,5,,,,,
1791.jpg,5,3,,,,,
1791.jpg,6,1,,,,,
1791.jpg,7,5,,,,,
1791.jpg,8,9,,,,,
1791.jpg,9,8,৮,,৮,number,17.84
1791.jpg,ALL,N/A,৮,,৮,summary,N/A
2107.jpg,1,49,,,,,
2107.jpg,2,10,,,,,
2107.jpg,3,20,,,,,
2107.jpg,4,4,,,,,
2107.jpg,5,9,,,,,
2107.jpg,6,2,,,,,
2107.jpg,7,0,,,,,
2107.jpg,8,3,,,,,
2107.jpg,9,3,,,,,
2107.jpg,ALL,N/A,,,N/A,summary,N/A
1367.jpg,1,91,,,,,
1367.jpg,2,27,,,,,
1367.jpg,3,3,,,,,
1367.jpg,4,4,,,,,
1367.jpg,5,5,,,,,
1367.jpg,6,6,৬,,৬,number,73.43
1367.jpg,7,7,,,,,
1367.jpg,8,8,,,,,
1367.jpg,ALL,N/A,৬,,৬,summary,N/A
2434.jpg,1,39,,,,,
2434.jpg,2,20,,,,,
2434.jpg,3,1,,,,,
2434.jpg,4,1,১,,১,number,0.46
2434.jpg,5,0,,,,,
2434.jpg,6,8,,,,,
2434.jpg,7,9,৯,,৯,number,7.61
2434.jpg,8,3,,,,,
2434.jpg,ALL,N/A,১,,১,summary,N/A
259.jpg,1,49,,,,,
259.jpg,2,10,,,,,
259.jpg,3,19,,,,,
259.jpg,4,1,,,,,
259.jpg,5,2,,,,,
259.jpg,6,5,,,,,
259.jpg,7,5,,,,,
259.jpg,8,9,,,,,
259.jpg,9,9,,,,,
259.jpg,ALL,N/A,,,N/A,summary,N/A
2605.jpg,1,80,,নেত্রকোনা,নেত্রকোনা,word,83.72
2605.jpg,2,25,,,,,
2605.jpg,3,1,১,,১,number,99.99
2605.jpg,4,1,১,,১,number,99.95
2605.jpg,5,1,১,,১,number,99.99
2605.jpg,6,1,১,,১,number,99.95
2605.jpg,7,1,১,,১,number,99.94
2605.jpg,8,3,,,,,
2605.jpg,ALL,N/A,১,নেত্রকোনা,নেত্রকোনা ১,summary,N/A
1929.jpg,1,36,,,,,
1929.jpg,2,31,,,,,
1929.jpg,3,1,,,,,
1929.jpg,4,1,১,,১,number,100.00
1929.jpg,5,0,,,,,
1929.jpg,6,5,,,,,
1929.jpg,7,4,,,,,
1929.jpg,8,2,,,,,
1929.jpg,ALL,N/A,১,,১,summary,N/A
2047.jpg,1,49,,,,,
2047.jpg,2,10,,,,,
2047.jpg,3,18,,,,,
2047.jpg,4,1,,,,,
2047.jpg,5,7,৭,,৭,number,69.27
2047.jpg,6,4,,,,,
2047.jpg,7,1,,,,,
2047.jpg,8,1,,,,,
2047.jpg,9,9,,,,,
2047.jpg,ALL,N/A,৭,,৭,summary,N/A
1452.jpg,1,73,,মৌলভীবাজার,মৌলভীবাজার,word,77.84
1452.jpg,2,25,,,,,
1452.jpg,3,1,,,,,
1452.jpg,4,1,,,,,
1452.jpg,5,2,,,,,
1452.jpg,6,8,,,,,
1452.jpg,7,5,,,,,
1452.jpg,8,1,,,,,
1452.jpg,ALL,N/A,,মৌলভীবাজার,মৌলভীবাজার,summary,N/A
9.jpeg,1,74,,ময়মনসিংহ,ময়মনসিংহ,word,90.36
9.jpeg,2,25,,,,,
9.jpeg,3,1,১,,১,number,100.00
9.jpeg,4,1,,,,,
9.jpeg,5,6,,,,,
9.jpeg,6,7,,,,,
9.jpeg,7,4,,,,,
9.jpeg,8,9,,,,,
9.jpeg,ALL,N/A,১,ময়মনসিংহ,ময়মনসিংহ ১,summary,N/A
1211.jpg,1,70,,,,,
1211.jpg,2,16,,,,,
1211.jpg,3,9,,,,,
1211.jpg,4,0,,,,,
1211.jpg,5,1,,,,,
1211.jpg,6,2,,,,,
1211.jpg,7,3,,,,,
1211.jpg,8,4,,,,,
1211.jpg,ALL,N/A,,,N/A,summary,N/A
2515.jpg,1,47,,কক্সবাজার,কক্সবাজার,word,96.66
2515.jpg,2,25,,,,,
2515.jpg,3,4,,,,,
2515.jpg,4,3,৩,,৩,number,76.98
2515.jpg,5,0,,,,,
2515.jpg,6,7,,,,,
2515.jpg,7,1,২,,২,number,3.98
2515.jpg,8,1,,,,,
2515.jpg,ALL,N/A,৩,কক্সবাজার,কক্সবাজার ৩,summary,N/A
2402.jpg,1,49,০,,০,number,11.14
2402.jpg,2,10,,,,,
2402.jpg,3,18,,,,,
2402.jpg,4,3,,,,,
2402.jpg,5,4,০,,০,number,10.11
2402.jpg,6,0,,,,,
2402.jpg,7,2,১,,১,number,99.88
2402.jpg,8,8,,,,,
2402.jpg,9,2,,,,,
2402.jpg,ALL,N/A,০,,০,summary,N/A
2259.jpg,1,49,,ঢাকা,ঢাকা,word,90.13
2259.jpg,2,10,,মেট্রো,মেট্রো,word,82.56
2259.jpg,3,31,১,,১,number,16.02
2259.jpg,4,1,,,,,
2259.jpg,5,4,৪,,৪,number,27.10
2259.jpg,6,4,,,,,
2259.jpg,7,9,,,,,
2259.jpg,8,8,৮,,৮,number,89.28
2259.jpg,9,1,,,,,
2259.jpg,ALL,N/A,১,ঢাকা,ঢাকা ১,summary,N/A
2592.jpg,1,49,,ঢাকা,ঢাকা,word,79.42
2592.jpg,2,10,,,,,
2592.jpg,3,18,,,,,
2592.jpg,4,2,,,,,
2592.jpg,5,3,,,,,
2592.jpg,6,7,,,,,
2592.jpg,7,3,৩,,৩,number,15.26
2592.jpg,8,9,,,,,
2592.jpg,9,3,৩,,৩,number,99.91
2592.jpg,ALL,N/A,৩,ঢাকা,ঢাকা ৩,summary,N/A
1111.jpg,1,63,,খুলনা,খুলনা,word,69.18
1111.jpg,2,10,,,,,
1111.jpg,3,32,,,,,
1111.jpg,4,1,,,,,
1111.jpg,5,2,,,,,
1111.jpg,6,3,,,,,
1111.jpg,7,4,৪,,৪,number,40.26
1111.jpg,8,5,,,,,
1111.jpg,9,6,,,,,
1111.jpg,ALL,N/A,৪,খুলনা,খুলনা ৪,summary,N/A
1468.jpg,1,59,,ঝালকাঠি,ঝালকাঠি,word,64.88
1468.jpg,2,25,,,,,
1468.jpg,3,1,,,,,
1468.jpg,4,1,,,,,
1468.jpg,5,1,১,,১,number,99.98
1468.jpg,6,0,,,,,
1468.jpg,7,4,,,,,
1468.jpg,8,8,,,,,
1468.jpg,ALL,N/A,১,ঝালকাঠি,ঝালকাঠি ১,summary,N/A
1883.jpg,1,49,,,,,
1883.jpg,2,10,,,,,
1883.jpg,3,13,,,,,
1883.jpg,4,5,,,,,
1883.jpg,5,3,,,,,
1883.jpg,6,4,,,,,
1883.jpg,7,5,৫,,৫,number,95.74
1883.jpg,8,4,৪,,৪,number,31.40
1883.jpg,9,1,১,,১,number,99.99
1883.jpg,ALL,N/A,৫,,৫,summary,N/A
1354.jpg,1,89,,,,,
1354.jpg,2,31,,,,,
1354.jpg,3,3,,,,,
1354.jpg,4,4,,,,,
1354.jpg,5,5,,,,,
1354.jpg,6,6,৬,,৬,number,62.08
1354.jpg,7,7,৭,,৭,number,8.68
1354.jpg,8,8,,,,,
1354.jpg,ALL,N/A,৬,,৬,summary,N/A
1170.jpg,1,67,,,,,
1170.jpg,2,1,,,,,
1170.jpg,3,3,,,,,
1170.jpg,4,5,,,,,
1170.jpg,5,7,,,,,
1170.jpg,6,9,,,,,
1170.jpg,7,0,,,,,
1170.jpg,8,11,৩,,৩,number,12.85
1170.jpg,ALL,N/A,৩,,৩,summary,N/A
144.jpeg,1,39,,বরিশাল,বরিশাল,word,93.89
144.jpeg,2,1,,,,,
144.jpeg,3,2,,,,,
144.jpeg,4,10,,,,,
144.jpeg,5,20,,,,,
144.jpeg,6,3,,,,,
144.jpeg,7,4,,,,,
144.jpeg,8,6,,,,,
144.jpeg,9,7,,,,,
144.jpeg,ALL,N/A,,বরিশাল,বরিশাল,summary,N/A
602.jpg,1,56,,হবিগঞ্জ,হবিগঞ্জ,word,86.03
602.jpg,2,22,,,,,
602.jpg,3,3,,,,,
602.jpg,4,4,,,,,
602.jpg,5,5,,,,,
602.jpg,6,6,,,,,
602.jpg,7,7,,,,,
602.jpg,8,8,৮,,৮,number,19.51
602.jpg,ALL,N/A,৮,হবিগঞ্জ,হবিগঞ্জ ৮,summary,N/A
1928.jpg,1,36,,,,,
1928.jpg,2,31,,,,,
1928.jpg,3,1,৬,,৬,number,17.15
1928.jpg,4,1,,,,,
1928.jpg,5,0,,,,,
1928.jpg,6,5,৬,,৬,number,96.56
1928.jpg,7,4,,,,,
1928.jpg,8,2,,,,,
1928.jpg,ALL,N/A,৬,,৬,summary,N/A
852.jpg,1,87,,,,,
852.jpg,2,10,,মেট্রো,মেট্রো,word,91.09
852.jpg,3,13,,,,,
852.jpg,4,5,,,,,
852.jpg,5,1,১,,১,number,99.95
852.jpg,6,0,,,,,
852.jpg,7,0,,,,,
852.jpg,8,5,,,,,
852.jpg,9,6,৬,,৬,number,100.00
852.jpg,ALL,N/A,১,মেট্রো,মেট্রো ১,summary,N/A
1542.jpg,1,93,,,,,
1542.jpg,2,25,,,,,
1542.jpg,3,1,১,,১,number,99.97
1542.jpg,4,1,১,,১,number,100.00
1542.jpg,5,1,১,,১,number,99.99
1542.jpg,6,3,৩,,৩,number,79.27
1542.jpg,7,2,১,,১,number,44.42
1542.jpg,8,0,,,,,
1542.jpg,ALL,N/A,১,,১,summary,N/A
975.jpg,1,52,,,,,
975.jpg,2,20,,,,,
975.jpg,3,1,,,,,
975.jpg,4,2,,,,,
975.jpg,5,4,,,,,
975.jpg,6,4,,,,,
975.jpg,7,0,,,,,
975.jpg,8,8,,,,,
975.jpg,ALL,N/A,,,N/A,summary,N/A
1178.jpg,1,67,,লক্ষ্মীপুর,লক্ষ্মীপুর,word,87.70
1178.jpg,2,11,,,,,
1178.jpg,3,2,২,,২,number,84.00
1178.jpg,4,3,,,,,
1178.jpg,5,4,,,,,
1178.jpg,6,5,৫,,৫,number,98.34
1178.jpg,7,6,৬,,৬,number,76.11
1178.jpg,8,7,,,,,
1178.jpg,ALL,N/A,২,লক্ষ্মীপুর,লক্ষ্মীপুর ২,summary,N/A
1157.jpg,1,65,,কুড়িগ্রাম,কুড়িগ্রাম,word,78.70
1157.jpg,2,100,,,,,
1157.jpg,3,1,,,,,
1157.jpg,4,2,,,,,
1157.jpg,5,3,,,,,
1157.jpg,6,4,,,,,
1157.jpg,7,8,৩,,৩,number,16.89
1157.jpg,8,9,,,,,
1157.jpg,ALL,N/A,৩,কুড়িগ্রাম,কুড়িগ্রাম ৩,summary,N/A
2374.jpg,1,49,,ঢাকা,ঢাকা,word,66.81
2374.jpg,2,10,,মেট্রো,মেট্রো,word,80.36
2374.jpg,3,18,,,,,
2374.jpg,4,9,,,,,
2374.jpg,5,3,,,,,
2374.jpg,6,3,,,,,
2374.jpg,7,0,,,,,
2374.jpg,8,5,৫,,৫,number,55.69
2374.jpg,9,2,,,,,
2374.jpg,ALL,N/A,৫,ঢাকা,ঢাকা ৫,summary,N/A
776.jpg,1,82,,,,,
776.jpg,2,25,,,,,
776.jpg,3,1,,,,,
776.jpg,4,1,১,,১,number,99.99
776.jpg,5,1,১১,,১১,number,62.23
776.jpg,6,8,৮,,৮,number,100.00
776.jpg,7,6,,,,,
776.jpg,8,5,,,,,
776.jpg,ALL,N/A,১,,১,summary,N/A
814.jpg,1,85,,পটুয়াখালী,পটুয়াখালী,word,85.12
814.jpg,2,25,,,,,
814.jpg,3,1,১,,১,number,100.00
814.jpg,4,1,১,,১,number,99.96
814.jpg,5,1,১,,১,number,100.00
814.jpg,6,1,,,,,
814.jpg,7,6,,,,,
814.jpg,8,5,,,,,
814.jpg,ALL,N/A,১,পটুয়াখালী,পটুয়াখালী ১,summary,N/A
771.jpg,1,82,,নোয়াখালী,নোয়াখালী,word,83.51
771.jpg,2,25,,,,,
771.jpg,3,1,১,,১,number,46.14
771.jpg,4,1,১,,১,number,99.40
771.jpg,5,1,,,,,
771.jpg,6,9,৯,,৯,number,99.96
771.jpg,7,8,৮,,৮,number,99.94
771.jpg,8,5,,,,,
771.jpg,ALL,N/A,১,নোয়াখালী,নোয়াখালী ১,summary,N/A
68.jpg,1,63,,খুলনা,খুলনা,word,67.28
68.jpg,2,10,,,,,
68.jpg,3,25,,,,,
68.jpg,4,1,১,,১,number,77.42
68.jpg,5,2,,,,,
68.jpg,6,2,,,,,
68.jpg,7,9,,,,,
68.jpg,8,6,,,,,
68.jpg,9,0,,,,,
68.jpg,ALL,N/A,১,খুলনা,খুলনা ১,summary,N/A
705.jpg,1,86,,পিরোজপুর,পিরোজপুর,word,94.24
705.jpg,2,18,,,,,
705.jpg,3,2,,,,,
705.jpg,4,3,,,,,
705.jpg,5,4,,,,,
705.jpg,6,5,,,,,
705.jpg,7,6,৬,,৬,number,99.12
705.jpg,8,7,,,,,
705.jpg,ALL,N/A,৬,পিরোজপুর,পিরোজপুর ৬,summary,N/A
2169.jpg,1,49,,,,,
2169.jpg,2,10,,,,,
2169.jpg,3,18,,,,,
2169.jpg,4,2,,,,,
2169.jpg,5,7,৭,,৭,number,76.48
2169.jpg,6,9,,,,,
2169.jpg,7,0,,,,,
2169.jpg,8,6,,,,,
2169.jpg,9,0,,,,,
2169.jpg,ALL,N/A,৭,,৭,summary,N/A
538.jpg,1,50,,,,,
538.jpg,2,16,,,,,
538.jpg,3,3,,,,,
538.jpg,4,4,,,,,
538.jpg,5,5,,,,,
538.jpg,6,6,,,,,
538.jpg,7,7,,,,,
538.jpg,8,8,,,,,
538.jpg,ALL,N/A,,,N/A,summary,N/A
431.jpg,1,46,,চুয়াডাঙ্গা,চুয়াডাঙ্গা,word,90.88
431.jpg,2,11,,,,,
431.jpg,3,1,১,,১,number,99.84
431.jpg,4,2,২,,২,number,99.58
431.jpg,5,3,,,,,
431.jpg,6,4,,,,,
431.jpg,7,5,,,,,
431.jpg,8,6,,,,,
431.jpg,ALL,N/A,১,চুয়াডাঙ্গা,চুয়াডাঙ্গা ১,summary,N/A
1001.jpg,1,55,,,,,
1001.jpg,2,20,,,,,
1001.jpg,3,1,,,,,
1001.jpg,4,1,১,,১,number,93.76
1001.jpg,5,5,,,,,
1001.jpg,6,2,,,,,
1001.jpg,7,2,,,,,
1001.jpg,8,6,,,,,
1001.jpg,ALL,N/A,১,,১,summary,N/A
1717.jpg,1,95,,সিরাজগঞ্জ,সিরাজগঞ্জ,word,98.75
1717.jpg,2,22,,,,,
1717.jpg,3,1,,,,,
1717.jpg,4,1,১,,১,number,97.94
1717.jpg,5,1,,,,,
1717.jpg,6,8,৮,,৮,number,98.24
1717.jpg,7,2,২,,২,number,99.98
1717.jpg,8,9,,,,,
1717.jpg,ALL,N/A,১,সিরাজগঞ্জ,সিরাজগঞ্জ ১,summary,N/A
1092.jpg,1,61,,,,,
1092.jpg,2,29,,,,,
1092.jpg,3,3,,,,,
1092.jpg,4,4,,,,,
1092.jpg,5,5,,,,,
1092.jpg,6,6,,,,,
1092.jpg,7,7,০,,০,number,19.89
1092.jpg,8,8,৩,,৩,number,23.65
1092.jpg,ALL,N/A,০,,০,summary,N/A
2317.jpg,1,49,,,,,
2317.jpg,2,10,,,,,
2317.jpg,3,18,,,,,
2317.jpg,4,9,,,,,
2317.jpg,5,1,,,,,
2317.jpg,6,1,,,,,
2317.jpg,7,4,,,,,
2317.jpg,8,7,,,,,
2317.jpg,9,1,,,,,
2317.jpg,ALL,N/A,,,N/A,summary,N/A
614.jpg,1,57,,,,,
614.jpg,2,23,,,,,
614.jpg,3,1,,,,,
614.jpg,4,4,,,,,
614.jpg,5,7,,,,,
614.jpg,6,8,,,,,
614.jpg,7,9,,,,,
614.jpg,8,2,,,,,
614.jpg,ALL,N/A,,,N/A,summary,N/A
2217.jpg,1,49,৬,,৬,number,59.97
2217.jpg,2,10,,,,,
2217.jpg,3,18,,,,,
2217.jpg,4,1,,,,,
2217.jpg,5,2,,,,,
2217.jpg,6,1,১,,১,number,99.96
2217.jpg,7,4,৪,,৪,number,51.09
2217.jpg,8,2,,,,,
2217.jpg,9,6,,,,,
2217.jpg,ALL,N/A,৬,,৬,summary,N/A
2345.jpg,1,49,,ঢাকা,ঢাকা,word,82.78
2345.jpg,2,10,,,,,
2345.jpg,3,19,,,,,
2345.jpg,4,1,১,,১,number,26.14
2345.jpg,5,8,৮,,৮,number,93.92
2345.jpg,6,7,৭,,৭,number,35.79
2345.jpg,7,5,,,,,
2345.jpg,8,9,,,,,
2345.jpg,9,3,,,,,
2345.jpg,ALL,N/A,১,ঢাকা,ঢাকা ১,summary,N/A
2015.jpg,1,97,,সিলেট,সিলেট,word,90.19
2015.jpg,2,10,,মেট্রো,মেট্রো,word,88.53
2015.jpg,3,25,,,,,
2015.jpg,4,1,,,,,
2015.jpg,5,1,১,,১,number,100.00
2015.jpg,6,1,১,,১,number,100.00
2015.jpg,7,8,,,,,
2015.jpg,8,3,,,,,
2015.jpg,9,6,,,,,
2015.jpg,ALL,N/A,১,সিলেট,সিলেট ১,summary,N/A
186.jpeg,1,49,,ঢাকা,ঢাকা,word,83.68
186.jpeg,2,10,,,,,
186.jpeg,3,26,,,,,
186.jpeg,4,5,,,,,
186.jpeg,5,1,,,,,
186.jpeg,6,7,,,,,
186.jpeg,7,7,,,,,
186.jpeg,8,9,,,,,
186.jpeg,9,2,,,,,
186.jpeg,ALL,N/A,,ঢাকা,ঢাকা,summary,N/A
2352.jpg,1,49,,,,,
2352.jpg,2,10,৫,,৫,number,0.42
2352.jpg,3,18,,,,,
2352.jpg,4,1,,,,,
2352.jpg,5,7,৭,,৭,number,97.45
2352.jpg,6,4,,,,,
2352.jpg,7,1,,,,,
2352.jpg,8,1,১,,১,number,35.49
2352.jpg,9,9,,,,,
2352.jpg,ALL,N/A,৫,,৫,summary,N/A
504.jpg,1,36,,,,,
504.jpg,2,34,,,,,
504.jpg,3,5,,,,,
504.jpg,4,6,,,,,
504.jpg,5,7,,,,,
504.jpg,6,8,৮,,৮,number,23.74
504.jpg,7,9,,,,,
504.jpg,8,0,,,,,
504.jpg,ALL,N/A,৮,,৮,summary,N/A
488.jpg,1,58,,,,,
488.jpg,2,20,,,,,
488.jpg,3,1,,,,,
488.jpg,4,4,,,,,
488.jpg,5,1,,,,,
488.jpg,6,8,,,,,
488.jpg,7,5,,,,,
488.jpg,8,1,,,,,
488.jpg,ALL,N/A,,,N/A,summary,N/A
1880.jpg,1,97,,সিলেট,সিলেট,word,68.20
1880.jpg,2,24,,,,,
1880.jpg,3,1,,,,,
1880.jpg,4,1,,,,,
1880.jpg,5,0,০,,০,number,48.92
1880.jpg,6,3,৬,,৬,number,45.30
1880.jpg,7,2,,,,,
1880.jpg,8,0,০,,০,number,41.59
1880.jpg,ALL,N/A,০,সিলেট,সিলেট ০,summary,N/A
2229.jpg,1,49,,ঢাকা,ঢাকা,word,81.40
2229.jpg,2,10,,,,,
2229.jpg,3,15,,,,,
2229.jpg,4,1,,,,,
2229.jpg,5,4,,,,,
2229.jpg,6,1,,,,,
2229.jpg,7,3,,,,,
2229.jpg,8,8,০,,০,number,22.03
2229.jpg,9,6,,,,,
2229.jpg,ALL,N/A,০,ঢাকা,ঢাকা ০,summary,N/A
1803.jpg,1,49,,,,,
1803.jpg,2,10,,,,,
1803.jpg,3,24,,,,,
1803.jpg,4,1,,,,,
1803.jpg,5,2,,,,,
1803.jpg,6,8,,,,,
1803.jpg,7,7,,,,,
1803.jpg,8,3,,,,,
1803.jpg,9,5,,,,,
1803.jpg,ALL,N/A,,,N/A,summary,N/A
651.jpg,1,82,,নোয়াখালী,নোয়াখালী,word,83.19
651.jpg,2,22,,,,,
651.jpg,3,9,,,,,
651.jpg,4,1,,,,,
651.jpg,5,0,,,,,
651.jpg,6,2,,,,,
651.jpg,7,1,,,,,
651.jpg,8,9,,,,,
651.jpg,ALL,N/A,,নোয়াখালী,নোয়াখালী,summary,N/A
2349.jpg,1,49,,,,,
2349.jpg,2,10,,,,,
2349.jpg,3,13,,,,,
2349.jpg,4,0,,,,,
2349.jpg,5,1,,,,,
2349.jpg,6,9,,,,,
2349.jpg,7,7,,,,,
2349.jpg,8,9,,,,,
2349.jpg,9,1,,,,,
2349.jpg,ALL,N/A,,,N/A,summary,N/A
1302.jpg,1,78,,নরসিংদী,নরসিংদী,word,80.48
1302.jpg,2,30,,,,,
1302.jpg,3,3,,,,,
1302.jpg,4,4,৪,,৪,number,17.94
1302.jpg,5,5,,,,,
1302.jpg,6,6,,,,,
1302.jpg,7,7,৭,,৭,number,99.00
1302.jpg,8,8,,,,,
1302.jpg,ALL,N/A,৪,নরসিংদী,নরসিংদী ৪,summary,N/A
2244.jpg,1,49,,,,,
2244.jpg,2,10,,,,,
2244.jpg,3,20,,,,,
2244.jpg,4,3,,,,,
2244.jpg,5,1,,,,,
2244.jpg,6,5,,,,,
2244.jpg,7,3,৬,,৬,number,22.93
2244.jpg,8,3,,,,,
2244.jpg,9,0,,,,,
2244.jpg,ALL,N/A,৬,,৬,summary,N/A
1267.jpg,1,74,,,,,
1267.jpg,2,34,,,,,
1267.jpg,3,9,,,,,
1267.jpg,4,0,,,,,
1267.jpg,5,1,,,,,
1267.jpg,6,2,,,,,
1267.jpg,7,3,,,,,
1267.jpg,8,4,,,,,
1267.jpg,ALL,N/A,,,N/A,summary,N/A
1341.jpg,1,76,,,,,
1341.jpg,2,32,,,,,
1341.jpg,3,1,,,,,
1341.jpg,4,4,,,,,
1341.jpg,5,7,,,,,
1341.jpg,6,8,৮,,৮,number,90.32
1341.jpg,7,9,,,,,
1341.jpg,8,2,,,,,
1341.jpg,ALL,N/A,৮,,৮,summary,N/A
470.jpg,1,38,,বরগুনা,বরগুনা,word,82.78
470.jpg,2,17,,,,,
470.jpg,3,3,,,,,
470.jpg,4,4,,,,,
470.jpg,5,5,,,,,
470.jpg,6,6,,,,,
470.jpg,7,7,,,,,
470.jpg,8,8,৮,,৮,number,21.27
470.jpg,ALL,N/A,৮,বরগুনা,বরগুনা ৮,summary,N/A
1932.jpg,1,36,,,,,
1932.jpg,2,31,,,,,
1932.jpg,3,1,,,,,
1932.jpg,4,1,,,,,
1932.jpg,5,0,,,,,
1932.jpg,6,5,৬,,৬,number,24.32
1932.jpg,7,4,,,,,
1932.jpg,8,1,,,,,
1932.jpg,ALL,N/A,৬,,৬,summary,N/A
2341.jpg,1,49,,,,,
2341.jpg,2,10,,,,,
2341.jpg,3,18,,,,,
2341.jpg,4,8,,,,,
2341.jpg,5,0,,,,,
2341.jpg,6,7,,,,,
2341.jpg,7,7,৭,,৭,number,89.92
2341.jpg,8,7,৭,,৭,number,98.18
2341.jpg,9,3,,,,,
2341.jpg,ALL,N/A,৭,,৭,summary,N/A
430.jpg,1,37,,বান্দরবান,বান্দরবান,word,86.35
430.jpg,2,15,৬,,৬,number,79.57
430.jpg,3,5,,,,,
430.jpg,4,6,,,,,
430.jpg,5,7,,,,,
430.jpg,6,8,৮,,৮,number,3.74
430.jpg,7,9,,,,,
430.jpg,8,0,,,,,
430.jpg,ALL,N/A,৬,বান্দরবান,বান্দরবান ৬,summary,N/A
729.jpg,1,87,,,,,
729.jpg,2,10,,মেট্রো,মেট্রো,word,85.32
729.jpg,3,13,৮,,৮,number,14.13
729.jpg,4,2,,,,,
729.jpg,5,3,,,,,
729.jpg,6,4,,,,,
729.jpg,7,5,৫,,৫,number,33.53
729.jpg,8,6,৬,,৬,number,99.41
729.jpg,9,7,,,,,
729.jpg,ALL,N/A,৮,মেট্রো,মেট্রো ৮,summary,N/A
61.jpg,1,78,,নরসিংদী,নরসিংদী,word,90.99
61.jpg,2,26,,,,,
61.jpg,3,1,,,,,
61.jpg,4,1,,,,,
61.jpg,5,1,,,,,
61.jpg,6,0,,,,,
61.jpg,7,7,,,,,
61.jpg,8,7,,,,,
61.jpg,ALL,N/A,,নরসিংদী,নরসিংদী,summary,N/A
815.jpg,1,85,,পটুয়াখালী,পটুয়াখালী,word,88.27
815.jpg,2,25,,,,,
815.jpg,3,1,,,,,
815.jpg,4,1,,,,,
815.jpg,5,0,,,,,
815.jpg,6,9,,,,,
815.jpg,7,7,,,,,
815.jpg,8,3,,,,,
815.jpg,ALL,N/A,,পটুয়াখালী,পটুয়াখালী,summary,N/A
398.jpg,1,39,,বরিশাল,বরিশাল,word,87.10
398.jpg,2,33,,,,,
398.jpg,3,5,,,,,
398.jpg,4,6,,,,,
398.jpg,5,7,,,,,
398.jpg,6,8,৮,,৮,number,93.32
398.jpg,7,9,,,,,
398.jpg,8,0,,,,,
398.jpg,ALL,N/A,৮,বরিশাল,বরিশাল ৮,summary,N/A
1698.jpg,1,93,,শরীয়তপুর,শরীয়তপুর,word,75.42
1698.jpg,2,14,,,,,
1698.jpg,3,9,,,,,
1698.jpg,4,1,,,,,
1698.jpg,5,0,,,,,
1698.jpg,6,2,,,,,
1698.jpg,7,1,,,,,
1698.jpg,8,9,,,,,
1698.jpg,ALL,N/A,,শরীয়তপুর,শরীয়তপুর,summary,N/A
2392.jpg,1,73,,মৌলভীবাজার,মৌলভীবাজার,word,77.78
2392.jpg,2,25,,,,,
2392.jpg,3,1,১,,১,number,100.00
2392.jpg,4,1,১,,১,number,100.00
2392.jpg,5,0,,,,,
2392.jpg,6,3,,,,,
2392.jpg,7,7,৭,,৭,number,84.78
2392.jpg,8,4,,,,,
2392.jpg,ALL,N/A,১,মৌলভীবাজার,মৌলভীবাজার ১,summary,N/A
841.jpg,1,87,,,,,
841.jpg,2,10,,মেট্রো,মেট্রো,word,91.91
841.jpg,3,20,,,,,
841.jpg,4,1,,,,,
841.jpg,5,3,,,,,
841.jpg,6,0,,,,,
841.jpg,7,4,,,,,
841.jpg,8,2,১,,১,number,85.78
841.jpg,9,6,,,,,
841.jpg,ALL,N/A,১,মেট্রো,মেট্রো ১,summary,N/A
596.jpg,1,55,,,,,
596.jpg,2,21,,,,,
596.jpg,3,8,,,,,
596.jpg,4,9,,,,,
596.jpg,5,0,,,,,
596.jpg,6,1,,,,,
596.jpg,7,2,,,,,
596.jpg,8,3,,,,,
596.jpg,ALL,N/A,,,N/A,summary,N/A
1573.jpg,1,95,,সিরাজগঞ্জ,সিরাজগঞ্জ,word,81.45
1573.jpg,2,25,,,,,
1573.jpg,3,1,১,,১,number,99.96
1573.jpg,4,1,১,,১,number,91.16
1573.jpg,5,4,,,,,
1573.jpg,6,4,,,,,
1573.jpg,7,0,,,,,
1573.jpg,8,7,,,,,
1573.jpg,ALL,N/A,১,সিরাজগঞ্জ,সিরাজগঞ্জ ১,summary,N/A
1280.jpg,1,75,,,,,
1280.jpg,2,33,,,,,
1280.jpg,3,9,,,,,
1280.jpg,4,0,,,,,
1280.jpg,5,1,,,,,
1280.jpg,6,2,,,,,
1280.jpg,7,3,,,,,
1280.jpg,8,4,,,,,
1280.jpg,ALL,N/A,,,N/A,summary,N/A
1493.jpg,1,75,,নওগাঁ,নওগাঁ,word,89.64
1493.jpg,2,20,,,,,
1493.jpg,3,1,১,,১,number,99.93
1493.jpg,4,5,,,,,
1493.jpg,5,5,,,,,
1493.jpg,6,4,,,,,
1493.jpg,7,0,,,,,
1493.jpg,8,3,,,,,
1493.jpg,ALL,N/A,১,নওগাঁ,নওগাঁ ১,summary,N/A
540.jpg,1,50,,,,,
540.jpg,2,16,,,,,
540.jpg,3,1,,,,,
540.jpg,4,3,,,,,
540.jpg,5,5,,,,,
540.jpg,6,7,০,,০,number,53.68
540.jpg,7,9,,,,,
540.jpg,8,0,,,,,
540.jpg,ALL,N/A,০,,০,summary,N/A
416.jpg,1,37,,বান্দরবান,বান্দরবান,word,85.80
416.jpg,2,15,,,,,
416.jpg,3,1,,,,,
416.jpg,4,2,২,,২,number,99.86
416.jpg,5,3,,,,,
416.jpg,6,4,,,,,
416.jpg,7,5,,,,,
416.jpg,8,6,,,,,
416.jpg,ALL,N/A,২,বান্দরবান,বান্দরবান ২,summary,N/A
1692.jpg,1,93,,,,,
1692.jpg,2,14,,,,,
1692.jpg,3,3,,,,,
1692.jpg,4,4,,,,,
1692.jpg,5,5,,,,,
1692.jpg,6,6,৬,,৬,number,61.30
1692.jpg,7,7,,,,,
1692.jpg,8,8,,,,,
1692.jpg,ALL,N/A,৬,,৬,summary,N/A
2559.jpg,1,47,,কক্সবাজার,কক্সবাজার,word,66.95
2559.jpg,2,25,,,,,
2559.jpg,3,5,৫,,৫,number,99.85
2559.jpg,4,9,,,,,
2559.jpg,5,1,,,,,
2559.jpg,6,3,,,,,
2559.jpg,7,1,,,,,
2559.jpg,8,1,,,,,
2559.jpg,ALL,N/A,৫,কক্সবাজার,কক্সবাজার ৫,summary,N/A
910.jpg,1,97,,সিলেট,সিলেট,word,84.20
910.jpg,2,20,,,,,
910.jpg,3,1,১,,১,number,99.32
910.jpg,4,2,২,,২,number,95.17
910.jpg,5,2,,,,,
910.jpg,6,6,৬,,৬,number,99.96
910.jpg,7,5,,,,,
910.jpg,8,9,,,,,
910.jpg,ALL,N/A,১,সিলেট,সিলেট ১,summary,N/A
1117.jpg,1,63,,খুলনা,খুলনা,word,99.99
1117.jpg,2,10,,মেট্রো,মেট্রো,word,90.14
1117.jpg,3,32,,,,,
1117.jpg,4,2,,,,,
1117.jpg,5,4,,,,,
1117.jpg,6,6,,,,,
1117.jpg,7,8,৮,,৮,number,98.37
1117.jpg,8,0,,,,,
1117.jpg,9,1,,,,,
1117.jpg,ALL,N/A,৮,খুলনা,খুলনা ৮,summary,N/A
2547.jpg,1,53,,গাইবান্ধা,গাইবান্ধা,word,94.98
2547.jpg,2,25,,,,,
2547.jpg,3,1,১,,১,number,100.00
2547.jpg,4,1,১,,১,number,100.00
2547.jpg,5,3,৩,,৩,number,90.01
2547.jpg,6,8,৮,,৮,number,99.97
2547.jpg,7,7,,,,,
2547.jpg,8,1,১,,১,number,100.00
2547.jpg,ALL,N/A,১,গাইবান্ধা,গাইবান্ধা ১,summary,N/A
2207.jpg,1,49,,ঢাকা,ঢাকা,word,88.29
2207.jpg,2,10,,মেট্রো,মেট্রো,word,97.44
2207.jpg,3,18,,,,,
2207.jpg,4,2,,,,,
2207.jpg,5,1,১,,১,number,98.16
2207.jpg,6,1,১,,১,number,73.96
2207.jpg,7,0,,,,,
2207.jpg,8,7,,,,,
2207.jpg,9,6,৬,,৬,number,93.10
2207.jpg,ALL,N/A,১,ঢাকা,ঢাকা ১,summary,N/A
564.jpg,1,52,,ফেনী,ফেনী,word,99.96
564.jpg,2,18,,,,,
564.jpg,3,2,২,,২,number,99.93
564.jpg,4,3,,,,,
564.jpg,5,4,,,,,
564.jpg,6,5,,,,,
564.jpg,7,6,৬,,৬,number,99.98
564.jpg,8,7,,,,,
564.jpg,ALL,N/A,২,ফেনী,ফেনী ২,summary,N/A
168.jpeg,1,36,,,,,
168.jpeg,2,25,,,,,
168.jpeg,3,1,,,,,
168.jpeg,4,2,,,,,
168.jpeg,5,5,,,,,
168.jpeg,6,3,,,,,
168.jpeg,7,8,,,,,
168.jpeg,8,8,,,,,
168.jpeg,ALL,N/A,,,N/A,summary,N/A
354.jpg,1,49,,,,,
354.jpg,2,10,,,,,
354.jpg,3,18,,,,,
354.jpg,4,1,,,,,
354.jpg,5,1,,,,,
354.jpg,6,1,,,,,
354.jpg,7,9,,,,,
354.jpg,8,5,,,,,
354.jpg,9,3,,,,,
354.jpg,ALL,N/A,,,N/A,summary,N/A
2089.jpg,1,49,,,,,
2089.jpg,2,10,,মেট্রো,মেট্রো,word,58.10
2089.jpg,3,18,,,,,
2089.jpg,4,2,,,,,
2089.jpg,5,9,,,,,
2089.jpg,6,4,,,,,
2089.jpg,7,7,৭,,৭,number,73.47
2089.jpg,8,8,৮,,৮,number,98.67
2089.jpg,9,8,,,,,
2089.jpg,ALL,N/A,৭,মেট্রো,মেট্রো ৭,summary,N/A
179.jpeg,1,57,,,,,
179.jpeg,2,25,,,,,
179.jpeg,3,1,,,,,
179.jpeg,4,1,,,,,
179.jpeg,5,1,,,,,
179.jpeg,6,0,,,,,
179.jpeg,7,2,,,,,
179.jpeg,8,7,,,,,
179.jpeg,ALL,N/A,,,N/A,summary,N/A
2448.jpg,1,79,,নাটোর,নাটোর,word,66.19
2448.jpg,2,20,,,,,
2448.jpg,3,1,১,,১,number,99.99
2448.jpg,4,1,১,,১,number,99.96
2448.jpg,5,0,,,,,
2448.jpg,6,7,,,,,
2448.jpg,7,8,,,,,
2448.jpg,8,5,৫,,৫,number,97.71
2448.jpg,ALL,N/A,১,নাটোর,নাটোর ১,summary,N/A
19.jpeg,1,62,,,,,
19.jpeg,2,20,,,,,
19.jpeg,3,1,,,,,
19.jpeg,4,1,,,,,
19.jpeg,5,6,,,,,
19.jpeg,6,5,,,,,
19.jpeg,7,9,,,,,
19.jpeg,8,0,,,,,
19.jpeg,ALL,N/A,,,N/A,summary,N/A
442.jpg,1,39,,বরিশাল,বরিশাল,word,99.94
442.jpg,2,27,,,,,
442.jpg,3,3,,,,,
442.jpg,4,4,,,,,
442.jpg,5,5,,,,,
442.jpg,6,6,,,,,
442.jpg,7,7,,,,,
442.jpg,8,8,,,,,
442.jpg,ALL,N/A,,বরিশাল,বরিশাল,summary,N/A
2616.jpg,1,55,,গোপালগঞ্জ,গোপালগঞ্জ,word,80.97
2616.jpg,2,20,,,,,
2616.jpg,3,1,১,,১,number,99.95
2616.jpg,4,1,,,,,
2616.jpg,5,6,,,,,
2616.jpg,6,0,,,,,
2616.jpg,7,7,,,,,
2616.jpg,8,8,৮,,৮,number,99.92
2616.jpg,ALL,N/A,১,গোপালগঞ্জ,গোপালগঞ্জ ১,summary,N/A
1503.jpg,1,78,,নরসিংদী,নরসিংদী,word,95.53
1503.jpg,2,25,,,,,
1503.jpg,3,1,,,,,
1503.jpg,4,1,১,,১,number,88.62
1503.jpg,5,0,,,,,
1503.jpg,6,0,,,,,
1503.jpg,7,3,,,,,
1503.jpg,8,9,,,,,
1503.jpg,ALL,N/A,১,নরসিংদী,নরসিংদী ১,summary,N/A
1253.jpg,1,73,,,,,
1253.jpg,2,100,,,,,
1253.jpg,3,1,,,,,
1253.jpg,4,2,,,,,
1253.jpg,5,3,,,,,
1253.jpg,6,4,,,,,
1253.jpg,7,5,,,,,
1253.jpg,8,6,,,,,
1253.jpg,ALL,N/A,,,N/A,summary,N/A
433.jpg,1,45,,চট্টগ্রাম,চট্টগ্রাম,word,77.22
433.jpg,2,33,,,,,
433.jpg,3,1,১,,১,number,100.00
433.jpg,4,2,১,,১,number,98.70
433.jpg,5,3,,,,,
433.jpg,6,4,,,,,
433.jpg,7,5,,,,,
433.jpg,8,6,৬,,৬,number,99.99
433.jpg,ALL,N/A,১,চট্টগ্রাম,চট্টগ্রাম ১,summary,N/A
1179.jpg,1,67,,,,,
1179.jpg,2,11,,,,,
1179.jpg,3,8,,,,,
1179.jpg,4,9,,,,,
1179.jpg,5,0,,,,,
1179.jpg,6,1,,,,,
1179.jpg,7,2,,,,,
1179.jpg,8,3,,,,,
1179.jpg,ALL,N/A,,,N/A,summary,N/A
1034.jpg,1,57,,,,,
1034.jpg,2,25,,,,,
1034.jpg,3,1,১,,১,number,96.76
1034.jpg,4,1,১,,১,number,72.46
1034.jpg,5,4,,,,,
1034.jpg,6,0,,,,,
1034.jpg,7,6,,,,,
1034.jpg,8,3,৩,,৩,number,39.62
1034.jpg,ALL,N/A,১,,১,summary,N/A
2328.jpg,1,49,,,,,
2328.jpg,2,10,,,,,
2328.jpg,3,22,,,,,
2328.jpg,4,6,,,,,
2328.jpg,5,3,,,,,
2328.jpg,6,3,,,,,
2328.jpg,7,1,,,,,
2328.jpg,8,1,,,,,
2328.jpg,9,1,১,,১,number,93.27
2328.jpg,ALL,N/A,১,,১,summary,N/A
468.jpg,1,47,,কক্সবাজার,কক্সবাজার,word,78.49
468.jpg,2,12,৬,,৬,number,42.16
468.jpg,3,2,২,,২,number,99.98
468.jpg,4,3,,,,,
468.jpg,5,4,,,,,
468.jpg,6,5,,,,,
468.jpg,7,6,৬,,৬,number,99.98
468.jpg,8,7,,,,,
468.jpg,ALL,N/A,৬,কক্সবাজার,কক্সবাজার ৬,summary,N/A
1218.jpg,1,70,,,,,
1218.jpg,2,16,,,,,
1218.jpg,3,1,,,,,
1218.jpg,4,2,,,,,
1218.jpg,5,3,,,,,
1218.jpg,6,4,,,,,
1218.jpg,7,5,,,,,
1218.jpg,8,6,,,,,
1218.jpg,ALL,N/A,,,N/A,summary,N/A
745.jpg,1,58,,,,,
745.jpg,2,20,,,,,
745.jpg,3,1,১,,১,number,99.58
745.jpg,4,4,,,,,
745.jpg,5,6,৬,,৬,number,73.74
745.jpg,6,7,,,,,
745.jpg,7,3,,,,,
745.jpg,8,0,,,,,
745.jpg,ALL,N/A,১,,১,summary,N/A
506.jpg,1,41,,,,,
506.jpg,2,31,,,,,
506.jpg,3,7,,,,,
506.jpg,4,8,৮,,৮,number,15.10
506.jpg,5,9,,,,,
506.jpg,6,0,,,,,
506.jpg,7,1,,,,,
506.jpg,8,2,,,,,
506.jpg,ALL,N/A,৮,,৮,summary,N/A
678.jpg,1,83,,পাবনা,পাবনা,word,80.46
678.jpg,2,21,,,,,
678.jpg,3,2,২,,২,number,39.54
678.jpg,4,3,,,,,
678.jpg,5,4,,,,,
678.jpg,6,5,৫,,৫,number,66.37
678.jpg,7,6,৬,,৬,number,99.97
678.jpg,8,7,,,,,
678.jpg,ALL,N/A,২,পাবনা,পাবনা ২,summary,N/A
501.jpg,1,40,,,,,
501.jpg,2,32,,,,,
501.jpg,3,9,,,,,
501.jpg,4,0,,,,,
501.jpg,5,1,,,,,
501.jpg,6,2,,,,,
501.jpg,7,3,,,,,
501.jpg,8,4,,,,,
501.jpg,ALL,N/A,,,N/A,summary,N/A
2204.jpg,1,49,,ঢাকা,ঢাকা,word,83.35
2204.jpg,2,10,,মেট্রো,মেট্রো,word,89.50
2204.jpg,3,18,,,,,
2204.jpg,4,2,,,,,
2204.jpg,5,1,১,,১,number,99.85
2204.jpg,6,1,১,,১,number,99.27
2204.jpg,7,0,,,,,
2204.jpg,8,7,৭,,৭,number,27.66
2204.jpg,9,6,,,,,
2204.jpg,ALL,N/A,১,ঢাকা,ঢাকা ১,summary,N/A
1945.jpg,1,49,,ঢাকা,ঢাকা,word,89.11
1945.jpg,2,10,,মেট্রো,মেট্রো,word,98.37
1945.jpg,3,2,,,,,
1945.jpg,4,0,,,,,
1945.jpg,5,2,২,,২,number,99.84
1945.jpg,6,6,৬,,৬,number,100.00
1945.jpg,7,4,,,,,
1945.jpg,8,2,২,,২,number,87.87
1945.jpg,ALL,N/A,২,ঢাকা,ঢাকা ২,summary,N/A
371.jpg,1,44,,,,,
371.jpg,2,10,,মেট্রো,মেট্রো,word,84.03
371.jpg,3,15,,,,,
371.jpg,4,0,,,,,
371.jpg,5,9,,,,,
371.jpg,6,8,৮,,৮,number,26.58
371.jpg,7,7,,,,,
371.jpg,8,6,,,,,
371.jpg,9,5,,,,,
371.jpg,ALL,N/A,৮,মেট্রো,মেট্রো ৮,summary,N/A
2457.jpg,1,49,,,,,
2457.jpg,2,10,,মেট্রো,মেট্রো,word,57.66
2457.jpg,3,25,,,,,
2457.jpg,4,1,১,,১,number,99.73
2457.jpg,5,3,,,,,
2457.jpg,6,9,,,,,
2457.jpg,7,4,,,,,
2457.jpg,8,7,৭,,৭,number,49.04
2457.jpg,9,7,,,,,
2457.jpg,ALL,N/A,১,মেট্রো,মেট্রো ১,summary,N/A
1474.jpg,1,74,,ময়মনসিংহ,ময়মনসিংহ,word,88.48
1474.jpg,2,25,,,,,
1474.jpg,3,1,,,,,
1474.jpg,4,1,১,,১,number,90.28
1474.jpg,5,8,৮,,৮,number,33.35
1474.jpg,6,6,৬,,৬,number,99.98
1474.jpg,7,7,,,,,
1474.jpg,8,8,,,,,
1474.jpg,ALL,N/A,১,ময়মনসিংহ,ময়মনসিংহ ১,summary,N/A
2162.jpg,1,49,,ঢাকা,ঢাকা,word,80.54
2162.jpg,2,10,,,,,
2162.jpg,3,18,,,,,
2162.jpg,4,2,,,,,
2162.jpg,5,2,,,,,
2162.jpg,6,2,,,,,
2162.jpg,7,8,,,,,
2162.jpg,8,2,১,,১,number,20.69
2162.jpg,9,9,,,,,
2162.jpg,ALL,N/A,১,ঢাকা,ঢাকা ১,summary,N/A
1049.jpg,1,97,,সিলেট,সিলেট,word,90.20
1049.jpg,2,26,,,,,
1049.jpg,3,1,,,,,
1049.jpg,4,2,১,,১,number,99.82
1049.jpg,5,3,,,,,
1049.jpg,6,4,,,,,
1049.jpg,7,5,,,,,
1049.jpg,8,6,,,,,
1049.jpg,ALL,N/A,১,সিলেট,সিলেট ১,summary,N/A
2459.jpg,1,94,,শেরপুর,শেরপুর,word,53.23
2459.jpg,2,25,,,,,
2459.jpg,3,1,,,,,
2459.jpg,4,1,,,,,
2459.jpg,5,2,,,,,
2459.jpg,6,1,১,,১,number,69.31
2459.jpg,7,2,,,,,
2459.jpg,8,5,,,,,
2459.jpg,ALL,N/A,১,শেরপুর,শেরপুর ১,summary,N/A
1153.jpg,1,65,,,,,
1153.jpg,2,100,,,,,
1153.jpg,3,7,,,,,
1153.jpg,4,8,৮,,৮,number,91.94
1153.jpg,5,9,,,,,
1153.jpg,6,1,১,,১,number,99.98
1153.jpg,7,0,,,,,
1153.jpg,8,0,,,,,
1153.jpg,ALL,N/A,৮,,৮,summary,N/A
2037.jpg,1,49,,ঢাকা,ঢাকা,word,66.08
2037.jpg,2,10,,মেট্রো,মেট্রো,word,64.12
2037.jpg,3,18,,,,,
2037.jpg,4,3,,,,,
2037.jpg,5,1,১,,১,number,99.64
2037.jpg,6,8,৮,,৮,number,99.97
2037.jpg,7,4,,,,,
2037.jpg,8,3,,,,,
2037.jpg,9,5,৫,,৫,number,51.44
2037.jpg,ALL,N/A,১,ঢাকা,ঢাকা ১,summary,N/A
786.jpg,1,83,,,,,
786.jpg,2,20,,,,,
786.jpg,3,1,,,,,
786.jpg,4,2,,,,,
786.jpg,5,7,,,,,
786.jpg,6,7,,,,,
786.jpg,7,3,,,,,
786.jpg,8,6,,,,,
786.jpg,ALL,N/A,,,N/A,summary,N/A
2177.jpg,1,49,৬,,৬,number,8.27
2177.jpg,2,10,,,,,
2177.jpg,3,18,,,,,
2177.jpg,4,2,,,,,
2177.jpg,5,5,৫,,৫,number,40.07
2177.jpg,6,0,,,,,
2177.jpg,7,3,,,,,
2177.jpg,8,3,,,,,
2177.jpg,9,9,১,,১,number,6.70
2177.jpg,ALL,N/A,৬,,৬,summary,N/A
2142.jpg,1,49,,,,,
2142.jpg,2,10,,মেট্রো,মেট্রো,word,87.54
2142.jpg,3,18,,,,,
2142.jpg,4,2,,,,,
2142.jpg,5,2,,,,,
2142.jpg,6,6,,,,,
2142.jpg,7,3,,,,,
2142.jpg,8,0,,,,,
2142.jpg,9,7,৭,,৭,number,98.90
2142.jpg,ALL,N/A,৭,মেট্রো,মেট্রো ৭,summary,N/A
1851.jpg,1,49,,,,,
1851.jpg,2,10,,,,,
1851.jpg,3,18,,,,,
1851.jpg,4,2,,,,,
1851.jpg,5,7,,,,,
1851.jpg,6,8,,,,,
1851.jpg,7,0,,,,,
1851.jpg,8,3,,,,,
1851.jpg,9,2,,,,,
1851.jpg,ALL,N/A,,,N/A,summary,N/A
2593.jpg,1,47,,কক্সবাজার,কক্সবাজার,word,86.49
2593.jpg,2,25,,,,,
2593.jpg,3,1,১,,১,number,84.69
2593.jpg,4,1,১,,১,number,99.97
2593.jpg,5,1,১,,১,number,100.00
2593.jpg,6,8,,,,,
2593.jpg,7,4,,,,,
2593.jpg,8,0,,,,,
2593.jpg,ALL,N/A,১,কক্সবাজার,কক্সবাজার ১,summary,N/A
640.jpg,1,81,,নীলফামারী,নীলফামারী,word,90.06
640.jpg,2,23,,,,,
640.jpg,3,9,,,,,
640.jpg,4,1,,,,,
640.jpg,5,0,,,,,
640.jpg,6,2,১,,১,number,17.63
640.jpg,7,1,,,,,
640.jpg,8,9,,,,,
640.jpg,ALL,N/A,১,নীলফামারী,নীলফামারী ১,summary,N/A
1454.jpg,1,73,,মৌলভীবাজার,মৌলভীবাজার,word,93.30
1454.jpg,2,20,,,,,
1454.jpg,3,1,১,,১,number,99.99
1454.jpg,4,1,,,,,
1454.jpg,5,3,,,,,
1454.jpg,6,0,,,,,
1454.jpg,7,2,২,,২,number,87.94
1454.jpg,8,9,,,,,
1454.jpg,ALL,N/A,১,মৌলভীবাজার,মৌলভীবাজার ১,summary,N/A
462.jpg,1,47,,,,,
462.jpg,2,12,,,,,
462.jpg,3,1,,,,,
462.jpg,4,4,,,,,
462.jpg,5,7,,,,,
462.jpg,6,8,,,,,
462.jpg,7,9,,,,,
462.jpg,8,2,,,,,
462.jpg,ALL,N/A,,,N/A,summary,N/A
1378.jpg,1,90,,,,,
1378.jpg,2,15,,,,,
1378.jpg,3,1,,,,,
1378.jpg,4,9,,,,,
1378.jpg,5,5,,,,,
1378.jpg,6,6,,,,,
1378.jpg,7,7,,,,,
1378.jpg,8,8,৩,,৩,number,17.54
1378.jpg,ALL,N/A,৩,,৩,summary,N/A
454.jpg,1,40,,,,,
454.jpg,2,32,,,,,
454.jpg,3,7,,,,,
454.jpg,4,8,,,,,
454.jpg,5,9,,,,,
454.jpg,6,0,,,,,
454.jpg,7,1,,,,,
454.jpg,8,2,,,,,
454.jpg,ALL,N/A,,,N/A,summary,N/A
1611.jpg,1,99,,ঠাকুরগাঁও,ঠাকুরগাঁও,word,84.30
1611.jpg,2,25,,,,,
1611.jpg,3,1,,,,,
1611.jpg,4,1,১,,১,number,74.61
1611.jpg,5,4,,,,,
1611.jpg,6,0,,,,,
1611.jpg,7,8,,,,,
1611.jpg,8,3,,,,,
1611.jpg,ALL,N/A,১,ঠাকুরগাঁও,ঠাকুরগাঁও ১,summary,N/A
82.jpg,1,63,,খুলনা,খুলনা,word,94.19
82.jpg,2,10,,মেট্রো,মেট্রো,word,77.96
82.jpg,3,13,,,,,
82.jpg,4,1,১,,১,number,100.00
82.jpg,5,1,১,,১,number,100.00
82.jpg,6,1,১,,১,number,100.00
82.jpg,7,0,,,,,
82.jpg,8,7,,,,,
82.jpg,9,4,,,,,
82.jpg,ALL,N/A,১,খুলনা,খুলনা ১,summary,N/A
2280.jpg,1,49,,ঢাকা,ঢাকা,word,84.64
2280.jpg,2,10,,মেট্রো,মেট্রো,word,76.48
2280.jpg,3,15,,,,,
2280.jpg,4,1,,,,,
2280.jpg,5,1,,,,,
2280.jpg,6,3,৩,,৩,number,99.85
2280.jpg,7,9,,,,,
2280.jpg,8,8,,,,,
2280.jpg,9,0,,,,,
2280.jpg,ALL,N/A,৩,ঢাকা,ঢাকা ৩,summary,N/A
1609.jpg,1,99,,ঠাকুরগাঁও,ঠাকুরগাঁও,word,79.37
1609.jpg,2,25,,,,,
1609.jpg,3,1,১,,১,number,67.54
1609.jpg,4,1,১,,১,number,99.17
1609.jpg,5,1,১,,১,number,91.07
1609.jpg,6,4,৪,,৪,number,29.61
1609.jpg,7,8,৮,,৮,number,100.00
1609.jpg,8,7,৭,,৭,number,74.57
1609.jpg,ALL,N/A,১,ঠাকুরগাঁও,ঠাকুরগাঁও ১,summary,N/A
1775.jpg,1,44,,,,,
1775.jpg,2,10,,মেট্রো,মেট্রো,word,68.22
1775.jpg,3,16,,,,,
1775.jpg,4,1,,,,,
1775.jpg,5,1,১,,১,number,99.78
1775.jpg,6,0,,,,,
1775.jpg,7,4,,,,,
1775.jpg,8,6,,,,,
1775.jpg,9,0,,,,,
1775.jpg,ALL,N/A,১,মেট্রো,মেট্রো ১,summary,N/A
206.jpg,1,49,,,,,
206.jpg,2,10,,,,,
206.jpg,3,18,,,,,
206.jpg,4,3,,,,,
206.jpg,5,5,,,,,
206.jpg,6,5,,,,,
206.jpg,7,0,,,,,
206.jpg,8,6,,,,,
206.jpg,9,6,,,,,
206.jpg,ALL,N/A,,,N/A,summary,N/A
126.jpeg,1,49,৩০৫,,৩০৫,number,20.81
126.jpeg,2,10,,মেট্রো,মেট্রো,word,73.73
126.jpeg,3,20,,,,,
126.jpeg,4,3,,,,,
126.jpeg,5,3,,,,,
126.jpeg,6,2,,,,,
126.jpeg,7,2,,,,,
126.jpeg,8,0,,,,,
126.jpeg,9,9,,,,,
126.jpeg,ALL,N/A,৩০৫,মেট্রো,মেট্রো ৩০৫,summary,N/A
2201.jpg,1,49,,,,,
2201.jpg,2,10,,,,,
2201.jpg,3,18,,,,,
2201.jpg,4,2,,,,,
2201.jpg,5,3,,,,,
2201.jpg,6,8,,,,,
2201.jpg,7,5,,,,,
2201.jpg,8,6,,,,,
2201.jpg,9,5,,,,,
2201.jpg,ALL,N/A,,,N/A,summary,N/A
925.jpg,1,97,,সিলেট,সিলেট,word,84.78
925.jpg,2,25,,,,,
925.jpg,3,1,১,,১,number,99.99
925.jpg,4,2,২,,২,number,81.79
925.jpg,5,0,,,,,
925.jpg,6,3,৩,,৩,number,99.84
925.jpg,7,4,,,,,
925.jpg,8,5,,,,,
925.jpg,ALL,N/A,১,সিলেট,সিলেট ১,summary,N/A
218.jpg,1,49,,ঢাকা,ঢাকা,word,75.15
218.jpg,2,10,,মেট্রো,মেট্রো,word,82.79
218.jpg,3,18,,,,,
218.jpg,4,1,,,,,
218.jpg,5,7,,,,,
218.jpg,6,6,,,,,
218.jpg,7,2,,,,,
218.jpg,8,8,,,,,
218.jpg,9,9,,,,,
218.jpg,ALL,N/A,,ঢাকা,ঢাকা,summary,N/A
1500.jpg,1,77,১,,১,number,31.70
1500.jpg,2,25,,,,,
1500.jpg,3,1,১,,১,number,16.30
1500.jpg,4,1,১,,১,number,25.15
1500.jpg,5,1,,,,,
1500.jpg,6,0,,,,,
1500.jpg,7,4,,,,,
1500.jpg,8,6,৬,,৬,number,99.99
1500.jpg,ALL,N/A,১,,১,summary,N/A
1590.jpg,1,96,,সুনামগঞ্জ,সুনামগঞ্জ,word,81.33
1590.jpg,2,25,,,,,
1590.jpg,3,1,১,,১,number,97.26
1590.jpg,4,1,,,,,
1590.jpg,5,0,,,,,
1590.jpg,6,3,,,,,
1590.jpg,7,4,,,,,
1590.jpg,8,2,,,,,
1590.jpg,ALL,N/A,১,সুনামগঞ্জ,সুনামগঞ্জ ১,summary,N/A
86.jpg,1,49,,ঢাকা,ঢাকা,word,93.52
86.jpg,2,10,,মেট্রো,মেট্রো,word,96.93
86.jpg,3,22,,,,,
86.jpg,4,1,,,,,
86.jpg,5,2,,,,,
86.jpg,6,0,,,,,
86.jpg,7,0,,,,,
86.jpg,8,8,৮,,৮,number,100.00
86.jpg,9,5,,,,,
86.jpg,ALL,N/A,৮,ঢাকা,ঢাকা ৮,summary,N/A
260.jpg,1,49,,,,,
260.jpg,2,10,৫৬,,৫৬,number,2.29
260.jpg,3,12,,,,,
260.jpg,4,1,,,,,
260.jpg,5,1,,,,,
260.jpg,6,1,,,,,
260.jpg,7,1,,,,,
260.jpg,8,2,,,,,
260.jpg,9,7,,,,,
260.jpg,ALL,N/A,৫৬,,৫৬,summary,N/A
1867.jpg,1,49,,ঢাকা,ঢাকা,word,95.86
1867.jpg,2,10,,মেট্রো,মেট্রো,word,97.00
1867.jpg,3,18,,,,,
1867.jpg,4,3,,,,,
1867.jpg,5,9,,,,,
1867.jpg,6,9,,,,,
1867.jpg,7,1,১,,১,number,99.95
1867.jpg,8,7,৭,,৭,number,33.10
1867.jpg,9,3,,,,,
1867.jpg,ALL,N/A,১,ঢাকা,ঢাকা ১,summary,N/A
2305.jpg,1,49,,ঢাকা,ঢাকা,word,83.91
2305.jpg,2,10,,,,,
2305.jpg,3,13,,,,,
2305.jpg,4,1,,,,,
2305.jpg,5,3,,,,,
2305.jpg,6,7,৭,,৭,number,78.27
2305.jpg,7,0,,,,,
2305.jpg,8,1,১,,১,number,88.67
2305.jpg,9,0,,,,,
2305.jpg,ALL,N/A,৭,ঢাকা,ঢাকা ৭,summary,N/A
2335.jpg,1,49,,ঢাকা,ঢাকা,word,60.68
2335.jpg,2,10,,,,,
2335.jpg,3,18,,,,,
2335.jpg,4,5,৫,,৫,number,70.03
2335.jpg,5,1,১,,১,number,65.57
2335.jpg,6,7,,,,,
2335.jpg,7,7,,,,,
2335.jpg,8,2,,,,,
2335.jpg,9,2,,,,,
2335.jpg,ALL,N/A,৫,ঢাকা,ঢাকা ৫,summary,N/A
1930.jpg,1,36,,,,,
1930.jpg,2,31,,,,,
1930.jpg,3,1,,,,,
1930.jpg,4,1,,,,,
1930.jpg,5,0,,,,,
1930.jpg,6,5,৬,,৬,number,3.66
1930.jpg,7,4,,,,,
1930.jpg,8,2,,,,,
1930.jpg,ALL,N/A,৬,,৬,summary,N/A
697.jpg,1,86,,,,,
697.jpg,2,18,,,,,
697.jpg,3,3,,,,,
697.jpg,4,4,,,,,
697.jpg,5,5,,,,,
697.jpg,6,6,,,,,
697.jpg,7,7,৭,,৭,number,92.38
697.jpg,8,8,,,,,
697.jpg,ALL,N/A,৭,,৭,summary,N/A
1617.jpg,1,62,,,,,
1617.jpg,2,23,,,,,
1617.jpg,3,8,৮,,৮,number,96.33
1617.jpg,ALL,N/A,৮,,৮,summary,N/A
864.jpg,1,87,,,,,
864.jpg,2,10,,,,,
864.jpg,3,25,,,,,
864.jpg,4,1,১,,১,number,45.83
864.jpg,5,1,১,,১,number,79.91
864.jpg,6,4,,,,,
864.jpg,7,4,,,,,
864.jpg,8,9,,,,,
864.jpg,9,9,০,,০,number,16.95
864.jpg,ALL,N/A,১,,১,summary,N/A
601.jpg,1,56,,,,,
601.jpg,2,22,,,,,
601.jpg,3,1,,,,,
601.jpg,4,4,,,,,
601.jpg,5,7,,,,,
601.jpg,6,8,,,,,
601.jpg,7,9,,,,,
601.jpg,8,2,,,,,
601.jpg,ALL,N/A,,,N/A,summary,N/A
1740.jpg,1,49,,,,,
1740.jpg,2,10,,,,,
1740.jpg,3,24,,,,,
1740.jpg,4,1,,,,,
1740.jpg,5,2,,,,,
1740.jpg,6,4,,,,,
1740.jpg,7,7,,,,,
1740.jpg,8,7,,,,,
1740.jpg,9,9,,,,,
1740.jpg,ALL,N/A,,,N/A,summary,N/A
2473.jpg,1,86,,পিরোজপুর,পিরোজপুর,word,94.20
2473.jpg,2,20,,,,,
2473.jpg,3,1,,,,,
2473.jpg,4,1,,,,,
2473.jpg,5,7,,,,,
2473.jpg,6,6,৬,,৬,number,100.00
2473.jpg,7,3,,,,,
2473.jpg,8,5,,,,,
2473.jpg,ALL,N/A,৬,পিরোজপুর,পিরোজপুর ৬,summary,N/A
1780.jpg,1,44,৮,,৮,number,44.70
1780.jpg,2,10,,,,,
1780.jpg,3,18,,,,,
1780.jpg,4,1,,,,,
1780.jpg,5,1,১,,১,number,20.62
1780.jpg,6,6,৬,,৬,number,100.00
1780.jpg,7,5,৫,,৫,number,98.08
1780.jpg,8,2,,,,,
1780.jpg,9,5,৫,,৫,number,98.75
1780.jpg,ALL,N/A,৫,,৫,summary,N/A
934.jpg,1,98,,টাঙ্গাইল,টাঙ্গাইল,word,77.67
934.jpg,2,20,,,,,
934.jpg,3,1,১,,১,number,99.41
934.jpg,4,1,১,,১,number,99.85
934.jpg,5,0,,,,,
934.jpg,6,5,৫,,৫,number,75.31
934.jpg,7,8,৮,,৮,number,47.83
934.jpg,8,8,,,,,
934.jpg,ALL,N/A,১,টাঙ্গাইল,টাঙ্গাইল ১,summary,N/A
2322.jpg,1,49,,,,,
2322.jpg,2,10,,,,,
2322.jpg,3,22,,,,,
2322.jpg,4,0,,,,,
2322.jpg,5,4,,,,,
2322.jpg,6,5,,,,,
2322.jpg,7,0,০,,০,number,33.52
2322.jpg,8,1,,,,,
2322.jpg,9,1,,,,,
2322.jpg,ALL,N/A,০,,০,summary,N/A
1735.jpg,1,99,,ঠাকুরগাঁও,ঠাকুরগাঁও,word,83.94
1735.jpg,2,33,,,,,
1735.jpg,3,3,,,,,
1735.jpg,4,4,,,,,
1735.jpg,5,7,,,,,
1735.jpg,6,8,৩,,৩,number,48.26
1735.jpg,7,9,,,,,
1735.jpg,8,0,,,,,
1735.jpg,ALL,N/A,৩,ঠাকুরগাঁও,ঠাকুরগাঁও ৩,summary,N/A
1040.jpg,1,97,,সিলেট,সিলেট,word,90.76
1040.jpg,2,26,,,,,
1040.jpg,3,1,,,,,
1040.jpg,4,1,,,,,
1040.jpg,5,1,১,,১,number,98.28
1040.jpg,6,9,,,,,
1040.jpg,7,2,২,,২,number,99.89
1040.jpg,8,8,৮,,৮,number,62.69
1040.jpg,ALL,N/A,১,সিলেট,সিলেট ১,summary,N/A
1600.jpg,1,96,,,,,
1600.jpg,2,20,,,,,
1600.jpg,3,1,,,,,
1600.jpg,4,1,১,,১,number,99.92
1600.jpg,5,4,৪,,৪,number,33.69
1600.jpg,6,2,,,,,
1600.jpg,7,5,৫,,৫,number,46.76
1600.jpg,8,6,,,,,
1600.jpg,ALL,N/A,১,,১,summary,N/A
1071.jpg,1,67,,লক্ষ্মীপুর,লক্ষ্মীপুর,word,86.17
1071.jpg,2,25,,,,,
1071.jpg,3,1,১,,১,number,100.00
1071.jpg,4,1,১,,১,number,100.00
1071.jpg,5,3,৩,,৩,number,96.82
1071.jpg,6,6,,,,,
1071.jpg,7,8,,,,,
1071.jpg,8,8,,,,,
1071.jpg,ALL,N/A,১,লক্ষ্মীপুর,লক্ষ্মীপুর ১,summary,N/A
1491.jpg,1,75,,নওগাঁ,নওগাঁ,word,98.21
1491.jpg,2,25,,,,,
1491.jpg,3,1,১,,১,number,100.00
1491.jpg,4,1,১,,১,number,99.99
1491.jpg,5,3,৩,,৩,number,77.22
1491.jpg,6,6,৬,,৬,number,99.93
1491.jpg,7,0,,,,,
1491.jpg,8,0,,,,,
1491.jpg,ALL,N/A,১,নওগাঁ,নওগাঁ ১,summary,N/A
1741.jpg,1,44,,,,,
1741.jpg,2,10,,মেট্রো,মেট্রো,word,82.57
1741.jpg,3,18,,,,,
1741.jpg,4,1,,,,,
1741.jpg,5,1,,,,,
1741.jpg,6,1,,,,,
1741.jpg,7,9,,,,,
1741.jpg,8,6,৬,,৬,number,56.08
1741.jpg,9,5,,,,,
1741.jpg,ALL,N/A,৬,মেট্রো,মেট্রো ৬,summary,N/A
1342.jpg,1,76,,,,,
1342.jpg,2,32,,,,,
1342.jpg,3,1,,,,,
1342.jpg,4,1,,,,,
1342.jpg,5,2,,,,,
1342.jpg,6,2,,,,,
1342.jpg,7,9,,,,,
1342.jpg,8,0,,,,,
1342.jpg,ALL,N/A,,,N/A,summary,N/A
1134.jpg,1,63,,খুলনা,খুলনা,word,71.60
1134.jpg,2,31,৯,,৯,number,78.81
1134.jpg,3,1,,,,,
1134.jpg,4,2,১,,১,number,90.26
1134.jpg,5,3,,,,,
1134.jpg,6,4,,,,,
1134.jpg,7,5,,,,,
1134.jpg,8,6,৬,,৬,number,95.51
1134.jpg,ALL,N/A,৯,খুলনা,খুলনা ৯,summary,N/A
148.jpeg,1,79,,নাটোর,নাটোর,word,93.97
148.jpeg,2,20,,,,,
148.jpeg,3,1,,,,,
148.jpeg,4,2,,,,,
148.jpeg,5,9,,,,,
148.jpeg,6,9,,,,,
148.jpeg,7,0,,,,,
148.jpeg,8,0,,,,,
148.jpeg,ALL,N/A,,নাটোর,নাটোর,summary,N/A
1154.jpg,1,65,,কুড়িগ্রাম,কুড়িগ্রাম,word,72.45
1154.jpg,2,100,,,,,
1154.jpg,3,2,২,,২,number,99.73
1154.jpg,4,3,,,,,
1154.jpg,5,4,,,,,
1154.jpg,6,5,৫,,৫,number,99.59
1154.jpg,7,6,৬৬,,৬৬,number,45.64
1154.jpg,8,7,,,,,
1154.jpg,ALL,N/A,২,কুড়িগ্রাম,কুড়িগ্রাম ২,summary,N/A
287.jpg,1,49,,,,,
287.jpg,2,10,,,,,
287.jpg,3,19,,,,,
287.jpg,4,1,,,,,
287.jpg,5,1,,,,,
287.jpg,6,0,,,,,
287.jpg,7,2,,,,,
287.jpg,8,5,,,,,
287.jpg,9,5,,,,,
287.jpg,ALL,N/A,,,N/A,summary,N/A
2321.jpg,1,49,,,,,
2321.jpg,2,10,,,,,
2321.jpg,3,22,,,,,
2321.jpg,4,1,,,,,
2321.jpg,5,1,,,,,
2321.jpg,6,1,,,,,
2321.jpg,7,2,,,,,
2321.jpg,8,1,,,,,
2321.jpg,9,6,,,,,
2321.jpg,ALL,N/A,,,N/A,summary,N/A
1352.jpg,1,89,,,,,
1352.jpg,2,31,,,,,
1352.jpg,3,1,,,,,
1352.jpg,4,9,,,,,
1352.jpg,5,5,,,,,
1352.jpg,6,6,৬,,৬,number,92.88
1352.jpg,7,7,,,,,
1352.jpg,8,8,,,,,
1352.jpg,ALL,N/A,৬,,৬,summary,N/A
847.jpg,1,87,,,,,
847.jpg,2,10,,মেট্রো,মেট্রো,word,91.94
847.jpg,3,101,,,,,
847.jpg,4,1,১,,১,number,100.00
847.jpg,5,1,১,,১,number,99.77
847.jpg,6,1,১,,১,number,99.81
847.jpg,7,0,,,,,
847.jpg,8,0,,,,,
847.jpg,9,4,,,,,
847.jpg,ALL,N/A,১,মেট্রো,মেট্রো ১,summary,N/A
869.jpg,1,81,,নীলফামারী,নীলফামারী,word,94.76
869.jpg,2,20,,,,,
869.jpg,3,1,১,,১,number,99.91
869.jpg,4,3,,,,,
869.jpg,5,7,,,,,
869.jpg,6,4,,,,,
869.jpg,7,4,,,,,
869.jpg,8,0,,,,,
869.jpg,ALL,N/A,১,নীলফামারী,নীলফামারী ১,summary,N/A
359.jpg,1,44,,,,,
359.jpg,2,10,,,,,
359.jpg,3,18,,,,,
359.jpg,4,1,,,,,
359.jpg,5,2,,,,,
359.jpg,6,5,,,,,
359.jpg,7,6,,,,,
359.jpg,8,9,,,,,
359.jpg,9,5,,,,,
359.jpg,ALL,N/A,,,N/A,summary,N/A
1485.jpg,1,75,,,,,
1485.jpg,2,17,,,,,
1485.jpg,3,0,,,,,
1485.jpg,4,1,১,,১,number,97.86
1485.jpg,5,2,,,,,
1485.jpg,6,2,২,,২,number,94.80
1485.jpg,7,2,,,,,
1485.jpg,8,2,,,,,
1485.jpg,ALL,N/A,১,,১,summary,N/A
417.jpg,1,44,০,,০,number,13.55
417.jpg,2,10,,,,,
417.jpg,3,15,৬,,৬,number,38.50
417.jpg,4,5,,,,,
417.jpg,5,6,৬,,৬,number,23.81
417.jpg,6,7,,,,,
417.jpg,7,8,৩,,৩,number,3.87
417.jpg,8,9,,,,,
417.jpg,9,0,,,,,
417.jpg,ALL,N/A,৬,,৬,summary,N/A
2397.jpg,1,97,,,,,
2397.jpg,2,33,,,,,
2397.jpg,3,1,,,,,
2397.jpg,4,2,,,,,
2397.jpg,5,9,,,,,
2397.jpg,6,5,,,,,
2397.jpg,7,6,,,,,
2397.jpg,8,8,,,,,
2397.jpg,ALL,N/A,,,N/A,summary,N/A
1873.jpg,1,97,,,,,
1873.jpg,2,24,,,,,
1873.jpg,3,1,,,,,
1873.jpg,4,1,,,,,
1873.jpg,5,0,,,,,
1873.jpg,6,1,,,,,
1873.jpg,7,1,,,,,
1873.jpg,8,7,৭,,৭,number,86.85
1873.jpg,ALL,N/A,৭,,৭,summary,N/A
2173.jpg,1,49,,,,,
2173.jpg,2,10,,,,,
2173.jpg,3,20,,,,,
2173.jpg,4,4,,,,,
2173.jpg,5,5,৫,,৫,number,20.12
2173.jpg,6,5,৫,,৫,number,37.12
2173.jpg,7,6,,,,,
2173.jpg,8,8,,,,,
2173.jpg,9,1,১,,১,number,100.00
2173.jpg,ALL,N/A,৫,,৫,summary,N/A
118.jpeg,1,98,,,,,
118.jpeg,2,33,,,,,
118.jpeg,3,1,,,,,
118.jpeg,4,1,,,,,
118.jpeg,5,1,,,,,
118.jpeg,6,1,,,,,
118.jpeg,7,4,,,,,
118.jpeg,8,0,,,,,
118.jpeg,ALL,N/A,,,N/A,summary,N/A
2490.jpg,1,49,,,,,
2490.jpg,2,10,,মেট্রো,মেট্রো,word,66.69
2490.jpg,3,31,,,,,
2490.jpg,4,2,,,,,
2490.jpg,5,2,,,,,
2490.jpg,6,3,,,,,
2490.jpg,7,3,,,,,
2490.jpg,8,7,,,,,
2490.jpg,9,5,০,,০,number,34.59
2490.jpg,ALL,N/A,০,মেট্রো,মেট্রো ০,summary,N/A
1528.jpg,1,92,,সাতক্ষীরা,সাতক্ষীরা,word,78.46
1528.jpg,2,25,,,,,
1528.jpg,3,1,,,,,
1528.jpg,4,2,,,,,
1528.jpg,5,2,,,,,
1528.jpg,6,8,,,,,
1528.jpg,7,4,,,,,
1528.jpg,8,3,,,,,
1528.jpg,ALL,N/A,,সাতক্ষীরা,সাতক্ষীরা,summary,N/A
1601.jpg,1,96,,সুনামগঞ্জ,সুনামগঞ্জ,word,87.16
1601.jpg,2,20,,,,,
1601.jpg,3,3,,,,,
1601.jpg,4,0,,,,,
1601.jpg,5,7,,,,,
1601.jpg,6,2,,,,,
1601.jpg,7,1,১,,১,number,99.61
1601.jpg,8,1,১,,১,number,99.94
1601.jpg,ALL,N/A,১,সুনামগঞ্জ,সুনামগঞ্জ ১,summary,N/A
1224.jpg,1,71,,,,,
1224.jpg,2,17,,,,,
1224.jpg,3,7,৭,,৭,number,81.21
1224.jpg,4,8,,,,,
1224.jpg,5,9,,,,,
1224.jpg,6,0,,,,,
1224.jpg,7,1,,,,,
1224.jpg,8,2,১,,১,number,97.80
1224.jpg,ALL,N/A,৭,,৭,summary,N/A
138.jpeg,1,79,,,,,
138.jpeg,2,25,,,,,
138.jpeg,3,1,,,,,
138.jpeg,4,1,,,,,
138.jpeg,5,6,,,,,
138.jpeg,6,3,,,,,
138.jpeg,7,0,,,,,
138.jpeg,8,2,,,,,
138.jpeg,ALL,N/A,,,N/A,summary,N/A
1327.jpg,1,80,,,,,
1327.jpg,2,25,,,,,
1327.jpg,3,1,,,,,
1327.jpg,4,9,,,,,
1327.jpg,5,5,,,,,
1327.jpg,6,6,,,,,
1327.jpg,7,7,,,,,
1327.jpg,8,8,৩,,৩,number,43.59
1327.jpg,ALL,N/A,৩,,৩,summary,N/A
149.jpeg,1,36,,,,,
149.jpeg,2,27,,,,,
149.jpeg,3,1,,,,,
149.jpeg,4,1,,,,,
149.jpeg,5,1,,,,,
149.jpeg,6,0,,,,,
149.jpeg,7,8,,,,,
149.jpeg,8,8,,,,,
149.jpeg,ALL,N/A,,,N/A,summary,N/A
2637.jpg,1,49,,,,,
2637.jpg,2,10,,,,,
2637.jpg,3,30,,,,,
2637.jpg,4,1,,,,,
2637.jpg,5,1,১,,১,number,70.87
2637.jpg,6,2,,,,,
2637.jpg,7,2,,,,,
2637.jpg,8,0,,,,,
2637.jpg,9,4,,,,,
2637.jpg,ALL,N/A,১,,১,summary,N/A
1898.jpg,1,49,,ঢাকা,ঢাকা,word,93.55
1898.jpg,2,10,,মেট্রো,মেট্রো,word,94.47
1898.jpg,3,18,,,,,
1898.jpg,4,3,,,,,
1898.jpg,5,7,৭,,৭,number,94.37
1898.jpg,6,6,৬,,৬,number,99.93
1898.jpg,7,2,,,,,
1898.jpg,8,3,,,,,
1898.jpg,9,8,৮,,৮,number,98.15
1898.jpg,ALL,N/A,৭,ঢাকা,ঢাকা ৭,summary,N/A
928.jpg,1,98,,,,,
928.jpg,2,25,,,,,
928.jpg,3,1,,,,,
928.jpg,4,2,,,,,
928.jpg,5,2,,,,,
928.jpg,6,3,,,,,
928.jpg,7,9,৯,,৯,number,16.91
928.jpg,8,0,,,,,
928.jpg,ALL,N/A,৯,,৯,summary,N/A
1312.jpg,1,78,,নরসিংদী,নরসিংদী,word,90.36
1312.jpg,2,30,,,,,
1312.jpg,3,2,১,,১,number,65.26
1312.jpg,4,3,,,,,
1312.jpg,5,4,,,,,
1312.jpg,6,5,,,,,
1312.jpg,7,6,৬,,৬,number,99.82
1312.jpg,8,7,,,,,
1312.jpg,ALL,N/A,১,নরসিংদী,নরসিংদী ১,summary,N/A
1472.jpg,1,74,,,,,
1472.jpg,2,20,,,,,
1472.jpg,3,1,,,,,
1472.jpg,4,4,,,,,
1472.jpg,5,4,,,,,
1472.jpg,6,5,,,,,
1472.jpg,7,7,,,,,
1472.jpg,8,9,,,,,
1472.jpg,ALL,N/A,,,N/A,summary,N/A
1968.jpg,1,39,,বরিশাল,বরিশাল,word,83.05
1968.jpg,2,20,,,,,
1968.jpg,3,1,১,,১,number,99.86
1968.jpg,4,2,,,,,
1968.jpg,5,3,,,,,
1968.jpg,6,9,৯,,৯,number,40.12
1968.jpg,7,4,৪,,৪,number,47.47
1968.jpg,8,1,১,,১,number,34.06
1968.jpg,ALL,N/A,১,বরিশাল,বরিশাল ১,summary,N/A
1223.jpg,1,71,,,,,
1223.jpg,2,17,,,,,
1223.jpg,3,9,,,,,
1223.jpg,4,0,,,,,
1223.jpg,5,1,,,,,
1223.jpg,6,2,,,,,
1223.jpg,7,3,,,,,
1223.jpg,8,4,,,,,
1223.jpg,ALL,N/A,,,N/A,summary,N/A
1407.jpg,1,67,,লক্ষ্মীপুর,লক্ষ্মীপুর,word,81.56
1407.jpg,2,25,,,,,
1407.jpg,3,1,,,,,
1407.jpg,4,1,১,,১,number,100.00
1407.jpg,5,3,৩,,৩,number,99.99
1407.jpg,6,3,৩,,৩,number,99.98
1407.jpg,7,7,,,,,
1407.jpg,8,4,,,,,
1407.jpg,ALL,N/A,৩,লক্ষ্মীপুর,লক্ষ্মীপুর ৩,summary,N/A
2036.jpg,1,44,৮,,৮,number,34.19
2036.jpg,2,10,,,,,
2036.jpg,3,18,,,,,
2036.jpg,4,1,১,,১,number,100.00
2036.jpg,5,2,,,,,
2036.jpg,6,2,,,,,
2036.jpg,7,9,৯,,৯,number,83.14
2036.jpg,8,8,৮,,৮,number,100.00
2036.jpg,9,2,,,,,
2036.jpg,ALL,N/A,৮,,৮,summary,N/A
217.jpg,1,49,,ঢাকা,ঢাকা,word,77.63
217.jpg,2,10,,মেট্রো,মেট্রো,word,91.55
217.jpg,3,18,,,,,
217.jpg,4,3,,,,,
217.jpg,5,1,১১,,১১,number,46.08
217.jpg,6,4,,,,,
217.jpg,7,0,,,,,
217.jpg,8,8,৮,,৮,number,99.93
217.jpg,9,9,,,,,
217.jpg,ALL,N/A,১১,ঢাকা,ঢাকা ১১,summary,N/A
1473.jpg,1,74,,ময়মনসিংহ,ময়মনসিংহ,word,75.74
1473.jpg,2,25,,,,,
1473.jpg,3,1,১,,১,number,97.78
1473.jpg,4,1,১,,১,number,99.94
1473.jpg,5,6,,,,,
1473.jpg,6,1,,,,,
1473.jpg,7,8,৮,,৮,number,45.74
1473.jpg,8,9,,,,,
1473.jpg,ALL,N/A,১,ময়মনসিংহ,ময়মনসিংহ ১,summary,N/A
1506.jpg,1,78,৪,,৪,number,9.07
1506.jpg,2,20,,,,,
1506.jpg,3,1,,,,,
1506.jpg,4,1,১,,১,number,99.97
1506.jpg,5,1,,,,,
1506.jpg,6,7,,,,,
1506.jpg,7,8,৮,,৮,number,92.60
1506.jpg,8,0,,,,,
1506.jpg,ALL,N/A,৪,,৪,summary,N/A
1319.jpg,1,79,,নাটোর,নাটোর,word,64.52
1319.jpg,2,27,,,,,
1319.jpg,3,9,,,,,
1319.jpg,4,1,,,,,
1319.jpg,5,0,,,,,
1319.jpg,6,2,,,,,
1319.jpg,7,1,,,,,
1319.jpg,8,9,,,,,
1319.jpg,ALL,N/A,,নাটোর,নাটোর,summary,N/A
1381.jpg,1,90,৩,,৩,number,0.18
1381.jpg,2,15,,,,,
1381.jpg,3,3,,,,,
1381.jpg,4,4,,,,,
1381.jpg,5,5,,,,,
1381.jpg,6,6,,,,,
1381.jpg,7,7,,,,,
1381.jpg,8,8,,,,,
1381.jpg,ALL,N/A,৩,,৩,summary,N/A
477.jpg,1,41,,,,,
477.jpg,2,31,,,,,
477.jpg,3,3,,,,,
477.jpg,4,4,,,,,
477.jpg,5,5,,,,,
477.jpg,6,6,,,,,
477.jpg,7,7,,,,,
477.jpg,8,8,৮,,৮,number,47.74
477.jpg,ALL,N/A,৮,,৮,summary,N/A
652.jpg,1,82,,নোয়াখালী,নোয়াখালী,word,75.00
652.jpg,2,22,,,,,
652.jpg,3,3,,,,,
652.jpg,4,4,,,,,
652.jpg,5,7,৭,,৭,number,41.09
652.jpg,6,8,৮,,৮,number,70.79
652.jpg,7,9,,,,,
652.jpg,8,0,,,,,
652.jpg,ALL,N/A,৭,নোয়াখালী,নোয়াখালী ৭,summary,N/A
822.jpg,1,85,,পটুয়াখালী,পটুয়াখালী,word,71.43
822.jpg,2,25,,,,,
822.jpg,3,1,১,,১,number,99.97
822.jpg,4,1,,,,,
822.jpg,5,1,,,,,
822.jpg,6,0,,,,,
822.jpg,7,6,,,,,
822.jpg,8,0,,,,,
822.jpg,ALL,N/A,১,পটুয়াখালী,পটুয়াখালী ১,summary,N/A
1346.jpg,1,76,,,,,
1346.jpg,2,32,,,,,
1346.jpg,3,0,,,,,
1346.jpg,4,1,১,,১,number,41.83
1346.jpg,5,1,১,,১,number,99.40
1346.jpg,6,8,,,,,
1346.jpg,7,9,,,,,
1346.jpg,8,9,,,,,
1346.jpg,ALL,N/A,১,,১,summary,N/A
1364.jpg,1,91,,রংপুর,রংপুর,word,86.34
1364.jpg,2,27,,,,,
1364.jpg,3,1,,,,,
1364.jpg,4,1,,,,,
1364.jpg,5,1,,,,,
1364.jpg,6,9,,,,,
1364.jpg,7,2,২,,২,number,99.89
1364.jpg,8,8,৮,,৮,number,94.85
1364.jpg,ALL,N/A,২,রংপুর,রংপুর ২,summary,N/A
419.jpg,1,46,,,,,
419.jpg,2,11,,,,,
419.jpg,3,7,,,,,
419.jpg,4,8,,,,,
419.jpg,5,9,,,,,
419.jpg,6,0,,,,,
419.jpg,7,1,১,,১,number,61.97
419.jpg,8,2,,,,,
419.jpg,ALL,N/A,১,,১,summary,N/A
2361.jpg,1,49,,,,,
2361.jpg,2,10,,,,,
2361.jpg,3,13,,,,,
2361.jpg,4,1,,,,,
2361.jpg,5,3,,,,,
2361.jpg,6,7,৭,,৭,number,90.35
2361.jpg,7,0,০,,০,number,21.66
2361.jpg,8,1,১,,১,number,99.99
2361.jpg,9,0,,,,,
2361.jpg,ALL,N/A,৭,,৭,summary,N/A
1099.jpg,1,62,,,,,
1099.jpg,2,30,,,,,
1099.jpg,3,7,,,,,
1099.jpg,4,8,৮,,৮,number,99.66
1099.jpg,5,9,১,,১,number,22.67
1099.jpg,6,0,,,,,
1099.jpg,7,1,১,,১,number,100.00
1099.jpg,8,0,,,,,
1099.jpg,ALL,N/A,১,,১,summary,N/A
1703.jpg,1,93,,শরীয়তপুর,শরীয়তপুর,word,88.24
1703.jpg,2,14,,,,,
1703.jpg,3,2,,,,,
1703.jpg,4,3,,,,,
1703.jpg,5,4,,,,,
1703.jpg,6,5,,,,,
1703.jpg,7,6,৬,,৬,number,99.51
1703.jpg,8,7,,,,,
1703.jpg,ALL,N/A,৬,শরীয়তপুর,শরীয়তপুর ৬,summary,N/A
268.jpg,1,49,,,,,
268.jpg,2,10,,,,,
268.jpg,3,18,,,,,
268.jpg,4,2,,,,,
268.jpg,5,6,,,,,
268.jpg,6,4,,,,,
268.jpg,7,4,,,,,
268.jpg,8,9,,,,,
268.jpg,9,8,,,,,
268.jpg,ALL,N/A,,,N/A,summary,N/A
939.jpg,1,98,,টাঙ্গাইল,টাঙ্গাইল,word,78.83
939.jpg,2,25,,,,,
939.jpg,3,1,,,,,
939.jpg,4,1,১,,১,number,99.62
939.jpg,5,6,৬,,৬,number,100.00
939.jpg,6,9,,,,,
939.jpg,7,7,,,,,
939.jpg,8,3,,,,,
939.jpg,ALL,N/A,১,টাঙ্গাইল,টাঙ্গাইল ১,summary,N/A
2484.jpg,1,71,,,,,
2484.jpg,2,20,,,,,
2484.jpg,3,1,,,,,
2484.jpg,4,2,,,,,
2484.jpg,5,0,,,,,
2484.jpg,6,4,,,,,
2484.jpg,7,0,,,,,
2484.jpg,8,9,৫,,৫,number,23.96
2484.jpg,ALL,N/A,৫,,৫,summary,N/A
363.jpg,1,49,,ঢাকা,ঢাকা,word,83.68
363.jpg,2,10,,মেট্রো,মেট্রো,word,90.61
363.jpg,3,19,,,,,
363.jpg,4,1,,,,,
363.jpg,5,1,,,,,
363.jpg,6,8,৮,,৮,number,94.26
363.jpg,7,9,,,,,
363.jpg,8,3,৩,,৩,number,99.98
363.jpg,9,7,,,,,
363.jpg,ALL,N/A,৮,ঢাকা,ঢাকা ৮,summary,N/A
900.jpg,1,91,,রংপুর,রংপুর,word,99.64
900.jpg,2,25,,,,,
900.jpg,3,1,,,,,
900.jpg,4,1,১,,১,number,99.99
900.jpg,5,6,৬,,৬,number,99.98
900.jpg,6,7,,,,,
900.jpg,7,4,,,,,
900.jpg,8,3,৬,,৬,number,35.47
900.jpg,ALL,N/A,৬,রংপুর,রংপুর ৬,summary,N/A
84.jpg,1,49,,ঢাকা,ঢাকা,word,59.47
84.jpg,2,10,,,,,
84.jpg,3,18,,,,,
84.jpg,4,1,,,,,
84.jpg,5,3,,,,,
84.jpg,6,2,,,,,
84.jpg,7,5,,,,,
84.jpg,8,2,,,,,
84.jpg,9,0,,,,,
84.jpg,ALL,N/A,,ঢাকা,ঢাকা,summary,N/A
1054.jpg,1,98,,,,,
1054.jpg,2,24,,,,,
1054.jpg,3,3,,,,,
1054.jpg,4,4,৪,,৪,number,27.37
1054.jpg,5,5,,,,,
1054.jpg,6,6,,,,,
1054.jpg,7,7,৭,,৭,number,85.58
1054.jpg,8,8,,,,,
1054.jpg,ALL,N/A,৪,,৪,summary,N/A
2566.jpg,1,49,,ঢাকা,ঢাকা,word,95.95
2566.jpg,2,10,,মেট্রো,মেট্রো,word,76.65
2566.jpg,3,18,,,,,
2566.jpg,4,7,৭,,৭,number,89.57
2566.jpg,5,0,,,,,
2566.jpg,6,7,৭,,৭,number,97.82
2566.jpg,7,6,,,,,
2566.jpg,8,5,৫,,৫,number,59.28
2566.jpg,9,1,১,,১,number,99.92
2566.jpg,ALL,N/A,৭,ঢাকা,ঢাকা ৭,summary,N/A
1360.jpg,1,89,,রাজশাহী,রাজশাহী,word,94.94
1360.jpg,2,31,,,,,
1360.jpg,3,2,২,,২,number,99.81
1360.jpg,4,3,,,,,
1360.jpg,5,4,,,,,
1360.jpg,6,5,৫,,৫,number,96.82
1360.jpg,7,6,৬,,৬,number,99.97
1360.jpg,8,7,,,,,
1360.jpg,ALL,N/A,২,রাজশাহী,রাজশাহী ২,summary,N/A
2161.jpg,1,49,,,,,
2161.jpg,2,10,,,,,
2161.jpg,3,18,,,,,
2161.jpg,4,3,,,,,
2161.jpg,5,5,৫,,৫,number,42.71
2161.jpg,6,2,,,,,
2161.jpg,7,3,,,,,
2161.jpg,8,9,৫০,,৫০,number,14.85
2161.jpg,9,0,,,,,
2161.jpg,ALL,N/A,৫,,৫,summary,N/A
1252.jpg,1,73,,মৌলভীবাজার,মৌলভীবাজার,word,96.15
1252.jpg,2,100,,,,,
1252.jpg,3,0,,,,,
1252.jpg,4,1,১,,১,number,95.12
1252.jpg,5,1,,,,,
1252.jpg,6,8,৮,,৮,number,81.46
1252.jpg,7,9,,,,,
1252.jpg,8,9,,,,,
1252.jpg,ALL,N/A,১,মৌলভীবাজার,মৌলভীবাজার ১,summary,N/A
226.jpg,1,49,,,,,
226.jpg,2,10,,,,,
226.jpg,3,24,,,,,
226.jpg,4,1,,,,,
226.jpg,5,2,,,,,
226.jpg,6,5,,,,,
226.jpg,7,5,,,,,
226.jpg,8,6,,,,,
226.jpg,9,3,,,,,
226.jpg,ALL,N/A,,,N/A,summary,N/A
1966.jpg,1,87,,,,,
1966.jpg,2,10,,,,,
1966.jpg,3,31,,,,,
1966.jpg,4,1,,,,,
1966.jpg,5,1,,,,,
1966.jpg,6,0,,,,,
1966.jpg,7,3,,,,,
1966.jpg,8,4,,,,,
1966.jpg,9,9,,,,,
1966.jpg,ALL,N/A,,,N/A,summary,N/A
314.jpg,1,49,,,,,
314.jpg,2,10,,মেট্রো,মেট্রো,word,78.31
314.jpg,3,18,,,,,
314.jpg,4,3,,,,,
314.jpg,5,9,,,,,
314.jpg,6,1,,,,,
314.jpg,7,7,,,,,
314.jpg,8,8,,,,,
314.jpg,9,6,,,,,
314.jpg,ALL,N/A,,মেট্রো,মেট্রো,summary,N/A
1104.jpg,1,62,৩,,৩,number,9.92
1104.jpg,2,30,,,,,
1104.jpg,3,8,,,,,
1104.jpg,4,9,,,,,
1104.jpg,5,0,,,,,
1104.jpg,6,1,,,,,
1104.jpg,7,2,,,,,
1104.jpg,8,3,,,,,
1104.jpg,ALL,N/A,৩,,৩,summary,N/A
1269.jpg,1,74,,,,,
1269.jpg,2,34,,,,,
1269.jpg,3,1,,,,,
1269.jpg,4,4,,,,,
1269.jpg,5,7,,,,,
1269.jpg,6,8,৮,,৮,number,97.33
1269.jpg,7,9,,,,,
1269.jpg,8,2,,,,,
1269.jpg,ALL,N/A,৮,,৮,summary,N/A
457.jpg,1,46,,,,,
457.jpg,2,11,,,,,
457.jpg,3,5,,,,,
457.jpg,4,6,,,,,
457.jpg,5,7,৭,,৭,number,98.89
457.jpg,6,8,,,,,
457.jpg,7,9,,,,,
457.jpg,8,0,,,,,
457.jpg,ALL,N/A,৭,,৭,summary,N/A
2640.jpg,1,40,,,,,
2640.jpg,2,20,,,,,
2640.jpg,3,1,,,,,
2640.jpg,4,1,,,,,
2640.jpg,5,7,,,,,
2640.jpg,6,3,,,,,
2640.jpg,7,5,,,,,
2640.jpg,8,4,,,,,
2640.jpg,ALL,N/A,,,N/A,summary,N/A
288.jpg,1,49,,,,,
288.jpg,2,10,,,,,
288.jpg,3,18,,,,,
288.jpg,4,2,,,,,
288.jpg,5,2,,,,,
288.jpg,6,7,,,,,
288.jpg,7,7,,,,,
288.jpg,8,0,,,,,
288.jpg,9,0,,,,,
288.jpg,ALL,N/A,,,N/A,summary,N/A
1498.jpg,1,76,,,,,
1498.jpg,2,25,৫,,৫,number,41.82
1498.jpg,3,1,১,,১,number,99.54
1498.jpg,4,1,১,,১,number,99.36
1498.jpg,ALL,N/A,১,,১,summary,N/A
2085.jpg,1,49,,ঢাকা,ঢাকা,word,95.86
2085.jpg,2,10,,মেট্রো,মেট্রো,word,82.60
2085.jpg,3,19,,,,,
2085.jpg,4,1,,,,,
2085.jpg,5,7,৭,,৭,number,31.23
2085.jpg,6,2,,,,,
2085.jpg,7,7,,,,,
2085.jpg,8,5,৫,,৫,number,87.27
2085.jpg,9,0,,,,,
2085.jpg,ALL,N/A,৭,ঢাকা,ঢাকা ৭,summary,N/A
2111.jpg,1,49,,ঢাকা,ঢাকা,word,81.24
2111.jpg,2,10,,মেট্রো,মেট্রো,word,93.74
2111.jpg,3,18,,,,,
2111.jpg,4,2,,,,,
2111.jpg,5,9,৯,,৯,number,99.81
2111.jpg,6,3,,,,,
2111.jpg,7,5,৫,,৫,number,99.93
2111.jpg,8,9,,,,,
2111.jpg,9,2,,,,,
2111.jpg,ALL,N/A,৯,ঢাকা,ঢাকা ৯,summary,N/A
101.jpeg,1,98,,,,,
101.jpeg,2,20,,,,,
101.jpeg,3,1,,,,,
101.jpeg,4,3,,,,,
101.jpeg,5,2,,,,,
101.jpeg,6,7,,,,,
101.jpeg,7,0,,,,,
101.jpeg,8,5,,,,,
101.jpeg,ALL,N/A,,,N/A,summary,N/A
927.jpg,1,98,,টাঙ্গাইল,টাঙ্গাইল,word,80.38
927.jpg,2,20,,,,,
927.jpg,3,1,,,,,
927.jpg,4,1,১,,১,number,99.99
927.jpg,5,4,,,,,
927.jpg,6,5,,,,,
927.jpg,7,7,৭,,৭,number,50.45
927.jpg,8,8,,,,,
927.jpg,ALL,N/A,১,টাঙ্গাইল,টাঙ্গাইল ১,summary,N/A
586.jpg,1,54,,গাজীপুর,গাজীপুর,word,62.06
586.jpg,2,25,,,,,
586.jpg,3,1,,,,,
586.jpg,4,2,১,,১,number,95.58
586.jpg,5,3,,,,,
586.jpg,6,4,,,,,
586.jpg,7,5,,,,,
586.jpg,8,6,,,,,
586.jpg,ALL,N/A,১,গাজীপুর,গাজীপুর ১,summary,N/A
1885.jpg,1,49,,ঢাকা,ঢাকা,word,82.64
1885.jpg,2,10,,মেট্রো,মেট্রো,word,91.48
1885.jpg,3,18,,,,,
1885.jpg,4,4,,,,,
1885.jpg,5,3,,,,,
1885.jpg,6,4,,,,,
1885.jpg,7,3,,,,,
1885.jpg,8,8,৮,,৮,number,100.00
1885.jpg,9,8,৮,,৮,number,100.00
1885.jpg,ALL,N/A,৮,ঢাকা,ঢাকা ৮,summary,N/A
2109.jpg,1,49,,,,,
2109.jpg,2,10,,,,,
2109.jpg,3,18,,,,,
2109.jpg,4,1,,,,,
2109.jpg,5,3,,,,,
2109.jpg,6,8,৮,,৮,number,99.81
2109.jpg,7,8,৮,,৮,number,55.38
2109.jpg,8,0,,,,,
2109.jpg,9,2,,,,,
2109.jpg,ALL,N/A,৮,,৮,summary,N/A
1420.jpg,1,69,১১৩,মাদারীপুর,মাদারীপুর,word,95.91
1420.jpg,2,20,,,,,
1420.jpg,3,1,১,,১,number,97.73
1420.jpg,4,1,১,,১,number,93.27
1420.jpg,5,1,,,,,
1420.jpg,6,0,,,,,
1420.jpg,7,3,,,,,
1420.jpg,8,3,৩,,৩,number,18.08
1420.jpg,ALL,N/A,১,মাদারীপুর,মাদারীপুর ১,summary,N/A
1335.jpg,1,80,,,,,
1335.jpg,2,25,,,,,
1335.jpg,3,1,,,,,
1335.jpg,4,2,১,,১,number,42.95
1335.jpg,5,3,,,,,
1335.jpg,6,4,,,,,
1335.jpg,7,5,,,,,
1335.jpg,8,6,৬,,৬,number,95.62
1335.jpg,ALL,N/A,১,,১,summary,N/A
1504.jpg,1,78,,নরসিংদী,নরসিংদী,word,96.05
1504.jpg,2,20,,,,,
1504.jpg,3,1,১,,১,number,60.93
1504.jpg,4,1,১,,১,number,98.92
1504.jpg,5,3,৩,,৩,number,99.97
1504.jpg,6,3,,,,,
1504.jpg,7,8,৮,,৮,number,99.55
1504.jpg,8,0,,,,,
1504.jpg,ALL,N/A,১,নরসিংদী,নরসিংদী ১,summary,N/A
1029.jpg,1,57,,জামালপুর,জামালপুর,word,96.49
1029.jpg,2,20,,,,,
1029.jpg,3,1,১,,১,number,99.94
1029.jpg,4,1,১,,১,number,99.94
1029.jpg,5,2,,,,,
1029.jpg,6,4,,,,,
1029.jpg,7,6,,,,,
1029.jpg,8,0,,,,,
1029.jpg,ALL,N/A,১,জামালপুর,জামালপুর ১,summary,N/A
725.jpg,1,87,,,,,
725.jpg,2,10,,মেট্রো,মেট্রো,word,75.52
725.jpg,3,13,,,,,
725.jpg,4,3,,,,,
725.jpg,5,4,,,,,
725.jpg,6,7,,,,,
725.jpg,7,8,৮,,৮,number,56.64
725.jpg,8,9,,,,,
725.jpg,9,0,,,,,
725.jpg,ALL,N/A,৮,মেট্রো,মেট্রো ৮,summary,N/A
208.jpg,1,49,,,,,
208.jpg,2,10,,,,,
208.jpg,3,18,,,,,
208.jpg,4,3,,,,,
208.jpg,5,3,,,,,
208.jpg,6,1,১,,১,number,99.99
208.jpg,7,9,,,,,
208.jpg,8,7,,,,,
208.jpg,9,2,,,,,
208.jpg,ALL,N/A,১,,১,summary,N/A
381.jpg,1,39,,,,,
381.jpg,2,27,,,,,
381.jpg,3,7,,,,,
381.jpg,4,8,,,,,
381.jpg,5,9,,,,,
381.jpg,6,0,,,,,
381.jpg,7,1,,,,,
381.jpg,8,2,,,,,
381.jpg,ALL,N/A,,,N/A,summary,N/A
64.jpg,1,77,,,,,
64.jpg,2,33,,,,,
64.jpg,3,1,,,,,
64.jpg,4,1,,,,,
64.jpg,5,1,,,,,
64.jpg,6,9,,,,,
64.jpg,7,4,,,,,
64.jpg,8,6,,,,,
64.jpg,ALL,N/A,,,N/A,summary,N/A
571.jpg,1,53,,গাইবান্ধা,গাইবান্ধা,word,67.49
571.jpg,2,19,,,,,
571.jpg,3,1,,,,,
571.jpg,4,3,,,,,
571.jpg,5,5,,,,,
571.jpg,6,7,০,,০,number,69.25
571.jpg,7,9,,,,,
571.jpg,8,0,,,,,
571.jpg,ALL,N/A,০,গাইবান্ধা,গাইবান্ধা ০,summary,N/A
2377.jpg,1,49,,,,,
2377.jpg,2,10,,,,,
2377.jpg,3,18,,,,,
2377.jpg,4,3,,,,,
2377.jpg,5,9,,,,,
2377.jpg,6,0,,,,,
2377.jpg,7,9,,,,,
2377.jpg,8,5,,,,,
2377.jpg,9,8,,,,,
2377.jpg,ALL,N/A,,,N/A,summary,N/A
877.jpg,1,88,,রাজবাড়ী,রাজবাড়ী,word,71.86
877.jpg,2,25,,,,,
877.jpg,3,1,,,,,
877.jpg,4,1,,,,,
877.jpg,5,0,,,,,
877.jpg,6,6,৬,,৬,number,99.98
877.jpg,7,0,,,,,
877.jpg,8,5,,,,,
877.jpg,ALL,N/A,৬,রাজবাড়ী,রাজবাড়ী ৬,summary,N/A
298.jpg,1,49,,,,,
298.jpg,2,10,,মেট্রো,মেট্রো,word,69.95
298.jpg,3,12,,,,,
298.jpg,4,1,,,,,
298.jpg,5,1,,,,,
298.jpg,6,0,,,,,
298.jpg,7,0,,,,,
298.jpg,8,4,,,,,
298.jpg,9,5,,,,,
298.jpg,ALL,N/A,,মেট্রো,মেট্রো,summary,N/A
1555.jpg,1,60,,ঝিনাইদহ,ঝিনাইদহ,word,76.00
1555.jpg,2,25,,,,,
1555.jpg,3,1,,,,,
1555.jpg,4,1,১,,১,number,89.08
1555.jpg,5,1,,,,,
1555.jpg,6,2,,,,,
1555.jpg,7,4,,,,,
1555.jpg,8,0,,,,,
1555.jpg,ALL,N/A,১,ঝিনাইদহ,ঝিনাইদহ ১,summary,N/A
992.jpg,1,54,,গাজীপুর,গাজীপুর,word,80.58
992.jpg,2,20,,,,,
992.jpg,3,1,১,,১,number,99.67
992.jpg,4,1,১,,১,number,75.53
992.jpg,5,1,,,,,
992.jpg,6,4,৪,,৪,number,48.57
992.jpg,7,4,৪,,৪,number,32.91
992.jpg,8,0,,,,,
992.jpg,ALL,N/A,১,গাজীপুর,গাজীপুর ১,summary,N/A
1529.jpg,1,92,,,,,
1529.jpg,2,25,,,,,
1529.jpg,3,1,,,,,
1529.jpg,4,1,১,,১,number,14.63
1529.jpg,5,7,,,,,
1529.jpg,6,2,,,,,
1529.jpg,7,8,৮,,৮,number,87.75
1529.jpg,8,4,,,,,
1529.jpg,ALL,N/A,১,,১,summary,N/A
734.jpg,1,88,,,,,
734.jpg,2,101,,,,,
734.jpg,3,3,,,,,
734.jpg,4,4,,,,,
734.jpg,5,5,,,,,
734.jpg,6,7,,,,,
734.jpg,7,8,,,,,
734.jpg,8,6,৬,,৬,number,69.43
734.jpg,ALL,N/A,৬,,৬,summary,N/A
2518.jpg,1,61,,,,,
2518.jpg,2,9,৯,,৯,number,31.85
2518.jpg,3,5,৫,,৫,number,99.28
2518.jpg,4,5,৫,,৫,number,99.58
2518.jpg,5,4,,,,,
2518.jpg,6,1,১,,১,number,99.04
2518.jpg,7,1,১,,১,number,99.99
2518.jpg,8,20,,,,,
2518.jpg,ALL,N/A,৫,,৫,summary,N/A
2156.jpg,1,49,,,,,
2156.jpg,2,10,,,,,
2156.jpg,3,18,,,,,
2156.jpg,4,2,,,,,
2156.jpg,5,2,,,,,
2156.jpg,6,0,,,,,
2156.jpg,7,3,,,,,
2156.jpg,8,2,,,,,
2156.jpg,9,7,৭,,৭,number,87.77
2156.jpg,ALL,N/A,৭,,৭,summary,N/A
2093.jpg,1,49,,ঢাকা,ঢাকা,word,71.73
2093.jpg,2,10,,মেট্রো,মেট্রো,word,62.56
2093.jpg,3,19,,,,,
2093.jpg,4,1,১,,১,number,8.00
2093.jpg,5,5,৫,,৫,number,98.85
2093.jpg,6,5,৫,,৫,number,96.70
2093.jpg,7,1,১,,১,number,98.97
2093.jpg,8,4,৪,,৪,number,26.26
2093.jpg,9,6,,,,,
2093.jpg,ALL,N/A,১,ঢাকা,ঢাকা ১,summary,N/A
155.jpeg,1,36,,,,,
155.jpeg,2,25,,,,,
155.jpeg,3,1,,,,,
155.jpeg,4,1,,,,,
155.jpeg,5,5,,,,,
155.jpeg,6,8,৩,,৩,number,67.22
155.jpeg,7,3,,,,,
155.jpeg,8,3,,,,,
155.jpeg,ALL,N/A,৩,,৩,summary,N/A
2667.jpg,1,40,,ভোলা,ভোলা,word,74.91
2667.jpg,2,25,,,,,
2667.jpg,3,1,১,,১,number,100.00
2667.jpg,4,1,১,,১,number,99.99
2667.jpg,5,0,,,,,
2667.jpg,6,3,,,,,
2667.jpg,7,4,,,,,
2667.jpg,8,5,,,,,
2667.jpg,ALL,N/A,১,ভোলা,ভোলা ১,summary,N/A
1088.jpg,1,61,,জয়পুরহাট,জয়পুরহাট,word,83.43
1088.jpg,2,29,,,,,
1088.jpg,3,3,,,,,
1088.jpg,4,4,,,,,
1088.jpg,5,5,,,,,
1088.jpg,6,6,,,,,
1088.jpg,7,7,৭,,৭,number,37.41
1088.jpg,8,8,৮,,৮,number,24.24
1088.jpg,ALL,N/A,৭,জয়পুরহাট,জয়পুরহাট ৭,summary,N/A
2143.jpg,1,49,,,,,
2143.jpg,2,10,,,,,
2143.jpg,3,24,,,,,
2143.jpg,4,1,,,,,
2143.jpg,5,2,,,,,
2143.jpg,6,0,,,,,
2143.jpg,7,2,,,,,
2143.jpg,8,0,,,,,
2143.jpg,9,0,,,,,
2143.jpg,ALL,N/A,,,N/A,summary,N/A
1085.jpg,1,61,,,,,
1085.jpg,2,29,,,,,
1085.jpg,3,8,,,,,
1085.jpg,4,9,,,,,
1085.jpg,5,0,,,,,
1085.jpg,6,1,,,,,
1085.jpg,7,2,,,,,
1085.jpg,8,3,,,,,
1085.jpg,ALL,N/A,,,N/A,summary,N/A
1366.jpg,1,91,,,,,
1366.jpg,2,27,,,,,
1366.jpg,3,3,,,,,
1366.jpg,4,4,,,,,
1366.jpg,5,5,,,,,
1366.jpg,6,6,,,,,
1366.jpg,7,7,৭,,৭,number,37.31
1366.jpg,8,8,,,,,
1366.jpg,ALL,N/A,৭,,৭,summary,N/A
2002.jpg,1,63,,,,,
2002.jpg,2,10,,,,,
2002.jpg,3,25,,,,,
2002.jpg,4,1,,,,,
2002.jpg,5,1,,,,,
2002.jpg,6,9,,,,,
2002.jpg,7,1,,,,,
2002.jpg,8,8,,,,,
2002.jpg,9,4,,,,,
2002.jpg,ALL,N/A,,,N/A,summary,N/A
1933.jpg,1,46,,চুয়াডাঙ্গা,চুয়াডাঙ্গা,word,68.85
1933.jpg,2,31,,,,,
1933.jpg,3,1,,,,,
1933.jpg,4,1,১,,১,number,99.99
1933.jpg,5,0,,,,,
1933.jpg,6,2,২,,২,number,99.74
1933.jpg,7,2,২,,২,number,99.99
1933.jpg,8,7,,,,,
1933.jpg,ALL,N/A,২,চুয়াডাঙ্গা,চুয়াডাঙ্গা ২,summary,N/A
1847.jpg,1,49,,ঢাকা,ঢাকা,word,84.09
1847.jpg,2,10,,,,,
1847.jpg,3,19,,,,,
1847.jpg,4,1,,,,,
1847.jpg,5,7,৭,,৭,number,51.35
1847.jpg,6,3,,,,,
1847.jpg,7,5,৫,,৫,number,99.60
1847.jpg,8,9,,,,,
1847.jpg,9,2,,,,,
1847.jpg,ALL,N/A,৭,ঢাকা,ঢাকা ৭,summary,N/A
2628.jpg,1,38,,,,,
2628.jpg,2,25,,,,,
2628.jpg,3,1,১,,১,number,99.76
2628.jpg,4,1,১,,১,number,100.00
2628.jpg,5,0,,,,,
2628.jpg,6,7,৭,,৭,number,51.10
2628.jpg,7,2,১,,১,number,81.66
2628.jpg,8,6,৬,,৬,number,100.00
2628.jpg,ALL,N/A,১,,১,summary,N/A
1370.jpg,1,91,,,,,
1370.jpg,2,27,,,,,
1370.jpg,3,9,,,,,
1370.jpg,4,9,,,,,
1370.jpg,5,1,,,,,
1370.jpg,6,1,,,,,
1370.jpg,7,0,,,,,
1370.jpg,8,2,১,,১,number,19.90
1370.jpg,ALL,N/A,১,,১,summary,N/A
645.jpg,1,82,,,,,
645.jpg,2,22,,,,,
645.jpg,3,3,,,,,
645.jpg,4,4,,,,,
645.jpg,5,5,,,,,
645.jpg,6,6,৬,,৬,number,85.43
645.jpg,7,7,,,,,
645.jpg,8,8,,,,,
645.jpg,ALL,N/A,৬,,৬,summary,N/A
413.jpg,1,37,,বান্দরবান,বান্দরবান,word,97.37
413.jpg,2,15,৬,,৬,number,92.86
413.jpg,3,5,,,,,
413.jpg,4,6,৬,,৬,number,98.42
413.jpg,5,7,,,,,
413.jpg,6,8,,,,,
413.jpg,7,9,,,,,
413.jpg,8,0,,,,,
413.jpg,ALL,N/A,৬,বান্দরবান,বান্দরবান ৬,summary,N/A
1044.jpg,1,97,,,,,
1044.jpg,2,26,,,,,
1044.jpg,3,3,,,,,
1044.jpg,4,4,,,,,
1044.jpg,5,5,,,,,
1044.jpg,6,6,,,,,
1044.jpg,7,7,,,,,
1044.jpg,8,8,,,,,
1044.jpg,ALL,N/A,,,N/A,summary,N/A
424.jpg,1,41,,,,,
424.jpg,2,31,,,,,
424.jpg,3,7,,,,,
424.jpg,4,8,,,,,
424.jpg,5,9,,,,,
424.jpg,6,0,,,,,
424.jpg,7,1,১,,১,number,98.01
424.jpg,8,2,,,,,
424.jpg,ALL,N/A,১,,১,summary,N/A
552.jpg,1,51,,ফরিদপুর,ফরিদপুর,word,95.86
552.jpg,2,17,,,,,
552.jpg,3,7,,,,,
552.jpg,4,8,৮,,৮,number,96.08
552.jpg,5,9,৯,,৯,number,97.98
552.jpg,6,0,,,,,
552.jpg,7,1,১,,১,number,99.33
552.jpg,8,0,,,,,
552.jpg,ALL,N/A,৮,ফরিদপুর,ফরিদপুর ৮,summary,N/A
1789.jpg,1,49,,,,,
1789.jpg,2,10,,মেট্রো,মেট্রো,word,86.75
1789.jpg,3,18,,,,,
1789.jpg,4,1,,,,,
1789.jpg,5,1,,,,,
1789.jpg,6,6,৬,,৬,number,32.04
1789.jpg,7,5,,,,,
1789.jpg,8,9,,,,,
1789.jpg,9,4,,,,,
1789.jpg,ALL,N/A,৬,মেট্রো,মেট্রো ৬,summary,N/A
2139.jpg,1,49,,,,,
2139.jpg,2,10,,,,,
2139.jpg,3,18,,,,,
2139.jpg,4,3,,,,,
2139.jpg,5,1,১,,১,number,99.96
2139.jpg,6,0,,,,,
2139.jpg,7,0,,,,,
2139.jpg,8,8,৮,,৮,number,99.98
2139.jpg,9,0,,,,,
2139.jpg,ALL,N/A,১,,১,summary,N/A
2043.jpg,1,49,,,,,
2043.jpg,2,10,,,,,
2043.jpg,3,24,,,,,
2043.jpg,4,1,,,,,
2043.jpg,5,2,,,,,
2043.jpg,6,8,,,,,
2043.jpg,7,5,,,,,
2043.jpg,8,1,,,,,
2043.jpg,9,6,,,,,
2043.jpg,ALL,N/A,,,N/A,summary,N/A
2009.jpg,1,39,,বরিশাল,বরিশাল,word,63.31
2009.jpg,2,10,,মেট্রো,মেট্রো,word,84.56
2009.jpg,3,25,,,,,
2009.jpg,4,1,,,,,
2009.jpg,5,1,১,,১,number,61.81
2009.jpg,6,6,৬,,৬,number,99.58
2009.jpg,7,8,৮,,৮,number,56.89
2009.jpg,8,8,৮,,৮,number,99.99
2009.jpg,9,6,৬,,৬,number,99.48
2009.jpg,ALL,N/A,৬,বরিশাল,বরিশাল ৬,summary,N/A
2379.jpg,1,49,,,,,
2379.jpg,2,10,,,,,
2379.jpg,3,13,,,,,
2379.jpg,4,1,,,,,
2379.jpg,5,5,,,,,
2379.jpg,6,2,,,,,
2379.jpg,7,3,,,,,
2379.jpg,8,0,,,,,
2379.jpg,9,6,,,,,
2379.jpg,ALL,N/A,,,N/A,summary,N/A
177.jpeg,1,20,,,,,
177.jpeg,2,1,,,,,
177.jpeg,3,2,,,,,
177.jpeg,4,3,,,,,
177.jpeg,5,8,,,,,
177.jpeg,6,0,,,,,
177.jpeg,7,9,,,,,
177.jpeg,8,92,৩৮০৯,সাতক্ষীরা,সাতক্ষীরা,word,81.34
177.jpeg,ALL,N/A,৩৮০৯,সাতক্ষীরা,সাতক্ষীরা ৩৮০৯,summary,N/A
16.jpeg,1,62,,,,,
16.jpeg,2,25,,,,,
16.jpeg,3,1,,,,,
16.jpeg,4,1,,,,,
16.jpeg,5,0,,,,,
16.jpeg,6,9,,,,,
16.jpeg,7,9,,,,,
16.jpeg,8,6,,,,,
16.jpeg,ALL,N/A,,,N/A,summary,N/A
1297.jpg,1,77,,,,,
1297.jpg,2,31,,,,,
1297.jpg,3,2,১,,১,number,84.36
1297.jpg,4,2,২,,২,number,97.51
1297.jpg,5,3,৩,,৩,number,99.79
1297.jpg,6,1,১,,১,number,84.31
1297.jpg,7,5,৫,,৫,number,99.99
1297.jpg,8,6,৬,,৬,number,99.39
1297.jpg,ALL,N/A,১,,১,summary,N/A
752.jpg,1,58,,যশোর,যশোর,word,74.77
752.jpg,2,20,,,,,
752.jpg,3,1,,,,,
752.jpg,4,4,,,,,
752.jpg,5,4,,,,,
752.jpg,6,7,,,,,
752.jpg,7,2,২,,২,number,86.43
752.jpg,8,4,,,,,
752.jpg,ALL,N/A,২,যশোর,যশোর ২,summary,N/A
1823.jpg,1,95,,সিরাজগঞ্জ,সিরাজগঞ্জ,word,95.94
1823.jpg,2,25,,,,,
1823.jpg,3,1,,,,,
1823.jpg,4,1,১,,১,number,99.99
1823.jpg,5,6,,,,,
1823.jpg,6,2,,,,,
1823.jpg,7,4,,,,,
1823.jpg,8,9,,,,,
1823.jpg,ALL,N/A,১,সিরাজগঞ্জ,সিরাজগঞ্জ ১,summary,N/A
2123.jpg,1,49,,,,,
2123.jpg,2,10,,,,,
2123.jpg,3,19,,,,,
2123.jpg,4,0,,,,,
2123.jpg,5,2,,,,,
2123.jpg,6,2,,,,,
2123.jpg,7,3,,,,,
2123.jpg,8,4,,,,,
2123.jpg,9,5,৫,,৫,number,99.97
2123.jpg,ALL,N/A,৫,,৫,summary,N/A
2056.jpg,1,49,,,,,
2056.jpg,2,10,,মেট্রো,মেট্রো,word,80.27
2056.jpg,3,18,,,,,
2056.jpg,4,3,,,,,
2056.jpg,5,9,৯,,৯,number,73.12
2056.jpg,6,4,,,,,
2056.jpg,7,9,,,,,
2056.jpg,8,4,,,,,
2056.jpg,9,8,৮,,৮,number,100.00
2056.jpg,ALL,N/A,৯,মেট্রো,মেট্রো ৯,summary,N/A
907.jpg,1,97,,সিলেট,সিলেট,word,99.14
907.jpg,2,10,,মেট্রো,মেট্রো,word,82.38
907.jpg,3,20,,,,,
907.jpg,4,1,১,,১,number,99.99
907.jpg,5,1,১,,১,number,99.99
907.jpg,6,1,,,,,
907.jpg,7,0,,,,,
907.jpg,8,3,,,,,
907.jpg,9,7,,,,,
907.jpg,ALL,N/A,১,সিলেট,সিলেট ১,summary,N/A
145.jpeg,1,85,,পটুয়াখালী,পটুয়াখালী,word,75.44
145.jpeg,2,20,,,,,
145.jpeg,3,1,,,,,
145.jpeg,4,1,,,,,
145.jpeg,5,8,,,,,
145.jpeg,6,0,,,,,
145.jpeg,7,4,,,,,
145.jpeg,8,4,,,,,
145.jpeg,ALL,N/A,,পটুয়াখালী,পটুয়াখালী,summary,N/A
1691.jpg,1,67,,লক্ষ্মীপুর,লক্ষ্মীপুর,word,92.83
1691.jpg,2,25,,,,,
1691.jpg,3,1,,,,,
1691.jpg,4,1,১,,১,number,98.73
1691.jpg,5,3,,,,,
1691.jpg,6,2,১,,১,number,33.68
1691.jpg,7,5,,,,,
1691.jpg,8,2,,,,,
1691.jpg,ALL,N/A,১,লক্ষ্মীপুর,লক্ষ্মীপুর ১,summary,N/A
2436.jpg,1,67,,,,,
2436.jpg,2,20,,,,,
2436.jpg,3,1,১,,১,number,24.27
2436.jpg,4,1,১,,১,number,99.97
2436.jpg,5,6,,,,,
2436.jpg,6,5,,,,,
2436.jpg,7,2,,,,,
2436.jpg,8,3,,,,,
2436.jpg,ALL,N/A,১,,১,summary,N/A
2029.jpg,1,49,,ঢাকা,ঢাকা,word,80.44
2029.jpg,2,10,,মেট্রো,মেট্রো,word,75.09
2029.jpg,3,18,,,,,
2029.jpg,4,1,,,,,
2029.jpg,5,1,১,,১,number,99.05
2029.jpg,6,2,,,,,
2029.jpg,7,1,১,,১,number,99.80
2029.jpg,8,9,,,,,
2029.jpg,9,2,২,,২,number,98.54
2029.jpg,ALL,N/A,১,ঢাকা,ঢাকা ১,summary,N/A
2092.jpg,1,49,,,,,
2092.jpg,2,10,,,,,
2092.jpg,3,19,,,,,
2092.jpg,4,1,,,,,
2092.jpg,5,7,,,,,
2092.jpg,6,1,,,,,
2092.jpg,7,0,,,,,
2092.jpg,8,5,,,,,
2092.jpg,9,7,,,,,
2092.jpg,ALL,N/A,,,N/A,summary,N/A
529.jpg,1,49,,ঢাকা,ঢাকা,word,98.55
529.jpg,2,14,,,,,
529.jpg,3,7,,,,,
529.jpg,4,8,৮,,৮,number,78.77
529.jpg,5,9,,,,,
529.jpg,6,0,,,,,
529.jpg,7,1,১,,১,number,99.99
529.jpg,8,0,,,,,
529.jpg,ALL,N/A,৮,ঢাকা,ঢাকা ৮,summary,N/A
1167.jpg,1,66,,,,,
1167.jpg,2,101,,,,,
1167.jpg,3,8,,,,,
1167.jpg,4,9,,,,,
1167.jpg,5,0,,,,,
1167.jpg,6,1,,,,,
1167.jpg,7,2,,,,,
1167.jpg,8,3,,,,,
1167.jpg,ALL,N/A,,,N/A,summary,N/A
1820.jpg,1,75,,নওগাঁ,নওগাঁ,word,91.43
1820.jpg,2,25,,,,,
1820.jpg,3,1,,,,,
1820.jpg,4,1,১,,১,number,61.85
1820.jpg,5,2,২,,২,number,93.11
1820.jpg,6,1,১,,১,number,99.77
1820.jpg,7,7,৭,,৭,number,68.02
1820.jpg,8,7,,,,,
1820.jpg,ALL,N/A,১,নওগাঁ,নওগাঁ ১,summary,N/A
2576.jpg,1,90,,,,,
2576.jpg,2,20,,,,,
2576.jpg,3,1,১,,১,number,99.92
2576.jpg,4,1,১,,১,number,99.99
2576.jpg,5,1,১,,১,number,80.56
2576.jpg,6,9,,,,,
2576.jpg,7,6,৬,,৬,number,95.72
2576.jpg,8,3,,,,,
2576.jpg,ALL,N/A,১,,১,summary,N/A
1330.jpg,1,80,,,,,
1330.jpg,2,25,,,,,
1330.jpg,3,3,,,,,
1330.jpg,4,4,,,,,
1330.jpg,5,5,,,,,
1330.jpg,6,6,,,,,
1330.jpg,7,7,,,,,
1330.jpg,8,8,,,,,
1330.jpg,ALL,N/A,,,N/A,summary,N/A
2253.jpg,1,92,,,,,
2253.jpg,2,25,,,,,
2253.jpg,3,1,,,,,
2253.jpg,4,1,১,,১,number,99.97
2253.jpg,5,8,৮,,৮,number,99.98
2253.jpg,6,2,,,,,
2253.jpg,7,6,,,,,
2253.jpg,8,5,,,,,
2253.jpg,ALL,N/A,১,,১,summary,N/A
941.jpg,1,50,,দিনাজপুর,দিনাজপুর,word,90.70
941.jpg,2,25,,,,,
941.jpg,3,1,১,,১,number,99.38
941.jpg,4,1,,,,,
941.jpg,5,1,,,,,
941.jpg,6,8,৮,,৮,number,95.62
941.jpg,7,8,৮,,৮,number,99.96
941.jpg,8,4,,,,,
941.jpg,ALL,N/A,৮,দিনাজপুর,দিনাজপুর ৮,summary,N/A
59.jpg,1,49,,ঢাকা,ঢাকা,word,77.16
59.jpg,2,10,,,,,
59.jpg,3,27,,,,,
59.jpg,4,1,,,,,
59.jpg,5,3,,,,,
59.jpg,6,3,,,,,
59.jpg,7,9,,,,,
59.jpg,8,0,,,,,
59.jpg,9,2,,,,,
59.jpg,ALL,N/A,,ঢাকা,ঢাকা,summary,N/A
762.jpg,1,58,,যশোর,যশোর,word,94.64
762.jpg,2,20,,,,,
762.jpg,3,1,১,,১,number,98.89
762.jpg,4,6,৬,,৬,number,100.00
762.jpg,5,4,,,,,
762.jpg,6,9,,,,,
762.jpg,7,5,,,,,
762.jpg,8,5,৫,,৫,number,78.21
762.jpg,ALL,N/A,১,যশোর,যশোর ১,summary,N/A
567.jpg,1,52,,ফেনী,ফেনী,word,99.96
567.jpg,2,18,,,,,
567.jpg,3,1,,,,,
567.jpg,4,2,,,,,
567.jpg,5,3,,,,,
567.jpg,6,4,,,,,
567.jpg,7,8,৮,,৮,number,39.00
567.jpg,8,9,,,,,
567.jpg,ALL,N/A,৮,ফেনী,ফেনী ৮,summary,N/A
1328.jpg,1,80,,,,,
1328.jpg,2,25,,,,,
1328.jpg,3,3,,,,,
1328.jpg,4,4,,,,,
1328.jpg,5,5,,,,,
1328.jpg,6,6,,,,,
1328.jpg,7,7,৭,,৭,number,99.27
1328.jpg,8,8,,,,,
1328.jpg,ALL,N/A,৭,,৭,summary,N/A
2544.jpg,1,65,,কুড়িগ্রাম,কুড়িগ্রাম,word,72.95
2544.jpg,2,25,,,,,
2544.jpg,3,1,১,,১,number,99.85
2544.jpg,4,1,১,,১,number,99.99
2544.jpg,5,3,,,,,
2544.jpg,6,2,২,,২,number,33.88
2544.jpg,7,5,,,,,
2544.jpg,8,6,৬,,৬,number,99.97
2544.jpg,ALL,N/A,১,কুড়িগ্রাম,কুড়িগ্রাম ১,summary,N/A
828.jpg,1,86,,পিরোজপুর,পিরোজপুর,word,81.50
828.jpg,2,25,,,,,
828.jpg,3,1,১,,১,number,99.35
828.jpg,4,1,১,,১,number,49.81
828.jpg,5,1,১,,১,number,98.27
828.jpg,6,1,১,,১,number,99.91
828.jpg,7,5,,,,,
828.jpg,8,6,,,,,
828.jpg,ALL,N/A,১,পিরোজপুর,পিরোজপুর ১,summary,N/A
1950.jpg,1,87,,,,,
1950.jpg,2,10,,মেট্রো,মেট্রো,word,88.04
1950.jpg,3,25,,,,,
1950.jpg,4,1,১,,১,number,38.37
1950.jpg,5,1,১,,১,number,99.99
1950.jpg,6,4,,,,,
1950.jpg,7,4,,,,,
1950.jpg,8,9,,,,,
1950.jpg,9,9,,,,,
1950.jpg,ALL,N/A,১,মেট্রো,মেট্রো ১,summary,N/A
1073.jpg,1,60,,ঝিনাইদহ,ঝিনাইদহ,word,84.70
1073.jpg,2,28,,,,,
1073.jpg,3,5,,,,,
1073.jpg,4,6,৬,,৬,number,99.97
1073.jpg,5,7,,,,,
1073.jpg,6,8,৮,,৮,number,99.76
1073.jpg,7,0,,,,,
1073.jpg,8,1,,,,,
1073.jpg,ALL,N/A,৬,ঝিনাইদহ,ঝিনাইদহ ৬,summary,N/A
2172.jpg,1,49,,,,,
2172.jpg,2,10,,,,,
2172.jpg,3,19,,,,,
2172.jpg,4,1,,,,,
2172.jpg,5,1,১,,১,number,99.51
2172.jpg,6,5,৫,,৫,number,22.03
2172.jpg,7,0,০,,০,number,50.02
2172.jpg,8,4,,,,,
2172.jpg,9,2,,,,,
2172.jpg,ALL,N/A,১,,১,summary,N/A
2485.jpg,1,63,,,,,
2485.jpg,2,10,,,,,
2485.jpg,3,20,,,,,
2485.jpg,4,1,,,,,
2485.jpg,5,1,,,,,
2485.jpg,6,6,৬,,৬,number,7.54
2485.jpg,7,9,,,,,
2485.jpg,8,1,,,,,
2485.jpg,9,3,,,,,
2485.jpg,ALL,N/A,৬,,৬,summary,N/A
2404.jpg,1,44,,,,,
2404.jpg,2,10,,মেট্রো,মেট্রো,word,78.75
2404.jpg,3,25,,,,,
2404.jpg,4,1,১,,১,number,98.62
2404.jpg,5,5,৫,,৫,number,99.21
2404.jpg,6,6,৬,,৬,number,100.00
2404.jpg,7,1,,,,,
2404.jpg,8,4,,,,,
2404.jpg,9,4,,,,,
2404.jpg,ALL,N/A,১,মেট্রো,মেট্রো ১,summary,N/A
443.jpg,1,46,,,,,
443.jpg,2,11,,,,,
443.jpg,3,7,,,,,
443.jpg,4,8,,,,,
443.jpg,5,9,,,,,
443.jpg,6,0,,,,,
443.jpg,7,1,,,,,
443.jpg,8,2,,,,,
443.jpg,ALL,N/A,,,N/A,summary,N/A
2094.jpg,1,49,,ঢাকা,ঢাকা,word,79.22
2094.jpg,2,10,,মেট্রো,মেট্রো,word,93.19
2094.jpg,3,18,,,,,
2094.jpg,4,2,,,,,
2094.jpg,5,5,,,,,
2094.jpg,6,0,,,,,
2094.jpg,7,3,,,,,
2094.jpg,8,3,,,,,
2094.jpg,9,9,,,,,
2094.jpg,ALL,N/A,,ঢাকা,ঢাকা,summary,N/A
2038.jpg,1,49,,,,,
2038.jpg,2,10,,মেট্রো,মেট্রো,word,61.09
2038.jpg,3,18,,,,,
2038.jpg,4,3,,,,,
2038.jpg,5,9,,,,,
2038.jpg,6,4,৪,,৪,number,32.62
2038.jpg,7,9,,,,,
2038.jpg,8,4,,,,,
2038.jpg,9,8,৮,,৮,number,97.89
2038.jpg,ALL,N/A,৪,মেট্রো,মেট্রো ৪,summary,N/A
1901.jpg,1,49,,,,,
1901.jpg,2,10,,,,,
1901.jpg,3,27,,,,,
1901.jpg,4,1,,,,,
1901.jpg,5,8,,,,,
1901.jpg,6,2,,,,,
1901.jpg,7,9,,,,,
1901.jpg,8,7,,,,,
1901.jpg,9,0,,,,,
1901.jpg,ALL,N/A,,,N/A,summary,N/A
1649.jpg,1,63,,খুলনা,খুলনা,word,99.68
1649.jpg,2,10,,মেট্রো,মেট্রো,word,83.02
1649.jpg,3,20,,,,,
1649.jpg,4,1,১,,১,number,99.99
1649.jpg,5,1,১,,১,number,100.00
1649.jpg,6,3,,,,,
1649.jpg,7,8,,,,,
1649.jpg,8,2,,,,,
1649.jpg,9,0,,,,,
1649.jpg,ALL,N/A,১,খুলনা,খুলনা ১,summary,N/A
1949.jpg,1,49,,ঢাকা,ঢাকা,word,79.28
1949.jpg,2,10,,মেট্রো,মেট্রো,word,80.21
1949.jpg,3,31,,,,,
1949.jpg,4,1,,,,,
1949.jpg,5,6,৬,,৬,number,99.62
1949.jpg,6,5,৫,,৫,number,100.00
1949.jpg,7,8,৮,,৮,number,99.99
1949.jpg,8,0,,,,,
1949.jpg,9,8,,,,,
1949.jpg,ALL,N/A,৬,ঢাকা,ঢাকা ৬,summary,N/A
1863.jpg,1,49,,ঢাকা,ঢাকা,word,97.85
1863.jpg,2,10,,,,,
1863.jpg,3,18,,,,,
1863.jpg,4,3,,,,,
1863.jpg,5,5,,,,,
1863.jpg,6,9,,,,,
1863.jpg,7,5,,,,,
1863.jpg,8,6,৬,,৬,number,99.88
1863.jpg,9,8,৮,,৮,number,99.28
1863.jpg,ALL,N/A,৬,ঢাকা,ঢাকা ৬,summary,N/A
198.jpeg,1,79,,,,,
198.jpeg,2,20,,,,,
198.jpeg,3,1,,,,,
198.jpeg,4,2,,,,,
198.jpeg,5,9,,,,,
198.jpeg,6,9,,,,,
198.jpeg,7,0,,,,,
198.jpeg,8,0,,,,,
198.jpeg,ALL,N/A,,,N/A,summary,N/A
2432.jpg,1,49,,,,,
2432.jpg,2,10,,,,,
2432.jpg,3,20,,,,,
2432.jpg,4,2,,,,,
2432.jpg,5,7,,,,,
2432.jpg,6,2,,,,,
2432.jpg,7,6,,,,,
2432.jpg,8,2,,,,,
2432.jpg,9,5,,,,,
2432.jpg,ALL,N/A,,,N/A,summary,N/A
1842.jpg,1,49,,ঢাকা,ঢাকা,word,95.24
1842.jpg,2,10,,মেট্রো,মেট্রো,word,78.84
1842.jpg,3,25,,,,,
1842.jpg,4,3,,,,,
1842.jpg,5,9,৯,,৯,number,87.51
1842.jpg,6,4,,,,,
1842.jpg,7,4,,,,,
1842.jpg,8,8,৮,,৮,number,100.00
1842.jpg,9,8,৮,,৮,number,100.00
1842.jpg,ALL,N/A,৮,ঢাকা,ঢাকা ৮,summary,N/A
1446.jpg,1,73,,মৌলভীবাজার,মৌলভীবাজার,word,73.13
1446.jpg,2,20,,,,,
1446.jpg,3,1,,,,,
1446.jpg,4,2,,,,,
1446.jpg,5,2,,,,,
1446.jpg,6,2,,,,,
1446.jpg,7,4,,,,,
1446.jpg,8,6,,,,,
1446.jpg,ALL,N/A,,মৌলভীবাজার,মৌলভীবাজার,summary,N/A
1225.jpg,1,71,,মানিকগঞ্জ,মানিকগঞ্জ,word,76.11
1225.jpg,2,17,,,,,
1225.jpg,3,1,,,,,
1225.jpg,4,4,,,,,
1225.jpg,5,7,৭,,৭,number,37.24
1225.jpg,6,8,৮,,৮,number,60.38
1225.jpg,7,9,,,,,
1225.jpg,8,2,,,,,
1225.jpg,ALL,N/A,৭,মানিকগঞ্জ,মানিকগঞ্জ ৭,summary,N/A
370.jpg,1,39,,,,,
370.jpg,2,27,,,,,
370.jpg,3,3,,,,,
370.jpg,4,4,,,,,
370.jpg,5,5,,,,,
370.jpg,6,6,,,,,
370.jpg,7,7,,,,,
370.jpg,8,8,৩,,৩,number,7.38
370.jpg,ALL,N/A,৩,,৩,summary,N/A
766.jpg,1,36,,,,,
766.jpg,2,34,৬,,৬,number,3.19
766.jpg,3,5,,,,,
766.jpg,4,6,,,,,
766.jpg,5,7,,,,,
766.jpg,6,8,,,,,
766.jpg,7,9,,,,,
766.jpg,8,0,,,,,
766.jpg,ALL,N/A,৬,,৬,summary,N/A
2546.jpg,1,40,,,,,
2546.jpg,2,25,,,,,
2546.jpg,3,1,১,,১,number,98.56
2546.jpg,4,1,,,,,
2546.jpg,5,0,,,,,
2546.jpg,6,5,,,,,
2546.jpg,7,4,,,,,
2546.jpg,8,7,,,,,
2546.jpg,ALL,N/A,১,,১,summary,N/A
2505.jpg,1,43,৩,,৩,number,41.52
2505.jpg,2,25,,,,,
2505.jpg,3,1,,,,,
2505.jpg,4,1,,,,,
2505.jpg,5,1,,,,,
2505.jpg,6,9,,,,,
2505.jpg,7,7,,,,,
2505.jpg,8,4,,,,,
2505.jpg,ALL,N/A,৩,,৩,summary,N/A
619.jpg,1,57,,জামালপুর,জামালপুর,word,60.40
619.jpg,2,23,,,,,
619.jpg,3,1,,,,,
619.jpg,4,2,,,,,
619.jpg,5,3,,,,,
619.jpg,6,4,,,,,
619.jpg,7,5,,,,,
619.jpg,8,6,৬,,৬,number,95.20
619.jpg,ALL,N/A,৬,জামালপুর,জামালপুর ৬,summary,N/A
2501.jpg,1,60,,,,,
2501.jpg,2,25,,,,,
2501.jpg,3,1,১,,১,number,88.29
2501.jpg,4,1,,,,,
2501.jpg,5,2,,,,,
2501.jpg,6,4,৪,,৪,number,56.73
2501.jpg,7,5,,,,,
2501.jpg,8,6,,,,,
2501.jpg,ALL,N/A,১,,১,summary,N/A
936.jpg,1,98,,টাঙ্গাইল,টাঙ্গাইল,word,74.74
936.jpg,2,20,,,,,
936.jpg,3,1,১,,১,number,99.70
936.jpg,4,2,২,,২,number,99.99
936.jpg,5,2,২,,২,number,99.78
936.jpg,6,2,২,,২,number,87.83
936.jpg,7,3,৩,,৩,number,40.93
936.jpg,8,5,,,,,
936.jpg,ALL,N/A,২,টাঙ্গাইল,টাঙ্গাইল ২,summary,N/A
1286.jpg,1,75,,,,,
1286.jpg,2,33,,,,,
1286.jpg,3,1,,,,,
1286.jpg,4,2,,,,,
1286.jpg,5,3,,,,,
1286.jpg,6,4,,,,,
1286.jpg,7,5,,,,,
1286.jpg,8,6,,,,,
1286.jpg,ALL,N/A,,,N/A,summary,N/A
2330.jpg,1,49,,ঢাকা,ঢাকা,word,73.18
2330.jpg,2,10,,,,,
2330.jpg,3,13,৮,,৮,number,77.42
2330.jpg,4,0,,,,,
2330.jpg,5,1,১,,১,number,98.90
2330.jpg,6,0,,,,,
2330.jpg,7,7,৭,,৭,number,63.87
2330.jpg,8,3,,,,,
2330.jpg,9,1,,,,,
2330.jpg,ALL,N/A,৮,ঢাকা,ঢাকা ৮,summary,N/A
544.jpg,1,50,,দিনাজপুর,দিনাজপুর,word,99.70
544.jpg,2,16,,,,,
544.jpg,3,7,,,,,
544.jpg,4,8,৮,,৮,number,93.78
544.jpg,5,9,,,,,
544.jpg,6,0,,,,,
544.jpg,7,1,,,,,
544.jpg,8,0,,,,,
544.jpg,ALL,N/A,৮,দিনাজপুর,দিনাজপুর ৮,summary,N/A
1006.jpg,1,35,,বাগেরহাট,বাগেরহাট,word,88.24
1006.jpg,2,16,,,,,
1006.jpg,3,1,,,,,
1006.jpg,4,2,২,,২,number,53.41
1006.jpg,5,3,,,,,
1006.jpg,6,4,,,,,
1006.jpg,7,5,,,,,
1006.jpg,8,6,,,,,
1006.jpg,ALL,N/A,২,বাগেরহাট,বাগেরহাট ২,summary,N/A
2210.jpg,1,49,৮,,৮,number,2.67
2210.jpg,2,10,,,,,
2210.jpg,3,13,,,,,
2210.jpg,4,1,,,,,
2210.jpg,5,3,,,,,
2210.jpg,6,1,,,,,
2210.jpg,7,2,,,,,
2210.jpg,8,4,,,,,
2210.jpg,9,7,৭,,৭,number,24.22
2210.jpg,ALL,N/A,৮,,৮,summary,N/A
634.jpg,1,81,,নীলফামারী,নীলফামারী,word,89.29
634.jpg,2,23,,,,,
634.jpg,3,1,,,,,
634.jpg,4,1,,,,,
634.jpg,5,1,,,,,
634.jpg,6,9,,,,,
634.jpg,7,2,,,,,
634.jpg,8,8,৮৮,,৮৮,number,24.79
634.jpg,ALL,N/A,৮৮,নীলফামারী,নীলফামারী ৮৮,summary,N/A
2170.jpg,1,49,,,,,
2170.jpg,2,10,,,,,
2170.jpg,3,18,,,,,
2170.jpg,4,3,,,,,
2170.jpg,5,1,,,,,
2170.jpg,6,8,৬,,৬,number,3.47
2170.jpg,7,4,,,,,
2170.jpg,8,3,,,,,
2170.jpg,9,5,,,,,
2170.jpg,ALL,N/A,৬,,৬,summary,N/A
1228.jpg,1,71,,মানিকগঞ্জ,মানিকগঞ্জ,word,95.36
1228.jpg,2,17,,,,,
1228.jpg,3,2,১,,১,number,36.24
1228.jpg,4,2,২,,২,number,58.36
1228.jpg,5,3,৩,,৩,number,66.76
1228.jpg,6,1,,,,,
1228.jpg,7,5,,,,,
1228.jpg,8,6,৬,,৬,number,56.63
1228.jpg,ALL,N/A,১,মানিকগঞ্জ,মানিকগঞ্জ ১,summary,N/A
2632.jpg,1,65,,কুড়িগ্রাম,কুড়িগ্রাম,word,80.33
2632.jpg,2,20,,,,,
2632.jpg,3,1,২১,,২১,number,0.32
2632.jpg,4,3,,,,,
2632.jpg,5,6,,,,,
2632.jpg,6,1,,,,,
2632.jpg,7,8,,,,,
2632.jpg,8,9,,,,,
2632.jpg,ALL,N/A,২১,কুড়িগ্রাম,কুড়িগ্রাম ২১,summary,N/A
2098.jpg,1,49,,,,,
2098.jpg,2,10,,মেট্রো,মেট্রো,word,74.60
2098.jpg,3,18,,,,,
2098.jpg,4,2,,,,,
2098.jpg,5,5,৫,,৫,number,52.92
2098.jpg,6,0,,,,,
2098.jpg,7,3,,,,,
2098.jpg,8,3,,,,,
2098.jpg,9,9,,,,,
2098.jpg,ALL,N/A,৫,মেট্রো,মেট্রো ৫,summary,N/A
1868.jpg,1,49,,ঢাকা,ঢাকা,word,98.08
1868.jpg,2,10,,মেট্রো,মেট্রো,word,75.43
1868.jpg,3,18,,,,,
1868.jpg,4,2,,,,,
1868.jpg,5,6,৬,,৬,number,99.99
1868.jpg,6,5,,,,,
1868.jpg,7,5,,,,,
1868.jpg,8,6,,,,,
1868.jpg,9,5,,,,,
1868.jpg,ALL,N/A,৬,ঢাকা,ঢাকা ৬,summary,N/A
2058.jpg,1,49,,,,,
2058.jpg,2,10,,,,,
2058.jpg,3,19,,,,,
2058.jpg,4,1,,,,,
2058.jpg,5,5,,,,,
2058.jpg,6,4,,,,,
2058.jpg,7,9,,,,,
2058.jpg,8,4,,,,,
2058.jpg,9,3,,,,,
2058.jpg,ALL,N/A,,,N/A,summary,N/A
242.jpg,1,49,,,,,
242.jpg,2,10,,মেট্রো,মেট্রো,word,79.49
242.jpg,3,19,,,,,
242.jpg,4,1,,,,,
242.jpg,5,1,,,,,
242.jpg,6,1,,,,,
242.jpg,7,0,,,,,
242.jpg,8,6,,,,,
242.jpg,9,2,,,,,
242.jpg,ALL,N/A,,মেট্রো,মেট্রো,summary,N/A
924.jpg,1,97,,সিলেট,সিলেট,word,90.95
924.jpg,2,20,,,,,
924.jpg,3,1,১,,১,number,99.85
924.jpg,4,1,১,,১,number,99.84
924.jpg,5,0,,,,,
924.jpg,6,0,,,,,
924.jpg,7,2,,,,,
924.jpg,8,5,৫,,৫,number,99.86
924.jpg,ALL,N/A,১,সিলেট,সিলেট ১,summary,N/A
1005.jpg,1,55,,গোপালগঞ্জ,গোপালগঞ্জ,word,85.28
1005.jpg,2,20,,,,,
1005.jpg,3,1,১,,১,number,99.97
1005.jpg,4,1,১১,,১১,number,12.72
1005.jpg,5,7,৭,,৭,number,84.64
1005.jpg,6,8,৮,,৮,number,100.00
1005.jpg,7,9,,,,,
1005.jpg,8,3,,,,,
1005.jpg,ALL,N/A,১,গোপালগঞ্জ,গোপালগঞ্জ ১,summary,N/A
2062.jpg,1,49,,,,,
2062.jpg,2,10,,,,,
2062.jpg,3,18,,,,,
2062.jpg,4,2,,,,,
2062.jpg,5,0,,,,,
2062.jpg,6,1,,,,,
2062.jpg,7,7,,,,,
2062.jpg,8,3,,,,,
2062.jpg,9,4,,,,,
2062.jpg,ALL,N/A,,,N/A,summary,N/A
1057.jpg,1,98,,টাঙ্গাইল,টাঙ্গাইল,word,87.38
1057.jpg,2,24,,,,,
1057.jpg,3,9,,,,,
1057.jpg,4,1,,,,,
1057.jpg,5,0,,,,,
1057.jpg,6,2,১,,১,number,30.87
1057.jpg,7,1,,,,,
1057.jpg,8,9,,,,,
1057.jpg,ALL,N/A,১,টাঙ্গাইল,টাঙ্গাইল ১,summary,N/A
326.jpg,1,49,,,,,
326.jpg,2,10,,,,,
326.jpg,3,13,,,,,
326.jpg,4,1,,,,,
326.jpg,5,1,,,,,
326.jpg,6,5,,,,,
326.jpg,7,5,,,,,
326.jpg,8,3,,,,,
326.jpg,9,4,,,,,
326.jpg,ALL,N/A,,,N/A,summary,N/A
1247.jpg,1,73,,মৌলভীবাজার,মৌলভীবাজার,word,99.19
1247.jpg,2,100,,,,,
1247.jpg,3,1,,,,,
1247.jpg,4,4,,,,,
1247.jpg,5,7,,,,,
1247.jpg,6,8,৮,,৮,number,93.06
1247.jpg,7,9,,,,,
1247.jpg,8,2,,,,,
1247.jpg,ALL,N/A,৮,মৌলভীবাজার,মৌলভীবাজার ৮,summary,N/A
2149.jpg,1,49,,,,,
2149.jpg,2,10,,মেট্রো,মেট্রো,word,56.87
2149.jpg,3,18,,,,,
2149.jpg,4,2,,,,,
2149.jpg,5,5,৫,,৫,number,99.64
2149.jpg,6,9,৫০,,৫০,number,10.15
2149.jpg,7,7,৭,,৭,number,67.45
2149.jpg,8,8,৮,,৮,number,83.45
2149.jpg,9,1,১,,১,number,90.59
2149.jpg,ALL,N/A,৫,মেট্রো,মেট্রো ৫,summary,N/A
1459.jpg,1,73,,,,,
1459.jpg,2,20,,,,,
1459.jpg,3,1,১,,১,number,46.04
1459.jpg,4,2,১,,১,number,93.36
1459.jpg,5,4,,,,,
1459.jpg,6,4,,,,,
1459.jpg,7,5,,,,,
1459.jpg,8,3,,,,,
1459.jpg,ALL,N/A,১,,১,summary,N/A
2508.jpg,1,91,,,,,
2508.jpg,2,20,,,,,
2508.jpg,3,7,৭,,৭,number,88.98
2508.jpg,4,2,২,,২,number,96.47
2508.jpg,5,3,,,,,
2508.jpg,6,7,৭,,৭,number,48.08
2508.jpg,7,5,,,,,
2508.jpg,8,1,,,,,
2508.jpg,ALL,N/A,৭,,৭,summary,N/A
1414.jpg,1,59,,ঝালকাঠি,ঝালকাঠি,word,75.60
1414.jpg,2,27,,,,,
1414.jpg,3,1,,,,,
1414.jpg,4,2,,,,,
1414.jpg,5,3,,,,,
1414.jpg,6,4,,,,,
1414.jpg,7,5,,,,,
1414.jpg,8,6,,,,,
1414.jpg,ALL,N/A,,ঝালকাঠি,ঝালকাঠি,summary,N/A
41.jpeg,1,49,,,,,
41.jpeg,2,10,,মেট্রো,মেট্রো,word,94.55
41.jpeg,3,31,,,,,
41.jpeg,4,2,,,,,
41.jpeg,5,4,,,,,
41.jpeg,6,1,১,,১,number,99.98
41.jpeg,7,1,,,,,
41.jpeg,8,8,৮,,৮,number,60.75
41.jpeg,9,3,৩,,৩,number,99.99
41.jpeg,ALL,N/A,১,মেট্রো,মেট্রো ১,summary,N/A
692.jpg,1,84,,,,,
692.jpg,2,20,,,,,
692.jpg,3,1,,,,,
692.jpg,4,2,২,,২,number,97.11
692.jpg,5,3,,,,,
692.jpg,6,4,,,,,
692.jpg,7,5,,,,,
692.jpg,8,6,৬,,৬,number,96.94
692.jpg,ALL,N/A,২,,২,summary,N/A
2442.jpg,1,76,,,,,
2442.jpg,2,20,,,,,
2442.jpg,3,1,,,,,
2442.jpg,4,1,,,,,
2442.jpg,5,7,৭,,৭,number,7.39
2442.jpg,6,0,,,,,
2442.jpg,7,8,৮,,৮,number,7.59
2442.jpg,8,9,,,,,
2442.jpg,ALL,N/A,৭,,৭,summary,N/A
1589.jpg,1,96,,সুনামগঞ্জ,সুনামগঞ্জ,word,84.53
1589.jpg,2,25,,,,,
1589.jpg,3,1,১,,১,number,100.00
1589.jpg,4,1,১,,১,number,19.41
1589.jpg,5,0,,,,,
1589.jpg,6,8,৮,,৮,number,99.90
1589.jpg,7,3,,,,,
1589.jpg,8,5,,,,,
1589.jpg,ALL,N/A,১,সুনামগঞ্জ,সুনামগঞ্জ ১,summary,N/A
1630.jpg,1,62,,,,,
1630.jpg,2,20,,,,,
1630.jpg,3,1,,,,,
1630.jpg,4,1,,,,,
1630.jpg,5,1,,,,,
1630.jpg,6,4,,,,,
1630.jpg,7,4,,,,,
1630.jpg,8,2,,,,,
1630.jpg,ALL,N/A,,,N/A,summary,N/A
2368.jpg,1,97,,,,,
2368.jpg,2,33,,,,,
2368.jpg,3,1,,,,,
2368.jpg,4,2,,,,,
2368.jpg,5,9,,,,,
2368.jpg,6,5,,,,,
2368.jpg,7,6,,,,,
2368.jpg,8,8,৮,,৮,number,18.95
2368.jpg,ALL,N/A,৮,,৮,summary,N/A
453.jpg,1,36,০,,০,number,27.34
453.jpg,2,34,,,,,
453.jpg,3,3,,,,,
453.jpg,4,4,,,,,
453.jpg,5,5,,,,,
453.jpg,6,6,,,,,
453.jpg,7,7,,,,,
453.jpg,8,8,,,,,
453.jpg,ALL,N/A,০,,০,summary,N/A
2581.jpg,1,39,,বরিশাল,বরিশাল,word,97.74
2581.jpg,2,20,,,,,
2581.jpg,3,1,১,,১,number,99.97
2581.jpg,4,3,,,,,
2581.jpg,5,0,,,,,
2581.jpg,6,1,১,,১,number,100.00
2581.jpg,7,5,,,,,
2581.jpg,8,0,,,,,
2581.jpg,ALL,N/A,১,বরিশাল,বরিশাল ১,summary,N/A
1870.jpg,1,44,৮,,৮,number,47.18
1870.jpg,2,10,৫,,৫,number,2.01
1870.jpg,3,19,,,,,
1870.jpg,4,1,১,,১,number,99.26
1870.jpg,5,1,,,,,
1870.jpg,6,0,,,,,
1870.jpg,7,6,,,,,
1870.jpg,8,1,,,,,
1870.jpg,9,1,,,,,
1870.jpg,ALL,N/A,৮,,৮,summary,N/A
756.jpg,1,58,,যশোর,যশোর,word,99.51
756.jpg,2,20,,,,,
756.jpg,3,1,১,,১,number,99.72
756.jpg,4,3,৩,,৩,number,4.10
756.jpg,5,1,১,,১,number,95.34
756.jpg,6,3,,,,,
756.jpg,7,2,২,,২,number,8.00
756.jpg,8,1,১,,১,number,99.97
756.jpg,ALL,N/A,১,যশোর,যশোর ১,summary,N/A
1389.jpg,1,92,,সাতক্ষীরা,সাতক্ষীরা,word,59.54
1389.jpg,2,26,,,,,
1389.jpg,3,1,,,,,
1389.jpg,4,2,১,,১,number,93.72
1389.jpg,5,3,,,,,
1389.jpg,6,4,,,,,
1389.jpg,7,5,,,,,
1389.jpg,8,6,,,,,
1389.jpg,ALL,N/A,১,সাতক্ষীরা,সাতক্ষীরা ১,summary,N/A
2057.jpg,1,49,,,,,
2057.jpg,2,10,,,,,
2057.jpg,3,13,,,,,
2057.jpg,4,1,,,,,
2057.jpg,5,1,১,,১,number,10.37
2057.jpg,6,8,৮,,৮,number,100.00
2057.jpg,7,1,,,,,
2057.jpg,8,4,৪,,৪,number,37.04
2057.jpg,9,4,,,,,
2057.jpg,ALL,N/A,১,,১,summary,N/A
1065.jpg,1,95,,সিরাজগঞ্জ,সিরাজগঞ্জ,word,87.13
1065.jpg,2,25,,,,,
1065.jpg,3,1,১,,১,number,100.00
1065.jpg,4,1,১,,১,number,100.00
1065.jpg,5,1,,,,,
1065.jpg,6,5,৫,,৫,number,63.00
1065.jpg,7,7,৭,,৭,number,67.03
1065.jpg,8,8,,,,,
1065.jpg,ALL,N/A,১,সিরাজগঞ্জ,সিরাজগঞ্জ ১,summary,N/A
2391.jpg,1,49,,,,,
2391.jpg,2,10,,,,,
2391.jpg,3,13,৮,,৮,number,53.24
2391.jpg,4,1,১,,১,number,81.29
2391.jpg,5,3,,,,,
2391.jpg,6,7,৭,,৭,number,80.43
2391.jpg,7,0,,,,,
2391.jpg,8,1,১১,,১১,number,32.17
2391.jpg,9,0,,,,,
2391.jpg,ALL,N/A,৮,,৮,summary,N/A
1185.jpg,1,68,,লালমনিরহাট,লালমনিরহাট,word,72.40
1185.jpg,2,12,,,,,
1185.jpg,3,7,,,,,
1185.jpg,4,8,৮,,৮,number,90.36
1185.jpg,5,9,,,,,
1185.jpg,6,0,,,,,
1185.jpg,7,1,,,,,
1185.jpg,8,0,,,,,
1185.jpg,ALL,N/A,৮,লালমনিরহাট,লালমনিরহাট ৮,summary,N/A
167.jpeg,1,36,,বগুড়া,বগুড়া,word,84.06
167.jpeg,2,25,,,,,
167.jpeg,3,1,,,,,
167.jpeg,4,2,,,,,
167.jpeg,5,1,,,,,
167.jpeg,6,3,,,,,
167.jpeg,7,9,,,,,
167.jpeg,8,0,,,,,
167.jpeg,ALL,N/A,,বগুড়া,বগুড়া,summary,N/A
561.jpg,1,52,,,,,
561.jpg,2,18,,,,,
561.jpg,3,3,,,,,
561.jpg,4,4,,,,,
561.jpg,5,5,,,,,
561.jpg,6,6,৬,,৬,number,86.58
561.jpg,7,7,৭,,৭,number,73.16
561.jpg,8,8,৮,,৮,number,20.89
561.jpg,ALL,N/A,৬,,৬,summary,N/A
2371.jpg,1,49,৬,,৬,number,3.54
2371.jpg,2,10,,,,,
2371.jpg,3,18,,,,,
2371.jpg,4,2,,,,,
2371.jpg,5,7,৭,,৭,number,61.20
2371.jpg,6,6,৬,,৬,number,36.23
2371.jpg,7,9,,,,,
2371.jpg,8,9,,,,,
2371.jpg,9,6,৬,,৬,number,99.89
2371.jpg,ALL,N/A,৬,,৬,summary,N/A
1325.jpg,1,80,,,,,
1325.jpg,2,25,,,,,
1325.jpg,3,3,,,,,
1325.jpg,4,4,,,,,
1325.jpg,5,5,,,,,
1325.jpg,6,6,৬,,৬,number,54.41
1325.jpg,7,7,,,,,
1325.jpg,8,8,,,,,
1325.jpg,ALL,N/A,৬,,৬,summary,N/A
2024.jpg,1,49,,,,,
2024.jpg,2,10,,,,,
2024.jpg,3,18,,,,,
2024.jpg,4,3,,,,,
2024.jpg,5,1,১,,১,number,99.98
2024.jpg,6,0,,,,,
2024.jpg,7,0,,,,,
2024.jpg,8,8,,,,,
2024.jpg,9,0,,,,,
2024.jpg,ALL,N/A,১,,১,summary,N/A
733.jpg,1,88,,রাজবাড়ী,রাজবাড়ী,word,69.23
733.jpg,2,101,,,,,
733.jpg,3,3,,,,,
733.jpg,4,4,,,,,
733.jpg,5,5,,,,,
733.jpg,6,6,,,,,
733.jpg,7,7,,,,,
733.jpg,8,8,,,,,
733.jpg,ALL,N/A,,রাজবাড়ী,রাজবাড়ী,summary,N/A
940.jpg,1,98,,টাঙ্গাইল,টাঙ্গাইল,word,71.41
940.jpg,2,25,,,,,
940.jpg,3,1,,,,,
940.jpg,4,1,,,,,
940.jpg,5,0,,,,,
940.jpg,6,0,,,,,
940.jpg,7,9,৯,,৯,number,25.59
940.jpg,8,2,১,,১,number,88.69
940.jpg,ALL,N/A,৯,টাঙ্গাইল,টাঙ্গাইল ৯,summary,N/A
1068.jpg,1,63,,খুলনা,খুলনা,word,90.37
1068.jpg,2,25,,,,,
1068.jpg,3,1,১,,১,number,99.81
1068.jpg,4,2,,,,,
1068.jpg,5,5,,,,,
1068.jpg,6,1,১,,১,number,71.07
1068.jpg,7,1,১,,১,number,99.98
1068.jpg,8,9,,,,,
1068.jpg,ALL,N/A,১,খুলনা,খুলনা ১,summary,N/A
2095.jpg,1,49,,,,,
2095.jpg,2,10,,,,,
2095.jpg,3,24,,,,,
2095.jpg,4,1,১,,১,number,88.95
2095.jpg,5,3,,,,,
2095.jpg,6,0,,,,,
2095.jpg,7,8,৮,,৮,number,99.99
2095.jpg,8,2,,,,,
2095.jpg,9,3,,,,,
2095.jpg,ALL,N/A,১,,১,summary,N/A
2662.jpg,1,40,,ভোলা,ভোলা,word,94.85
2662.jpg,2,25,,,,,
2662.jpg,3,1,,,,,
2662.jpg,4,1,,,,,
2662.jpg,5,0,,,,,
2662.jpg,6,7,,,,,
2662.jpg,7,9,,,,,
2662.jpg,8,9,,,,,
2662.jpg,ALL,N/A,,ভোলা,ভোলা,summary,N/A
1208.jpg,1,69,,মাদারীপুর,মাদারীপুর,word,88.64
1208.jpg,2,14,,,,,
1208.jpg,3,5,,,,,
1208.jpg,4,6,৬,,৬,number,99.85
1208.jpg,5,7,,,,,
1208.jpg,6,8,৮,,৮,number,7.36
1208.jpg,7,1,,,,,
1208.jpg,8,0,,,,,
1208.jpg,ALL,N/A,৬,মাদারীপুর,মাদারীপুর ৬,summary,N/A
978.jpg,1,52,,,,,
978.jpg,2,20,,,,,
978.jpg,3,1,,,,,
978.jpg,4,2,,,,,
978.jpg,5,0,,,,,
978.jpg,6,7,,,,,
978.jpg,7,1,,,,,
978.jpg,8,5,৫,,৫,number,73.45
978.jpg,ALL,N/A,৫,,৫,summary,N/A
183.jpeg,1,49,,,,,
183.jpeg,2,10,,মেট্রো,মেট্রো,word,81.68
183.jpeg,3,18,,,,,
183.jpeg,4,4,,,,,
183.jpeg,5,2,,,,,
183.jpeg,6,2,,,,,
183.jpeg,7,3,,,,,
183.jpeg,8,0,০,,০,number,30.72
183.jpeg,9,0,,,,,
183.jpeg,ALL,N/A,০,মেট্রো,মেট্রো ০,summary,N/A
1281.jpg,1,75,,,,,
1281.jpg,2,33,,,,,
1281.jpg,3,2,,,,,
1281.jpg,4,4,,,,,
1281.jpg,5,6,,,,,
1281.jpg,6,8,,,,,
1281.jpg,7,0,,,,,
1281.jpg,8,1,,,,,
1281.jpg,ALL,N/A,,,N/A,summary,N/A
2112.jpg,1,49,,,,,
2112.jpg,2,10,,,,,
2112.jpg,3,20,,,,,
2112.jpg,4,5,,,,,
2112.jpg,5,7,,,,,
2112.jpg,6,4,,,,,
2112.jpg,7,4,,,,,
2112.jpg,8,8,,,,,
2112.jpg,9,0,,,,,
2112.jpg,ALL,N/A,,,N/A,summary,N/A
819.jpg,1,85,,পটুয়াখালী,পটুয়াখালী,word,89.74
819.jpg,2,20,,,,,
819.jpg,3,1,১,,১,number,99.95
819.jpg,4,1,১,,১,number,95.10
819.jpg,5,4,,,,,
819.jpg,6,7,,,,,
819.jpg,7,5,,,,,
819.jpg,8,0,,,,,
819.jpg,ALL,N/A,১,পটুয়াখালী,পটুয়াখালী ১,summary,N/A
915.jpg,1,97,,সিলেট,সিলেট,word,90.09
915.jpg,2,20,,,,,
915.jpg,3,1,১,,১,number,33.42
915.jpg,4,1,১,,১,number,29.60
915.jpg,5,9,,,,,
915.jpg,6,8,,,,,
915.jpg,7,8,৮,,৮,number,75.62
915.jpg,8,3,,,,,
915.jpg,ALL,N/A,১,সিলেট,সিলেট ১,summary,N/A
670.jpg,1,83,,পাবনা,পাবনা,word,96.56
670.jpg,2,21,,,,,
670.jpg,3,1,,,,,
670.jpg,4,1,,,,,
670.jpg,5,1,,,,,
670.jpg,6,9,,,,,
670.jpg,7,2,২,,২,number,99.96
670.jpg,8,8,৮,,৮,number,17.94
670.jpg,ALL,N/A,২,পাবনা,পাবনা ২,summary,N/A
24.jpeg,1,44,,,,,
24.jpeg,2,10,,,,,
24.jpeg,3,14,,,,,
24.jpeg,4,1,,,,,
24.jpeg,5,1,,,,,
24.jpeg,6,1,,,,,
24.jpeg,7,3,,,,,
24.jpeg,8,3,,,,,
24.jpeg,9,7,,,,,
24.jpeg,ALL,N/A,,,N/A,summary,N/A
2249.jpg,1,49,,,,,
2249.jpg,2,10,,,,,
2249.jpg,3,100,,,,,
2249.jpg,4,1,,,,,
2249.jpg,5,4,,,,,
2249.jpg,6,3,,,,,
2249.jpg,7,0,,,,,
2249.jpg,8,4,,,,,
2249.jpg,9,0,,,,,
2249.jpg,ALL,N/A,,,N/A,summary,N/A
201.jpeg,1,79,,,,,
201.jpeg,2,20,,,,,
201.jpeg,3,1,,,,,
201.jpeg,4,3,,,,,
201.jpeg,5,4,,,,,
201.jpeg,6,7,,,,,
201.jpeg,7,7,,,,,
201.jpeg,8,2,,,,,
201.jpeg,ALL,N/A,,,N/A,summary,N/A
1891.jpg,1,49,,,,,
1891.jpg,2,10,,,,,
1891.jpg,3,19,,,,,
1891.jpg,4,1,১,,১,number,84.34
1891.jpg,5,3,,,,,
1891.jpg,6,2,,,,,
1891.jpg,7,6,,,,,
1891.jpg,8,1,১,,১,number,98.44
1891.jpg,9,6,,,,,
1891.jpg,ALL,N/A,১,,১,summary,N/A
2645.jpg,1,84,,পঞ্চগড়,পঞ্চগড়,word,75.88
2645.jpg,2,20,,,,,
2645.jpg,3,7,,,,,
2645.jpg,4,8,,,,,
2645.jpg,5,8,,,,,
2645.jpg,6,1,১,,১,number,98.78
2645.jpg,7,1,১,,১,number,99.98
2645.jpg,8,1,,,,,
2645.jpg,ALL,N/A,১,পঞ্চগড়,পঞ্চগড় ১,summary,N/A
2021.jpg,1,49,,,,,
2021.jpg,2,10,,,,,
2021.jpg,3,24,,,,,
2021.jpg,4,1,,,,,
2021.jpg,5,2,,,,,
2021.jpg,6,8,৮,,৮,number,100.00
2021.jpg,7,5,৫,,৫,number,98.00
2021.jpg,8,1,১,,১,number,93.35
2021.jpg,9,6,,,,,
2021.jpg,ALL,N/A,৮,,৮,summary,N/A
1715.jpg,1,94,,শেরপুর,শেরপুর,word,91.38
1715.jpg,2,25,,,,,
1715.jpg,3,2,১,,১,number,61.33
1715.jpg,4,3,,,,,
1715.jpg,5,4,,,,,
1715.jpg,6,5,,,,,
1715.jpg,7,6,৬,,৬,number,98.04
1715.jpg,8,7,,,,,
1715.jpg,ALL,N/A,১,শেরপুর,শেরপুর ১,summary,N/A
527.jpg,1,49,,,,,
527.jpg,2,14,,,,,
527.jpg,3,1,,,,,
527.jpg,4,4,,,,,
527.jpg,5,7,,,,,
527.jpg,6,8,,,,,
527.jpg,7,9,,,,,
527.jpg,8,2,,,,,
527.jpg,ALL,N/A,,,N/A,summary,N/A
373.jpg,1,44,,,,,
373.jpg,2,10,,মেট্রো,মেট্রো,word,75.35
373.jpg,3,15,,,,,
373.jpg,4,1,,,,,
373.jpg,5,2,২,,২,number,99.55
373.jpg,6,3,,,,,
373.jpg,7,4,,,,,
373.jpg,8,5,৫,,৫,number,99.96
373.jpg,9,6,,,,,
373.jpg,ALL,N/A,২,মেট্রো,মেট্রো ২,summary,N/A
13.jpeg,1,74,,ময়মনসিংহ,ময়মনসিংহ,word,77.15
13.jpeg,2,20,,,,,
13.jpeg,3,1,,,,,
13.jpeg,4,4,,,,,
13.jpeg,5,4,,,,,
13.jpeg,6,4,,,,,
13.jpeg,7,2,,,,,
13.jpeg,8,2,,,,,
13.jpeg,ALL,N/A,,ময়মনসিংহ,ময়মনসিংহ,summary,N/A
2396.jpg,1,97,,সিলেট,সিলেট,word,75.99
2396.jpg,2,11,,,,,
2396.jpg,3,1,১,,১,number,93.87
2396.jpg,4,4,৪,,৪,number,26.44
2396.jpg,5,6,৬,,৬,number,99.74
2396.jpg,6,3,৩,,৩,number,84.41
2396.jpg,ALL,N/A,১,সিলেট,সিলেট ১,summary,N/A
817.jpg,1,85,,,,,
817.jpg,2,20,,,,,
817.jpg,3,1,,,,,
817.jpg,4,1,১,,১,number,79.19
817.jpg,5,9,,,,,
817.jpg,6,8,৮,,৮,number,84.50
817.jpg,7,0,,,,,
817.jpg,8,7,,,,,
817.jpg,ALL,N/A,১,,১,summary,N/A
318.jpg,1,49,,ঢাকা,ঢাকা,word,93.14
318.jpg,2,10,,মেট্রো,মেট্রো,word,78.14
318.jpg,3,18,,,,,
318.jpg,4,1,,,,,
318.jpg,5,9,,,,,
318.jpg,6,2,,,,,
318.jpg,7,0,,,,,
318.jpg,8,2,,,,,
318.jpg,9,3,,,,,
318.jpg,ALL,N/A,,ঢাকা,ঢাকা,summary,N/A
216.jpg,1,49,,,,,
216.jpg,2,10,,মেট্রো,মেট্রো,word,62.93
216.jpg,3,12,,,,,
216.jpg,4,1,,,,,
216.jpg,5,1,,,,,
216.jpg,6,1,,,,,
216.jpg,7,5,,,,,
216.jpg,8,9,,,,,
216.jpg,9,6,,,,,
216.jpg,ALL,N/A,,মেট্রো,মেট্রো,summary,N/A
542.jpg,1,50,,,,,
542.jpg,2,16,,,,,
542.jpg,3,1,,,,,
542.jpg,4,4,,,,,
542.jpg,5,7,,,,,
542.jpg,6,8,,,,,
542.jpg,7,9,,,,,
542.jpg,8,2,,,,,
542.jpg,ALL,N/A,,,N/A,summary,N/A
1708.jpg,1,94,,শেরপুর,শেরপুর,word,96.20
1708.jpg,2,25,,,,,
1708.jpg,3,0,,,,,
1708.jpg,4,1,,,,,
1708.jpg,5,3,৩,,৩,number,13.55
1708.jpg,6,4,,,,,
1708.jpg,7,5,,,,,
1708.jpg,8,6,৬,,৬,number,100.00
1708.jpg,ALL,N/A,৩,শেরপুর,শেরপুর ৩,summary,N/A
1023.jpg,1,56,,হবিগঞ্জ,হবিগঞ্জ,word,79.84
1023.jpg,2,20,,,,,
1023.jpg,3,1,,,,,
1023.jpg,4,1,১,,১,number,8.51
1023.jpg,5,1,,,,,
1023.jpg,6,1,,,,,
1023.jpg,7,4,,,,,
1023.jpg,8,2,১,,১,number,17.76
1023.jpg,ALL,N/A,১,হবিগঞ্জ,হবিগঞ্জ ১,summary,N/A
736.jpg,1,88,,,,,
736.jpg,2,101,,,,,
736.jpg,3,3,,,,,
736.jpg,4,4,,,,,
736.jpg,5,5,,,,,
736.jpg,6,6,,,,,
736.jpg,7,7,,,,,
736.jpg,8,8,,,,,
736.jpg,ALL,N/A,,,N/A,summary,N/A
764.jpg,1,81,,,,,
764.jpg,2,25,,,,,
764.jpg,3,1,,,,,
764.jpg,4,1,,,,,
764.jpg,5,2,১,,১,number,10.17
764.jpg,6,9,,,,,
764.jpg,7,4,,,,,
764.jpg,8,8,,,,,
764.jpg,ALL,N/A,১,,১,summary,N/A
333.jpg,1,49,,,,,
333.jpg,2,10,,,,,
333.jpg,3,18,,,,,
333.jpg,4,3,,,,,
333.jpg,5,3,,,,,
333.jpg,6,7,,,,,
333.jpg,7,9,,,,,
333.jpg,8,8,,,,,
333.jpg,9,2,,,,,
333.jpg,ALL,N/A,,,N/A,summary,N/A
2320.jpg,1,49,,,,,
2320.jpg,2,10,,,,,
2320.jpg,3,18,,,,,
2320.jpg,4,2,,,,,
2320.jpg,5,8,,,,,
2320.jpg,6,2,,,,,
2320.jpg,7,0,,,,,
2320.jpg,8,4,,,,,
2320.jpg,9,3,,,,,
2320.jpg,ALL,N/A,,,N/A,summary,N/A
181.jpeg,1,79,৩,,৩,number,24.12
181.jpeg,2,20,,,,,
181.jpeg,3,1,,,,,
181.jpeg,4,2,,,,,
181.jpeg,5,2,,,,,
181.jpeg,6,5,,,,,
181.jpeg,7,3,,,,,
181.jpeg,8,8,,,,,
181.jpeg,ALL,N/A,৩,,৩,summary,N/A
2046.jpg,1,49,,,,,
2046.jpg,2,10,,,,,
2046.jpg,3,19,,,,,
2046.jpg,4,1,,,,,
2046.jpg,5,1,১১,,১১,number,41.71
2046.jpg,6,6,৬,,৬,number,99.84
2046.jpg,7,8,৮,,৮,number,83.22
2046.jpg,8,3,,,,,
2046.jpg,9,5,৫,,৫,number,99.24
2046.jpg,ALL,N/A,১১,,১১,summary,N/A
1983.jpg,1,59,,ঝালকাঠি,ঝালকাঠি,word,86.95
1983.jpg,2,20,,,,,
1983.jpg,3,1,,,,,
1983.jpg,4,1,১,,১,number,99.98
1983.jpg,5,2,,,,,
1983.jpg,6,7,৭,,৭,number,29.67
1983.jpg,7,5,৫,,৫,number,98.26
1983.jpg,8,1,,,,,
1983.jpg,ALL,N/A,১,ঝালকাঠি,ঝালকাঠি ১,summary,N/A
1028.jpg,1,35,,বাগেরহাট,বাগেরহাট,word,93.70
1028.jpg,2,27,,,,,
1028.jpg,3,5,,,,,
1028.jpg,4,6,,,,,
1028.jpg,5,7,৭,,৭,number,96.37
1028.jpg,6,8,৮,,৮,number,18.63
1028.jpg,7,9,,,,,
1028.jpg,8,0,,,,,
1028.jpg,ALL,N/A,৭,বাগেরহাট,বাগেরহাট ৭,summary,N/A
1802.jpg,1,49,,ঢাকা,ঢাকা,word,93.20
1802.jpg,2,10,,মেট্রো,মেট্রো,word,91.55
1802.jpg,3,18,,,,,
1802.jpg,4,2,,,,,
1802.jpg,5,3,,,,,
1802.jpg,6,9,৯,,৯,number,100.00
1802.jpg,7,3,,,,,
1802.jpg,8,5,,,,,
1802.jpg,9,8,৮,,৮,number,98.62
1802.jpg,ALL,N/A,৯,ঢাকা,ঢাকা ৯,summary,N/A
2312.jpg,1,49,,,,,
2312.jpg,2,10,,,,,
2312.jpg,3,24,,,,,
2312.jpg,4,1,,,,,
2312.jpg,5,2,,,,,
2312.jpg,6,8,৮,,৮,number,88.92
2312.jpg,7,0,,,,,
2312.jpg,8,9,,,,,
2312.jpg,9,4,৪,,৪,number,14.23
2312.jpg,ALL,N/A,৮,,৮,summary,N/A
0.jpeg,1,99,৪,,৪,number,19.97
0.jpeg,2,25,,,,,
0.jpeg,3,1,,,,,
0.jpeg,4,1,,,,,
0.jpeg,5,1,,,,,
0.jpeg,6,1,,,,,
0.jpeg,7,4,,,,,
0.jpeg,8,4,,,,,
0.jpeg,ALL,N/A,৪,,৪,summary,N/A
35.jpeg,1,44,,,,,
35.jpeg,2,10,,মেট্রো,মেট্রো,word,77.12
35.jpeg,3,31,,,,,
35.jpeg,4,1,,,,,
35.jpeg,5,1,,,,,
35.jpeg,6,1,,,,,
35.jpeg,7,5,,,,,
35.jpeg,8,4,,,,,
35.jpeg,9,3,,,,,
35.jpeg,ALL,N/A,,মেট্রো,মেট্রো,summary,N/A
1621.jpg,1,62,,,,,
1621.jpg,2,20,,,,,
1621.jpg,3,1,,,,,
1621.jpg,4,1,,,,,
1621.jpg,5,6,,,,,
1621.jpg,6,0,,,,,
1621.jpg,7,4,,,,,
1621.jpg,8,3,,,,,
1621.jpg,ALL,N/A,,,N/A,summary,N/A
393.jpg,1,38,,,,,
393.jpg,2,17,,,,,
393.jpg,3,9,,,,,
393.jpg,4,0,,,,,
393.jpg,5,1,,,,,
393.jpg,6,2,,,,,
393.jpg,7,3,,,,,
393.jpg,8,4,,,,,
393.jpg,ALL,N/A,,,N/A,summary,N/A
994.jpg,1,54,,গাজীপুর,গাজীপুর,word,86.03
994.jpg,2,20,,,,,
994.jpg,3,1,১,,১,number,99.88
994.jpg,4,1,১,,১,number,99.99
994.jpg,5,3,৩,,৩,number,57.10
994.jpg,6,0,,,,,
994.jpg,7,6,,,,,
994.jpg,8,5,,,,,
994.jpg,ALL,N/A,১,গাজীপুর,গাজীপুর ১,summary,N/A
387.jpg,1,40,,ভোলা,ভোলা,word,99.91
387.jpg,2,32,,,,,
387.jpg,3,7,,,,,
387.jpg,4,8,৮৮,,৮৮,number,88.13
387.jpg,5,9,,,,,
387.jpg,6,0,,,,,
387.jpg,7,1,১,,১,number,98.92
387.jpg,8,2,২,,২,number,99.90
387.jpg,ALL,N/A,৮৮,ভোলা,ভোলা ৮৮,summary,N/A
1441.jpg,1,71,,মানিকগঞ্জ,মানিকগঞ্জ,word,79.07
1441.jpg,2,25,,,,,
1441.jpg,3,1,,,,,
1441.jpg,ALL,N/A,,মানিকগঞ্জ,মানিকগঞ্জ,summary,N/A
1176.jpg,1,67,,লক্ষ্মীপুর,লক্ষ্মীপুর,word,87.42
1176.jpg,2,11,,,,,
1176.jpg,3,3,,,,,
1176.jpg,4,4,,,,,
1176.jpg,5,5,,,,,
1176.jpg,6,6,৬,,৬,number,62.38
1176.jpg,7,7,,,,,
1176.jpg,8,8,,,,,
1176.jpg,ALL,N/A,৬,লক্ষ্মীপুর,লক্ষ্মীপুর ৬,summary,N/A
1623.jpg,1,62,,,,,
1623.jpg,2,20,,,,,
1623.jpg,3,1,১,,১,number,74.58
1623.jpg,4,1,,,,,
1623.jpg,5,4,,,,,
1623.jpg,6,9,,,,,
1623.jpg,7,2,১,,১,number,24.24
1623.jpg,8,7,,,,,
1623.jpg,ALL,N/A,১,,১,summary,N/A
178.jpeg,1,57,,জামালপুর,জামালপুর,word,96.91
178.jpeg,2,20,,,,,
178.jpeg,3,1,,,,,
178.jpeg,4,1,,,,,
178.jpeg,5,3,,,,,
178.jpeg,6,2,,,,,
178.jpeg,7,0,,,,,
178.jpeg,8,0,,,,,
178.jpeg,ALL,N/A,,জামালপুর,জামালপুর,summary,N/A
1268.jpg,1,74,,,,,
1268.jpg,2,34,৬,,৬,number,13.02
1268.jpg,3,7,৭,,৭,number,23.33
1268.jpg,4,8,,,,,
1268.jpg,5,9,,,,,
1268.jpg,6,0,,,,,
1268.jpg,7,1,,,,,
1268.jpg,8,2,,,,,
1268.jpg,ALL,N/A,৬,,৬,summary,N/A
1135.jpg,1,64,,কিশোরগঞ্জ,কিশোরগঞ্জ,word,94.09
1135.jpg,2,33,,,,,
1135.jpg,3,2,,,,,
1135.jpg,4,4,,,,,
1135.jpg,5,6,,,,,
1135.jpg,6,8,৮,,৮,number,81.05
1135.jpg,7,0,,,,,
1135.jpg,8,1,,,,,
1135.jpg,ALL,N/A,৮,কিশোরগঞ্জ,কিশোরগঞ্জ ৮,summary,N/A
674.jpg,1,83,,,,,
674.jpg,2,21,,,,,
674.jpg,3,0,,,,,
674.jpg,4,1,,,,,
674.jpg,5,3,,,,,
674.jpg,6,4,,,,,
674.jpg,7,5,,,,,
674.jpg,8,6,৬,,৬,number,40.86
674.jpg,ALL,N/A,৬,,৬,summary,N/A
267.jpg,1,49,,,,,
267.jpg,2,10,,,,,
267.jpg,3,18,,,,,
267.jpg,4,2,,,,,
267.jpg,5,3,,,,,
267.jpg,6,0,,,,,
267.jpg,7,0,,,,,
267.jpg,8,8,,,,,
267.jpg,9,2,,,,,
267.jpg,ALL,N/A,,,N/A,summary,N/A
2205.jpg,1,49,,,,,
2205.jpg,2,10,,,,,
2205.jpg,3,18,,,,,
2205.jpg,4,3,,,,,
2205.jpg,5,4,,,,,
2205.jpg,6,6,৬,,৬,number,94.98
2205.jpg,7,5,৫,,৫,number,70.06
2205.jpg,8,2,,,,,
2205.jpg,9,8,৮,,৮,number,99.79
2205.jpg,ALL,N/A,৬,,৬,summary,N/A
1709.jpg,1,94,,,,,
1709.jpg,2,25,,,,,
1709.jpg,3,3,,,,,
1709.jpg,4,4,,,,,
1709.jpg,5,5,,,,,
1709.jpg,6,7,,,,,
1709.jpg,7,8,,,,,
1709.jpg,8,6,,,,,
1709.jpg,ALL,N/A,,,N/A,summary,N/A
1884.jpg,1,49,,ঢাকা,ঢাকা,word,88.45
1884.jpg,2,10,,মেট্রো,মেট্রো,word,92.61
1884.jpg,3,23,,,,,
1884.jpg,4,1,,,,,
1884.jpg,5,2,,,,,
1884.jpg,6,0,,,,,
1884.jpg,7,0,,,,,
1884.jpg,8,4,,,,,
1884.jpg,9,4,,,,,
1884.jpg,ALL,N/A,,ঢাকা,ঢাকা,summary,N/A
846.jpg,1,87,,,,,
846.jpg,2,10,,মেট্রো,মেট্রো,word,98.25
846.jpg,3,101,,,,,
846.jpg,4,1,১,,১,number,100.00
846.jpg,5,1,১,,১,number,99.99
846.jpg,6,1,১,,১,number,100.00
846.jpg,7,0,,,,,
846.jpg,8,5,৫,,৫,number,99.61
846.jpg,9,7,,,,,
846.jpg,ALL,N/A,১,মেট্রো,মেট্রো ১,summary,N/A
1315.jpg,1,79,,,,,
1315.jpg,2,27,,,,,
1315.jpg,3,1,,,,,
1315.jpg,4,9,,,,,
1315.jpg,5,5,,,,,
1315.jpg,6,6,,,,,
1315.jpg,7,7,,,,,
1315.jpg,8,8,,,,,
1315.jpg,ALL,N/A,,,N/A,summary,N/A
1522.jpg,1,79,,,,,
1522.jpg,2,25,,,,,
1522.jpg,3,1,,,,,
1522.jpg,4,1,,,,,
1522.jpg,5,6,৩,,৩,number,11.90
1522.jpg,6,6,,,,,
1522.jpg,7,2,,,,,
1522.jpg,8,7,,,,,
1522.jpg,ALL,N/A,৩,,৩,summary,N/A
1518.jpg,1,79,,নাটোর,নাটোর,word,87.05
1518.jpg,2,20,,,,,
1518.jpg,3,1,১,,১,number,99.99
1518.jpg,4,1,১,,১,number,5.51
1518.jpg,5,2,২,,২,number,99.47
1518.jpg,6,9,,,,,
1518.jpg,7,5,,,,,
1518.jpg,8,4,,,,,
1518.jpg,ALL,N/A,১,নাটোর,নাটোর ১,summary,N/A
2426.jpg,1,49,,ঢাকা,ঢাকা,word,87.65
2426.jpg,2,10,,মেট্রো,মেট্রো,word,93.81
2426.jpg,3,19,,,,,
2426.jpg,4,1,,,,,
2426.jpg,5,7,৭,,৭,number,73.23
2426.jpg,6,3,৩,,৩,number,99.98
2426.jpg,7,2,২,,২,number,56.08
2426.jpg,8,3,,,,,
2426.jpg,9,3,৩,,৩,number,99.99
2426.jpg,ALL,N/A,৩,ঢাকা,ঢাকা ৩,summary,N/A
679.jpg,1,83,০,,০,number,2.60
679.jpg,2,21,,,,,
679.jpg,3,7,,,,,
679.jpg,4,8,,,,,
679.jpg,5,9,,,,,
679.jpg,6,0,,,,,
679.jpg,7,1,,,,,
679.jpg,8,2,,,,,
679.jpg,ALL,N/A,০,,০,summary,N/A
898.jpg,1,41,,ব্রাহ্মণবাড়িয়া,ব্রাহ্মণবাড়িয়া,word,58.91
898.jpg,2,25,,,,,
898.jpg,3,1,,,,,
898.jpg,4,1,১,,১,number,99.99
898.jpg,5,1,,,,,
898.jpg,6,2,,,,,
898.jpg,7,0,,,,,
898.jpg,8,8,,,,,
898.jpg,ALL,N/A,১,ব্রাহ্মণবাড়িয়া,ব্রাহ্মণবাড়িয়া ১,summary,N/A
389.jpg,1,44,,,,,
389.jpg,2,10,,মেট্রো,মেট্রো,word,90.54
389.jpg,3,15,৬,,৬,number,99.99
389.jpg,4,3,,,,,
389.jpg,5,4,,,,,
389.jpg,6,5,,,,,
389.jpg,7,6,,,,,
389.jpg,8,7,,,,,
389.jpg,9,8,৮,,৮,number,89.82
389.jpg,ALL,N/A,৬,মেট্রো,মেট্রো ৬,summary,N/A
2348.jpg,1,49,,,,,
2348.jpg,2,10,,,,,
2348.jpg,3,18,,,,,
2348.jpg,4,2,,,,,
2348.jpg,5,5,,,,,
2348.jpg,6,0,,,,,
2348.jpg,7,3,,,,,
2348.jpg,8,3,,,,,
2348.jpg,9,9,,,,,
2348.jpg,ALL,N/A,,,N/A,summary,N/A
368.jpg,1,44,,,,,
368.jpg,2,10,,মেট্রো,মেট্রো,word,94.16
368.jpg,3,15,৬,,৬,number,67.13
368.jpg,4,5,,,,,
368.jpg,5,6,,,,,
368.jpg,6,7,,,,,
368.jpg,7,8,৮,,৮,number,86.17
368.jpg,8,9,,,,,
368.jpg,9,0,,,,,
368.jpg,ALL,N/A,৬,মেট্রো,মেট্রো ৬,summary,N/A
1128.jpg,1,63,,,,,
1128.jpg,2,31,,,,,
1128.jpg,3,1,,,,,
1128.jpg,4,4,,,,,
1128.jpg,5,7,,,,,
1128.jpg,6,8,,,,,
1128.jpg,7,9,,,,,
1128.jpg,8,2,,,,,
1128.jpg,ALL,N/A,,,N/A,summary,N/A
1866.jpg,1,39,,,,,
1866.jpg,2,25,,,,,
1866.jpg,3,1,,,,,
1866.jpg,4,1,১,,১,number,99.99
1866.jpg,5,2,,,,,
1866.jpg,6,5,৫,,৫,number,99.45
1866.jpg,7,2,২,,২,number,96.01
1866.jpg,8,6,,,,,
1866.jpg,ALL,N/A,১,,১,summary,N/A
2048.jpg,1,49,,,,,
2048.jpg,2,10,,,,,
2048.jpg,3,18,,,,,
2048.jpg,4,1,,,,,
2048.jpg,5,7,৭,,৭,number,97.55
2048.jpg,6,4,,,,,
2048.jpg,7,1,,,,,
2048.jpg,8,1,,,,,
2048.jpg,9,9,,,,,
2048.jpg,ALL,N/A,৭,,৭,summary,N/A
1839.jpg,1,49,,ঢাকা,ঢাকা,word,86.17
1839.jpg,2,10,,মেট্রো,মেট্রো,word,91.90
1839.jpg,3,20,,,,,
1839.jpg,4,4,,,,,
1839.jpg,5,1,১,,১,number,98.33
1839.jpg,6,2,,,,,
1839.jpg,7,9,,,,,
1839.jpg,8,0,,,,,
1839.jpg,9,4,,,,,
1839.jpg,ALL,N/A,১,ঢাকা,ঢাকা ১,summary,N/A
104.jpeg,1,49,,,,,
104.jpeg,2,10,,,,,
104.jpeg,3,20,,,,,
104.jpeg,4,5,,,,,
104.jpeg,5,5,,,,,
104.jpeg,6,5,,,,,
104.jpeg,7,6,,,,,
104.jpeg,8,3,,,,,
104.jpeg,9,9,,,,,
104.jpeg,ALL,N/A,,,N/A,summary,N/A
1316.jpg,1,79,,নাটোর,নাটোর,word,72.38
1316.jpg,2,27,,,,,
1316.jpg,3,3,,,,,
1316.jpg,4,4,৪,,৪,number,20.55
1316.jpg,5,5,,,,,
1316.jpg,6,6,,,,,
1316.jpg,7,7,৭,,৭,number,95.83
1316.jpg,8,8,,,,,
1316.jpg,ALL,N/A,৪,নাটোর,নাটোর ৪,summary,N/A
2136.jpg,1,49,,,,,
2136.jpg,2,10,,,,,
2136.jpg,3,13,,,,,
2136.jpg,4,1,,,,,
2136.jpg,5,1,১,,১,number,94.46
2136.jpg,6,7,৭,,৭,number,93.44
2136.jpg,7,4,,,,,
2136.jpg,8,7,৭,,৭,number,83.83
2136.jpg,9,0,,,,,
2136.jpg,ALL,N/A,৭,,৭,summary,N/A
1991.jpg,1,49,,ঢাকা,ঢাকা,word,93.51
1991.jpg,2,10,,,,,
1991.jpg,3,31,,,,,
1991.jpg,4,2,,,,,
1991.jpg,5,0,,,,,
1991.jpg,6,3,৩,,৩,number,78.50
1991.jpg,7,8,৮,,৮,number,53.60
1991.jpg,8,5,৬,,৬,number,85.78
1991.jpg,9,7,,,,,
1991.jpg,ALL,N/A,৩,ঢাকা,ঢাকা ৩,summary,N/A
375.jpg,1,41,,,,,
375.jpg,2,31,,,,,
375.jpg,3,7,,,,,
375.jpg,4,8,৮,,৮,number,95.27
375.jpg,5,9,,,,,
375.jpg,6,0,,,,,
375.jpg,7,1,১,,১,number,92.24
375.jpg,8,2,২,,২,number,99.92
375.jpg,ALL,N/A,৮,,৮,summary,N/A
339.jpg,1,49,,,,,
339.jpg,2,10,৫,,৫,number,8.01
339.jpg,3,12,,,,,
339.jpg,4,1,,,,,
339.jpg,5,1,,,,,
339.jpg,6,1,,,,,
339.jpg,7,5,,,,,
339.jpg,8,8,,,,,
339.jpg,9,4,,,,,
339.jpg,ALL,N/A,৫,,৫,summary,N/A
172.jpeg,1,49,,,,,
172.jpeg,2,10,,মেট্রো,মেট্রো,word,85.28
172.jpeg,3,23,,,,,
172.jpeg,4,0,,,,,
172.jpeg,5,0,,,,,
172.jpeg,6,3,,,,,
172.jpeg,7,3,,,,,
172.jpeg,8,8,,,,,
172.jpeg,9,6,,,,,
172.jpeg,ALL,N/A,,মেট্রো,মেট্রো,summary,N/A
2257.jpg,1,98,,টাঙ্গাইল,টাঙ্গাইল,word,73.87
2257.jpg,2,25,,,,,
2257.jpg,3,1,,,,,
2257.jpg,4,2,,,,,
2257.jpg,5,4,৪,,৪,number,32.62
2257.jpg,6,1,১,,১,number,99.96
2257.jpg,7,2,,,,,
2257.jpg,8,4,৪,,৪,number,50.96
2257.jpg,ALL,N/A,৪,টাঙ্গাইল,টাঙ্গাইল ৪,summary,N/A
1264.jpg,1,73,,মৌলভীবাজার,মৌলভীবাজার,word,95.35
1264.jpg,2,25,,,,,
1264.jpg,3,5,,,,,
1264.jpg,4,6,,,,,
1264.jpg,5,7,,,,,
1264.jpg,6,8,৮,,৮,number,96.97
1264.jpg,7,9,,,,,
1264.jpg,8,0,,,,,
1264.jpg,ALL,N/A,৮,মৌলভীবাজার,মৌলভীবাজার ৮,summary,N/A
293.jpg,1,49,,,,,
293.jpg,2,10,,,,,
293.jpg,3,18,,,,,
293.jpg,4,2,,,,,
293.jpg,5,2,,,,,
293.jpg,6,4,,,,,
293.jpg,7,4,,,,,
293.jpg,8,4,,,,,
293.jpg,9,9,,,,,
293.jpg,ALL,N/A,,,N/A,summary,N/A
2653.jpg,1,40,,ভোলা,ভোলা,word,85.68
2653.jpg,2,25,,,,,
2653.jpg,3,1,,,,,
2653.jpg,4,1,১,,১,number,82.45
2653.jpg,5,1,,,,,
2653.jpg,6,0,,,,,
2653.jpg,7,7,,,,,
2653.jpg,8,8,৮,,৮,number,96.24
2653.jpg,ALL,N/A,১,ভোলা,ভোলা ১,summary,N/A
689.jpg,1,84,,,,,
689.jpg,2,20,,,,,
689.jpg,3,3,,,,,
689.jpg,4,4,,,,,
689.jpg,5,7,,,,,
689.jpg,6,8,৮,,৮,number,89.91
689.jpg,7,9,,,,,
689.jpg,8,0,,,,,
689.jpg,ALL,N/A,৮,,৮,summary,N/A
1768.jpg,1,44,,,,,
1768.jpg,2,10,,মেট্রো,মেট্রো,word,74.70
1768.jpg,3,20,,,,,
1768.jpg,4,1,,,,,
1768.jpg,5,5,৫,,৫,number,97.21
1768.jpg,6,5,,,,,
1768.jpg,7,7,,,,,
1768.jpg,8,5,,,,,
1768.jpg,9,8,৮,,৮,number,100.00
1768.jpg,ALL,N/A,৫,মেট্রো,মেট্রো ৫,summary,N/A
448.jpg,1,47,,,,,
448.jpg,2,12,,,,,
448.jpg,3,1,,,,,
448.jpg,4,3,৩,,৩,number,99.78
448.jpg,5,5,,,,,
448.jpg,6,7,৭,,৭,number,13.61
448.jpg,7,9,,,,,
448.jpg,8,0,,,,,
448.jpg,ALL,N/A,৩,,৩,summary,N/A
1274.jpg,1,74,,,,,
1274.jpg,2,34,,,,,
1274.jpg,3,1,,,,,
1274.jpg,4,2,,,,,
1274.jpg,5,3,,,,,
1274.jpg,6,4,,,,,
1274.jpg,7,5,,,,,
1274.jpg,8,6,,,,,
1274.jpg,ALL,N/A,,,N/A,summary,N/A
715.jpg,1,85,,,,,
715.jpg,2,19,,,,,
715.jpg,3,7,,,,,
715.jpg,4,8,,,,,
715.jpg,5,9,,,,,
715.jpg,6,0,,,,,
715.jpg,7,1,,,,,
715.jpg,8,2,,,,,
715.jpg,ALL,N/A,,,N/A,summary,N/A
961.jpg,1,98,,টাঙ্গাইল,টাঙ্গাইল,word,68.77
961.jpg,2,20,,,,,
961.jpg,3,1,১,,১,number,99.99
961.jpg,4,5,৫,,৫,number,97.33
961.jpg,5,6,,,,,
961.jpg,6,7,৭,,৭,number,37.43
961.jpg,7,7,,,,,
961.jpg,8,3,,,,,
961.jpg,ALL,N/A,১,টাঙ্গাইল,টাঙ্গাইল ১,summary,N/A
2557.jpg,1,49,,,,,
2557.jpg,2,10,,মেট্রো,মেট্রো,word,65.60
2557.jpg,3,33,,,,,
2557.jpg,4,9,,,,,
2557.jpg,5,0,,,,,
2557.jpg,6,6,,,,,
2557.jpg,7,2,,,,,
2557.jpg,8,4,,,,,
2557.jpg,9,1,১১,,১১,number,57.61
2557.jpg,ALL,N/A,১১,মেট্রো,মেট্রো ১১,summary,N/A
1786.jpg,1,44,,,,,
1786.jpg,2,10,,মেট্রো,মেট্রো,word,90.05
1786.jpg,3,18,,,,,
1786.jpg,4,1,,,,,
1786.jpg,5,3,,,,,
1786.jpg,6,9,৯,,৯,number,78.95
1786.jpg,7,3,,,,,
1786.jpg,8,3,,,,,
1786.jpg,9,2,২,,২,number,21.75
1786.jpg,ALL,N/A,৯,মেট্রো,মেট্রো ৯,summary,N/A
1679.jpg,1,64,,কিশোরগঞ্জ,কিশোরগঞ্জ,word,88.23
1679.jpg,2,25,,,,,
1679.jpg,3,1,১,,১,number,84.09
1679.jpg,4,1,১,,১,number,98.66
1679.jpg,5,1,১,,১,number,99.98
1679.jpg,6,6,৬,,৬,number,38.70
1679.jpg,7,0,,,,,
1679.jpg,8,5,৫,,৫,number,95.03
1679.jpg,ALL,N/A,১,কিশোরগঞ্জ,কিশোরগঞ্জ ১,summary,N/A
1095.jpg,1,60,,,,,
1095.jpg,2,28,,,,,
1095.jpg,3,3,,,,,
1095.jpg,4,4,,,,,
1095.jpg,5,5,,,,,
1095.jpg,6,6,,,,,
1095.jpg,7,7,,,,,
1095.jpg,8,8,৩,,৩,number,16.11
1095.jpg,ALL,N/A,৩,,৩,summary,N/A
1213.jpg,1,70,,মাগুরা,মাগুরা,word,81.02
1213.jpg,2,16,,,,,
1213.jpg,3,1,,,,,
1213.jpg,4,4,,,,,
1213.jpg,5,7,৭,,৭,number,44.29
1213.jpg,6,8,৮,,৮,number,97.23
1213.jpg,7,9,,,,,
1213.jpg,8,2,,,,,
1213.jpg,ALL,N/A,৭,মাগুরা,মাগুরা ৭,summary,N/A
693.jpg,1,84,,পঞ্চগড়,পঞ্চগড়,word,77.39
693.jpg,2,20,,,,,
693.jpg,3,2,,,,,
693.jpg,4,3,,,,,
693.jpg,5,4,,,,,
693.jpg,6,5,,,,,
693.jpg,7,6,,,,,
693.jpg,8,7,,,,,
693.jpg,ALL,N/A,,পঞ্চগড়,পঞ্চগড়,summary,N/A
1121.jpg,1,63,,খুলনা,খুলনা,word,94.38
1121.jpg,2,10,,মেট্রো,মেট্রো,word,90.67
1121.jpg,3,32,,,,,
1121.jpg,4,2,২,,২,number,99.76
1121.jpg,5,3,,,,,
1121.jpg,6,4,,,,,
1121.jpg,7,5,,,,,
1121.jpg,8,6,৬৬,,৬৬,number,50.70
1121.jpg,9,7,,,,,
1121.jpg,ALL,N/A,২,খুলনা,খুলনা ২,summary,N/A
585.jpg,1,54,,,,,
585.jpg,2,25,,,,,
585.jpg,3,8,৬,,৬,number,2.77
585.jpg,4,9,,,,,
585.jpg,5,0,,,,,
585.jpg,6,1,,,,,
585.jpg,7,2,,,,,
585.jpg,8,3,,,,,
585.jpg,ALL,N/A,৬,,৬,summary,N/A
246.jpg,1,49,,,,,
246.jpg,2,10,,,,,
246.jpg,3,13,,,,,
246.jpg,4,1,,,,,
246.jpg,5,1,,,,,
246.jpg,6,8,,,,,
246.jpg,7,9,,,,,
246.jpg,8,0,,,,,
246.jpg,9,2,,,,,
246.jpg,ALL,N/A,,,N/A,summary,N/A
1984.jpg,1,49,,,,,
1984.jpg,2,10,,,,,
1984.jpg,3,18,,,,,
1984.jpg,4,2,,,,,
1984.jpg,5,5,,,,,
1984.jpg,6,1,,,,,
1984.jpg,7,3,,,,,
1984.jpg,8,5,৫,,৫,number,99.99
1984.jpg,9,2,,,,,
1984.jpg,ALL,N/A,৫,,৫,summary,N/A
1999.jpg,1,49,,,,,
1999.jpg,2,10,,,,,
1999.jpg,3,27,,,,,
1999.jpg,4,1,,,,,
1999.jpg,5,3,,,,,
1999.jpg,6,4,,,,,
1999.jpg,7,4,,,,,
1999.jpg,8,2,,,,,
1999.jpg,9,4,,,,,
1999.jpg,ALL,N/A,,,N/A,summary,N/A
95.jpeg,1,98,,টাঙ্গাইল,টাঙ্গাইল,word,85.32
95.jpeg,2,33,,,,,
95.jpeg,3,1,,,,,
95.jpeg,4,1,,,,,
95.jpeg,5,1,১,,১,number,80.99
95.jpeg,6,7,,,,,
95.jpeg,7,6,,,,,
95.jpeg,8,0,,,,,
95.jpeg,ALL,N/A,১,টাঙ্গাইল,টাঙ্গাইল ১,summary,N/A
1811.jpg,1,49,,ঢাকা,ঢাকা,word,58.65
1811.jpg,2,10,,,,,
1811.jpg,3,32,,,,,
1811.jpg,4,1,,,,,
1811.jpg,5,1,,,,,
1811.jpg,6,7,,,,,
1811.jpg,7,9,,,,,
1811.jpg,8,5,,,,,
1811.jpg,9,9,,,,,
1811.jpg,ALL,N/A,,ঢাকা,ঢাকা,summary,N/A
2140.jpg,1,49,,,,,
2140.jpg,2,10,,,,,
2140.jpg,3,18,,,,,
2140.jpg,4,2,,,,,
2140.jpg,5,5,,,,,
2140.jpg,6,8,,,,,
2140.jpg,7,6,,,,,
2140.jpg,8,2,,,,,
2140.jpg,9,1,,,,,
2140.jpg,ALL,N/A,,,N/A,summary,N/A
1045.jpg,1,97,,সিলেট,সিলেট,word,83.52
1045.jpg,2,26,,,,,
1045.jpg,3,9,,,,,
1045.jpg,4,1,,,,,
1045.jpg,5,0,,,,,
1045.jpg,6,2,,,,,
1045.jpg,7,1,,,,,
1045.jpg,8,9,,,,,
1045.jpg,ALL,N/A,,সিলেট,সিলেট,summary,N/A
Vehicle1214.jpg,1,0,১৭১১৯১,,১৭১১৯১,number,80.17
Vehicle1214.jpg,ALL,N/A,১৭১১৯১,,১৭১১৯১,summary,N/A
Vehicle784.jpg,1,0,,,,,
Vehicle784.jpg,ALL,N/A,,,N/A,summary,N/A
Vehicle73.jpg,1,0,১১১৬১৪,জামালপুর,১১১৬১৪,number,99.99
Vehicle73.jpg,ALL,N/A,১১১৬১৪,জামালপুর,জামালপুর ১১১৬১৪,summary,N/A
Vehicle1578.jpg,1,0,১১১৯৬৫,,১১১৯৬৫,number,74.60
Vehicle1578.jpg,ALL,N/A,১১১৯৬৫,,১১১৯৬৫,summary,N/A
Vehicle846.jpg,1,0,১২০০৫,,১২০০৫,number,71.52
Vehicle846.jpg,ALL,N/A,১২০০৫,,১২০০৫,summary,N/A
Vehicle855.jpg,1,0,৩১০০৮০,,৩১০০৮০,number,84.96
Vehicle855.jpg,ALL,N/A,৩১০০৮০,,৩১০০৮০,summary,N/A
Vehicle543.jpg,1,0,১১১৩৮৯,,১১১৩৮৯,number,80.28
Vehicle543.jpg,ALL,N/A,১১১৩৮৯,,১১১৩৮৯,summary,N/A
Vehicle4.jpg,1,0,১২৪২৬৭,,১২৪২৬৭,number,99.95
Vehicle4.jpg,ALL,N/A,১২৪২৬৭,,১২৪২৬৭,summary,N/A
Vehicle986.jpg,1,0,,,,,
Vehicle986.jpg,ALL,N/A,,,N/A,summary,N/A
Vehicle319.jpg,1,0,১১১১৪১,,১১১১৪১,number,37.84
Vehicle319.jpg,ALL,N/A,১১১১৪১,,১১১১৪১,summary,N/A
Vehicle81.jpg,1,0,১১৬৭৯৫,গোপালগঞ্জ,১১৬৭৯৫,number,99.96
Vehicle81.jpg,ALL,N/A,১১৬৭৯৫,গোপালগঞ্জ,গোপালগঞ্জ ১১৬৭৯৫,summary,N/A
Vehicle650.jpg,1,0,৯১৮৯৪,ময়মনসিংহ,ময়মনসিংহ,word,93.87
Vehicle650.jpg,ALL,N/A,৯১৮৯৪,ময়মনসিংহ,ময়মনসিংহ ৯১৮৯৪,summary,N/A
Vehicle1130.jpg,1,0,১২৩৪৫,সিলেট,সিলেট,word,99.58
Vehicle1130.jpg,ALL,N/A,১২৩৪৫,সিলেট,সিলেট ১২৩৪৫,summary,N/A
Vehicle1608.jpeg,1,0,৯৪২৫,,৯৪২৫,number,97.84
Vehicle1608.jpeg,ALL,N/A,৯৪২৫,,৯৪২৫,summary,N/A
Vehicle1796.jpeg,1,0,৮১৩৭৫৮,,৮১৩৭৫৮,number,99.85
Vehicle1796.jpeg,ALL,N/A,৮১৩৭৫৮,,৮১৩৭৫৮,summary,N/A
Vehicle260.jpg,1,0,১৫৩৫,,১৫৩৫,number,43.90
Vehicle260.jpg,ALL,N/A,১৫৩৫,,১৫৩৫,summary,N/A
Vehicle1801.jpeg,1,0,১৯৭৭৪৮,,১৯৭৭৪৮,number,55.52
Vehicle1801.jpeg,ALL,N/A,১৯৭৭৪৮,,১৯৭৭৪৮,summary,N/A
Vehicle517.jpg,1,0,৮৭৩,,৮৭৩,number,96.03
Vehicle517.jpg,ALL,N/A,৮৭৩,,৮৭৩,summary,N/A
Vehicle1672.jpg,1,0,,,,,
Vehicle1672.jpg,ALL,N/A,,,N/A,summary,N/A
Vehicle850.jpg,1,0,১৯১৪১,,১৯১৪১,number,44.87
Vehicle850.jpg,ALL,N/A,১৯১৪১,,১৯১৪১,summary,N/A
Vehicle1290.jpg,1,0,১৭২৮৯,,১৭২৮৯,number,44.88
Vehicle1290.jpg,ALL,N/A,১৭২৮৯,,১৭২৮৯,summary,N/A
Vehicle1853.jpeg,1,0,১,,১,number,90.51
Vehicle1853.jpeg,ALL,N/A,১,,১,summary,N/A
Vehicle744.jpg,1,0,১২৮২১১,গাইবান্ধা,গাইবান্ধা,word,98.24
Vehicle744.jpg,ALL,N/A,১২৮২১১,গাইবান্ধা,গাইবান্ধা ১২৮২১১,summary,N/A
Vehicle839.jpg,1,0,১২৩৫৪৬,,১২৩৫৪৬,number,99.93
Vehicle839.jpg,ALL,N/A,১২৩৫৪৬,,১২৩৫৪৬,summary,N/A
Vehicle585.jpg,1,0,১১৫০২৫,গোপালগঞ্জ,১১৫০২৫,number,99.45
Vehicle585.jpg,ALL,N/A,১১৫০২৫,গোপালগঞ্জ,গোপালগঞ্জ ১১৫০২৫,summary,N/A
Vehicle286.jpg,1,0,৬১৪১৩৮৬,,৬১৪১৩৮৬,number,30.48
Vehicle286.jpg,ALL,N/A,৬১৪১৩৮৬,,৬১৪১৩৮৬,summary,N/A
Vehicle1369.jpg,1,0,৩০৯,ঢাকা,ঢাকা,word,78.15
Vehicle1369.jpg,ALL,N/A,৩০৯,ঢাকা,ঢাকা ৩০৯,summary,N/A
Vehicle452.jpg,1,0,১১০০৬০,,১১০০৬০,number,99.93
Vehicle452.jpg,ALL,N/A,১১০০৬০,,১১০০৬০,summary,N/A
Vehicle1820.jpeg,1,0,৫৬৩৯,,৫৬৩৯,number,99.96
Vehicle1820.jpeg,2,0,৪১৮২,,৪১৮২,number,91.41
Vehicle1820.jpeg,ALL,N/A,৫৬৩৯,,৫৬৩৯,summary,N/A
Vehicle328.jpg,1,0,,,,,
Vehicle328.jpg,ALL,N/A,,,N/A,summary,N/A
Vehicle1739.jpg,1,0,৩৭৫৯,,৩৭৫৯,number,14.48
Vehicle1739.jpg,ALL,N/A,৩৭৫৯,,৩৭৫৯,summary,N/A
Vehicle1826.jpeg,1,0,১৫২৩৬৬,,১৫২৩৬৬,number,67.02
Vehicle1826.jpeg,ALL,N/A,১৫২৩৬৬,,১৫২৩৬৬,summary,N/A
Vehicle1174.jpg,1,0,৩১,,৩১,number,52.36
Vehicle1174.jpg,ALL,N/A,৩১,,৩১,summary,N/A
Vehicle1589.jpg,1,0,,,,,
Vehicle1589.jpg,ALL,N/A,,,N/A,summary,N/A
Vehicle463.jpg,1,0,১৯২৫৪২,,১৯২৫৪২,number,47.47
Vehicle463.jpg,ALL,N/A,১৯২৫৪২,,১৯২৫৪২,summary,N/A
Vehicle1809.jpeg,1,0,১১৩৮৯৫,টাঙ্গাইল,১১৩৮৯৫,number,80.19
Vehicle1809.jpeg,ALL,N/A,১১৩৮৯৫,টাঙ্গাইল,টাঙ্গাইল ১১৩৮৯৫,summary,N/A
Vehicle1694.jpg,1,0,১২১৯৬০,,১২১৯৬০,number,45.80
Vehicle1694.jpg,ALL,N/A,১২১৯৬০,,১২১৯৬০,summary,N/A
Vehicle64.jpg,1,0,,,,,
Vehicle64.jpg,ALL,N/A,,,N/A,summary,N/A
Vehicle161.jpg,1,0,,,,,
Vehicle161.jpg,2,0,,,,,
Vehicle161.jpg,ALL,N/A,,,N/A,summary,N/A
Vehicle590.jpg,1,0,১১৫৪৮২,,১১৫৪৮২,number,99.66
Vehicle590.jpg,ALL,N/A,১১৫৪৮২,,১১৫৪৮২,summary,N/A
Vehicle1695.jpg,1,0,১১০৬৫২,,১১০৬৫২,number,99.99
Vehicle1695.jpg,ALL,N/A,১১০৬৫২,,১১০৬৫২,summary,N/A
Vehicle1717.JPG,1,0,৫৪১০৯৩,মেট্রো,৫৪১০৯৩,number,96.56
Vehicle1717.JPG,ALL,N/A,৫৪১০৯৩,মেট্রো,মেট্রো ৫৪১০৯৩,summary,N/A
Vehicle681.jpg,1,0,,,,,
Vehicle681.jpg,ALL,N/A,,,N/A,summary,N/A
Vehicle1730.png,1,0,১২৮৬৯১,,১২৮৬৯১,number,99.99
Vehicle1730.png,2,0,১১৭২৮৮,,১১৭২৮৮,number,99.99
Vehicle1730.png,3,0,১২৭৫৯৪,,১২৭৫৯৪,number,98.44
Vehicle1730.png,ALL,N/A,১২৮৬৯১,,১২৮৬৯১,summary,N/A
Vehicle554.jpg,1,0,৯৮,,৯৮,number,20.77
Vehicle554.jpg,ALL,N/A,৯৮,,৯৮,summary,N/A
Vehicle1038.jpg,1,0,,,,,
Vehicle1038.jpg,ALL,N/A,,,N/A,summary,N/A
Vehicle1758.jpeg,1,0,১৩৫৬৭১,ময়মনসিংহ,১৩৫৬৭১,number,99.82
Vehicle1758.jpeg,ALL,N/A,১৩৫৬৭১,ময়মনসিংহ,ময়মনসিংহ ১৩৫৬৭১,summary,N/A
Vehicle1428.jpg,1,0,১৩১৪০১,কুড়িগ্রাম,১৩১৪০১,number,99.85
Vehicle1428.jpg,ALL,N/A,১৩১৪০১,কুড়িগ্রাম,কুড়িগ্রাম ১৩১৪০১,summary,N/A
Vehicle692.jpg,1,0,২৯৭৩,,২৯৭৩,number,77.83
Vehicle692.jpg,ALL,N/A,২৯৭৩,,২৯৭৩,summary,N/A
Vehicle255.jpg,1,0,১১৬২৯৩,নাটোর,১১৬২৯৩,number,95.59
Vehicle255.jpg,ALL,N/A,১১৬২৯৩,নাটোর,নাটোর ১১৬২৯৩,summary,N/A
Vehicle402.jpg,1,0,১২০৯২৪,,১২০৯২৪,number,99.61
Vehicle402.jpg,2,0,,,,,
Vehicle402.jpg,ALL,N/A,১২০৯২৪,,১২০৯২৪,summary,N/A
Vehicle1892.jpeg,1,0,৩৫২৮৫০,,৩৫২৮৫০,number,99.99
Vehicle1892.jpeg,ALL,N/A,৩৫২৮৫০,,৩৫২৮৫০,summary,N/A
Vehicle405.jpg,1,0,১১৬৩৬,,১১৬৩৬,number,84.55
Vehicle405.jpg,ALL,N/A,১১৬৩৬,,১১৬৩৬,summary,N/A
Vehicle267.jpg,1,0,১১৫২৬২,গোপালগঞ্জ,১১৫২৬২,number,99.89
Vehicle267.jpg,ALL,N/A,১১৫২৬২,গোপালগঞ্জ,গোপালগঞ্জ ১১৫২৬২,summary,N/A
Vehicle579.jpg,1,0,১১২৩০১,,১১২৩০১,number,99.31
Vehicle579.jpg,ALL,N/A,১১২৩০১,,১১২৩০১,summary,N/A
Vehicle869.jpg,1,0,১৩৭১,,১৩৭১,number,33.86
Vehicle869.jpg,ALL,N/A,১৩৭১,,১৩৭১,summary,N/A
Vehicle425.jpg,1,0,১৩০২৪৪,ঠাকুরগাঁও,১৩০২৪৪,number,92.35
Vehicle425.jpg,ALL,N/A,১৩০২৪৪,ঠাকুরগাঁও,ঠাকুরগাঁও ১৩০২৪৪,summary,N/A
Vehicle13.jpg,1,0,২০৫,,২০৫,number,47.09
Vehicle13.jpg,ALL,N/A,২০৫,,২০৫,summary,N/A
Vehicle549.jpg,1,0,১১,,১১,number,96.54
Vehicle549.jpg,ALL,N/A,১১,,১১,summary,N/A
Vehicle772.jpg,1,0,৮১২২,মেট্রো,মেট্রো,word,94.11
Vehicle772.jpg,ALL,N/A,৮১২২,মেট্রো,মেট্রো ৮১২২,summary,N/A
Vehicle444.jpg,1,0,১৪৫৪৭৯,ময়মনসিংহ,১৪৫৪৭৯,number,95.52
Vehicle444.jpg,ALL,N/A,১৪৫৪৭৯,ময়মনসিংহ,ময়মনসিংহ ১৪৫৪৭৯,summary,N/A
Vehicle109.jpg,1,0,৮০৬,,৮০৬,number,77.26
Vehicle109.jpg,ALL,N/A,৮০৬,,৮০৬,summary,N/A
Vehicle1632.jpg,1,0,,,,,
Vehicle1632.jpg,ALL,N/A,,,N/A,summary,N/A
Vehicle348.jpg,1,0,১১৭৭৫৪,,১১৭৭৫৪,number,92.70
Vehicle348.jpg,ALL,N/A,১১৭৭৫৪,,১১৭৭৫৪,summary,N/A
Vehicle1710.jpg,1,0,১৩০৬৪৬,ঢাকা,ঢাকা,word,88.03
Vehicle1710.jpg,ALL,N/A,১৩০৬৪৬,ঢাকা,ঢাকা ১৩০৬৪৬,summary,N/A
Vehicle957.jpg,1,0,৫১,,৫১,number,34.13
Vehicle957.jpg,ALL,N/A,৫১,,৫১,summary,N/A
Vehicle1745.jpeg,1,0,১১৯৪৪০,ময়মনসিংহ,১১৯৪৪০,number,99.01
Vehicle1745.jpeg,ALL,N/A,১১৯৪৪০,ময়মনসিংহ,ময়মনসিংহ ১১৯৪৪০,summary,N/A
Vehicle773.jpg,1,0,১৪০,,১৪০,number,17.96
Vehicle773.jpg,ALL,N/A,১৪০,,১৪০,summary,N/A
Vehicle112.jpg,1,0,১১৯১৬০,পিরোজপুর,১১৯১৬০,number,99.97
Vehicle112.jpg,ALL,N/A,১১৯১৬০,পিরোজপুর,পিরোজপুর ১১৯১৬০,summary,N/A
Vehicle1393.jpg,1,0,৩১২৩৮৩,,৩১২৩৮৩,number,76.51
Vehicle1393.jpg,ALL,N/A,৩১২৩৮৩,,৩১২৩৮৩,summary,N/A
Vehicle1407.jpg,1,0,,,,,
Vehicle1407.jpg,2,0,,,,,
Vehicle1407.jpg,3,0,,,,,
Vehicle1407.jpg,ALL,N/A,,,N/A,summary,N/A
Vehicle272.jpg,1,0,১৬৪১২৬,,১৬৪১২৬,number,99.74
Vehicle272.jpg,2,0,১৬৭৪১৮৬,,১৬৭৪১৮৬,number,20.22
Vehicle272.jpg,3,0,১৬৪১২৬,,১৬৪১২৬,number,90.08
Vehicle272.jpg,ALL,N/A,১৬৪১২৬,,১৬৪১২৬,summary,N/A
Vehicle412.jpg,1,0,১১,খুলনা,১১,number,99.94
Vehicle412.jpg,ALL,N/A,১১,খুলনা,খুলনা ১১,summary,N/A
Vehicle1755.jpeg,1,0,৩৫৫০৮,,৩৫৫০৮,number,84.03
Vehicle1755.jpeg,ALL,N/A,৩৫৫০৮,,৩৫৫০৮,summary,N/A
Vehicle582.jpg,1,0,১১৩৯৮০,,১১৩৯৮০,number,75.87
Vehicle582.jpg,ALL,N/A,১১৩৯৮০,,১১৩৯৮০,summary,N/A
Vehicle421.jpg,1,0,১১৪৫০১,বরগুনা,বরগুনা,word,84.90
Vehicle421.jpg,ALL,N/A,১১৪৫০১,বরগুনা,বরগুনা ১১৪৫০১,summary,N/A
Vehicle1754.jpeg,1,0,১৪৬৬,ময়মনসিংহ,১৪৬৬,number,99.98
Vehicle1754.jpeg,ALL,N/A,১৪৬৬,ময়মনসিংহ,ময়মনসিংহ ১৪৬৬,summary,N/A
Vehicle252.jpg,1,0,১৯২৯৩৯,,১৯২৯৩৯,number,46.45
Vehicle252.jpg,ALL,N/A,১৯২৯৩৯,,১৯২৯৩৯,summary,N/A
Vehicle1904.jpeg,1,0,১৩৩০৬,,১৩৩০৬,number,94.68
Vehicle1904.jpeg,ALL,N/A,১৩৩০৬,,১৩৩০৬,summary,N/A
Vehicle124.jpg,1,0,১২৫৪৭৫,,১২৫৪৭৫,number,81.28
Vehicle124.jpg,ALL,N/A,১২৫৪৭৫,,১২৫৪৭৫,summary,N/A
Vehicle1269.jpg,1,0,২২১৭,,২২১৭,number,35.38
Vehicle1269.jpg,ALL,N/A,২২১৭,,২২১৭,summary,N/A
Vehicle287.jpg,1,0,১১৪৪৯৯,,১১৪৪৯৯,number,78.83
Vehicle287.jpg,ALL,N/A,১১৪৪৯৯,,১১৪৪৯৯,summary,N/A
Vehicle797.jpg,1,0,১১০০১৩,মাদারীপুর,মাদারীপুর,word,80.25
Vehicle797.jpg,ALL,N/A,১১০০১৩,মাদারীপুর,মাদারীপুর ১১০০১৩,summary,N/A
Vehicle511.jpg,1,0,১১১৪৮৭,ঠাকুরগাঁও,ঠাকুরগাঁও,word,86.94
Vehicle511.jpg,ALL,N/A,১১১৪৮৭,ঠাকুরগাঁও,ঠাকুরগাঁও ১১১৪৮৭,summary,N/A
Vehicle479.jpg,1,0,১৪৪১৮১,,১৪৪১৮১,number,55.43
Vehicle479.jpg,ALL,N/A,১৪৪১৮১,,১৪৪১৮১,summary,N/A
Vehicle1603.jpg,1,0,২১৪৮০,,২১৪৮০,number,98.21
Vehicle1603.jpg,ALL,N/A,২১৪৮০,,২১৪৮০,summary,N/A
Vehicle1104.jpg,1,0,৩০,,৩০,number,99.86
Vehicle1104.jpg,ALL,N/A,৩০,,৩০,summary,N/A
Vehicle1101.jpg,1,0,২১৭৩,মেট্রো,মেট্রো,word,85.01
Vehicle1101.jpg,ALL,N/A,২১৭৩,মেট্রো,মেট্রো ২১৭৩,summary,N/A
Vehicle1308.jpg,1,0,১৩১৭৯১,,১৩১৭৯১,number,45.15
Vehicle1308.jpg,ALL,N/A,১৩১৭৯১,,১৩১৭৯১,summary,N/A
Vehicle1810.jpeg,1,0,১১১৭৬০,,১১১৭৬০,number,53.68
Vehicle1810.jpeg,ALL,N/A,১১১৭৬০,,১১১৭৬০,summary,N/A
Vehicle1766.jpeg,1,0,১১০৯৯,,১১০৯৯,number,78.90
Vehicle1766.jpeg,ALL,N/A,১১০৯৯,,১১০৯৯,summary,N/A
Vehicle1553.jpg,1,0,৩৯৯৭১৫,,৩৯৯৭১৫,number,99.75
Vehicle1553.jpg,ALL,N/A,৩৯৯৭১৫,,৩৯৯৭১৫,summary,N/A
Vehicle714.jpg,1,0,১১৬০৭,বরিশাল,বরিশাল,word,82.87
Vehicle714.jpg,ALL,N/A,১১৬০৭,বরিশাল,বরিশাল ১১৬০৭,summary,N/A
Vehicle1795.jpeg,1,0,,,,,
Vehicle1795.jpeg,ALL,N/A,,,N/A,summary,N/A
Vehicle1879.jpeg,1,0,১৩৪৭২৭,নাটোর,নাটোর,word,91.79
Vehicle1879.jpeg,ALL,N/A,১৩৪৭২৭,নাটোর,নাটোর ১৩৪৭২৭,summary,N/A
Vehicle1199.jpg,1,0,১৮০৪০১,কুড়িগ্রাম,কুড়িগ্রাম,word,68.17
Vehicle1199.jpg,ALL,N/A,১৮০৪০১,কুড়িগ্রাম,কুড়িগ্রাম ১৮০৪০১,summary,N/A
Vehicle982.jpg,1,0,১৯৭৭৩৩,,১৯৭৭৩৩,number,73.33
Vehicle982.jpg,ALL,N/A,১৯৭৭৩৩,,১৯৭৭৩৩,summary,N/A
Vehicle120.jpg,1,0,১১১১৪৯,,১১১১৪৯,number,99.91
Vehicle120.jpg,ALL,N/A,১১১১৪৯,,১১১১৪৯,summary,N/A
Vehicle559.jpg,1,0,২০০০৬,,২০০০৬,number,21.82
Vehicle559.jpg,ALL,N/A,২০০০৬,,২০০০৬,summary,N/A
Vehicle1348.jpg,1,0,১১,,১১,number,98.44
Vehicle1348.jpg,ALL,N/A,১১,,১১,summary,N/A
Vehicle1564.jpeg,1,0,১১০৩২০,,১১০৩২০,number,47.90
Vehicle1564.jpeg,ALL,N/A,১১০৩২০,,১১০৩২০,summary,N/A
Vehicle307.jpg,1,0,১১০৪১৮,,১১০৪১৮,number,96.59
Vehicle307.jpg,ALL,N/A,১১০৪১৮,,১১০৪১৮,summary,N/A
Vehicle677.jpg,1,0,২৭৯০৬০,,২৭৯০৬০,number,98.87
Vehicle677.jpg,ALL,N/A,২৭৯০৬০,,২৭৯০৬০,summary,N/A
Vehicle1413.jpg,1,0,১১৭৯৫,,১১৭৯৫,number,69.26
Vehicle1413.jpg,ALL,N/A,১১৭৯৫,,১১৭৯৫,summary,N/A
Vehicle1236.jpg,1,0,২২৯৭১০,ঢাকা,২২৯৭১০,number,99.92
Vehicle1236.jpg,ALL,N/A,২২৯৭১০,ঢাকা,ঢাকা ২২৯৭১০,summary,N/A
Vehicle1177.jpg,1,0,১৫৬৭৭৩,,১৫৬৭৭৩,number,94.92
Vehicle1177.jpg,ALL,N/A,১৫৬৭৭৩,,১৫৬৭৭৩,summary,N/A
Vehicle938.jpg,1,0,,,,,
Vehicle938.jpg,ALL,N/A,,,N/A,summary,N/A
Vehicle1741.jpeg,1,0,১২৯৪৯৭,ঠাকুরগাঁও,১২৯৪৯৭,number,95.16
Vehicle1741.jpeg,ALL,N/A,১২৯৪৯৭,ঠাকুরগাঁও,ঠাকুরগাঁও ১২৯৪৯৭,summary,N/A
Vehicle1512.jpg,1,0,৭৩৬৭,,৭৩৬৭,number,74.46
Vehicle1512.jpg,ALL,N/A,৭৩৬৭,,৭৩৬৭,summary,N/A
Vehicle1912.jpeg,1,0,৩১২৩০০৯,সাতক্ষীরা,সাতক্ষীরা,word,91.93
Vehicle1912.jpeg,ALL,N/A,৩১২৩০০৯,সাতক্ষীরা,সাতক্ষীরা ৩১২৩০০৯,summary,N/A
Vehicle1506.jpg,1,0,১২৫৭,,১২৫৭,number,29.61
Vehicle1506.jpg,ALL,N/A,১২৫৭,,১২৫৭,summary,N/A
Vehicle1050.jpg,1,0,১২৩৫১,সিলেট,সিলেট,word,99.71
Vehicle1050.jpg,ALL,N/A,১২৩৫১,সিলেট,সিলেট ১২৩৫১,summary,N/A
Vehicle535.jpg,1,0,৭৩২৭,,৭৩২৭,number,63.99
Vehicle535.jpg,ALL,N/A,৭৩২৭,,৭৩২৭,summary,N/A
Vehicle1631.jpg,1,0,৩১০৮৯১,,৩১০৮৯১,number,90.80
Vehicle1631.jpg,ALL,N/A,৩১০৮৯১,,৩১০৮৯১,summary,N/A
Vehicle1267.jpg,1,0,২১৩৩৭,,২১৩৩৭,number,48.36
Vehicle1267.jpg,ALL,N/A,২১৩৩৭,,২১৩৩৭,summary,N/A
Vehicle1371.jpg,1,0,১৪০৩২৫,,১৪০৩২৫,number,91.85
Vehicle1371.jpg,ALL,N/A,১৪০৩২৫,,১৪০৩২৫,summary,N/A
Vehicle1039.jpg,1,0,২৫০৩৩৯,,২৫০৩৩৯,number,99.70
Vehicle1039.jpg,ALL,N/A,২৫০৩৩৯,,২৫০৩৩৯,summary,N/A
Vehicle1591.jpg,1,0,১১৪১৮১৮,,১১৪১৮১৮,number,54.51
Vehicle1591.jpg,ALL,N/A,১১৪১৮১৮,,১১৪১৮১৮,summary,N/A
Vehicle1888.jpeg,1,0,০৮,,০৮,number,99.76
Vehicle1888.jpeg,ALL,N/A,০৮,,০৮,summary,N/A
Vehicle1137.jpg,1,0,১১১৫৬,,১১১৫৬,number,21.28
Vehicle1137.jpg,ALL,N/A,১১১৫৬,,১১১৫৬,summary,N/A
Vehicle1071.jpg,1,0,,,,,
Vehicle1071.jpg,ALL,N/A,,,N/A,summary,N/A
Vehicle1856.jpeg,1,0,১১১০৯০,,১১১০৯০,number,64.88
Vehicle1856.jpeg,ALL,N/A,১১১০৯০,,১১১০৯০,summary,N/A
Vehicle371.jpg,1,0,১২২২৩৯,সাতক্ষীরা,১২২২৩৯,number,98.77
Vehicle371.jpg,ALL,N/A,১২২২৩৯,সাতক্ষীরা,সাতক্ষীরা ১২২২৩৯,summary,N/A
Vehicle168.jpg,1,0,১৩৫১৮০,,১৩৫১৮০,number,87.08
Vehicle168.jpg,ALL,N/A,১৩৫১৮০,,১৩৫১৮০,summary,N/A
Vehicle472.jpg,1,0,২৪০১,ঝিনাইদহ,২৪০১,number,100.00
Vehicle472.jpg,ALL,N/A,২৪০১,ঝিনাইদহ,ঝিনাইদহ ২৪০১,summary,N/A
Vehicle602.jpg,1,0,১১০৫৮,মানিকগঞ্জ,১১০৫৮,number,99.93
Vehicle602.jpg,ALL,N/A,১১০৫৮,মানিকগঞ্জ,মানিকগঞ্জ ১১০৫৮,summary,N/A
Vehicle1238.jpg,1,0,১৪১১১,,১৪১১১,number,52.30
Vehicle1238.jpg,ALL,N/A,১৪১১১,,১৪১১১,summary,N/A
Vehicle24.jpg,1,0,২৭৩৯৪,,২৭৩৯৪,number,95.50
Vehicle24.jpg,ALL,N/A,২৭৩৯৪,,২৭৩৯৪,summary,N/A
Vehicle810.jpg,1,0,৯১৩৮০,মেট্রো,মেট্রো,word,71.77
Vehicle810.jpg,ALL,N/A,৯১৩৮০,মেট্রো,মেট্রো ৯১৩৮০,summary,N/A
Vehicle1355.jpg,1,0,১৭৬২৮৯,,১৭৬২৮৯,number,62.04
Vehicle1355.jpg,ALL,N/A,১৭৬২৮৯,,১৭৬২৮৯,summary,N/A
Vehicle822.jpg,1,0,,ঢাকা,ঢাকা,word,87.90
Vehicle822.jpg,ALL,N/A,,ঢাকা,ঢাকা,summary,N/A
Vehicle1042.jpg,1,0,১৩০৮২৩,,১৩০৮২৩,number,99.99
Vehicle1042.jpg,ALL,N/A,১৩০৮২৩,,১৩০৮২৩,summary,N/A
Vehicle842.jpg,1,0,১১৩৯০১,মাদারীপুর,মাদারীপুর,word,87.90
Vehicle842.jpg,ALL,N/A,১১৩৯০১,মাদারীপুর,মাদারীপুর ১১৩৯০১,summary,N/A
Vehicle698.jpg,1,0,১২৩৩৮৯,মৌলভীবাজার,মৌলভীবাজার,word,75.87
Vehicle698.jpg,ALL,N/A,১২৩৩৮৯,মৌলভীবাজার,মৌলভীবাজার ১২৩৩৮৯,summary,N/A
Vehicle675.jpg,1,0,১১৭৬,,১১৭৬,number,80.67
Vehicle675.jpg,ALL,N/A,১১৭৬,,১১৭৬,summary,N/A
Vehicle997.jpg,1,0,৩১৮৭৬,,৩১৮৭৬,number,49.64
Vehicle997.jpg,ALL,N/A,৩১৮৭৬,,৩১৮৭৬,summary,N/A
Vehicle562.jpg,1,0,১৪৪০৬৫,,১৪৪০৬৫,number,69.59
Vehicle562.jpg,ALL,N/A,১৪৪০৬৫,,১৪৪০৬৫,summary,N/A
Vehicle703.jpg,1,0,২৪০২৮,কিশোরগঞ্জ,কিশোরগঞ্জ,word,90.35
Vehicle703.jpg,ALL,N/A,২৪০২৮,কিশোরগঞ্জ,কিশোরগঞ্জ ২৪০২৮,summary,N/A
Vehicle621.jpg,1,0,২১১৪৫৫৯,,২১১৪৫৫৯,number,50.28
Vehicle621.jpg,ALL,N/A,২১১৪৫৫৯,,২১১৪৫৫৯,summary,N/A
Vehicle947.jpg,1,0,,,,,
Vehicle947.jpg,ALL,N/A,,,N/A,summary,N/A
Vehicle1131.jpg,1,0,,,,,
Vehicle1131.jpg,ALL,N/A,,,N/A,summary,N/A
Vehicle1412.jpg,1,0,৩৯১৭৮৬,,৩৯১৭৮৬,number,90.10
Vehicle1412.jpg,ALL,N/A,৩৯১৭৮৬,,৩৯১৭৮৬,summary,N/A
Vehicle1043.jpg,1,0,৩১১৬৫,নওগাঁ,৩১১৬৫,number,99.77
Vehicle1043.jpg,ALL,N/A,৩১১৬৫,নওগাঁ,নওগাঁ ৩১১৬৫,summary,N/A
Vehicle684.jpg,1,0,৩২৫০২৯,,৩২৫০২৯,number,51.12
Vehicle684.jpg,ALL,N/A,৩২৫০২৯,,৩২৫০২৯,summary,N/A
Vehicle96.jpg,1,0,১১৫৩২৪,,১১৫৩২৪,number,99.73
Vehicle96.jpg,ALL,N/A,১১৫৩২৪,,১১৫৩২৪,summary,N/A
Vehicle1279.jpg,1,0,১১৩৫৮,,১১৩৫৮,number,40.97
Vehicle1279.jpg,ALL,N/A,১১৩৫৮,,১১৩৫৮,summary,N/A
Vehicle1746.jpeg,1,0,১১৬১৭,ময়মনসিংহ,ময়মনসিংহ,word,79.89
Vehicle1746.jpeg,ALL,N/A,১১৬১৭,ময়মনসিংহ,ময়মনসিংহ ১১৬১৭,summary,N/A
Vehicle668.jpg,1,0,১১৪০৮,ঠাকুরগাঁও,ঠাকুরগাঁও,word,90.74
Vehicle668.jpg,ALL,N/A,১১৪০৮,ঠাকুরগাঁও,ঠাকুরগাঁও ১১৪০৮,summary,N/A
Vehicle344.jpg,1,0,,,,,
Vehicle344.jpg,ALL,N/A,,,N/A,summary,N/A
Vehicle1051.jpg,1,0,১২৫,,১২৫,number,92.32
Vehicle1051.jpg,ALL,N/A,১২৫,,১২৫,summary,N/A
Vehicle408.jpg,1,0,২৩৩৪১,,২৩৩৪১,number,97.54
Vehicle408.jpg,ALL,N/A,২৩৩৪১,,২৩৩৪১,summary,N/A
Vehicle1735.png,1,0,১৫৪৮৩০,,১৫৪৮৩০,number,99.96
Vehicle1735.png,ALL,N/A,১৫৪৮৩০,,১৫৪৮৩০,summary,N/A
Vehicle1844.jpeg,1,0,১১৭৩০,,১১৭৩০,number,83.13
Vehicle1844.jpeg,ALL,N/A,১১৭৩০,,১১৭৩০,summary,N/A
Vehicle505.jpg,1,0,১২১৫৪৫,,১২১৫৪৫,number,99.97
Vehicle505.jpg,ALL,N/A,১২১৫৪৫,,১২১৫৪৫,summary,N/A
Vehicle389.jpg,1,0,১২৪২৩৪,,১২৪২৩৪,number,99.38
Vehicle389.jpg,ALL,N/A,১২৪২৩৪,,১২৪২৩৪,summary,N/A
Vehicle1441.jpg,1,0,৭৬০২,মেট্রো,৭৬০২,number,93.55
Vehicle1441.jpg,ALL,N/A,৭৬০২,মেট্রো,মেট্রো ৭৬০২,summary,N/A
Vehicle1701.jpg,1,0,১৩২১০৭,,১৩২১০৭,number,99.91
Vehicle1701.jpg,ALL,N/A,১৩২১০৭,,১৩২১০৭,summary,N/A
Vehicle1654.jpg,1,0,১৩৬৪৬২,,১৩৬৪৬২,number,99.80
Vehicle1654.jpg,ALL,N/A,১৩৬৪৬২,,১৩৬৪৬২,summary,N/A
Vehicle1890.jpeg,1,0,১৩২৩৬,,১৩২৩৬,number,89.82
Vehicle1890.jpeg,ALL,N/A,১৩২৩৬,,১৩২৩৬,summary,N/A
Vehicle143.jpg,1,0,১১৬১০৪,,১১৬১০৪,number,62.03
Vehicle143.jpg,ALL,N/A,১১৬১০৪,,১১৬১০৪,summary,N/A
Vehicle261.jpg,1,0,৩৪৯৮,,৩৪৯৮,number,96.96
Vehicle261.jpg,ALL,N/A,৩৪৯৮,,৩৪৯৮,summary,N/A
Vehicle207.jpg,1,0,৪৩৪৯,,৪৩৪৯,number,8.17
Vehicle207.jpg,ALL,N/A,৪৩৪৯,,৪৩৪৯,summary,N/A
Vehicle148.jpg,1,0,১১০২৪৮,,১১০২৪৮,number,83.35
Vehicle148.jpg,ALL,N/A,১১০২৪৮,,১১০২৪৮,summary,N/A
Vehicle1334.jpg,1,0,১১৮৯৩৭,,১১৮৯৩৭,number,45.88
Vehicle1334.jpg,ALL,N/A,১১৮৯৩৭,,১১৮৯৩৭,summary,N/A
Vehicle1614.jpg,1,0,১১০৩,মুন্সিগঞ্জ,মুন্সিগঞ্জ,word,88.59
Vehicle1614.jpg,ALL,N/A,১১০৩,মুন্সিগঞ্জ,মুন্সিগঞ্জ ১১০৩,summary,N/A
Vehicle1268.jpg,1,0,০৬৭,,০৬৭,number,35.88
Vehicle1268.jpg,ALL,N/A,০৬৭,,০৬৭,summary,N/A
Vehicle741.jpg,1,0,১৪৮০৪৩,,১৪৮০৪৩,number,99.02
Vehicle741.jpg,ALL,N/A,১৪৮০৪৩,,১৪৮০৪৩,summary,N/A
Vehicle1161.jpg,1,0,৩১০০৮০,,৩১০০৮০,number,76.39
Vehicle1161.jpg,ALL,N/A,৩১০০৮০,,৩১০০৮০,summary,N/A
Vehicle382.jpg,1,0,১২০৬১৭,লক্ষ্মীপুর,১২০৬১৭,number,99.35
Vehicle382.jpg,ALL,N/A,১২০৬১৭,লক্ষ্মীপুর,লক্ষ্মীপুর ১২০৬১৭,summary,N/A
Vehicle1489.jpg,1,0,১১৬৭৩০,গাজীপুর,১১৬৭৩০,number,99.91
Vehicle1489.jpg,ALL,N/A,১১৬৭৩০,গাজীপুর,গাজীপুর ১১৬৭৩০,summary,N/A
Vehicle706.jpg,1,0,,,,,
Vehicle706.jpg,ALL,N/A,,,N/A,summary,N/A
Vehicle1885.jpeg,1,0,১,পটুয়াখালী,পটুয়াখালী,word,88.20
Vehicle1885.jpeg,ALL,N/A,১,পটুয়াখালী,পটুয়াখালী ১,summary,N/A
Vehicle1811.jpeg,1,0,১১০৪২১,,১১০৪২১,number,86.73
Vehicle1811.jpeg,ALL,N/A,১১০৪২১,,১১০৪২১,summary,N/A
Vehicle183.jpg,1,0,,ময়মনসিংহ,ময়মনসিংহ,word,85.31
Vehicle183.jpg,ALL,N/A,,ময়মনসিংহ,ময়মনসিংহ,summary,N/A
Vehicle1705.jpg,1,0,২৮,,২৮,number,32.14
Vehicle1705.jpg,ALL,N/A,২৮,,২৮,summary,N/A
Vehicle1698.jpg,1,0,৫১৪০২১৩,খুলনা,খুলনা,word,91.02
Vehicle1698.jpg,ALL,N/A,৫১৪০২১৩,খুলনা,খুলনা ৫১৪০২১৩,summary,N/A
Vehicle826.jpg,1,0,১২২৩৮৪,,১২২৩৮৪,number,87.33
Vehicle826.jpg,ALL,N/A,১২২৩৮৪,,১২২৩৮৪,summary,N/A
Vehicle459.jpg,1,0,১৪৫৪৭৯,,১৪৫৪৭৯,number,73.23
Vehicle459.jpg,ALL,N/A,১৪৫৪৭৯,,১৪৫৪৭৯,summary,N/A
Vehicle1782.jpeg,1,0,১৪১১৬৮,,১৪১১৬৮,number,43.28
Vehicle1782.jpeg,ALL,N/A,১৪১১৬৮,,১৪১১৬৮,summary,N/A
Vehicle182.jpg,1,0,১১০৩৫৮,,১১০৩৫৮,number,70.85
Vehicle182.jpg,ALL,N/A,১১০৩৫৮,,১১০৩৫৮,summary,N/A
Vehicle11.jpg,1,0,১৫৭৫৫৬,যশোর,যশোর,word,98.34
Vehicle11.jpg,ALL,N/A,১৫৭৫৫৬,যশোর,যশোর ১৫৭৫৫৬,summary,N/A
Vehicle1364.jpg,1,0,১৩০১৮,মেট্রো,১৩০১৮,number,96.87
Vehicle1364.jpg,ALL,N/A,১৩০১৮,মেট্রো,মেট্রো ১৩০১৮,summary,N/A
Vehicle213.jpg,1,0,১১১০২২,,১১১০২২,number,57.88
Vehicle213.jpg,ALL,N/A,১১১০২২,,১১১০২২,summary,N/A
Vehicle277.jpg,1,0,১৬৫৮০,,১৬৫৮০,number,50.01
Vehicle277.jpg,ALL,N/A,১৬৫৮০,,১৬৫৮০,summary,N/A
Vehicle403.jpg,1,0,,,,,
Vehicle403.jpg,ALL,N/A,,,N/A,summary,N/A
Vehicle1056.jpg,1,0,১১৮২৯,,১১৮২৯,number,39.10
Vehicle1056.jpg,ALL,N/A,১১৮২৯,,১১৮২৯,summary,N/A
Vehicle1127.jpg,1,0,১৮৫০৩১,,১৮৫০৩১,number,78.46
Vehicle1127.jpg,ALL,N/A,১৮৫০৩১,,১৮৫০৩১,summary,N/A
Vehicle215.jpg,1,0,২১২৪৩১০,,২১২৪৩১০,number,44.89
Vehicle215.jpg,ALL,N/A,২১২৪৩১০,,২১২৪৩১০,summary,N/A
Vehicle728.jpg,1,0,১৭৭৬৭৬,,১৭৭৬৭৬,number,96.68
Vehicle728.jpg,ALL,N/A,১৭৭৬৭৬,,১৭৭৬৭৬,summary,N/A
Vehicle620.jpg,1,0,১১২৮৫১,মৌলভীবাজার,মৌলভীবাজার,word,96.97
Vehicle620.jpg,ALL,N/A,১১২৮৫১,মৌলভীবাজার,মৌলভীবাজার ১১২৮৫১,summary,N/A
Vehicle1235.jpg,1,0,১১১৮২৭,,১১১৮২৭,number,40.52
Vehicle1235.jpg,ALL,N/A,১১১৮২৭,,১১১৮২৭,summary,N/A
Vehicle268.jpg,1,0,১২০০২২,,১২০০২২,number,99.64
Vehicle268.jpg,ALL,N/A,১২০০২২,,১২০০২২,summary,N/A
Vehicle1220.jpg,1,0,২০০৬৯৭,,২০০৬৯৭,number,99.64
Vehicle1220.jpg,2,0,২০০৬৯৭,,২০০৬৯৭,number,99.73
Vehicle1220.jpg,ALL,N/A,২০০৬৯৭,,২০০৬৯৭,summary,N/A
Vehicle924.jpg,1,0,,,,,
Vehicle924.jpg,ALL,N/A,,,N/A,summary,N/A
Vehicle1421.jpg,1,0,২৫৫২২২,,২৫৫২২২,number,99.56
Vehicle1421.jpg,ALL,N/A,২৫৫২২২,,২৫৫২২২,summary,N/A
Vehicle1031.jpg,1,0,১৮১৩৬৯,,১৮১৩৬৯,number,68.22
Vehicle1031.jpg,ALL,N/A,১৮১৩৬৯,,১৮১৩৬৯,summary,N/A
Vehicle1544.jpg,1,0,১৫৭৩৫৮,,১৫৭৩৫৮,number,56.61
Vehicle1544.jpg,ALL,N/A,১৫৭৩৫৮,,১৫৭৩৫৮,summary,N/A
Vehicle167.jpg,1,0,,,,,
Vehicle167.jpg,ALL,N/A,,,N/A,summary,N/A
Vehicle104.jpg,1,0,২৮,,২৮,number,13.26
Vehicle104.jpg,ALL,N/A,২৮,,২৮,summary,N/A
Vehicle44.jpg,1,0,৩২১৯৬৭,মেট্রো,মেট্রো,word,75.23
Vehicle44.jpg,ALL,N/A,৩২১৯৬৭,মেট্রো,মেট্রো ৩২১৯৬৭,summary,N/A
Vehicle873.jpg,1,0,১১৬৭৪৩,,১১৬৭৪৩,number,96.16
Vehicle873.jpg,ALL,N/A,১১৬৭৪৩,,১১৬৭৪৩,summary,N/A
Vehicle1384.jpg,1,0,১১৭০৬২১,,১১৭০৬২১,number,76.80
Vehicle1384.jpg,ALL,N/A,১১৭০৬২১,,১১৭০৬২১,summary,N/A
Vehicle366.jpg,1,0,৩২৪৩৫১,,৩২৪৩৫১,number,89.89
Vehicle366.jpg,ALL,N/A,৩২৪৩৫১,,৩২৪৩৫১,summary,N/A
Vehicle1069.jpg,1,0,২৭,,২৭,number,3.21
Vehicle1069.jpg,ALL,N/A,২৭,,২৭,summary,N/A
Vehicle20.jpg,1,0,১১০০০৫,,১১০০০৫,number,69.43
Vehicle20.jpg,ALL,N/A,১১০০০৫,,১১০০০৫,summary,N/A
Vehicle1154.jpg,1,0,১৩৭১০,,১৩৭১০,number,33.48
Vehicle1154.jpg,ALL,N/A,১৩৭১০,,১৩৭১০,summary,N/A
Vehicle1340.jpg,1,0,,,,,
Vehicle1340.jpg,ALL,N/A,,,N/A,summary,N/A
Vehicle1057.jpg,1,0,৮৮,,৮৮,number,14.08
Vehicle1057.jpg,ALL,N/A,৮৮,,৮৮,summary,N/A
Vehicle1107.jpg,1,0,৪৬২৯,,৪৬২৯,number,61.80
Vehicle1107.jpg,ALL,N/A,৪৬২৯,,৪৬২৯,summary,N/A
Vehicle1278.jpg,1,0,১২৫৬৯৫,,১২৫৬৯৫,number,51.46
Vehicle1278.jpg,ALL,N/A,১২৫৬৯৫,,১২৫৬৯৫,summary,N/A
Vehicle419.jpg,1,0,৬,,৬,number,1.44
Vehicle419.jpg,ALL,N/A,৬,,৬,summary,N/A
Vehicle1059.jpg,1,0,১৩৭১,,১৩৭১,number,53.30
Vehicle1059.jpg,ALL,N/A,১৩৭১,,১৩৭১,summary,N/A
Vehicle1837.jpeg,1,0,১১২৯৬৭,,১১২৯৬৭,number,63.25
Vehicle1837.jpeg,ALL,N/A,১১২৯৬৭,,১১২৯৬৭,summary,N/A
Vehicle1903.jpeg,1,0,১২৫,,১২৫,number,97.28
Vehicle1903.jpeg,ALL,N/A,১২৫,,১২৫,summary,N/A
Vehicle526.jpg,1,0,১১০০২৬,,১১০০২৬,number,48.63
Vehicle526.jpg,ALL,N/A,১১০০২৬,,১১০০২৬,summary,N/A
Vehicle130.jpg,1,0,১৩৫৩৯৪,,১৩৫৩৯৪,number,97.83
Vehicle130.jpg,ALL,N/A,১৩৫৩৯৪,,১৩৫৩৯৪,summary,N/A
Vehicle702.jpg,1,0,১১২৪০২৮,কিশোরগঞ্জ,কিশোরগঞ্জ,word,89.54
Vehicle702.jpg,ALL,N/A,১১২৪০২৮,কিশোরগঞ্জ,কিশোরগঞ্জ ১১২৪০২৮,summary,N/A
Vehicle720.jpg,1,0,১৫০০৫৫,,১৫০০৫৫,number,77.09
Vehicle720.jpg,ALL,N/A,১৫০০৫৫,,১৫০০৫৫,summary,N/A
Vehicle466.jpg,1,0,১৪০৯৭৯,,১৪০৯৭৯,number,19.12
Vehicle466.jpg,ALL,N/A,১৪০৯৭৯,,১৪০৯৭৯,summary,N/A
Vehicle1857.jpeg,1,0,,,,,
Vehicle1857.jpeg,ALL,N/A,,,N/A,summary,N/A
Vehicle1511.jpg,1,0,১১১৮৮১,,১১১৮৮১,number,70.06
Vehicle1511.jpg,ALL,N/A,১১১৮৮১,,১১১৮৮১,summary,N/A
Vehicle638.jpg,1,0,১১৬৮৩৫,,১১৬৮৩৫,number,99.78
Vehicle638.jpg,ALL,N/A,১১৬৮৩৫,,১১৬৮৩৫,summary,N/A
Vehicle1744.jpeg,1,0,১৫৪৪৮১,ময়মনসিংহ,ময়মনসিংহ,word,92.58
Vehicle1744.jpeg,ALL,N/A,১৫৪৪৮১,ময়মনসিংহ,ময়মনসিংহ ১৫৪৪৮১,summary,N/A
Vehicle1843.jpeg,1,0,১৪৭৮০২,,১৪৭৮০২,number,40.20
Vehicle1843.jpeg,ALL,N/A,১৪৭৮০২,,১৪৭৮০২,summary,N/A
Vehicle60.jpg,1,0,২১১৩৪০৭,বরিশাল,বরিশাল,word,86.56
Vehicle60.jpg,ALL,N/A,২১১৩৪০৭,বরিশাল,বরিশাল ২১১৩৪০৭,summary,N/A
Vehicle614.jpg,1,0,১২৮৪৪২,ঢাকা,ঢাকা,word,99.05
Vehicle614.jpg,ALL,N/A,১২৮৪৪২,ঢাকা,ঢাকা ১২৮৪৪২,summary,N/A
Vehicle485.jpg,1,0,২৩২০,যশোর,যশোর,word,98.62
Vehicle485.jpg,ALL,N/A,২৩২০,যশোর,যশোর ২৩২০,summary,N/A
Vehicle1743.jpeg,1,0,১১০৪২২,,১১০৪২২,number,70.69
Vehicle1743.jpeg,ALL,N/A,১১০৪২২,,১১০৪২২,summary,N/A
Vehicle1804.jpeg,1,0,১২৪৫৫,বরিশাল,১২৪৫৫,number,97.88
Vehicle1804.jpeg,ALL,N/A,১২৪৫৫,বরিশাল,বরিশাল ১২৪৫৫,summary,N/A
Vehicle1768.jpeg,1,0,০২৩১,,০২৩১,number,62.79
Vehicle1768.jpeg,ALL,N/A,০২৩১,,০২৩১,summary,N/A
Vehicle1481.jpg,1,0,১১৭৮৮১,কক্সবাজার,১১৭৮৮১,number,99.40
Vehicle1481.jpg,ALL,N/A,১১৭৮৮১,কক্সবাজার,কক্সবাজার ১১৭৮৮১,summary,N/A
Vehicle879.jpg,1,0,১১৩২৫৬,,১১৩২৫৬,number,87.69
Vehicle879.jpg,ALL,N/A,১১৩২৫৬,,১১৩২৫৬,summary,N/A
Vehicle399.jpg,1,0,১১,খুলনা,খুলনা,word,77.71
Vehicle399.jpg,ALL,N/A,১১,খুলনা,খুলনা ১১,summary,N/A
Vehicle1913.jpeg,1,0,১২০০,,১২০০,number,24.49
Vehicle1913.jpeg,ALL,N/A,১২০০,,১২০০,summary,N/A
Vehicle1554.jpg,1,0,১১৫৬১,,১১৫৬১,number,13.86
Vehicle1554.jpg,ALL,N/A,১১৫৬১,,১১৫৬১,summary,N/A
Vehicle401.jpg,1,0,১২৭২৮৮,ফরিদপুর,১২৭২৮৮,number,99.98
Vehicle401.jpg,ALL,N/A,১২৭২৮৮,ফরিদপুর,ফরিদপুর ১২৭২৮৮,summary,N/A
Vehicle1911.jpeg,1,0,১৯১০৬,,১৯১০৬,number,1.34
Vehicle1911.jpeg,ALL,N/A,১৯১০৬,,১৯১০৬,summary,N/A
Vehicle292.jpg,1,0,১৪৬৭৩০,,১৪৬৭৩০,number,59.93
Vehicle292.jpg,ALL,N/A,১৪৬৭৩০,,১৪৬৭৩০,summary,N/A
Vehicle816.jpg,1,0,১৯৩৩০২,সিলেট,সিলেট,word,88.99
Vehicle816.jpg,ALL,N/A,১৯৩৩০২,সিলেট,সিলেট ১৯৩৩০২,summary,N/A
Vehicle360.jpg,1,0,১১,,১১,number,95.78
Vehicle360.jpg,ALL,N/A,১১,,১১,summary,N/A
Vehicle1476.jpg,1,0,১১০৫৪২,,১১০৫৪২,number,99.75
Vehicle1476.jpg,2,0,৬৬৬,,৬৬৬,number,1.06
Vehicle1476.jpg,ALL,N/A,১১০৫৪২,,১১০৫৪২,summary,N/A
Vehicle1094.jpg,1,0,৫,,৫,number,64.69
Vehicle1094.jpg,ALL,N/A,৫,,৫,summary,N/A
Vehicle853.jpg,1,0,১১৫৮,কক্সবাজার,কক্সবাজার,word,86.35
Vehicle853.jpg,ALL,N/A,১১৫৮,কক্সবাজার,কক্সবাজার ১১৫৮,summary,N/A
Vehicle1756.jpeg,1,0,১৫৩৮,ময়মনসিংহ,ময়মনসিংহ,word,98.16
Vehicle1756.jpeg,ALL,N/A,১৫৩৮,ময়মনসিংহ,ময়মনসিংহ ১৫৩৮,summary,N/A
Vehicle695.jpg,1,0,১৫৮৯,,১৫৮৯,number,13.35
Vehicle695.jpg,ALL,N/A,১৫৮৯,,১৫৮৯,summary,N/A
Vehicle665.jpg,1,0,১৫৮৯৯০৪,,১৫৮৯৯০৪,number,43.82
Vehicle665.jpg,ALL,N/A,১৫৮৯৯০৪,,১৫৮৯৯০৪,summary,N/A
Vehicle280.jpg,1,0,১১২২১২,,১১২২১২,number,99.78
Vehicle280.jpg,ALL,N/A,১১২২১২,,১১২২১২,summary,N/A
Vehicle1590.jpg,1,0,১৯০০৬২,,১৯০০৬২,number,49.61
Vehicle1590.jpg,ALL,N/A,১৯০০৬২,,১৯০০৬২,summary,N/A
Vehicle8.jpg,1,0,১১১৯৮১,,১১১৯৮১,number,99.76
Vehicle8.jpg,ALL,N/A,১১১৯৮১,,১১১৯৮১,summary,N/A
Vehicle883.jpg,1,0,১৭,,১৭,number,51.47
Vehicle883.jpg,ALL,N/A,১৭,,১৭,summary,N/A
Vehicle1326.jpg,1,0,২৩৭,,২৩৭,number,75.23
Vehicle1326.jpg,ALL,N/A,২৩৭,,২৩৭,summary,N/A
Vehicle14.jpg,1,0,৬,,৬,number,2.47
Vehicle14.jpg,ALL,N/A,৬,,৬,summary,N/A
Vehicle454.jpg,1,0,১৪৪৯৮১,,১৪৪৯৮১,number,89.10
Vehicle454.jpg,ALL,N/A,১৪৪৯৮১,,১৪৪৯৮১,summary,N/A
Vehicle262.jpg,1,0,১১৫৫৩৬,হবিগঞ্জ,হবিগঞ্জ,word,72.60
Vehicle262.jpg,ALL,N/A,১১৫৫৩৬,হবিগঞ্জ,হবিগঞ্জ ১১৫৫৩৬,summary,N/A
Vehicle1902.jpeg,1,0,১২১৩৯০,,১২১৩৯০,number,99.97
Vehicle1902.jpeg,ALL,N/A,১২১৩৯০,,১২১৩৯০,summary,N/A
Vehicle1097.jpg,1,0,১১০৯৭,,১১০৯৭,number,99.93
Vehicle1097.jpg,ALL,N/A,১১০৯৭,,১১০৯৭,summary,N/A
Vehicle110.jpg,1,0,১১০৩৪,সুনামগঞ্জ,১১০৩৪,number,69.72
Vehicle110.jpg,ALL,N/A,১১০৩৪,সুনামগঞ্জ,সুনামগঞ্জ ১১০৩৪,summary,N/A
Vehicle1389.jpg,1,0,৭৬,,৭৬,number,85.78
Vehicle1389.jpg,ALL,N/A,৭৬,,৭৬,summary,N/A
Vehicle1300.jpg,1,0,২১৭৩৪২,ঢাকা,ঢাকা,word,97.43
Vehicle1300.jpg,ALL,N/A,২১৭৩৪২,ঢাকা,ঢাকা ২১৭৩৪২,summary,N/A
Vehicle1293.jpg,1,0,২০৯৮৭২৩,,২০৯৮৭২৩,number,54.57
Vehicle1293.jpg,ALL,N/A,২০৯৮৭২৩,,২০৯৮৭২৩,summary,N/A
Vehicle407.jpg,1,0,১১১৭৭,নওগাঁ,নওগাঁ,word,74.65
Vehicle407.jpg,ALL,N/A,১১১৭৭,নওগাঁ,নওগাঁ ১১১৭৭,summary,N/A
Vehicle1602.jpg,1,0,২২৬৪৮৩,,২২৬৪৮৩,number,59.70
Vehicle1602.jpg,ALL,N/A,২২৬৪৮৩,,২২৬৪৮৩,summary,N/A
Vehicle1797.jpeg,1,0,১১০৫,ঝালকাঠি,ঝালকাঠি,word,89.64
Vehicle1797.jpeg,ALL,N/A,১১০৫,ঝালকাঠি,ঝালকাঠি ১১০৫,summary,N/A
Vehicle1633.jpg,1,0,১১৫৬৩,নারায়ণগঞ্জ,১১৫৬৩,number,90.67
Vehicle1633.jpg,ALL,N/A,১১৫৬৩,নারায়ণগঞ্জ,নারায়ণগঞ্জ ১১৫৬৩,summary,N/A
Vehicle1191.jpg,1,0,১৯৫৭০৯,,১৯৫৭০৯,number,96.32
Vehicle1191.jpg,ALL,N/A,১৯৫৭০৯,,১৯৫৭০৯,summary,N/A
Vehicle494.jpg,1,0,১৩৪৯৮৬,,১৩৪৯৮৬,number,99.98
Vehicle494.jpg,ALL,N/A,১৩৪৯৮৬,,১৩৪৯৮৬,summary,N/A
Vehicle282.jpg,1,0,২০০,মেট্রো,মেট্রো,word,91.87
Vehicle282.jpg,ALL,N/A,২০০,মেট্রো,মেট্রো ২০০,summary,N/A
Vehicle1678.jpg,1,0,১৩৯১১৪,,১৩৯১১৪,number,79.63
Vehicle1678.jpg,ALL,N/A,১৩৯১১৪,,১৩৯১১৪,summary,N/A
Vehicle1173.jpg,1,0,০১০৬,,০১০৬,number,93.31
Vehicle1173.jpg,ALL,N/A,০১০৬,,০১০৬,summary,N/A
Vehicle1225.jpg,1,0,১২২৩৬১,,১২২৩৬১,number,69.85
Vehicle1225.jpg,ALL,N/A,১২২৩৬১,,১২২৩৬১,summary,N/A
Vehicle1363.jpg,1,0,১১৫৪৮৭,,১১৫৪৮৭,number,98.68
Vehicle1363.jpg,ALL,N/A,১১৫৪৮৭,,১১৫৪৮৭,summary,N/A
Vehicle726.jpg,1,0,১৭২১৬৪,,১৭২১৬৪,number,99.98
Vehicle726.jpg,ALL,N/A,১৭২১৬৪,,১৭২১৬৪,summary,N/A
Vehicle1473.jpg,1,0,১১২২৫৯,রাজশাহী,রাজশাহী,word,87.51
Vehicle1473.jpg,ALL,N/A,১১২২৫৯,রাজশাহী,রাজশাহী ১১২২৫৯,summary,N/A
Vehicle833.jpg,1,0,১৫০২৫১,মেট্রো,মেট্রো,word,99.26
Vehicle833.jpg,ALL,N/A,১৫০২৫১,মেট্রো,মেট্রো ১৫০২৫১,summary,N/A
Vehicle315.jpg,1,0,১১৩৭৮৭,ঝালকাঠি,১১৩৭৮৭,number,99.96
Vehicle315.jpg,ALL,N/A,১১৩৭৮৭,ঝালকাঠি,ঝালকাঠি ১১৩৭৮৭,summary,N/A
Vehicle1120.jpg,1,0,৪৫২১৯৩,,৪৫২১৯৩,number,79.45
Vehicle1120.jpg,ALL,N/A,৪৫২১৯৩,,৪৫২১৯৩,summary,N/A
Vehicle694.jpg,1,0,৩১৮৪৩৫,,৩১৮৪৩৫,number,93.41
Vehicle694.jpg,ALL,N/A,৩১৮৪৩৫,,৩১৮৪৩৫,summary,N/A
Vehicle1271.jpg,1,0,১৯২০২,ঢাকা,১৯২০২,number,99.38
Vehicle1271.jpg,ALL,N/A,১৯২০২,ঢাকা,ঢাকা ১৯২০২,summary,N/A
Vehicle1787.jpeg,1,0,১১২৪১৫,,১১২৪১৫,number,30.22
Vehicle1787.jpeg,ALL,N/A,১১২৪১৫,,১১২৪১৫,summary,N/A
Vehicle1117.jpg,1,0,১৮৫০৩১,,১৮৫০৩১,number,98.09
Vehicle1117.jpg,ALL,N/A,১৮৫০৩১,,১৮৫০৩১,summary,N/A
Vehicle435.jpg,1,0,১২১৮৬৭,,১২১৮৬৭,number,97.74
Vehicle435.jpg,ALL,N/A,১২১৮৬৭,,১২১৮৬৭,summary,N/A
Vehicle270.jpg,1,0,১৩৬১৮৯,,১৩৬১৮৯,number,97.69
Vehicle270.jpg,ALL,N/A,১৩৬১৮৯,,১৩৬১৮৯,summary,N/A
Vehicle1180.jpg,1,0,১৮০৯,ঢাকা,১৮০৯,number,65.50
Vehicle1180.jpg,ALL,N/A,১৮০৯,ঢাকা,ঢাকা ১৮০৯,summary,N/A
Vehicle237.jpg,1,0,১২০৩২১,বাগেরহাট,১২০৩২১,number,96.22
Vehicle237.jpg,ALL,N/A,১২০৩২১,বাগেরহাট,বাগেরহাট ১২০৩২১,summary,N/A
Vehicle1897.jpeg,1,0,৭৯৮০,ঢাকা,ঢাকা,word,95.17
Vehicle1897.jpeg,ALL,N/A,৭৯৮০,ঢাকা,ঢাকা ৭৯৮০,summary,N/A
Vehicle971.jpg,1,0,৩১০০৮০,,৩১০০৮০,number,98.91
Vehicle971.jpg,ALL,N/A,৩১০০৮০,,৩১০০৮০,summary,N/A
Vehicle122.jpg,1,0,১১০৭০৮৯,,১১০৭০৮৯,number,47.05
Vehicle122.jpg,ALL,N/A,১১০৭০৮৯,,১১০৭০৮৯,summary,N/A
Vehicle108.jpg,1,0,১১০৮৯৩,বরিশাল,বরিশাল,word,69.70
Vehicle108.jpg,ALL,N/A,১১০৮৯৩,বরিশাল,বরিশাল ১১০৮৯৩,summary,N/A
Vehicle1020.jpg,1,0,১১০৫৯০,,১১০৫৯০,number,99.62
Vehicle1020.jpg,ALL,N/A,১১০৫৯০,,১১০৫৯০,summary,N/A
Vehicle69.jpg,1,0,১১১,,১১১,number,11.16
Vehicle69.jpg,ALL,N/A,১১১,,১১১,summary,N/A
Vehicle467.jpg,1,0,১১৫৩৪৩,সিরাজগঞ্জ,১১৫৩৪৩,number,92.00
Vehicle467.jpg,ALL,N/A,১১৫৩৪৩,সিরাজগঞ্জ,সিরাজগঞ্জ ১১৫৩৪৩,summary,N/A
Vehicle1634.jpg,1,0,৯৪৬,নারায়ণগঞ্জ,৯৪৬,number,63.04
Vehicle1634.jpg,ALL,N/A,৯৪৬,নারায়ণগঞ্জ,নারায়ণগঞ্জ ৯৪৬,summary,N/A
Vehicle1625.jpg,1,0,,,,,
Vehicle1625.jpg,ALL,N/A,,,N/A,summary,N/A
Vehicle742.jpg,1,0,১২০৭৩৮,ময়মনসিংহ,ময়মনসিংহ,word,78.67
Vehicle742.jpg,ALL,N/A,১২০৭৩৮,ময়মনসিংহ,ময়মনসিংহ ১২০৭৩৮,summary,N/A
Vehicle391.jpg,1,0,১২৩৫৮২,,১২৩৫৮২,number,99.97
Vehicle391.jpg,ALL,N/A,১২৩৫৮২,,১২৩৫৮২,summary,N/A
Vehicle195.jpg,1,0,৬৯৪,,৬৯৪,number,29.92
Vehicle195.jpg,ALL,N/A,৬৯৪,,৬৯৪,summary,N/A
Vehicle1285.jpg,1,0,৩৮৭১৩৬,,৩৮৭১৩৬,number,79.41
Vehicle1285.jpg,ALL,N/A,৩৮৭১৩৬,,৩৮৭১৩৬,summary,N/A
Vehicle776.jpg,1,0,১৪৫০৮২,,১৪৫০৮২,number,89.73
Vehicle776.jpg,ALL,N/A,১৪৫০৮২,,১৪৫০৮২,summary,N/A
Vehicle1301.jpg,1,0,৭৮,,৭৮,number,7.01
Vehicle1301.jpg,ALL,N/A,৭৮,,৭৮,summary,N/A
Vehicle1416.jpg,1,0,১১১১৮০,,১১১১৮০,number,65.00
Vehicle1416.jpg,ALL,N/A,১১১১৮০,,১১১১৮০,summary,N/A
Vehicle476.jpg,1,0,১৩৫৪১৭,,১৩৫৪১৭,number,84.61
Vehicle476.jpg,ALL,N/A,১৩৫৪১৭,,১৩৫৪১৭,summary,N/A
Vehicle880.jpg,1,0,১০,,১০,number,19.68
Vehicle880.jpg,ALL,N/A,১০,,১০,summary,N/A
Vehicle996.jpg,1,0,১৪১৩৭৯,,১৪১৩৭৯,number,82.14
Vehicle996.jpg,ALL,N/A,১৪১৩৭৯,,১৪১৩৭৯,summary,N/A
Vehicle887.jpg,1,0,১৮৮,,১৮৮,number,6.13
Vehicle887.jpg,ALL,N/A,১৮৮,,১৮৮,summary,N/A
Vehicle1587.jpg,1,0,৩৫৮৩০,,৩৫৮৩০,number,71.20
Vehicle1587.jpg,ALL,N/A,৩৫৮৩০,,৩৫৮৩০,summary,N/A
Vehicle162.jpg,1,0,১১১০১৫,,১১১০১৫,number,97.95
Vehicle162.jpg,ALL,N/A,১১১০১৫,,১১১০১৫,summary,N/A
Vehicle1615.jpg,1,0,১১৯৭৫,,১১৯৭৫,number,53.40
Vehicle1615.jpg,ALL,N/A,১১৯৭৫,,১১৯৭৫,summary,N/A
Vehicle1882.jpeg,1,0,১১০৮৯৪,,১১০৮৯৪,number,99.95
Vehicle1882.jpeg,ALL,N/A,১১০৮৯৪,,১১০৮৯৪,summary,N/A
Vehicle47.jpg,1,0,১২৮,,১২৮,number,74.54
Vehicle47.jpg,ALL,N/A,১২৮,,১২৮,summary,N/A
Vehicle309.jpg,1,0,১৬৪৯৬,শেরপুর,শেরপুর,word,71.89
Vehicle309.jpg,ALL,N/A,১৬৪৯৬,শেরপুর,শেরপুর ১৬৪৯৬,summary,N/A
Vehicle871.jpg,1,0,২৫৬১৯৮,,২৫৬১৯৮,number,90.12
Vehicle871.jpg,ALL,N/A,২৫৬১৯৮,,২৫৬১৯৮,summary,N/A
Vehicle164.jpg,1,0,১৩৫৭৮৭,নওগাঁ,১৩৫৭৮৭,number,90.44
Vehicle164.jpg,ALL,N/A,১৩৫৭৮৭,নওগাঁ,নওগাঁ ১৩৫৭৮৭,summary,N/A
Vehicle707.jpg,1,0,,,,,
Vehicle707.jpg,ALL,N/A,,,N/A,summary,N/A
Vehicle1106.jpg,1,0,১৯৪১২৬,,১৯৪১২৬,number,92.91
Vehicle1106.jpg,ALL,N/A,১৯৪১২৬,,১৯৪১২৬,summary,N/A
Vehicle1551.jpg,1,0,৯১৭৩,,৯১৭৩,number,58.66
Vehicle1551.jpg,ALL,N/A,৯১৭৩,,৯১৭৩,summary,N/A
Vehicle1813.jpeg,1,0,১১৪১৭,,১১৪১৭,number,60.82
Vehicle1813.jpeg,ALL,N/A,১১৪১৭,,১১৪১৭,summary,N/A
Vehicle1835.jpeg,1,0,১১৩০৭,,১১৩০৭,number,49.05
Vehicle1835.jpeg,ALL,N/A,১১৩০৭,,১১৩০৭,summary,N/A
Vehicle438.jpg,1,0,১১৫৪৮,,১১৫৪৮,number,85.25
Vehicle438.jpg,ALL,N/A,১১৫৪৮,,১১৫৪৮,summary,N/A
Vehicle10.jpg,1,0,১১০১৫৭,,১১০১৫৭,number,99.99
Vehicle10.jpg,ALL,N/A,১১০১৫৭,,১১০১৫৭,summary,N/A
Vehicle827.jpg,1,0,১৩৬২০২,,১৩৬২০২,number,63.76
Vehicle827.jpg,ALL,N/A,১৩৬২০২,,১৩৬২০২,summary,N/A
Vehicle61.jpg,1,0,১২০৯২৫,পাবনা,১২০৯২৫,number,99.58
Vehicle61.jpg,ALL,N/A,১২০৯২৫,পাবনা,পাবনা ১২০৯২৫,summary,N/A
Vehicle1926.jpeg,1,0,১১০,জামালপুর,জামালপুর,word,90.55
Vehicle1926.jpeg,ALL,N/A,১১০,জামালপুর,জামালপুর ১১০,summary,N/A
Vehicle1653.jpg,1,0,০১২,,০১২,number,88.59
Vehicle1653.jpg,ALL,N/A,০১২,,০১২,summary,N/A
Vehicle762.jpg,1,0,১৫৫২৭৬,,১৫৫২৭৬,number,65.52
Vehicle762.jpg,ALL,N/A,১৫৫২৭৬,,১৫৫২৭৬,summary,N/A
Vehicle1227.jpg,1,0,১২৪২৩৪,,১২৪২৩৪,number,97.69
Vehicle1227.jpg,ALL,N/A,১২৪২৩৪,,১২৪২৩৪,summary,N/A
Vehicle1049.jpg,1,0,১১২২২৮,কিশোরগঞ্জ,১১২২২৮,number,99.78
Vehicle1049.jpg,ALL,N/A,১১২২২৮,কিশোরগঞ্জ,কিশোরগঞ্জ ১১২২২৮,summary,N/A
Vehicle587.jpg,1,0,১১৪১৮৬০,ঢাকা,ঢাকা,word,93.32
Vehicle587.jpg,ALL,N/A,১১৪১৮৬০,ঢাকা,ঢাকা ১১৪১৮৬০,summary,N/A
Vehicle1434.jpg,1,0,,,,,
Vehicle1434.jpg,ALL,N/A,,,N/A,summary,N/A
Vehicle1453.jpg,1,0,৯,,৯,number,48.42
Vehicle1453.jpg,ALL,N/A,৯,,৯,summary,N/A
Vehicle305.jpg,1,0,১১৩৪১৫,,১১৩৪১৫,number,99.98
Vehicle305.jpg,ALL,N/A,১১৩৪১৫,,১১৩৪১৫,summary,N/A
Vehicle95.jpg,1,0,১১১১১৩,নেত্রকোনা,১১১১১৩,number,99.76
Vehicle95.jpg,ALL,N/A,১১১১১৩,নেত্রকোনা,নেত্রকোনা ১১১১১৩,summary,N/A
Vehicle388.jpg,1,0,১১০০৩৬,,১১০০৩৬,number,94.98
Vehicle388.jpg,ALL,N/A,১১০০৩৬,,১১০০৩৬,summary,N/A
Vehicle712.jpg,1,0,১১০১৬৯,,১১০১৬৯,number,36.62
Vehicle712.jpg,ALL,N/A,১১০১৬৯,,১১০১৬৯,summary,N/A
Vehicle1894.jpeg,1,0,৭১৩২১৪,,৭১৩২১৪,number,56.04
Vehicle1894.jpeg,ALL,N/A,৭১৩২১৪,,৭১৩২১৪,summary,N/A
Vehicle674.jpg,1,0,,,,,
Vehicle674.jpg,ALL,N/A,,,N/A,summary,N/A
Vehicle899.jpg,1,0,১১৬৭১৯,,১১৬৭১৯,number,57.44
Vehicle899.jpg,ALL,N/A,১১৬৭১৯,,১১৬৭১৯,summary,N/A
Vehicle998.jpg,1,0,৭৫৯৩,ঢাকা,ঢাকা,word,76.94
Vehicle998.jpg,ALL,N/A,৭৫৯৩,ঢাকা,ঢাকা ৭৫৯৩,summary,N/A
Vehicle1342.jpg,1,0,৩৮৮৫৫,,৩৮৮৫৫,number,28.15
Vehicle1342.jpg,ALL,N/A,৩৮৮৫৫,,৩৮৮৫৫,summary,N/A
Vehicle1699.jpg,1,0,২৮৮১২৬,মেট্রো,মেট্রো,word,98.64
Vehicle1699.jpg,ALL,N/A,২৮৮১২৬,মেট্রো,মেট্রো ২৮৮১২৬,summary,N/A
Vehicle611.jpg,1,0,,,,,
Vehicle611.jpg,ALL,N/A,,,N/A,summary,N/A
Vehicle623.jpg,1,0,২১৬,ভোলা,ভোলা,word,82.19
Vehicle623.jpg,ALL,N/A,২১৬,ভোলা,ভোলা ২১৬,summary,N/A
Vehicle1033.jpg,1,0,১১১১৫৫,মৌলভীবাজার,১১১১৫৫,number,99.94
Vehicle1033.jpg,ALL,N/A,১১১১৫৫,মৌলভীবাজার,মৌলভীবাজার ১১১১৫৫,summary,N/A
Vehicle895.jpg,1,0,১৭৯৫৫৭,ঢাকা,১৭৯৫৫৭,number,92.59
Vehicle895.jpg,ALL,N/A,১৭৯৫৫৭,ঢাকা,ঢাকা ১৭৯৫৫৭,summary,N/A
Vehicle794.jpg,1,0,১২৪৭২৮,,১২৪৭২৮,number,71.44
Vehicle794.jpg,ALL,N/A,১২৪৭২৮,,১২৪৭২৮,summary,N/A
Vehicle1017.jpg,1,0,,,,,
Vehicle1017.jpg,ALL,N/A,,,N/A,summary,N/A
Vehicle539.jpg,1,0,৩০৩৯,,৩০৩৯,number,60.23
Vehicle539.jpg,ALL,N/A,৩০৩৯,,৩০৩৯,summary,N/A
Vehicle1697.jpg,1,0,১১৬২০১,,১১৬২০১,number,89.55
Vehicle1697.jpg,ALL,N/A,১১৬২০১,,১১৬২০১,summary,N/A
Vehicle1067.jpg,1,0,১৯৪৫১৮,,১৯৪৫১৮,number,49.39
Vehicle1067.jpg,ALL,N/A,১৯৪৫১৮,,১৯৪৫১৮,summary,N/A
Vehicle1580.jpg,1,0,১৪২৬০৯,,১৪২৬০৯,number,90.17
Vehicle1580.jpg,ALL,N/A,১৪২৬০৯,,১৪২৬০৯,summary,N/A
Vehicle987.jpg,1,0,৭,,৭,number,21.59
Vehicle987.jpg,ALL,N/A,৭,,৭,summary,N/A
Vehicle1526.jpeg,1,0,১১১৯০৯,,১১১৯০৯,number,99.98
Vehicle1526.jpeg,ALL,N/A,১১১৯০৯,,১১১৯০৯,summary,N/A
Vehicle1729.jpg,1,0,১১৬৫৯৪,,১১৬৫৯৪,number,60.48
Vehicle1729.jpg,ALL,N/A,১১৬৫৯৪,,১১৬৫৯৪,summary,N/A
Vehicle569.jpg,1,0,,,,,
Vehicle569.jpg,ALL,N/A,,,N/A,summary,N/A
Vehicle1685.jpg,1,0,১১৭০৪৭১,,১১৭০৪৭১,number,40.87
Vehicle1685.jpg,ALL,N/A,১১৭০৪৭১,,১১৭০৪৭১,summary,N/A
Vehicle759.jpg,1,0,১১০১৫,,১১০১৫,number,46.80
Vehicle759.jpg,2,0,১০১৭,,১০১৭,number,73.79
Vehicle759.jpg,ALL,N/A,১১০১৫,,১১০১৫,summary,N/A
Vehicle1047.jpg,1,0,৫১৬০৪৬,,৫১৬০৪৬,number,89.05
Vehicle1047.jpg,ALL,N/A,৫১৬০৪৬,,৫১৬০৪৬,summary,N/A
Vehicle230.jpg,1,0,১৮৪০৭০,যশোর,১৮৪০৭০,number,86.27
Vehicle230.jpg,ALL,N/A,১৮৪০৭০,যশোর,যশোর ১৮৪০৭০,summary,N/A
Vehicle1565.jpg,1,0,৫৩৪৫৪১,,৫৩৪৫৪১,number,97.79
Vehicle1565.jpg,ALL,N/A,৫৩৪৫৪১,,৫৩৪৫৪১,summary,N/A
Vehicle1251.jpg,1,0,৩১৭৮,,৩১৭৮,number,22.19
Vehicle1251.jpg,ALL,N/A,৩১৭৮,,৩১৭৮,summary,N/A
Vehicle521.jpg,1,0,৫১৩৫,,৫১৩৫,number,82.51
Vehicle521.jpg,ALL,N/A,৫১৩৫,,৫১৩৫,summary,N/A
Vehicle968.jpg,1,0,১১৮১৪৪,,১১৮১৪৪,number,49.60
Vehicle968.jpg,ALL,N/A,১১৮১৪৪,,১১৮১৪৪,summary,N/A
Vehicle1549.jpg,1,0,৩৫৯৫৬৮,,৩৫৯৫৬৮,number,80.08
Vehicle1549.jpg,ALL,N/A,৩৫৯৫৬৮,,৩৫৯৫৬৮,summary,N/A
Vehicle235.jpg,1,0,,,,,
Vehicle235.jpg,2,0,২২৩৩৭৫,,২২৩৩৭৫,number,66.45
Vehicle235.jpg,ALL,N/A,২২৩৩৭৫,,২২৩৩৭৫,summary,N/A
Vehicle1281.jpg,1,0,৪৫২৩০৭,,৪৫২৩০৭,number,86.87
Vehicle1281.jpg,ALL,N/A,৪৫২৩০৭,,৪৫২৩০৭,summary,N/A
Vehicle1169.jpg,1,0,১৮,,১৮,number,13.31
Vehicle1169.jpg,ALL,N/A,১৮,,১৮,summary,N/A
Vehicle188.jpg,1,0,১১৮৫৯,,১১৮৫৯,number,91.84
Vehicle188.jpg,ALL,N/A,১১৮৫৯,,১১৮৫৯,summary,N/A
Vehicle1095.jpg,1,0,১৩৭১,,১৩৭১,number,88.27
Vehicle1095.jpg,ALL,N/A,১৩৭১,,১৩৭১,summary,N/A
Vehicle894.jpg,1,0,১৯৮০৯৪,,১৯৮০৯৪,number,72.33
Vehicle894.jpg,ALL,N/A,১৯৮০৯৪,,১৯৮০৯৪,summary,N/A
Vehicle1209.jpg,1,0,১১,,১১,number,97.76
Vehicle1209.jpg,ALL,N/A,১১,,১১,summary,N/A
Vehicle76.jpg,1,0,১৩৫২৭৯,কুমিল্লা,১৩৫২৭৯,number,99.80
Vehicle76.jpg,ALL,N/A,১৩৫২৭৯,কুমিল্লা,কুমিল্লা ১৩৫২৭৯,summary,N/A
Vehicle373.jpg,1,0,,মেট্রো,মেট্রো,word,69.06
Vehicle373.jpg,ALL,N/A,,মেট্রো,মেট্রো,summary,N/A
Vehicle878.jpg,1,0,১৫৮৭,,১৫৮৭,number,33.84
Vehicle878.jpg,ALL,N/A,১৫৮৭,,১৫৮৭,summary,N/A
Vehicle1496.jpg,1,0,১১৭৬৩৫,পিরোজপুর,১১৭৬৩৫,number,98.48
Vehicle1496.jpg,ALL,N/A,১১৭৬৩৫,পিরোজপুর,পিরোজপুর ১১৭৬৩৫,summary,N/A
Vehicle1734.png,1,0,১২৭৬৬৬,,১২৭৬৬৬,number,99.28
Vehicle1734.png,ALL,N/A,১২৭৬৬৬,,১২৭৬৬৬,summary,N/A
Vehicle733.jpg,1,0,২৯৮২৮৪,,২৯৮২৮৪,number,99.98
Vehicle733.jpg,ALL,N/A,২৯৮২৮৪,,২৯৮২৮৪,summary,N/A
Vehicle1243.jpg,1,0,১১১১৪৮,বান্দরবান,১১১১৪৮,number,81.38
Vehicle1243.jpg,ALL,N/A,১১১১৪৮,বান্দরবান,বান্দরবান ১১১১৪৮,summary,N/A
Vehicle795.jpg,1,0,১১৫০৬১,কিশোরগঞ্জ,১১৫০৬১,number,98.07
Vehicle795.jpg,ALL,N/A,১১৫০৬১,কিশোরগঞ্জ,কিশোরগঞ্জ ১১৫০৬১,summary,N/A
Vehicle1253.jpg,1,0,১১০১১০,,১১০১১০,number,35.08
Vehicle1253.jpg,ALL,N/A,১১০১১০,,১১০১১০,summary,N/A
Vehicle258.jpg,1,0,১৩৩৬৭,,১৩৩৬৭,number,64.94
Vehicle258.jpg,ALL,N/A,১৩৩৬৭,,১৩৩৬৭,summary,N/A
Vehicle716.jpg,1,0,,,,,
Vehicle716.jpg,ALL,N/A,,,N/A,summary,N/A
Vehicle908.jpg,1,0,২৫৫,,২৫৫,number,52.37
Vehicle908.jpg,ALL,N/A,২৫৫,,২৫৫,summary,N/A
Vehicle28.jpg,1,0,১১০৪৬২,,১১০৪৬২,number,99.78
Vehicle28.jpg,ALL,N/A,১১০৪৬২,,১১০৪৬২,summary,N/A
Vehicle1692.jpg,1,0,১৩০৯৩৩,মেট্রো,মেট্রো,word,63.53
Vehicle1692.jpg,ALL,N/A,১৩০৯৩৩,মেট্রো,মেট্রো ১৩০৯৩৩,summary,N/A
Vehicle1022.jpg,1,0,১৫৪২৪১,মেট্রো,১৫৪২৪১,number,96.25
Vehicle1022.jpg,ALL,N/A,১৫৪২৪১,মেট্রো,মেট্রো ১৫৪২৪১,summary,N/A
Vehicle225.jpg,1,0,১৯৪৯,,১৯৪৯,number,99.60
Vehicle225.jpg,ALL,N/A,১৯৪৯,,১৯৪৯,summary,N/A
Vehicle335.jpg,1,0,১১৭৭১৫,মৌলভীবাজার,মৌলভীবাজার,word,82.30
Vehicle335.jpg,ALL,N/A,১১৭৭১৫,মৌলভীবাজার,মৌলভীবাজার ১১৭৭১৫,summary,N/A
Vehicle1774.jpeg,1,0,০৬২৪,,০৬২৪,number,99.01
Vehicle1774.jpeg,ALL,N/A,০৬২৪,,০৬২৪,summary,N/A
Vehicle937.jpg,1,0,৩১০০৮০,,৩১০০৮০,number,99.97
Vehicle937.jpg,ALL,N/A,৩১০০৮০,,৩১০০৮০,summary,N/A
Vehicle1868.jpeg,1,0,১,,১,number,79.57
Vehicle1868.jpeg,ALL,N/A,১,,১,summary,N/A
Vehicle253.jpg,1,0,১১৭০০৯,,১১৭০০৯,number,75.83
Vehicle253.jpg,ALL,N/A,১১৭০০৯,,১১৭০০৯,summary,N/A
Vehicle12.jpg,1,0,১১৩০৫৯,,১১৩০৫৯,number,63.19
Vehicle12.jpg,ALL,N/A,১১৩০৫৯,,১১৩০৫৯,summary,N/A
Vehicle1617.jpg,1,0,১৯০৩৮২,ঝিনাইদহ,১৯০৩৮২,number,80.70
Vehicle1617.jpg,2,0,,ঝিনাইদহ,ঝিনাইদহ,word,52.39
Vehicle1617.jpg,ALL,N/A,১৯০৩৮২,ঝিনাইদহ,ঝিনাইদহ ১৯০৩৮২,summary,N/A
Vehicle247.jpg,1,0,২০২৬৪২,,২০২৬৪২,number,36.61
Vehicle247.jpg,2,0,২০২৬৪২,,২০২৬৪২,number,63.73
Vehicle247.jpg,3,0,২৬৪২,মেট্রো,মেট্রো,word,77.54
Vehicle247.jpg,ALL,N/A,২০২৬৪২,মেট্রো,মেট্রো ২০২৬৪২,summary,N/A
Vehicle1599.jpg,1,0,৩৫৮৭৮৮,,৩৫৮৭৮৮,number,78.24
Vehicle1599.jpg,ALL,N/A,৩৫৮৭৮৮,,৩৫৮৭৮৮,summary,N/A
Vehicle1520.jpg,1,0,১১৬৫৯৪,,১১৬৫৯৪,number,94.18
Vehicle1520.jpg,ALL,N/A,১১৬৫৯৪,,১১৬৫৯৪,summary,N/A
Vehicle1403.jpg,1,0,১৭৩৮৮,,১৭৩৮৮,number,19.73
Vehicle1403.jpg,ALL,N/A,১৭৩৮৮,,১৭৩৮৮,summary,N/A
Vehicle322.jpg,1,0,১৩৭৫৫৫,,১৩৭৫৫৫,number,78.68
Vehicle322.jpg,ALL,N/A,১৩৭৫৫৫,,১৩৭৫৫৫,summary,N/A
Vehicle1352.jpg,1,0,১১৯৭,মেট্রো,মেট্রো,word,72.71
Vehicle1352.jpg,ALL,N/A,১১৯৭,মেট্রো,মেট্রো ১১৯৭,summary,N/A
Vehicle1024.jpg,1,0,৭২৭৫,,৭২৭৫,number,99.98
Vehicle1024.jpg,ALL,N/A,৭২৭৫,,৭২৭৫,summary,N/A
Vehicle1513.jpg,1,0,৯৯৩৫,,৯৯৩৫,number,98.99
Vehicle1513.jpg,ALL,N/A,৯৯৩৫,,৯৯৩৫,summary,N/A
Vehicle1338.jpg,1,0,৩৯১৭৮৬,,৩৯১৭৮৬,number,99.77
Vehicle1338.jpg,ALL,N/A,৩৯১৭৮৬,,৩৯১৭৮৬,summary,N/A
Vehicle295.jpg,1,0,১১০৮১৮,,১১০৮১৮,number,72.96
Vehicle295.jpg,ALL,N/A,১১০৮১৮,,১১০৮১৮,summary,N/A
Vehicle1255.jpg,1,0,৫৭,,৫৭,number,0.00
Vehicle1255.jpg,ALL,N/A,৫৭,,৫৭,summary,N/A
Vehicle926.jpg,1,0,১১৩৮৭১,গাইবান্ধা,১১৩৮৭১,number,93.84
Vehicle926.jpg,ALL,N/A,১১৩৮৭১,গাইবান্ধা,গাইবান্ধা ১১৩৮৭১,summary,N/A
Vehicle818.jpg,1,0,১২৯০,,১২৯০,number,50.79
Vehicle818.jpg,ALL,N/A,১২৯০,,১২৯০,summary,N/A
Vehicle289.jpg,1,0,২২৩৪৮,মেট্রো,২২৩৪৮,number,78.07
Vehicle289.jpg,ALL,N/A,২২৩৪৮,মেট্রো,মেট্রো ২২৩৪৮,summary,N/A
Vehicle25.jpg,1,0,৩০৯০,মেট্রো,৩০৯০,number,99.91
Vehicle25.jpg,ALL,N/A,৩০৯০,মেট্রো,মেট্রো ৩০৯০,summary,N/A
Vehicle757.jpg,1,0,,,,,
Vehicle757.jpg,ALL,N/A,,,N/A,summary,N/A
Vehicle1537.jpeg,1,0,৮,,৮,number,32.98
Vehicle1537.jpeg,ALL,N/A,৮,,৮,summary,N/A
Vehicle862.jpg,1,0,১৮০৫২১,,১৮০৫২১,number,96.97
Vehicle862.jpg,ALL,N/A,১৮০৫২১,,১৮০৫২১,summary,N/A
Vehicle534.jpg,1,0,১১২৫৫৪,শেরপুর,১১২৫৫৪,number,99.99
Vehicle534.jpg,ALL,N/A,১১২৫৫৪,শেরপুর,শেরপুর ১১২৫৫৪,summary,N/A
Vehicle196.jpg,1,0,১১১৫৬১,পিরোজপুর,১১১৫৬১,number,100.00
Vehicle196.jpg,ALL,N/A,১১১৫৬১,পিরোজপুর,পিরোজপুর ১১১৫৬১,summary,N/A
Vehicle1189.jpg,1,0,,,,,
Vehicle1189.jpg,ALL,N/A,,,N/A,summary,N/A
Vehicle530.jpg,1,0,১১১৩৭৫,মানিকগঞ্জ,১১১৩৭৫,number,99.75
Vehicle530.jpg,ALL,N/A,১১১৩৭৫,মানিকগঞ্জ,মানিকগঞ্জ ১১১৩৭৫,summary,N/A
Vehicle1328.jpg,1,0,২৩,,২৩,number,25.60
Vehicle1328.jpg,ALL,N/A,২৩,,২৩,summary,N/A
Vehicle220.jpg,1,0,১২,,১২,number,22.58
Vehicle220.jpg,ALL,N/A,১২,,১২,summary,N/A
Vehicle1792.jpeg,1,0,১১৬২৬৪,,১১৬২৬৪,number,96.51
Vehicle1792.jpeg,ALL,N/A,১১৬২৬৪,,১১৬২৬৪,summary,N/A
Vehicle311.jpg,1,0,৮৮৬,,৮৮৬,number,52.27
Vehicle311.jpg,ALL,N/A,৮৮৬,,৮৮৬,summary,N/A
Vehicle1533.jpg,1,0,১৭৩৫৯,মেট্রো,১৭৩৫৯,number,99.88
Vehicle1533.jpg,ALL,N/A,১৭৩৫৯,মেট্রো,মেট্রো ১৭৩৫৯,summary,N/A
Vehicle967.jpg,1,0,১১৩৫১,,১১৩৫১,number,98.23
Vehicle967.jpg,ALL,N/A,১১৩৫১,,১১৩৫১,summary,N/A
Vehicle1543.jpg,1,0,১১৪৩৬৪১,,১১৪৩৬৪১,number,40.55
Vehicle1543.jpg,ALL,N/A,১১৪৩৬৪১,,১১৪৩৬৪১,summary,N/A
Vehicle1521.jpeg,1,0,১১১৮১১,,১১১৮১১,number,100.00
Vehicle1521.jpeg,ALL,N/A,১১১৮১১,,১১১৮১১,summary,N/A
Vehicle1014.jpg,1,0,২৭৯৩৬৯,,২৭৯৩৬৯,number,69.85
Vehicle1014.jpg,ALL,N/A,২৭৯৩৬৯,,২৭৯৩৬৯,summary,N/A
Vehicle1924.jpeg,1,0,১১০৬৬২,,১১০৬৬২,number,67.91
Vehicle1924.jpeg,ALL,N/A,১১০৬৬২,,১১০৬৬২,summary,N/A
Vehicle1052.jpg,1,0,৭৪৮,,৭৪৮,number,36.11
Vehicle1052.jpg,ALL,N/A,৭৪৮,,৭৪৮,summary,N/A
Vehicle1881.jpeg,1,0,৬৬,নওগাঁ,নওগাঁ,word,89.04
Vehicle1881.jpeg,ALL,N/A,৬৬,নওগাঁ,নওগাঁ ৬৬,summary,N/A
Vehicle1757.jpeg,1,0,১১৮৮১২,ময়মনসিংহ,১১৮৮১২,number,99.54
Vehicle1757.jpeg,ALL,N/A,১১৮৮১২,ময়মনসিংহ,ময়মনসিংহ ১১৮৮১২,summary,N/A
Vehicle595.jpg,1,0,৩৬,,৩৬,number,65.99
Vehicle595.jpg,ALL,N/A,৩৬,,৩৬,summary,N/A
Vehicle16.jpg,1,0,১৫১০৮৮,,১৫১০৮৮,number,67.23
Vehicle16.jpg,ALL,N/A,১৫১০৮৮,,১৫১০৮৮,summary,N/A
Vehicle629.jpg,1,0,১১৬৬৫,,১১৬৬৫,number,99.99
Vehicle629.jpg,ALL,N/A,১১৬৬৫,,১১৬৬৫,summary,N/A
Vehicle1216.jpg,1,0,১১১০৮০,,১১১০৮০,number,56.85
Vehicle1216.jpg,ALL,N/A,১১১০৮০,,১১১০৮০,summary,N/A
Vehicle1294.jpg,1,0,১২৩৬৪১,,১২৩৬৪১,number,52.38
Vehicle1294.jpg,ALL,N/A,১২৩৬৪১,,১২৩৬৪১,summary,N/A
Vehicle828.jpg,1,0,১১৫১৪৩,নরসিংদী,নরসিংদী,word,78.46
Vehicle828.jpg,ALL,N/A,১১৫১৪৩,নরসিংদী,নরসিংদী ১১৫১৪৩,summary,N/A
Vehicle1572.jpg,1,0,২৬৫,,২৬৫,number,28.78
Vehicle1572.jpg,ALL,N/A,২৬৫,,২৬৫,summary,N/A
Vehicle740.jpg,1,0,১১০৩১৪,পিরোজপুর,১১০৩১৪,number,92.74
Vehicle740.jpg,ALL,N/A,১১০৩১৪,পিরোজপুর,পিরোজপুর ১১০৩১৪,summary,N/A
Vehicle763.jpg,1,0,১৭১৭৫৮,রংপুর,১৭১৭৫৮,number,90.97
Vehicle763.jpg,ALL,N/A,১৭১৭৫৮,রংপুর,রংপুর ১৭১৭৫৮,summary,N/A
Vehicle121.jpg,1,0,৭২৮৪,সাতক্ষীরা,৭২৮৪,number,99.17
Vehicle121.jpg,ALL,N/A,৭২৮৪,সাতক্ষীরা,সাতক্ষীরা ৭২৮৪,summary,N/A
Vehicle766.jpg,1,0,০৬৫,ঢাকা,ঢাকা,word,90.86
Vehicle766.jpg,ALL,N/A,০৬৫,ঢাকা,ঢাকা ০৬৫,summary,N/A
Vehicle1682.jpg,1,0,১১,,১১,number,62.52
Vehicle1682.jpg,ALL,N/A,১১,,১১,summary,N/A
Vehicle1523.jpeg,1,0,১২৩৫৪৮,বরিশাল,বরিশাল,word,81.68
Vehicle1523.jpeg,ALL,N/A,১২৩৫৪৮,বরিশাল,বরিশাল ১২৩৫৪৮,summary,N/A
Vehicle1778.jpeg,1,0,৫,,৫,number,12.63
Vehicle1778.jpeg,ALL,N/A,৫,,৫,summary,N/A
Vehicle1753.jpeg,1,0,১৪,,১৪,number,100.00
Vehicle1753.jpeg,ALL,N/A,১৪,,১৪,summary,N/A
Vehicle1691.jpg,1,0,১৩৫,,১৩৫,number,94.00
Vehicle1691.jpg,ALL,N/A,১৩৫,,১৩৫,summary,N/A
Vehicle1561.jpg,1,0,২৫২০৩২,,২৫২০৩২,number,56.79
Vehicle1561.jpg,ALL,N/A,২৫২০৩২,,২৫২০৩২,summary,N/A
Vehicle1315.jpg,1,0,১৩৪৫১১,,১৩৪৫১১,number,100.00
Vehicle1315.jpg,ALL,N/A,১৩৪৫১১,,১৩৪৫১১,summary,N/A
Vehicle1664.jpg,1,0,১১০৩২৯,,১১০৩২৯,number,99.48
Vehicle1664.jpg,ALL,N/A,১১০৩২৯,,১১০৩২৯,summary,N/A
Vehicle558.jpg,1,0,১২০৯৭২,লক্ষ্মীপুর,১২০৯৭২,number,99.91
Vehicle558.jpg,ALL,N/A,১২০৯৭২,লক্ষ্মীপুর,লক্ষ্মীপুর ১২০৯৭২,summary,N/A
Vehicle738.jpg,1,0,৩৮১৪০,,৩৮১৪০,number,99.15
Vehicle738.jpg,ALL,N/A,৩৮১৪০,,৩৮১৪০,summary,N/A
Vehicle1854.jpeg,1,0,১৩৮৩৯,ঢাকা,১৩৮৩৯,number,99.98
Vehicle1854.jpeg,ALL,N/A,১৩৮৩৯,ঢাকা,ঢাকা ১৩৮৩৯,summary,N/A
Vehicle823.jpg,1,0,২৮৬২,,২৮৬২,number,71.69
Vehicle823.jpg,ALL,N/A,২৮৬২,,২৮৬২,summary,N/A
Vehicle830.jpg,1,0,৩৩৩৮৬৮,,৩৩৩৮৬৮,number,89.97
Vehicle830.jpg,ALL,N/A,৩৩৩৮৬৮,,৩৩৩৮৬৮,summary,N/A
Vehicle1776.jpeg,1,0,১৩৬৯৬৪,,১৩৬৯৬৪,number,92.94
Vehicle1776.jpeg,ALL,N/A,১৩৬৯৬৪,,১৩৬৯৬৪,summary,N/A
Vehicle172.jpg,1,0,১১৬৭৬৭,পটুয়াখালী,পটুয়াখালী,word,82.52
Vehicle172.jpg,ALL,N/A,১১৬৭৬৭,পটুয়াখালী,পটুয়াখালী ১১৬৭৬৭,summary,N/A
Vehicle1646.jpg,1,0,১১২০৫৫৮,,১১২০৫৫৮,number,60.39
Vehicle1646.jpg,ALL,N/A,১১২০৫৫৮,,১১২০৫৫৮,summary,N/A
Vehicle555.jpg,1,0,১১১৭৩৯,মৌলভীবাজার,মৌলভীবাজার,word,76.90
Vehicle555.jpg,ALL,N/A,১১১৭৩৯,মৌলভীবাজার,মৌলভীবাজার ১১১৭৩৯,summary,N/A
Vehicle1767.jpeg,1,0,১১২৬৯,,১১২৬৯,number,76.88
Vehicle1767.jpeg,ALL,N/A,১১২৬৯,,১১২৬৯,summary,N/A
Vehicle546.jpg,1,0,১১১৮২৪,,১১১৮২৪,number,99.20
Vehicle546.jpg,ALL,N/A,১১১৮২৪,,১১১৮২৪,summary,N/A
Vehicle1550.jpg,1,0,২৫০৯০৯,,২৫০৯০৯,number,98.84
Vehicle1550.jpg,ALL,N/A,২৫০৯০৯,,২৫০৯০৯,summary,N/A
Vehicle506.jpg,1,0,২৩৮৪,,২৩৮৪,number,97.34
Vehicle506.jpg,ALL,N/A,২৩৮৪,,২৩৮৪,summary,N/A
Vehicle676.jpg,1,0,৮,,৮,number,1.57
Vehicle676.jpg,ALL,N/A,৮,,৮,summary,N/A
Vehicle179.jpg,1,0,১৩৭,নীলফামারী,১৩৭,number,96.23
Vehicle179.jpg,ALL,N/A,১৩৭,নীলফামারী,নীলফামারী ১৩৭,summary,N/A
Vehicle1322.jpg,1,0,২৭২৪৭৯,,২৭২৪৭৯,number,65.09
Vehicle1322.jpg,ALL,N/A,২৭২৪৭৯,,২৭২৪৭৯,summary,N/A
Vehicle1727.jpg,1,0,১৩৮১৩৫,,১৩৮১৩৫,number,63.59
Vehicle1727.jpg,ALL,N/A,১৩৮১৩৫,,১৩৮১৩৫,summary,N/A
Vehicle1571.jpg,1,0,৩২৩৭৯৮,,৩২৩৭৯৮,number,91.74
Vehicle1571.jpg,ALL,N/A,৩২৩৭৯৮,,৩২৩৭৯৮,summary,N/A
Vehicle834.jpg,1,0,১১১২৭৯,,১১১২৭৯,number,99.57
Vehicle834.jpg,ALL,N/A,১১১২৭৯,,১১১২৭৯,summary,N/A
Vehicle898.jpg,1,0,১১৫২৮৪,,১১৫২৮৪,number,45.72
Vehicle898.jpg,ALL,N/A,১১৫২৮৪,,১১৫২৮৪,summary,N/A
Vehicle1585.jpeg,1,0,১৩১২৬৫,,১৩১২৬৫,number,100.00
Vehicle1585.jpeg,ALL,N/A,১৩১২৬৫,,১৩১২৬৫,summary,N/A
Vehicle1901.jpeg,1,0,১৩৯৭৩৬,,১৩৯৭৩৬,number,98.06
Vehicle1901.jpeg,ALL,N/A,১৩৯৭৩৬,,১৩৯৭৩৬,summary,N/A
Vehicle191.jpg,1,0,১২৫৬৩৫,,১২৫৬৩৫,number,96.51
Vehicle191.jpg,ALL,N/A,১২৫৬৩৫,,১২৫৬৩৫,summary,N/A
Vehicle1237.jpg,1,0,১৫৭১,,১৫৭১,number,65.18
Vehicle1237.jpg,ALL,N/A,১৫৭১,,১৫৭১,summary,N/A
Vehicle426.jpg,1,0,৬০০,নওগাঁ,নওগাঁ,word,76.12
Vehicle426.jpg,ALL,N/A,৬০০,নওগাঁ,নওগাঁ ৬০০,summary,N/A
Vehicle1123.jpg,1,0,৩৩৮২,,৩৩৮২,number,2.42
Vehicle1123.jpg,ALL,N/A,৩৩৮২,,৩৩৮২,summary,N/A
Vehicle922.jpg,1,0,১১০৫৪০,,১১০৫৪০,number,86.93
Vehicle922.jpg,ALL,N/A,১১০৫৪০,,১১০৫৪০,summary,N/A
Vehicle133.jpg,1,0,১১১০৬৮,,১১১০৬৮,number,63.63
Vehicle133.jpg,ALL,N/A,১১১০৬৮,,১১১০৬৮,summary,N/A
Vehicle1408.jpg,1,0,০০০১২৯,মেট্রো,মেট্রো,word,82.80
Vehicle1408.jpg,ALL,N/A,০০০১২৯,মেট্রো,মেট্রো ০০০১২৯,summary,N/A
Vehicle39.jpg,1,0,১১২৩৮৯,কুমিল্লা,১১২৩৮৯,number,78.18
Vehicle39.jpg,ALL,N/A,১১২৩৮৯,কুমিল্লা,কুমিল্লা ১১২৩৮৯,summary,N/A
Vehicle1575.jpeg,1,0,৩৫৮,ঢাকা,৩৫৮,number,72.21
Vehicle1575.jpeg,ALL,N/A,৩৫৮,ঢাকা,ঢাকা ৩৫৮,summary,N/A
Vehicle1083.jpg,1,0,১৩,,১৩,number,17.31
Vehicle1083.jpg,ALL,N/A,১৩,,১৩,summary,N/A
Vehicle176.jpg,1,0,১৭৩৭,,১৭৩৭,number,5.82
Vehicle176.jpg,ALL,N/A,১৭৩৭,,১৭৩৭,summary,N/A
Vehicle1640.jpg,1,0,০২০১৮৭,নারায়ণগঞ্জ,০২০১৮৭,number,99.64
Vehicle1640.jpg,ALL,N/A,০২০১৮৭,নারায়ণগঞ্জ,নারায়ণগঞ্জ ০২০১৮৭,summary,N/A
Vehicle1840.jpeg,1,0,৩০৯১,মেট্রো,৩০৯১,number,84.32
Vehicle1840.jpeg,ALL,N/A,৩০৯১,মেট্রো,মেট্রো ৩০৯১,summary,N/A
Vehicle1629.jpg,1,0,,,,,
Vehicle1629.jpg,ALL,N/A,,,N/A,summary,N/A
Vehicle627.jpg,1,0,,,,,
Vehicle627.jpg,ALL,N/A,,,N/A,summary,N/A
Vehicle1125.jpg,1,0,৭১১৩৫৪,,৭১১৩৫৪,number,69.84
Vehicle1125.jpg,ALL,N/A,৭১১৩৫৪,,৭১১৩৫৪,summary,N/A
Vehicle78.jpg,1,0,১১৮০০৩,,১১৮০০৩,number,99.39
Vehicle78.jpg,ALL,N/A,১১৮০০৩,,১১৮০০৩,summary,N/A
Vehicle960.jpg,1,0,৫৯৮৫,,৫৯৮৫,number,99.72
Vehicle960.jpg,ALL,N/A,৫৯৮৫,,৫৯৮৫,summary,N/A
Vehicle991.jpg,1,0,১৪৯১৪১,,১৪৯১৪১,number,99.59
Vehicle991.jpg,ALL,N/A,১৪৯১৪১,,১৪৯১৪১,summary,N/A
Vehicle1114.jpg,1,0,৩১০০৮০,,৩১০০৮০,number,61.53
Vehicle1114.jpg,ALL,N/A,৩১০০৮০,,৩১০০৮০,summary,N/A
Vehicle1295.jpg,1,0,৩৭৯৮,,৩৭৯৮,number,99.56
Vehicle1295.jpg,ALL,N/A,৩৭৯৮,,৩৭৯৮,summary,N/A
Vehicle1541.jpg,1,0,১১৯১৯৪,,১১৯১৯৪,number,92.40
Vehicle1541.jpg,ALL,N/A,১১৯১৯৪,,১১৯১৯৪,summary,N/A
Vehicle804.jpg,1,0,১১০৯১৪,ভোলা,ভোলা,word,99.94
Vehicle804.jpg,ALL,N/A,১১০৯১৪,ভোলা,ভোলা ১১০৯১৪,summary,N/A
Vehicle1508.jpg,1,0,১২৩৮৬৭,,১২৩৮৬৭,number,63.59
Vehicle1508.jpg,ALL,N/A,১২৩৮৬৭,,১২৩৮৬৭,summary,N/A
Vehicle1461.jpg,1,0,২৩০৮০,,২৩০৮০,number,89.26
Vehicle1461.jpg,ALL,N/A,২৩০৮০,,২৩০৮০,summary,N/A
Vehicle1229.jpg,1,0,১৫৬২৯৯,,১৫৬২৯৯,number,55.50
Vehicle1229.jpg,ALL,N/A,১৫৬২৯৯,,১৫৬২৯৯,summary,N/A
Vehicle51.jpg,1,0,১১১৪১৭,ঠাকুরগাঁও,১১১৪১৭,number,100.00
Vehicle51.jpg,ALL,N/A,১১১৪১৭,ঠাকুরগাঁও,ঠাকুরগাঁও ১১১৪১৭,summary,N/A
Vehicle934.jpg,1,0,২৫৫৪১০,,২৫৫৪১০,number,97.74
Vehicle934.jpg,ALL,N/A,২৫৫৪১০,,২৫৫৪১০,summary,N/A
Vehicle1288.jpg,1,0,১১৫৯৭৩,ঢাকা,১১৫৯৭৩,number,96.24
Vehicle1288.jpg,ALL,N/A,১১৫৯৭৩,ঢাকা,ঢাকা ১১৫৯৭৩,summary,N/A
Vehicle275.jpg,1,0,১১৩৩৬১,,১১৩৩৬১,number,99.98
Vehicle275.jpg,ALL,N/A,১১৩৩৬১,,১১৩৩৬১,summary,N/A
Vehicle1516.jpg,1,0,৫১৪৮৭৩,,৫১৪৮৭৩,number,55.71
Vehicle1516.jpg,ALL,N/A,৫১৪৮৭৩,,৫১৪৮৭৩,summary,N/A
Vehicle788.jpg,1,0,১৩১৩২১,যশোর,১৩১৩২১,number,100.00
Vehicle788.jpg,ALL,N/A,১৩১৩২১,যশোর,যশোর ১৩১৩২১,summary,N/A
Vehicle420.jpg,1,0,৪৩,,৪৩,number,16.91
Vehicle420.jpg,ALL,N/A,৪৩,,৪৩,summary,N/A
Vehicle1716.JPG,1,0,১৪২১,ঢাকা,ঢাকা,word,88.84
Vehicle1716.JPG,ALL,N/A,১৪২১,ঢাকা,ঢাকা ১৪২১,summary,N/A
Vehicle1793.jpeg,1,0,১৫৪৫৩৫,,১৫৪৫৩৫,number,74.36
Vehicle1793.jpeg,ALL,N/A,১৫৪৫৩৫,,১৫৪৫৩৫,summary,N/A
Vehicle1307.jpg,1,0,৩৩৫১,,৩৩৫১,number,74.01
Vehicle1307.jpg,ALL,N/A,৩৩৫১,,৩৩৫১,summary,N/A
Vehicle242.jpg,1,0,১১৯৫,,১১৯৫,number,24.59
Vehicle242.jpg,ALL,N/A,১১৯৫,,১১৯৫,summary,N/A
Vehicle1459.jpg,1,0,৩৭৩৮২,,৩৭৩৮২,number,25.72
Vehicle1459.jpg,ALL,N/A,৩৭৩৮২,,৩৭৩৮২,summary,N/A
Vehicle445.jpg,1,0,২,,২,number,12.04
Vehicle445.jpg,ALL,N/A,২,,২,summary,N/A
Vehicle1443.jpg,1,0,০২১৪২৮,,০২১৪২৮,number,65.39
Vehicle1443.jpg,ALL,N/A,০২১৪২৮,,০২১৪২৮,summary,N/A
Vehicle1187.jpg,1,0,,,,,
Vehicle1187.jpg,ALL,N/A,,,N/A,summary,N/A
Vehicle1019.jpg,1,0,৩১,,৩১,number,52.90
Vehicle1019.jpg,ALL,N/A,৩১,,৩১,summary,N/A
Vehicle173.jpg,1,0,৩৬২৬,,৩৬২৬,number,88.54
Vehicle173.jpg,ALL,N/A,৩৬২৬,,৩৬২৬,summary,N/A
Vehicle622.jpg,1,0,১৪৪৭২৪,,১৪৪৭২৪,number,73.90
Vehicle622.jpg,ALL,N/A,১৪৪৭২৪,,১৪৪৭২৪,summary,N/A
Vehicle457.jpg,1,0,১১৬২৪৯,সিরাজগঞ্জ,১১৬২৪৯,number,100.00
Vehicle457.jpg,ALL,N/A,১১৬২৪৯,সিরাজগঞ্জ,সিরাজগঞ্জ ১১৬২৪৯,summary,N/A
Vehicle1141.jpg,1,0,১১২১৯২,রংপুর,১১২১৯২,number,95.21
Vehicle1141.jpg,ALL,N/A,১১২১৯২,রংপুর,রংপুর ১১২১৯২,summary,N/A
Vehicle655.jpg,1,0,,,,,
Vehicle655.jpg,ALL,N/A,,,N/A,summary,N/A
Vehicle170.jpg,1,0,১১২২৮,কুড়িগ্রাম,১১২২৮,number,96.81
Vehicle170.jpg,ALL,N/A,১১২২৮,কুড়িগ্রাম,কুড়িগ্রাম ১১২২৮,summary,N/A
Vehicle271.jpg,1,0,১১০৮২২,,১১০৮২২,number,93.51
Vehicle271.jpg,ALL,N/A,১১০৮২২,,১১০৮২২,summary,N/A
Vehicle297.jpg,1,0,১১২৫৬৭,নীলফামারী,১১২৫৬৭,number,100.00
Vehicle297.jpg,ALL,N/A,১১২৫৬৭,নীলফামারী,নীলফামারী ১১২৫৬৭,summary,N/A
Vehicle1375.jpg,1,0,৩৭৫৭৯৬,,৩৭৫৭৯৬,number,99.69
Vehicle1375.jpg,ALL,N/A,৩৭৫৭৯৬,,৩৭৫৭৯৬,summary,N/A
Vehicle1889.jpeg,1,0,৫৩৩৬,ঢাকা,৫৩৩৬,number,91.82
Vehicle1889.jpeg,ALL,N/A,৫৩৩৬,ঢাকা,ঢাকা ৫৩৩৬,summary,N/A
Vehicle1509.jpg,1,0,১৯৭৬৪১,,১৯৭৬৪১,number,47.56
Vehicle1509.jpg,ALL,N/A,১৯৭৬৪১,,১৯৭৬৪১,summary,N/A
Vehicle884.jpg,1,0,১২৮৫১৬,,১২৮৫১৬,number,98.73
Vehicle884.jpg,ALL,N/A,১২৮৫১৬,,১২৮৫১৬,summary,N/A
Vehicle1192.jpg,1,0,৭৫৩৫,,৭৫৩৫,number,98.53
Vehicle1192.jpg,ALL,N/A,৭৫৩৫,,৭৫৩৫,summary,N/A
Vehicle1515.jpg,1,0,১১৫৬৮৪,,১১৫৬৮৪,number,37.35
Vehicle1515.jpg,ALL,N/A,১১৫৬৮৪,,১১৫৬৮৪,summary,N/A
Vehicle316.jpg,1,0,১৪৪৯২৪,,১৪৪৯২৪,number,69.99
Vehicle316.jpg,ALL,N/A,১৪৪৯২৪,,১৪৪৯২৪,summary,N/A
Vehicle1700.jpg,1,0,১৩৫৮৩৯,,১৩৫৮৩৯,number,99.76
Vehicle1700.jpg,ALL,N/A,১৩৫৮৩৯,,১৩৫৮৩৯,summary,N/A
Vehicle1198.jpg,1,0,১৯৪০৬,,১৯৪০৬,number,81.63
Vehicle1198.jpg,ALL,N/A,১৯৪০৬,,১৯৪০৬,summary,N/A
Vehicle1531.jpg,1,0,২৩৯৩৫৮,,২৩৯৩৫৮,number,99.99
Vehicle1531.jpg,ALL,N/A,২৩৯৩৫৮,,২৩৯৩৫৮,summary,N/A
Vehicle1791.jpeg,1,0,১১৩,,১১৩,number,93.68
Vehicle1791.jpeg,ALL,N/A,১১৩,,১১৩,summary,N/A
Vehicle1725.jpg,1,0,১২৫৪৭৮,লালমনিরহাট,লালমনিরহাট,word,98.79
Vehicle1725.jpg,ALL,N/A,১২৫৪৭৮,লালমনিরহাট,লালমনিরহাট ১২৫৪৭৮,summary,N/A
Vehicle577.jpg,1,0,,,,,
Vehicle577.jpg,ALL,N/A,,,N/A,summary,N/A
Vehicle38.jpg,1,0,১১০২১,গোপালগঞ্জ,১১০২১,number,80.27
Vehicle38.jpg,ALL,N/A,১১০২১,গোপালগঞ্জ,গোপালগঞ্জ ১১০২১,summary,N/A
Vehicle578.jpg,1,0,১১২৯৬৪,রাজবাড়ী,রাজবাড়ী,word,79.16
Vehicle578.jpg,ALL,N/A,১১২৯৬৪,রাজবাড়ী,রাজবাড়ী ১১২৯৬৪,summary,N/A
Vehicle1204.jpg,1,0,১৭২,,১৭২,number,48.12
Vehicle1204.jpg,ALL,N/A,১৭২,,১৭২,summary,N/A
Vehicle1448.png,1,0,,,,,
Vehicle1448.png,ALL,N/A,,,N/A,summary,N/A
Vehicle380.jpg,1,0,৫৮,,৫৮,number,54.71
Vehicle380.jpg,ALL,N/A,৫৮,,৫৮,summary,N/A
Vehicle1113.jpg,1,0,১৮০৯,ঢাকা,ঢাকা,word,93.02
Vehicle1113.jpg,ALL,N/A,১৮০৯,ঢাকা,ঢাকা ১৮০৯,summary,N/A
Vehicle1505.jpg,1,0,৩২১৯৬৭,,৩২১৯৬৭,number,75.37
Vehicle1505.jpg,ALL,N/A,৩২১৯৬৭,,৩২১৯৬৭,summary,N/A
Vehicle1118.jpg,1,0,২২৫৬২৭,,২২৫৬২৭,number,99.94
Vehicle1118.jpg,ALL,N/A,২২৫৬২৭,,২২৫৬২৭,summary,N/A
Vehicle1814.jpeg,1,0,১৫৫৯৮৭,,১৫৫৯৮৭,number,32.88
Vehicle1814.jpeg,ALL,N/A,১৫৫৯৮৭,,১৫৫৯৮৭,summary,N/A
Vehicle233.jpg,1,0,,,,,
Vehicle233.jpg,2,0,,,,,
Vehicle233.jpg,ALL,N/A,,,N/A,summary,N/A
Vehicle1498.jpg,1,0,১৬৫,,১৬৫,number,93.72
Vehicle1498.jpg,ALL,N/A,১৬৫,,১৬৫,summary,N/A
Vehicle52.jpg,1,0,১৫৪৫২৯,,১৫৪৫২৯,number,92.97
Vehicle52.jpg,ALL,N/A,১৫৪৫২৯,,১৫৪৫২৯,summary,N/A
Vehicle1092.jpg,1,0,২০০০,,২০০০,number,25.14
Vehicle1092.jpg,ALL,N/A,২০০০,,২০০০,summary,N/A
Vehicle737.jpg,1,0,১৫৬৬২৬,ঢাকা,১৫৬৬২৬,number,86.39
Vehicle737.jpg,ALL,N/A,১৫৬৬২৬,ঢাকা,ঢাকা ১৫৬৬২৬,summary,N/A
Vehicle1470.jpg,1,0,১৩০২৬,,১৩০২৬,number,88.57
Vehicle1470.jpg,ALL,N/A,১৩০২৬,,১৩০২৬,summary,N/A
Vehicle963.jpg,1,0,৪৯২০৩৬,,৪৯২০৩৬,number,97.40
Vehicle963.jpg,ALL,N/A,৪৯২০৩৬,,৪৯২০৩৬,summary,N/A
Vehicle1686.jpg,1,0,১১১৯৯৭,,১১১৯৯৭,number,78.54
Vehicle1686.jpg,ALL,N/A,১১১৯৯৭,,১১১৯৯৭,summary,N/A
Vehicle662.jpg,1,0,,,,,
Vehicle662.jpg,ALL,N/A,,,N/A,summary,N/A
Vehicle119.jpg,1,0,,,,,
Vehicle119.jpg,ALL,N/A,,,N/A,summary,N/A
Vehicle1848.jpeg,1,0,১১৮৫৫,,১১৮৫৫,number,99.95
Vehicle1848.jpeg,ALL,N/A,১১৮৫৫,,১১৮৫৫,summary,N/A
Vehicle984.jpg,1,0,১১৭,নাটোর,১১৭,number,99.47
Vehicle984.jpg,ALL,N/A,১১৭,নাটোর,নাটোর ১১৭,summary,N/A
Vehicle542.jpg,1,0,১১৫০৮১,,১১৫০৮১,number,57.67
Vehicle542.jpg,ALL,N/A,১১৫০৮১,,১১৫০৮১,summary,N/A
Vehicle174.jpg,1,0,১৪৭৬৯৪,মেট্রো,মেট্রো,word,76.59
Vehicle174.jpg,ALL,N/A,১৪৭৬৯৪,মেট্রো,মেট্রো ১৪৭৬৯৪,summary,N/A
Vehicle1219.jpg,1,0,১১০৮০১,,১১০৮০১,number,85.91
Vehicle1219.jpg,ALL,N/A,১১০৮০১,,১১০৮০১,summary,N/A
Vehicle1706.jpg,1,0,৫০১০,,৫০১০,number,83.83
Vehicle1706.jpg,ALL,N/A,৫০১০,,৫০১০,summary,N/A
Vehicle1027.jpg,1,0,১২৫৩৮১,,১২৫৩৮১,number,73.34
Vehicle1027.jpg,ALL,N/A,১২৫৩৮১,,১২৫৩৮১,summary,N/A
Vehicle1576.png,1,0,১৪৮,,১৪৮,number,26.95
Vehicle1576.png,2,0,,,,,
Vehicle1576.png,ALL,N/A,১৪৮,,১৪৮,summary,N/A
Vehicle1231.jpg,1,0,৫৯১২৪,,৫৯১২৪,number,86.39
Vehicle1231.jpg,ALL,N/A,৫৯১২৪,,৫৯১২৪,summary,N/A
Vehicle943.jpg,1,0,৭১১৯,,৭১১৯,number,87.21
Vehicle943.jpg,ALL,N/A,৭১১৯,,৭১১৯,summary,N/A
Vehicle1680.jpg,1,0,৩৩২১,,৩৩২১,number,99.99
Vehicle1680.jpg,ALL,N/A,৩৩২১,,৩৩২১,summary,N/A
Vehicle547.jpg,1,0,৩১,ঢাকা,৩১,number,99.62
Vehicle547.jpg,ALL,N/A,৩১,ঢাকা,ঢাকা ৩১,summary,N/A
Vehicle1878.jpeg,1,0,১৩২৩৪৬,,১৩২৩৪৬,number,99.71
Vehicle1878.jpeg,ALL,N/A,১৩২৩৪৬,,১৩২৩৪৬,summary,N/A
Vehicle432.jpg,1,0,২৯৭,যশোর,যশোর,word,94.99
Vehicle432.jpg,ALL,N/A,২৯৭,যশোর,যশোর ২৯৭,summary,N/A
Vehicle1775.jpeg,1,0,১১৪৫৮৪,,১১৪৫৮৪,number,78.90
Vehicle1775.jpeg,ALL,N/A,১১৪৫৮৪,,১১৪৫৮৪,summary,N/A
Vehicle2.jpg,1,0,১২২৯২৯,ঢাকা,ঢাকা,word,73.29
Vehicle2.jpg,ALL,N/A,১২২৯২৯,ঢাকা,ঢাকা ১২২৯২৯,summary,N/A
Vehicle877.jpg,1,0,১২২৯৮২,,১২২৯৮২,number,66.02
Vehicle877.jpg,ALL,N/A,১২২৯৮২,,১২২৯৮২,summary,N/A
Vehicle1314.jpg,1,0,১৯০৪০৫,,১৯০৪০৫,number,97.46
Vehicle1314.jpg,ALL,N/A,১৯০৪০৫,,১৯০৪০৫,summary,N/A
Vehicle1604.jpg,1,0,১২৫০৪২,ঝিনাইদহ,ঝিনাইদহ,word,79.41
Vehicle1604.jpg,ALL,N/A,১২৫০৪২,ঝিনাইদহ,ঝিনাইদহ ১২৫০৪২,summary,N/A
Vehicle482.jpg,1,0,১১৪১,সুনামগঞ্জ,সুনামগঞ্জ,word,85.44
Vehicle482.jpg,ALL,N/A,১১৪১,সুনামগঞ্জ,সুনামগঞ্জ ১১৪১,summary,N/A
Vehicle1833.jpeg,1,0,১১০৭৩৪,টাঙ্গাইল,টাঙ্গাইল,word,68.78
Vehicle1833.jpeg,ALL,N/A,১১০৭৩৪,টাঙ্গাইল,টাঙ্গাইল ১১০৭৩৪,summary,N/A
Vehicle867.jpg,1,0,১৯৬৪৭,,১৯৬৪৭,number,72.01
Vehicle867.jpg,ALL,N/A,১৯৬৪৭,,১৯৬৪৭,summary,N/A
Vehicle387.jpg,1,0,৩৩১৫৩৩০,,৩৩১৫৩৩০,number,30.40
Vehicle387.jpg,ALL,N/A,৩৩১৫৩৩০,,৩৩১৫৩৩০,summary,N/A
Vehicle1283.jpg,1,0,১৯৭১১,,১৯৭১১,number,86.42
Vehicle1283.jpg,ALL,N/A,১৯৭১১,,১৯৭১১,summary,N/A
Vehicle1018.jpg,1,0,,,,,
Vehicle1018.jpg,ALL,N/A,,,N/A,summary,N/A
Vehicle126.jpg,1,0,১২৩৬২২,,১২৩৬২২,number,99.95
Vehicle126.jpg,ALL,N/A,১২৩৬২২,,১২৩৬২২,summary,N/A
Vehicle1182.jpg,1,0,০০৮,,০০৮,number,84.13
Vehicle1182.jpg,ALL,N/A,০০৮,,০০৮,summary,N/A
Vehicle1205.jpg,1,0,১,,১,number,3.43
Vehicle1205.jpg,ALL,N/A,১,,১,summary,N/A
Vehicle672.jpg,1,0,১২১৫০৭,,১২১৫০৭,number,71.46
Vehicle672.jpg,ALL,N/A,১২১৫০৭,,১২১৫০৭,summary,N/A
Vehicle1749.jpeg,1,0,১৫২৬৬৪,ময়মনসিংহ,১৫২৬৬৪,number,99.50
Vehicle1749.jpeg,ALL,N/A,১৫২৬৬৪,ময়মনসিংহ,ময়মনসিংহ ১৫২৬৬৪,summary,N/A
Vehicle944.jpg,1,0,১১২৯১০,,১১২৯১০,number,99.99
Vehicle944.jpg,ALL,N/A,১১২৯১০,,১১২৯১০,summary,N/A
Vehicle929.jpg,1,0,১১১২১৬,ঢাকা,ঢাকা,word,78.51
Vehicle929.jpg,ALL,N/A,১১১২১৬,ঢাকা,ঢাকা ১১১২১৬,summary,N/A
Vehicle342.jpg,1,0,১১১১৬৫,পটুয়াখালী,পটুয়াখালী,word,82.85
Vehicle342.jpg,ALL,N/A,১১১১৬৫,পটুয়াখালী,পটুয়াখালী ১১১১৬৫,summary,N/A
Vehicle204.jpg,1,0,১২২০২৭,পাবনা,১২২০২৭,number,100.00
Vehicle204.jpg,ALL,N/A,১২২০২৭,পাবনা,পাবনা ১২২০২৭,summary,N/A
Vehicle1808.jpeg,1,0,১৯০০২,,১৯০০২,number,41.17
Vehicle1808.jpeg,ALL,N/A,১৯০০২,,১৯০০২,summary,N/A
Vehicle729.jpg,1,0,১১২০৩৪,,১১২০৩৪,number,89.10
Vehicle729.jpg,ALL,N/A,১১২০৩৪,,১১২০৩৪,summary,N/A
Vehicle486.jpg,1,0,১১১৯১৬,পিরোজপুর,১১১৯১৬,number,97.11
Vehicle486.jpg,ALL,N/A,১১১৯১৬,পিরোজপুর,পিরোজপুর ১১১৯১৬,summary,N/A
Vehicle1785.jpeg,1,0,১১,,১১,number,99.48
Vehicle1785.jpeg,ALL,N/A,১১,,১১,summary,N/A
Vehicle1542.jpg,1,0,৩৬৪১,,৩৬৪১,number,93.89
Vehicle1542.jpg,ALL,N/A,৩৬৪১,,৩৬৪১,summary,N/A
Vehicle1823.jpeg,1,0,১৪৬৬,টাঙ্গাইল,টাঙ্গাইল,word,85.30
Vehicle1823.jpeg,ALL,N/A,১৪৬৬,টাঙ্গাইল,টাঙ্গাইল ১৪৬৬,summary,N/A
Vehicle1851.jpeg,1,0,১১১০১০,,১১১০১০,number,97.79
Vehicle1851.jpeg,ALL,N/A,১১১০১০,,১১১০১০,summary,N/A
Vehicle1224.jpg,1,0,১০৫০,পিরোজপুর,পিরোজপুর,word,85.18
Vehicle1224.jpg,ALL,N/A,১০৫০,পিরোজপুর,পিরোজপুর ১০৫০,summary,N/A
Vehicle683.jpg,1,0,২৭৯৩৫০,,২৭৯৩৫০,number,92.16
Vehicle683.jpg,ALL,N/A,২৭৯৩৫০,,২৭৯৩৫০,summary,N/A
Vehicle1688.jpg,1,0,১১০৮৯৪,মেট্রো,১১০৮৯৪,number,83.33
Vehicle1688.jpg,ALL,N/A,১১০৮৯৪,মেট্রো,মেট্রো ১১০৮৯৪,summary,N/A
Vehicle609.jpg,1,0,১১৫৭৭,ময়মনসিংহ,ময়মনসিংহ,word,77.88
Vehicle609.jpg,ALL,N/A,১১৫৭৭,ময়মনসিংহ,ময়মনসিংহ ১১৫৭৭,summary,N/A
Vehicle193.jpg,1,0,১১৩৩২৩,হবিগঞ্জ,হবিগঞ্জ,word,70.50
Vehicle193.jpg,ALL,N/A,১১৩৩২৩,হবিগঞ্জ,হবিগঞ্জ ১১৩৩২৩,summary,N/A
Vehicle86.jpg,1,0,১১২৪২০,,১১২৪২০,number,53.47
Vehicle86.jpg,ALL,N/A,১১২৪২০,,১১২৪২০,summary,N/A
Vehicle128.jpg,1,0,১৯০২২৭,চুয়াডাঙ্গা,১৯০২২৭,number,99.95
Vehicle128.jpg,ALL,N/A,১৯০২২৭,চুয়াডাঙ্গা,চুয়াডাঙ্গা ১৯০২২৭,summary,N/A
Vehicle431.jpg,1,0,৩০৩৯,,৩০৩৯,number,75.99
Vehicle431.jpg,ALL,N/A,৩০৩৯,,৩০৩৯,summary,N/A
Vehicle725.jpg,1,0,,,,,
Vehicle725.jpg,ALL,N/A,,,N/A,summary,N/A
Vehicle115.jpg,1,0,৪১৯০২৯,মেট্রো,৪১৯০২৯,number,99.77
Vehicle115.jpg,ALL,N/A,৪১৯০২৯,মেট্রো,মেট্রো ৪১৯০২৯,summary,N/A
Vehicle1440.jpg,1,0,,মেট্রো,মেট্রো,word,88.76
Vehicle1440.jpg,ALL,N/A,,মেট্রো,মেট্রো,summary,N/A
Vehicle1484.jpg,1,0,১৬৯৯০১,সাতক্ষীরা,১৬৯৯০১,number,99.99
Vehicle1484.jpg,ALL,N/A,১৬৯৯০১,সাতক্ষীরা,সাতক্ষীরা ১৬৯৯০১,summary,N/A
Vehicle246.jpg,1,0,২৪৬০৫,,২৪৬০৫,number,99.99
Vehicle246.jpg,ALL,N/A,২৪৬০৫,,২৪৬০৫,summary,N/A
Vehicle240.jpg,1,0,,,,,
Vehicle240.jpg,ALL,N/A,,,N/A,summary,N/A
Vehicle890.jpg,1,0,১১২৫২২,গোপালগঞ্জ,১১২৫২২,number,87.74
Vehicle890.jpg,ALL,N/A,১১২৫২২,গোপালগঞ্জ,গোপালগঞ্জ ১১২৫২২,summary,N/A
Vehicle1525.jpeg,1,0,১১১৪৪২,,১১১৪৪২,number,98.08
Vehicle1525.jpeg,ALL,N/A,১১১৪৪২,,১১১৪৪২,summary,N/A
Vehicle1367.jpg,1,0,,,,,
Vehicle1367.jpg,ALL,N/A,,,N/A,summary,N/A
Vehicle1613.jpg,1,0,২১০৩৪,,২১০৩৪,number,95.85
Vehicle1613.jpg,ALL,N/A,২১০৩৪,,২১০৩৪,summary,N/A
Vehicle932.jpg,1,0,,,,,
Vehicle932.jpg,ALL,N/A,,,N/A,summary,N/A
Vehicle565.jpg,1,0,১০৬,,১০৬,number,70.69
Vehicle565.jpg,ALL,N/A,১০৬,,১০৬,summary,N/A
Vehicle79.jpg,1,0,১২৬৬৮২,ঠাকুরগাঁও,১২৬৬৮২,number,99.96
Vehicle79.jpg,ALL,N/A,১২৬৬৮২,ঠাকুরগাঁও,ঠাকুরগাঁও ১২৬৬৮২,summary,N/A
Vehicle1465.jpg,1,0,১০৫০,রাঙামাটি,১০৫০,number,100.00
Vehicle1465.jpg,ALL,N/A,১০৫০,রাঙামাটি,রাঙামাটি ১০৫০,summary,N/A
Vehicle1850.jpeg,1,0,১৭৯৬৭৬,মেট্রো,মেট্রো,word,99.88
Vehicle1850.jpeg,ALL,N/A,১৭৯৬৭৬,মেট্রো,মেট্রো ১৭৯৬৭৬,summary,N/A
Vehicle813.jpg,1,0,১২৮৫,জামালপুর,জামালপুর,word,71.91
Vehicle813.jpg,ALL,N/A,১২৮৫,জামালপুর,জামালপুর ১২৮৫,summary,N/A
Vehicle1773.jpeg,1,0,১১১৩৭৩,,১১১৩৭৩,number,99.87
Vehicle1773.jpeg,ALL,N/A,১১১৩৭৩,,১১১৩৭৩,summary,N/A
Vehicle1747.jpeg,1,0,১৫৩৬৯৮,ময়মনসিংহ,১৫৩৬৯৮,number,98.03
Vehicle1747.jpeg,ALL,N/A,১৫৩৬৯৮,ময়মনসিংহ,ময়মনসিংহ ১৫৩৬৯৮,summary,N/A
Vehicle218.jpg,1,0,১৬৫৪৮৭,,১৬৫৪৮৭,number,66.37
Vehicle218.jpg,ALL,N/A,১৬৫৪৮৭,,১৬৫৪৮৭,summary,N/A
Vehicle605.jpg,1,0,৬১৭৬,,৬১৭৬,number,56.58
Vehicle605.jpg,ALL,N/A,৬১৭৬,,৬১৭৬,summary,N/A
Vehicle171.jpg,1,0,১১০৭৮১,সিরাজগঞ্জ,সিরাজগঞ্জ,word,88.98
Vehicle171.jpg,ALL,N/A,১১০৭৮১,সিরাজগঞ্জ,সিরাজগঞ্জ ১১০৭৮১,summary,N/A
Vehicle1266.jpg,1,0,৭,,৭,number,7.45
Vehicle1266.jpg,ALL,N/A,৭,,৭,summary,N/A
Vehicle331.jpg,1,0,১১৩৯০১,,১১৩৯০১,number,67.95
Vehicle331.jpg,ALL,N/A,১১৩৯০১,,১১৩৯০১,summary,N/A
Vehicle639.jpg,1,0,১৯১৪১৩৪৬,,১৯১৪১৩৪৬,number,14.56
Vehicle639.jpg,2,0,১১১৩৪৩,,১১১৩৪৩,number,42.28
Vehicle639.jpg,ALL,N/A,১৯১৪১৩৪৬,,১৯১৪১৩৪৬,summary,N/A
Vehicle386.jpg,1,0,৪১১৪,,৪১১৪,number,86.60
Vehicle386.jpg,ALL,N/A,৪১১৪,,৪১১৪,summary,N/A
Vehicle710.jpg,1,0,১৩৬৭,কুড়িগ্রাম,কুড়িগ্রাম,word,85.41
Vehicle710.jpg,ALL,N/A,১৩৬৭,কুড়িগ্রাম,কুড়িগ্রাম ১৩৬৭,summary,N/A
Vehicle291.jpg,1,0,১১৩৩২৮,বরিশাল,১১৩৩২৮,number,96.50
Vehicle291.jpg,ALL,N/A,১১৩৩২৮,বরিশাল,বরিশাল ১১৩৩২৮,summary,N/A
Vehicle449.jpg,1,0,১১৩৭৩,লক্ষ্মীপুর,লক্ষ্মীপুর,word,71.86
Vehicle449.jpg,ALL,N/A,১১৩৭৩,লক্ষ্মীপুর,লক্ষ্মীপুর ১১৩৭৩,summary,N/A
Vehicle1638.jpg,1,0,,,,,
Vehicle1638.jpg,ALL,N/A,,,N/A,summary,N/A
Vehicle548.jpg,1,0,,,,,
Vehicle548.jpg,ALL,N/A,,,N/A,summary,N/A
Vehicle1374.jpg,1,0,২১৬০১,মেট্রো,২১৬০১,number,89.22
Vehicle1374.jpg,ALL,N/A,২১৬০১,মেট্রো,মেট্রো ২১৬০১,summary,N/A
Vehicle236.jpg,1,0,১১১৮১৩,,১১১৮১৩,number,99.93
Vehicle236.jpg,ALL,N/A,১১১৮১৩,,১১১৮১৩,summary,N/A
Vehicle1438.jpg,1,0,১৫২৫১১,,১৫২৫১১,number,90.79
Vehicle1438.jpg,ALL,N/A,১৫২৫১১,,১৫২৫১১,summary,N/A
Vehicle1058.jpg,1,0,২২২৮৬৪,,২২২৮৬৪,number,70.38
Vehicle1058.jpg,ALL,N/A,২২২৮৬৪,,২২২৮৬৪,summary,N/A
Vehicle1350.jpg,1,0,২১৩৪৮৫,,২১৩৪৮৫,number,98.60
Vehicle1350.jpg,ALL,N/A,২১৩৪৮৫,,২১৩৪৮৫,summary,N/A
Vehicle950.jpg,1,0,১৩৩,,১৩৩,number,52.56
Vehicle950.jpg,ALL,N/A,১৩৩,,১৩৩,summary,N/A
Vehicle1518.jpg,1,0,১১২০১৮৭,,১১২০১৮৭,number,60.67
Vehicle1518.jpg,ALL,N/A,১১২০১৮৭,,১১২০১৮৭,summary,N/A
Vehicle730.jpg,1,0,১১৮০৭৯,,১১৮০৭৯,number,99.87
Vehicle730.jpg,ALL,N/A,১১৮০৭৯,,১১৮০৭৯,summary,N/A
Vehicle1852.jpeg,1,0,৪২০০৩২,মেট্রো,মেট্রো,word,98.14
Vehicle1852.jpeg,ALL,N/A,৪২০০৩২,মেট্রো,মেট্রো ৪২০০৩২,summary,N/A
Vehicle415.jpg,1,0,৩৩৬১২৮,,৩৩৬১২৮,number,85.04
Vehicle415.jpg,ALL,N/A,৩৩৬১২৮,,৩৩৬১২৮,summary,N/A
Vehicle332.jpg,1,0,০২৬৮,ঢাকা,ঢাকা,word,85.18
Vehicle332.jpg,2,0,৬০২৬৮,মেট্রো,৬০২৬৮,number,98.33
Vehicle332.jpg,ALL,N/A,০২৬৮,ঢাকা,ঢাকা ০২৬৮,summary,N/A
Vehicle1914.jpeg,1,0,৩০২০,জামালপুর,৩০২০,number,99.97
Vehicle1914.jpeg,ALL,N/A,৩০২০,জামালপুর,জামালপুর ৩০২০,summary,N/A
Vehicle1815.jpeg,1,0,১৫৫১৮১,,১৫৫১৮১,number,85.21
Vehicle1815.jpeg,ALL,N/A,১৫৫১৮১,,১৫৫১৮১,summary,N/A
Vehicle540.jpg,1,0,১১৫৩৪,সিরাজগঞ্জ,সিরাজগঞ্জ,word,95.34
Vehicle540.jpg,ALL,N/A,১১৫৩৪,সিরাজগঞ্জ,সিরাজগঞ্জ ১১৫৩৪,summary,N/A
Vehicle1409.jpg,1,0,৬৪১৬০,,৬৪১৬০,number,13.35
Vehicle1409.jpg,2,0,,,,,
Vehicle1409.jpg,ALL,N/A,৬৪১৬০,,৬৪১৬০,summary,N/A
Vehicle1723.jpg,1,0,১২৮৩৭১,লালমনিরহাট,লালমনিরহাট,word,89.29
Vehicle1723.jpg,ALL,N/A,১২৮৩৭১,লালমনিরহাট,লালমনিরহাট ১২৮৩৭১,summary,N/A
Vehicle34.jpg,1,0,১৩৪৩৫,ময়মনসিংহ,১৩৪৩৫,number,98.66
Vehicle34.jpg,ALL,N/A,১৩৪৩৫,ময়মনসিংহ,ময়মনসিংহ ১৩৪৩৫,summary,N/A
Vehicle1669.jpg,1,0,১১০৩২৯,,১১০৩২৯,number,99.99
Vehicle1669.jpg,ALL,N/A,১১০৩২৯,,১১০৩২৯,summary,N/A
Vehicle146.jpg,1,0,১১০৮৮০,সুনামগঞ্জ,১১০৮৮০,number,99.40
Vehicle146.jpg,ALL,N/A,১১০৮৮০,সুনামগঞ্জ,সুনামগঞ্জ ১১০৮৮০,summary,N/A
Vehicle1915.jpeg,1,0,,,,,
Vehicle1915.jpeg,ALL,N/A,,,N/A,summary,N/A
Vehicle177.jpg,1,0,১১৩১,,১১৩১,number,74.77
Vehicle177.jpg,ALL,N/A,১১৩১,,১১৩১,summary,N/A
Vehicle1517.jpg,1,0,৩৯২৯৯৯,,৩৯২৯৯৯,number,99.94
Vehicle1517.jpg,ALL,N/A,৩৯২৯৯৯,,৩৯২৯৯৯,summary,N/A
Vehicle1005.jpg,1,0,১১৮১৪৪,,১১৮১৪৪,number,60.26
Vehicle1005.jpg,ALL,N/A,১১৮১৪৪,,১১৮১৪৪,summary,N/A
Vehicle1909.jpeg,1,0,২০১৯,,২০১৯,number,15.85
Vehicle1909.jpeg,ALL,N/A,২০১৯,,২০১৯,summary,N/A
Vehicle1026.jpg,1,0,১৫,,১৫,number,98.56
Vehicle1026.jpg,ALL,N/A,১৫,,১৫,summary,N/A
Vehicle251.jpg,1,0,২১২৩২৮১,সাতক্ষীরা,সাতক্ষীরা,word,89.17
Vehicle251.jpg,ALL,N/A,২১২৩২৮১,সাতক্ষীরা,সাতক্ষীরা ২১২৩২৮১,summary,N/A
Vehicle180.jpg,1,0,১২৭১,,১২৭১,number,89.88
Vehicle180.jpg,ALL,N/A,১২৭১,,১২৭১,summary,N/A
Vehicle875.jpg,1,0,১১২৯১৬,,১১২৯১৬,number,69.95
Vehicle875.jpg,ALL,N/A,১১২৯১৬,,১১২৯১৬,summary,N/A
Vehicle848.jpg,1,0,১১০৬৫৫,পটুয়াখালী,১১০৬৫৫,number,93.04
Vehicle848.jpg,ALL,N/A,১১০৬৫৫,পটুয়াখালী,পটুয়াখালী ১১০৬৫৫,summary,N/A
Vehicle588.jpg,1,0,১১৬১৬১,সিরাজগঞ্জ,১১৬১৬১,number,99.57
Vehicle588.jpg,ALL,N/A,১১৬১৬১,সিরাজগঞ্জ,সিরাজগঞ্জ ১১৬১৬১,summary,N/A
Vehicle520.jpg,1,0,১১৪৭৫৯,ঝালকাঠি,১১৪৭৫৯,number,99.93
Vehicle520.jpg,ALL,N/A,১১৪৭৫৯,ঝালকাঠি,ঝালকাঠি ১১৪৭৫৯,summary,N/A
Vehicle1437.jpg,1,0,১৯০০৮৫,,১৯০০৮৫,number,67.56
Vehicle1437.jpg,ALL,N/A,১৯০০৮৫,,১৯০০৮৫,summary,N/A
Vehicle1179.jpg,1,0,২২৫৬২,,২২৫৬২,number,99.86
Vehicle1179.jpg,ALL,N/A,২২৫৬২,,২২৫৬২,summary,N/A
Vehicle801.jpg,1,0,১১,,১১,number,40.14
Vehicle801.jpg,ALL,N/A,১১,,১১,summary,N/A
Vehicle1486.jpg,1,0,১১০৩৩,পিরোজপুর,পিরোজপুর,word,84.39
Vehicle1486.jpg,ALL,N/A,১১০৩৩,পিরোজপুর,পিরোজপুর ১১০৩৩,summary,N/A
Vehicle303.jpg,1,0,৬৩,,৬৩,number,14.52
Vehicle303.jpg,ALL,N/A,৬৩,,৬৩,summary,N/A
Vehicle1185.jpg,1,0,২২০৩২৭,,২২০৩২৭,number,70.40
Vehicle1185.jpg,ALL,N/A,২২০৩২৭,,২২০৩২৭,summary,N/A
Vehicle1714.jpg,1,0,১৩১৪২৬,,১৩১৪২৬,number,76.65
Vehicle1714.jpg,ALL,N/A,১৩১৪২৬,,১৩১৪২৬,summary,N/A
Vehicle1906.jpeg,1,0,১৫১৪৪৫,,১৫১৪৪৫,number,98.71
Vehicle1906.jpeg,ALL,N/A,১৫১৪৪৫,,১৫১৪৪৫,summary,N/A
Vehicle1197.jpg,1,0,১৪৫,,১৪৫,number,8.75
Vehicle1197.jpg,ALL,N/A,১৪৫,,১৪৫,summary,N/A
Vehicle673.jpg,1,0,,,,,
Vehicle673.jpg,ALL,N/A,,,N/A,summary,N/A
Vehicle1089.jpg,1,0,১৩০০৮৮,,১৩০০৮৮,number,99.91
Vehicle1089.jpg,ALL,N/A,১৩০০৮৮,,১৩০০৮৮,summary,N/A
Vehicle583.jpg,1,0,৩৬৫,নাটোর,৩৬৫,number,82.26
Vehicle583.jpg,ALL,N/A,৩৬৫,নাটোর,নাটোর ৩৬৫,summary,N/A
Vehicle117.jpg,1,0,১১১,,১১১,number,8.95
Vehicle117.jpg,ALL,N/A,১১১,,১১১,summary,N/A
Vehicle310.jpg,1,0,,,,,
Vehicle310.jpg,ALL,N/A,,,N/A,summary,N/A
Vehicle317.jpg,1,0,১১১৮৪৭,,১১১৮৪৭,number,69.19
Vehicle317.jpg,ALL,N/A,১১১৮৪৭,,১১১৮৪৭,summary,N/A
Vehicle1316.jpg,1,0,৭২৮৯,মেট্রো,৭২৮৯,number,92.97
Vehicle1316.jpg,ALL,N/A,৭২৮৯,মেট্রো,মেট্রো ৭২৮৯,summary,N/A
Vehicle765.jpg,1,0,৩৬৬৬৩৭,ঢাকা,ঢাকা,word,93.95
Vehicle765.jpg,ALL,N/A,৩৬৬৬৩৭,ঢাকা,ঢাকা ৩৬৬৬৩৭,summary,N/A
Vehicle1065.jpg,1,0,১২৪১০৫,,১২৪১০৫,number,98.85
Vehicle1065.jpg,ALL,N/A,১২৪১০৫,,১২৪১০৫,summary,N/A
Vehicle518.jpg,1,0,১১৫৬৯২,,১১৫৬৯২,number,99.86
Vehicle518.jpg,ALL,N/A,১১৫৬৯২,,১১৫৬৯২,summary,N/A
Vehicle1096.jpg,1,0,,,,,
Vehicle1096.jpg,ALL,N/A,,,N/A,summary,N/A
Vehicle1547.jpeg,1,0,৩৫৬৫৮৭,,৩৫৬৫৮৭,number,72.13
Vehicle1547.jpeg,ALL,N/A,৩৫৬৫৮৭,,৩৫৬৫৮৭,summary,N/A
Vehicle903.jpg,1,0,১৭৯৬০১,,১৭৯৬০১,number,83.78
Vehicle903.jpg,ALL,N/A,১৭৯৬০১,,১৭৯৬০১,summary,N/A
Vehicle1772.jpeg,1,0,৪৬৮৮২৮,,৪৬৮৮২৮,number,31.58
Vehicle1772.jpeg,ALL,N/A,৪৬৮৮২৮,,৪৬৮৮২৮,summary,N/A
Vehicle1559.jpg,1,0,১২৮৫১৮,মেট্রো,১২৮৫১৮,number,92.13
Vehicle1559.jpg,ALL,N/A,১২৮৫১৮,মেট্রো,মেট্রো ১২৮৫১৮,summary,N/A
Vehicle1160.jpg,1,0,,,,,
Vehicle1160.jpg,ALL,N/A,,,N/A,summary,N/A
Vehicle229.jpg,1,0,১১৯০১৬,,১১৯০১৬,number,33.31
Vehicle229.jpg,ALL,N/A,১১৯০১৬,,১১৯০১৬,summary,N/A
Vehicle624.jpg,1,0,১৬১৩৩৯,ঢাকা,ঢাকা,word,84.66
Vehicle624.jpg,ALL,N/A,১৬১৩৩৯,ঢাকা,ঢাকা ১৬১৩৩৯,summary,N/A
Vehicle1148.jpg,1,0,১৫৬১৪৪,,১৫৬১৪৪,number,90.18
Vehicle1148.jpg,ALL,N/A,১৫৬১৪৪,,১৫৬১৪৪,summary,N/A
Vehicle1927.jpeg,1,0,১২৫০০৬,বাগেরহাট,১২৫০০৬,number,92.74
Vehicle1927.jpeg,ALL,N/A,১২৫০০৬,বাগেরহাট,বাগেরহাট ১২৫০০৬,summary,N/A
Vehicle264.jpg,1,0,১১২০৭৮,,১১২০৭৮,number,99.99
Vehicle264.jpg,ALL,N/A,১১২০৭৮,,১১২০৭৮,summary,N/A
Vehicle1769.jpeg,1,0,১১৬৫৯০,,১১৬৫৯০,number,92.72
Vehicle1769.jpeg,ALL,N/A,১১৬৫৯০,,১১৬৫৯০,summary,N/A
Vehicle1740.jpg,1,0,১১১৯২৮,মেট্রো,১১১৯২৮,number,97.00
Vehicle1740.jpg,ALL,N/A,১১১৯২৮,মেট্রো,মেট্রো ১১১৯২৮,summary,N/A
Vehicle1213.jpg,1,0,১০৪০৯,কুড়িগ্রাম,কুড়িগ্রাম,word,82.14
Vehicle1213.jpg,ALL,N/A,১০৪০৯,কুড়িগ্রাম,কুড়িগ্রাম ১০৪০৯,summary,N/A
Vehicle748.jpg,1,0,১৯০১৭০,মেট্রো,১৯০১৭০,number,94.44
Vehicle748.jpg,ALL,N/A,১৯০১৭০,মেট্রো,মেট্রো ১৯০১৭০,summary,N/A
Vehicle556.jpg,1,0,১২৭১৬৫,কিশোরগঞ্জ,১২৭১৬৫,number,99.98
Vehicle556.jpg,ALL,N/A,১২৭১৬৫,কিশোরগঞ্জ,কিশোরগঞ্জ ১২৭১৬৫,summary,N/A
Vehicle697.jpg,1,0,১৭০৮০২,,১৭০৮০২,number,77.30
Vehicle697.jpg,ALL,N/A,১৭০৮০২,,১৭০৮০২,summary,N/A
Vehicle1028.jpg,1,0,,,,,
Vehicle1028.jpg,ALL,N/A,,,N/A,summary,N/A
Vehicle749.jpg,1,0,৫৪০১৮০,মেট্রো,মেট্রো,word,95.46
Vehicle749.jpg,ALL,N/A,৫৪০১৮০,মেট্রো,মেট্রো ৫৪০১৮০,summary,N/A
Vehicle942.jpg,1,0,১১১৩০৬,,১১১৩০৬,number,48.98
Vehicle942.jpg,ALL,N/A,১১১৩০৬,,১১১৩০৬,summary,N/A
Vehicle598.jpg,1,0,১১,,১১,number,40.84
Vehicle598.jpg,ALL,N/A,১১,,১১,summary,N/A
Vehicle440.jpg,1,0,১২৫৪১৮,সাতক্ষীরা,সাতক্ষীরা,word,87.54
Vehicle440.jpg,ALL,N/A,১২৫৪১৮,সাতক্ষীরা,সাতক্ষীরা ১২৫৪১৮,summary,N/A
Vehicle50.jpg,1,0,১২২৮৪৩,সাতক্ষীরা,সাতক্ষীরা,word,83.55
Vehicle50.jpg,ALL,N/A,১২২৮৪৩,সাতক্ষীরা,সাতক্ষীরা ১২২৮৪৩,summary,N/A
Vehicle239.jpg,1,0,৫১০০৩,ঢাকা,৫১০০৩,number,99.13
Vehicle239.jpg,ALL,N/A,৫১০০৩,ঢাকা,ঢাকা ৫১০০৩,summary,N/A
Vehicle346.jpg,1,0,১২৫২৬২,মানিকগঞ্জ,মানিকগঞ্জ,word,83.45
Vehicle346.jpg,ALL,N/A,১২৫২৬২,মানিকগঞ্জ,মানিকগঞ্জ ১২৫২৬২,summary,N/A
Vehicle135.jpg,1,0,১১৬৫২৩,লক্ষ্মীপুর,১১৬৫২৩,number,96.71
Vehicle135.jpg,ALL,N/A,১১৬৫২৩,লক্ষ্মীপুর,লক্ষ্মীপুর ১১৬৫২৩,summary,N/A
Vehicle902.jpg,1,0,১৫৬৩৬৬,,১৫৬৩৬৬,number,99.97
Vehicle902.jpg,ALL,N/A,১৫৬৩৬৬,,১৫৬৩৬৬,summary,N/A
Vehicle892.jpg,1,0,,,,,
Vehicle892.jpg,ALL,N/A,,,N/A,summary,N/A
Vehicle455.jpg,1,0,৫,,৫,number,48.39
Vehicle455.jpg,ALL,N/A,৫,,৫,summary,N/A
Vehicle265.jpg,1,0,১৯৫১৩৭,,১৯৫১৩৭,number,75.16
Vehicle265.jpg,ALL,N/A,১৯৫১৩৭,,১৯৫১৩৭,summary,N/A
Vehicle1151.jpg,1,0,৩৮১,,৩৮১,number,99.26
Vehicle1151.jpg,ALL,N/A,৩৮১,,৩৮১,summary,N/A
Vehicle355.jpg,1,0,১১০১,,১১০১,number,99.99
Vehicle355.jpg,ALL,N/A,১১০১,,১১০১,summary,N/A
Vehicle465.jpg,1,0,,,,,
Vehicle465.jpg,ALL,N/A,,,N/A,summary,N/A
Vehicle799.jpg,1,0,,,,,
Vehicle799.jpg,ALL,N/A,,,N/A,summary,N/A
Vehicle1291.jpg,1,0,২০৯৩৬৩,,২০৯৩৬৩,number,65.96
Vehicle1291.jpg,ALL,N/A,২০৯৩৬৩,,২০৯৩৬৩,summary,N/A
Vehicle525.jpg,1,0,১১৪৭৫০,পটুয়াখালী,১১৪৭৫০,number,98.13
Vehicle525.jpg,ALL,N/A,১১৪৭৫০,পটুয়াখালী,পটুয়াখালী ১১৪৭৫০,summary,N/A
Vehicle1457.jpg,1,0,১৩১৭৯৯,,১৩১৭৯৯,number,60.43
Vehicle1457.jpg,ALL,N/A,১৩১৭৯৯,,১৩১৭৯৯,summary,N/A
Vehicle923.jpg,1,0,৮৬,,৮৬,number,22.34
Vehicle923.jpg,ALL,N/A,৮৬,,৮৬,summary,N/A
Vehicle1372.jpg,1,0,৩১৩১২০,,৩১৩১২০,number,99.92
Vehicle1372.jpg,ALL,N/A,৩১৩১২০,,৩১৩১২০,summary,N/A
Vehicle857.jpg,1,0,,,,,
Vehicle857.jpg,ALL,N/A,,,N/A,summary,N/A
Vehicle891.jpg,1,0,৩১০০৮০,,৩১০০৮০,number,98.94
Vehicle891.jpg,ALL,N/A,৩১০০৮০,,৩১০০৮০,summary,N/A
Vehicle1351.jpg,1,0,১৪৫৯২৩,মেট্রো,১৪৫৯২৩,number,100.00
Vehicle1351.jpg,ALL,N/A,১৪৫৯২৩,মেট্রো,মেট্রো ১৪৫৯২৩,summary,N/A
Vehicle497.jpg,1,0,১৪২৪৪,,১৪২৪৪,number,93.91
Vehicle497.jpg,ALL,N/A,১৪২৪৪,,১৪২৪৪,summary,N/A
Vehicle580.jpg,1,0,,,,,
Vehicle580.jpg,ALL,N/A,,,N/A,summary,N/A
Vehicle416.jpg,1,0,১১৭১২০,,১১৭১২০,number,44.16
Vehicle416.jpg,ALL,N/A,১১৭১২০,,১১৭১২০,summary,N/A
Vehicle858.jpg,1,0,১১১৩৩৬,,১১১৩৩৬,number,88.32
Vehicle858.jpg,ALL,N/A,১১১৩৩৬,,১১১৩৩৬,summary,N/A
Vehicle211.jpg,1,0,৩২৬৮,,৩২৬৮,number,100.00
Vehicle211.jpg,ALL,N/A,৩২৬৮,,৩২৬৮,summary,N/A
Vehicle852.jpg,1,0,,মৌলভীবাজার,মৌলভীবাজার,word,72.68
Vehicle852.jpg,ALL,N/A,,মৌলভীবাজার,মৌলভীবাজার,summary,N/A
Vehicle1327.jpg,1,0,,,,,
Vehicle1327.jpg,ALL,N/A,,,N/A,summary,N/A
Vehicle1563.jpeg,1,0,১১০৩২০,,১১০৩২০,number,97.84
Vehicle1563.jpeg,ALL,N/A,১১০৩২০,,১১০৩২০,summary,N/A
Vehicle1736.png,1,0,৪২৭৮৬৮,,৪২৭৮৬৮,number,91.78
Vehicle1736.png,ALL,N/A,৪২৭৮৬৮,,৪২৭৮৬৮,summary,N/A
Vehicle22.jpg,1,0,,,,,
Vehicle22.jpg,2,0,,,,,
Vehicle22.jpg,ALL,N/A,,,N/A,summary,N/A
Vehicle705.jpg,1,0,১৩২৭২০,পাবনা,১৩২৭২০,number,99.97
Vehicle705.jpg,ALL,N/A,১৩২৭২০,পাবনা,পাবনা ১৩২৭২০,summary,N/A
Vehicle803.jpg,1,0,১১১৭৪৭,কিশোরগঞ্জ,১১১৭৪৭,number,99.72
Vehicle803.jpg,ALL,N/A,১১১৭৪৭,কিশোরগঞ্জ,কিশোরগঞ্জ ১১১৭৪৭,summary,N/A
Vehicle1070.jpg,1,0,,,,,
Vehicle1070.jpg,ALL,N/A,,,N/A,summary,N/A
Vehicle1193.jpg,1,0,২৫৯৭৮১,,২৫৯৭৮১,number,91.88
Vehicle1193.jpg,ALL,N/A,২৫৯৭৮১,,২৫৯৭৮১,summary,N/A
Vehicle860.jpg,1,0,১১৪১২৮,,১১৪১২৮,number,67.47
Vehicle860.jpg,ALL,N/A,১১৪১২৮,,১১৪১২৮,summary,N/A
Vehicle1659.jpg,1,0,১৫৯৩৫,চট্টগ্রাম,চট্টগ্রাম,word,87.77
Vehicle1659.jpg,ALL,N/A,১৫৯৩৫,চট্টগ্রাম,চট্টগ্রাম ১৫৯৩৫,summary,N/A
Vehicle1647.jpg,1,0,১১,,১১,number,82.75
Vehicle1647.jpg,ALL,N/A,১১,,১১,summary,N/A
Vehicle840.jpg,1,0,১৩৭০১,,১৩৭০১,number,21.03
Vehicle840.jpg,ALL,N/A,১৩৭০১,,১৩৭০১,summary,N/A
Vehicle1763.jpeg,1,0,১৪৪২২৪,ময়মনসিংহ,১৪৪২২৪,number,99.85
Vehicle1763.jpeg,ALL,N/A,১৪৪২২৪,ময়মনসিংহ,ময়মনসিংহ ১৪৪২২৪,summary,N/A
Vehicle1168.jpg,1,0,২১৭৬৬১,,২১৭৬৬১,number,99.68
Vehicle1168.jpg,ALL,N/A,২১৭৬৬১,,২১৭৬৬১,summary,N/A
Vehicle914.jpg,1,0,১২৪৩৮৩,,১২৪৩৮৩,number,41.16
Vehicle914.jpg,ALL,N/A,১২৪৩৮৩,,১২৪৩৮৩,summary,N/A
Vehicle1855.jpeg,1,0,৪২০০৩,ঢাকা,ঢাকা,word,99.94
Vehicle1855.jpeg,ALL,N/A,৪২০০৩,ঢাকা,ঢাকা ৪২০০৩,summary,N/A
Vehicle347.jpg,1,0,১২৪৩১০,,১২৪৩১০,number,90.90
Vehicle347.jpg,ALL,N/A,১২৪৩১০,,১২৪৩১০,summary,N/A
Vehicle700.jpg,1,0,৬,,৬,number,64.72
Vehicle700.jpg,ALL,N/A,৬,,৬,summary,N/A
Vehicle368.jpg,1,0,১১৩৪৯২,,১১৩৪৯২,number,69.17
Vehicle368.jpg,2,0,১১৩৪৯২,,১১৩৪৯২,number,28.36
Vehicle368.jpg,ALL,N/A,১১৩৪৯২,,১১৩৪৯২,summary,N/A
Vehicle805.jpg,1,0,১১১৭৮০,,১১১৭৮০,number,91.06
Vehicle805.jpg,ALL,N/A,১১১৭৮০,,১১১৭৮০,summary,N/A
Vehicle313.jpg,1,0,১১৩৭৮,ঝালকাঠি,১১৩৭৮,number,99.57
Vehicle313.jpg,ALL,N/A,১১৩৭৮,ঝালকাঠি,ঝালকাঠি ১১৩৭৮,summary,N/A
Vehicle1606.jpeg,1,0,৮১৪১৪,,৮১৪১৪,number,32.13
Vehicle1606.jpeg,ALL,N/A,৮১৪১৪,,৮১৪১৪,summary,N/A
Vehicle125.jpg,1,0,৪৮৪১,,৪৮৪১,number,99.89
Vehicle125.jpg,ALL,N/A,৪৮৪১,,৪৮৪১,summary,N/A
Vehicle1186.jpg,1,0,১১১০৬০,পটুয়াখালী,পটুয়াখালী,word,74.89
Vehicle1186.jpg,ALL,N/A,১১১০৬০,পটুয়াখালী,পটুয়াখালী ১১১০৬০,summary,N/A
Vehicle793.jpg,1,0,১১৩৬৮০,সুনামগঞ্জ,সুনামগঞ্জ,word,78.22
Vehicle793.jpg,ALL,N/A,১১৩৬৮০,সুনামগঞ্জ,সুনামগঞ্জ ১১৩৬৮০,summary,N/A
Vehicle989.jpg,1,0,,,,,
Vehicle989.jpg,ALL,N/A,,,N/A,summary,N/A
Vehicle1122.jpg,1,0,২৫৬১৯৮,,২৫৬১৯৮,number,72.34
Vehicle1122.jpg,ALL,N/A,২৫৬১৯৮,,২৫৬১৯৮,summary,N/A
Vehicle395.jpg,1,0,,,,,
Vehicle395.jpg,2,0,,,,,
Vehicle395.jpg,ALL,N/A,,,N/A,summary,N/A
Vehicle396.jpg,1,0,১১৫৩০৯,,১১৫৩০৯,number,59.20
Vehicle396.jpg,2,0,,,,,
Vehicle396.jpg,3,0,,,,,
Vehicle396.jpg,ALL,N/A,১১৫৩০৯,,১১৫৩০৯,summary,N/A
Vehicle390.jpg,1,0,৪৫২৮,ঢাকা,ঢাকা,word,76.58
Vehicle390.jpg,ALL,N/A,৪৫২৮,ঢাকা,ঢাকা ৪৫২৮,summary,N/A
Vehicle1378.jpg,1,0,৩৩৯২৭,,৩৩৯২৭,number,99.85
Vehicle1378.jpg,ALL,N/A,৩৩৯২৭,,৩৩৯২৭,summary,N/A
Vehicle462.jpg,1,0,২২৯৮২,সাতক্ষীরা,সাতক্ষীরা,word,84.45
Vehicle462.jpg,ALL,N/A,২২৯৮২,সাতক্ষীরা,সাতক্ষীরা ২২৯৮২,summary,N/A
Vehicle1306.jpg,1,0,১১১৪৭৭,,১১১৪৭৭,number,98.98
Vehicle1306.jpg,ALL,N/A,১১১৪৭৭,,১১১৪৭৭,summary,N/A
Vehicle495.jpg,1,0,১১৪০৬৩,জামালপুর,জামালপুর,word,73.43
Vehicle495.jpg,ALL,N/A,১১৪০৬৩,জামালপুর,জামালপুর ১১৪০৬৩,summary,N/A
Vehicle1420.jpg,1,0,১১০৪৮,,১১০৪৮,number,74.89
Vehicle1420.jpg,ALL,N/A,১১০৪৮,,১১০৪৮,summary,N/A
Vehicle1618.jpg,1,0,১৯৫১১,,১৯৫১১,number,46.70
Vehicle1618.jpg,2,0,১১১৮৭,,১১১৮৭,number,22.36
Vehicle1618.jpg,ALL,N/A,১৯৫১১,,১৯৫১১,summary,N/A
Vehicle1055.jpg,1,0,২৫০৩৩৯,,২৫০৩৩৯,number,99.99
Vehicle1055.jpg,ALL,N/A,২৫০৩৩৯,,২৫০৩৩৯,summary,N/A
Vehicle863.jpg,1,0,১০২০১,,১০২০১,number,17.89
Vehicle863.jpg,ALL,N/A,১০২০১,,১০২০১,summary,N/A
Vehicle1025.jpg,1,0,৩৫৯,,৩৫৯,number,99.99
Vehicle1025.jpg,ALL,N/A,৩৫৯,,৩৫৯,summary,N/A
Vehicle616.jpg,1,0,২৬৯৯৮৫,,২৬৯৯৮৫,number,95.31
Vehicle616.jpg,ALL,N/A,২৬৯৯৮৫,,২৬৯৯৮৫,summary,N/A
Vehicle48.jpg,1,0,১১১৪২,,১১১৪২,number,90.26
Vehicle48.jpg,ALL,N/A,১১১৪২,,১১১৪২,summary,N/A
Vehicle1076.jpg,1,0,২৭৬৯৯৬,,২৭৬৯৯৬,number,76.97
Vehicle1076.jpg,ALL,N/A,২৭৬৯৯৬,,২৭৬৯৯৬,summary,N/A
Vehicle1146.jpg,1,0,২১১৭১২,,২১১৭১২,number,95.51
Vehicle1146.jpg,ALL,N/A,২১১৭১২,,২১১৭১২,summary,N/A
Vehicle1910.jpeg,1,0,৩০৬৯,,৩০৬৯,number,39.64
Vehicle1910.jpeg,ALL,N/A,৩০৬৯,,৩০৬৯,summary,N/A
Vehicle787.jpg,1,0,১৫৪৯৪৩,,১৫৪৯৪৩,number,99.92
Vehicle787.jpg,ALL,N/A,১৫৪৯৪৩,,১৫৪৯৪৩,summary,N/A
Vehicle841.jpg,1,0,১১১৯৮১,হবিগঞ্জ,১১১৯৮১,number,96.42
Vehicle841.jpg,ALL,N/A,১১১৯৮১,হবিগঞ্জ,হবিগঞ্জ ১১১৯৮১,summary,N/A
Vehicle754.jpg,1,0,৮,,৮,number,1.15
Vehicle754.jpg,ALL,N/A,৮,,৮,summary,N/A
Vehicle302.jpg,1,0,১১০৬৩০,,১১০৬৩০,number,31.50
Vehicle302.jpg,ALL,N/A,১১০৬৩০,,১১০৬৩০,summary,N/A
Vehicle83.jpg,1,0,১১৫৭৬৩,কক্সবাজার,কক্সবাজার,word,82.95
Vehicle83.jpg,ALL,N/A,১১৫৭৬৩,কক্সবাজার,কক্সবাজার ১১৫৭৬৩,summary,N/A
Vehicle1718.JPG,1,0,৫৩৬২৩৩,ঢাকা,৫৩৬২৩৩,number,88.13
Vehicle1718.JPG,ALL,N/A,৫৩৬২৩৩,ঢাকা,ঢাকা ৫৩৬২৩৩,summary,N/A
Vehicle1357.jpg,1,0,১৭,,১৭,number,1.92
Vehicle1357.jpg,ALL,N/A,১৭,,১৭,summary,N/A
Vehicle1830.jpeg,1,0,১৪,,১৪,number,100.00
Vehicle1830.jpeg,ALL,N/A,১৪,,১৪,summary,N/A
Vehicle259.jpg,1,0,১১৪৫৩১,সুনামগঞ্জ,১১৪৫৩১,number,99.59
Vehicle259.jpg,ALL,N/A,১১৪৫৩১,সুনামগঞ্জ,সুনামগঞ্জ ১১৪৫৩১,summary,N/A
Vehicle1919.jpeg,1,0,৫১৭৭৯২,মেট্রো,মেট্রো,word,93.95
Vehicle1919.jpeg,ALL,N/A,৫১৭৭৯২,মেট্রো,মেট্রো ৫১৭৭৯২,summary,N/A
Vehicle1794.jpeg,1,0,২৪৪১৮৩১,,২৪৪১৮৩১,number,43.63
Vehicle1794.jpeg,ALL,N/A,২৪৪১৮৩১,,২৪৪১৮৩১,summary,N/A
Vehicle1162.jpg,1,0,,,,,
Vehicle1162.jpg,ALL,N/A,,,N/A,summary,N/A
Vehicle1210.jpg,1,0,২২৫৬২৭,,২২৫৬২৭,number,90.58
Vehicle1210.jpg,ALL,N/A,২২৫৬২৭,,২২৫৬২৭,summary,N/A
Vehicle1648.jpg,1,0,১১০০৮৫,,১১০০৮৫,number,65.14
Vehicle1648.jpg,ALL,N/A,১১০০৮৫,,১১০০৮৫,summary,N/A
Vehicle1.jpg,1,0,৩৯১৪৭৩,,৩৯১৪৭৩,number,99.73
Vehicle1.jpg,ALL,N/A,৩৯১৪৭৩,,৩৯১৪৭৩,summary,N/A
Vehicle911.jpg,1,0,,,,,
Vehicle911.jpg,ALL,N/A,,,N/A,summary,N/A
Vehicle1818.jpeg,1,0,৬১৮২,,৬১৮২,number,99.94
Vehicle1818.jpeg,ALL,N/A,৬১৮২,,৬১৮২,summary,N/A
Vehicle1226.jpg,1,0,১৪৯১৭৯,ময়মনসিংহ,১৪৯১৭৯,number,98.86
Vehicle1226.jpg,ALL,N/A,১৪৯১৭৯,ময়মনসিংহ,ময়মনসিংহ ১৪৯১৭৯,summary,N/A
Vehicle1475.jpg,1,0,,,,,
Vehicle1475.jpg,ALL,N/A,,,N/A,summary,N/A
Vehicle448.jpg,1,0,১১০৯৭৩,,১১০৯৭৩,number,99.45
Vehicle448.jpg,ALL,N/A,১১০৯৭৩,,১১০৯৭৩,summary,N/A
Vehicle1250.jpg,1,0,২০৭৫৮৫,,২০৭৫৮৫,number,96.09
Vehicle1250.jpg,ALL,N/A,২০৭৫৮৫,,২০৭৫৮৫,summary,N/A
Vehicle897.jpg,1,0,১২৩৭০৩,মেট্রো,১২৩৭০৩,number,99.61
Vehicle897.jpg,ALL,N/A,১২৩৭০৩,মেট্রো,মেট্রো ১২৩৭০৩,summary,N/A
Vehicle532.jpg,1,0,১৩০৫৭,,১৩০৫৭,number,56.90
Vehicle532.jpg,ALL,N/A,১৩০৫৭,,১৩০৫৭,summary,N/A
Vehicle1780.jpeg,1,0,১৮৮৮৫,,১৮৮৮৫,number,47.74
Vehicle1780.jpeg,ALL,N/A,১৮৮৮৫,,১৮৮৮৫,summary,N/A
Vehicle324.jpg,1,0,১৩১৭৩৭,,১৩১৭৩৭,number,99.88
Vehicle324.jpg,ALL,N/A,১৩১৭৩৭,,১৩১৭৩৭,summary,N/A
Vehicle298.jpg,1,0,১৬৫৫,,১৬৫৫,number,84.34
Vehicle298.jpg,ALL,N/A,১৬৫৫,,১৬৫৫,summary,N/A
Vehicle91.jpg,1,0,১১৪২৭২,,১১৪২৭২,number,99.97
Vehicle91.jpg,ALL,N/A,১১৪২৭২,,১১৪২৭২,summary,N/A
Vehicle226.jpg,1,0,১১০২০১,,১১০২০১,number,99.58
Vehicle226.jpg,ALL,N/A,১১০২০১,,১১০২০১,summary,N/A
Vehicle907.jpg,1,0,৪১৯,,৪১৯,number,6.16
Vehicle907.jpg,ALL,N/A,৪১৯,,৪১৯,summary,N/A
Vehicle1536.jpg,1,0,৩১২৮২,,৩১২৮২,number,99.35
Vehicle1536.jpg,ALL,N/A,৩১২৮২,,৩১২৮২,summary,N/A
Vehicle1359.jpg,1,0,১১১৫৮৭,,১১১৫৮৭,number,95.72
Vehicle1359.jpg,ALL,N/A,১১১৫৮৭,,১১১৫৮৭,summary,N/A
Vehicle1029.jpg,1,0,২৯৪৭৮৮,,২৯৪৭৮৮,number,99.61
Vehicle1029.jpg,ALL,N/A,২৯৪৭৮৮,,২৯৪৭৮৮,summary,N/A
Vehicle988.jpg,1,0,১১০৯৪২,,১১০৯৪২,number,30.44
Vehicle988.jpg,ALL,N/A,১১০৯৪২,,১১০৯৪২,summary,N/A
Vehicle780.jpg,1,0,১১৩৪১,,১১৩৪১,number,99.82
Vehicle780.jpg,ALL,N/A,১১৩৪১,,১১৩৪১,summary,N/A
Vehicle113.jpg,1,0,১১০৩৭৭,,১১০৩৭৭,number,84.38
Vehicle113.jpg,ALL,N/A,১১০৩৭৭,,১১০৩৭৭,summary,N/A
Vehicle1003.jpg,1,0,৭২৭৫০,,৭২৭৫০,number,99.86
Vehicle1003.jpg,ALL,N/A,৭২৭৫০,,৭২৭৫০,summary,N/A
Vehicle568.jpg,1,0,১১২১৫৩,,১১২১৫৩,number,31.22
Vehicle568.jpg,2,0,,,,,
Vehicle568.jpg,ALL,N/A,১১২১৫৩,,১১২১৫৩,summary,N/A
Vehicle1704.jpg,1,0,১২২০৮৭,,১২২০৮৭,number,90.14
Vehicle1704.jpg,ALL,N/A,১২২০৮৭,,১২২০৮৭,summary,N/A
Vehicle837.jpg,1,0,৩৯৪৮৮,ঢাকা,ঢাকা,word,89.26
Vehicle837.jpg,ALL,N/A,৩৯৪৮৮,ঢাকা,ঢাকা ৩৯৪৮৮,summary,N/A
Vehicle1703.jpg,1,0,১১০৮৩০,খুলনা,১১০৮৩০,number,99.98
Vehicle1703.jpg,ALL,N/A,১১০৮৩০,খুলনা,খুলনা ১১০৮৩০,summary,N/A
Vehicle152.jpg,1,0,১২০৫৩,,১২০৫৩,number,68.87
Vehicle152.jpg,ALL,N/A,১২০৫৩,,১২০৫৩,summary,N/A
Vehicle1116.jpg,1,0,১৩১৩২৬,মৌলভীবাজার,১৩১৩২৬,number,97.32
Vehicle1116.jpg,ALL,N/A,১৩১৩২৬,মৌলভীবাজার,মৌলভীবাজার ১৩১৩২৬,summary,N/A
Vehicle541.jpg,1,0,৪২৭৮২৬,,৪২৭৮২৬,number,91.93
Vehicle541.jpg,ALL,N/A,৪২৭৮২৬,,৪২৭৮২৬,summary,N/A
Vehicle917.jpg,1,0,১৮৫০৩১,,১৮৫০৩১,number,99.97
Vehicle917.jpg,ALL,N/A,১৮৫০৩১,,১৮৫০৩১,summary,N/A
Vehicle361.jpg,1,0,১১০৮৮,,১১০৮৮,number,93.15
Vehicle361.jpg,ALL,N/A,১১০৮৮,,১১০৮৮,summary,N/A
Vehicle1845.jpeg,1,0,১৩,টাঙ্গাইল,১৩,number,97.01
Vehicle1845.jpeg,ALL,N/A,১৩,টাঙ্গাইল,টাঙ্গাইল ১৩,summary,N/A
Vehicle574.jpg,1,0,১১১১৩৪,মাদারীপুর,১১১১৩৪,number,58.08
Vehicle574.jpg,ALL,N/A,১১১১৩৪,মাদারীপুর,মাদারীপুর ১১১১৩৪,summary,N/A
Vehicle508.jpg,1,0,১১৪৯৭২,,১১৪৯৭২,number,99.47
Vehicle508.jpg,ALL,N/A,১১৪৯৭২,,১১৪৯৭২,summary,N/A
Vehicle461.jpg,1,0,১৩২৬৭১,ঝিনাইদহ,ঝিনাইদহ,word,85.03
Vehicle461.jpg,ALL,N/A,১৩২৬৭১,ঝিনাইদহ,ঝিনাইদহ ১৩২৬৭১,summary,N/A
Vehicle1377.jpg,1,0,৩১৯৯৭৪,,৩১৯৯৭৪,number,64.81
Vehicle1377.jpg,ALL,N/A,৩১৯৯৭৪,,৩১৯৯৭৪,summary,N/A
Vehicle1535.jpg,1,0,১১৪৯৩৬,,১১৪৯৩৬,number,91.17
Vehicle1535.jpg,ALL,N/A,১১৪৯৩৬,,১১৪৯৩৬,summary,N/A
Vehicle294.jpg,1,0,১১২৬৮৮,খাগড়াছড়ি,১১২৬৮৮,number,71.51
Vehicle294.jpg,ALL,N/A,১১২৬৮৮,খাগড়াছড়ি,খাগড়াছড়ি ১১২৬৮৮,summary,N/A
Vehicle1748.jpeg,1,0,১১৯১৪৫,ময়মনসিংহ,১১৯১৪৫,number,99.96
Vehicle1748.jpeg,ALL,N/A,১১৯১৪৫,ময়মনসিংহ,ময়মনসিংহ ১১৯১৪৫,summary,N/A
Vehicle417.jpg,1,0,১১২৭৮,শেরপুর,শেরপুর,word,83.99
Vehicle417.jpg,ALL,N/A,১১২৭৮,শেরপুর,শেরপুর ১১২৭৮,summary,N/A
Vehicle131.jpg,1,0,২৮৭৬,ঝিনাইদহ,২৮৭৬,number,88.46
Vehicle131.jpg,ALL,N/A,২৮৭৬,ঝিনাইদহ,ঝিনাইদহ ২৮৭৬,summary,N/A
Vehicle458.jpg,1,0,,,,,
Vehicle458.jpg,2,0,৬৫,,৬৫,number,16.49
Vehicle458.jpg,ALL,N/A,৬৫,,৬৫,summary,N/A
Vehicle427.jpg,1,0,০,,০,number,9.21
Vehicle427.jpg,ALL,N/A,০,,০,summary,N/A
Vehicle1492.jpg,1,0,১১৭১,,১১৭১,number,93.04
Vehicle1492.jpg,ALL,N/A,১১৭১,,১১৭১,summary,N/A
Vehicle976.jpg,1,0,২০১৭৪,,২০১৭৪,number,6.87
Vehicle976.jpg,ALL,N/A,২০১৭৪,,২০১৭৪,summary,N/A
Vehicle731.jpg,1,0,২৯৮২৮৪,,২৯৮২৮৪,number,98.76
Vehicle731.jpg,ALL,N/A,২৯৮২৮৪,,২৯৮২৮৪,summary,N/A
Vehicle1414.jpg,1,0,১৪৩৩০,ময়মনসিংহ,ময়মনসিংহ,word,89.87
Vehicle1414.jpg,ALL,N/A,১৪৩৩০,ময়মনসিংহ,ময়মনসিংহ ১৪৩৩০,summary,N/A
Vehicle771.jpg,1,0,১১৫৭,,১১৫৭,number,86.88
Vehicle771.jpg,ALL,N/A,১১৫৭,,১১৫৭,summary,N/A
Vehicle753.jpg,1,0,১১১০৮,জামালপুর,১১১০৮,number,99.74
Vehicle753.jpg,ALL,N/A,১১১০৮,জামালপুর,জামালপুর ১১১০৮,summary,N/A
Vehicle1870.jpeg,1,0,১১১৬৪৫,,১১১৬৪৫,number,99.90
Vehicle1870.jpeg,2,0,১৯১৯১৫,,১৯১৯১৫,number,15.91
Vehicle1870.jpeg,ALL,N/A,১১১৬৪৫,,১১১৬৪৫,summary,N/A
Vehicle1381.jpg,1,0,৭৬,,৭৬,number,64.40
Vehicle1381.jpg,ALL,N/A,৭৬,,৭৬,summary,N/A
Vehicle1429.jpg,1,0,১৭১২০১,,১৭১২০১,number,42.83
Vehicle1429.jpg,ALL,N/A,১৭১২০১,,১৭১২০১,summary,N/A
Vehicle575.jpg,1,0,১৯৮০,,১৯৮০,number,80.31
Vehicle575.jpg,ALL,N/A,১৯৮০,,১৯৮০,summary,N/A
Vehicle519.jpg,1,0,১৯২৮৬২,,১৯২৮৬২,number,8.68
Vehicle519.jpg,ALL,N/A,১৯২৮৬২,,১৯২৮৬২,summary,N/A
Vehicle786.jpg,1,0,১১২৮৪৪,মৌলভীবাজার,মৌলভীবাজার,word,87.27
Vehicle786.jpg,ALL,N/A,১১২৮৪৪,মৌলভীবাজার,মৌলভীবাজার ১১২৮৪৪,summary,N/A
Vehicle1726.jpg,1,0,১৩৩৪৯৫,,১৩৩৪৯৫,number,99.91
Vehicle1726.jpg,ALL,N/A,১৩৩৪৯৫,,১৩৩৪৯৫,summary,N/A
Vehicle1145.jpg,1,0,৭৩৩,,৭৩৩,number,78.64
Vehicle1145.jpg,ALL,N/A,৭৩৩,,৭৩৩,summary,N/A
Vehicle859.jpg,1,0,১২৫৪৪৩,মানিকগঞ্জ,মানিকগঞ্জ,word,92.38
Vehicle859.jpg,ALL,N/A,১২৫৪৪৩,মানিকগঞ্জ,মানিকগঞ্জ ১২৫৪৪৩,summary,N/A
Vehicle1593.jpg,1,0,,,,,
Vehicle1593.jpg,ALL,N/A,,,N/A,summary,N/A
Vehicle979.jpg,1,0,১২০৩২৩৫,,১২০৩২৩৫,number,61.25
Vehicle979.jpg,ALL,N/A,১২০৩২৩৫,,১২০৩২৩৫,summary,N/A
Vehicle666.jpg,1,0,২২২৮২৯,,২২২৮২৯,number,95.58
Vehicle666.jpg,ALL,N/A,২২২৮২৯,,২২২৮২৯,summary,N/A
Vehicle502.jpg,1,0,২৭৫১,ঝালকাঠি,২৭৫১,number,99.21
Vehicle502.jpg,ALL,N/A,২৭৫১,ঝালকাঠি,ঝালকাঠি ২৭৫১,summary,N/A
Vehicle1439.jpg,1,0,,,,,
Vehicle1439.jpg,ALL,N/A,,,N/A,summary,N/A
Vehicle483.jpg,1,0,১১১৬৭১,পাবনা,পাবনা,word,73.63
Vehicle483.jpg,ALL,N/A,১১১৬৭১,পাবনা,পাবনা ১১১৬৭১,summary,N/A
Vehicle661.jpg,1,0,১১১৮২৯,ঢাকা,ঢাকা,word,75.03
Vehicle661.jpg,ALL,N/A,১১১৮২৯,ঢাকা,ঢাকা ১১১৮২৯,summary,N/A
Vehicle1529.jpeg,1,0,১১৮৪৭৮,,১১৮৪৭৮,number,95.27
Vehicle1529.jpeg,ALL,N/A,১১৮৪৭৮,,১১৮৪৭৮,summary,N/A
Vehicle1108.jpg,1,0,১,,১,number,7.63
Vehicle1108.jpg,ALL,N/A,১,,১,summary,N/A
Vehicle273.jpg,1,0,১১৮৩৩৭,,১১৮৩৩৭,number,94.21
Vehicle273.jpg,ALL,N/A,১১৮৩৩৭,,১১৮৩৩৭,summary,N/A
Vehicle798.jpg,1,0,১১০০১৩,মাদারীপুর,মাদারীপুর,word,86.03
Vehicle798.jpg,ALL,N/A,১১০০১৩,মাদারীপুর,মাদারীপুর ১১০০১৩,summary,N/A
Vehicle474.jpg,1,0,১৭৬০৩৫,যশোর,১৭৬০৩৫,number,96.42
Vehicle474.jpg,ALL,N/A,১৭৬০৩৫,যশোর,যশোর ১৭৬০৩৫,summary,N/A
Vehicle475.jpg,1,0,১১৪৫৯০,কিশোরগঞ্জ,১১৪৫৯০,number,92.28
Vehicle475.jpg,ALL,N/A,১১৪৫৯০,কিশোরগঞ্জ,কিশোরগঞ্জ ১১৪৫৯০,summary,N/A
Vehicle1282.jpg,1,0,৫৫,,৫৫,number,54.36
Vehicle1282.jpg,ALL,N/A,৫৫,,৫৫,summary,N/A
Vehicle1849.jpeg,1,0,,,,,
Vehicle1849.jpeg,ALL,N/A,,,N/A,summary,N/A
Vehicle664.jpg,1,0,১৩৫৬৮৩,,১৩৫৬৮৩,number,63.93
Vehicle664.jpg,ALL,N/A,১৩৫৬৮৩,,১৩৫৬৮৩,summary,N/A
Vehicle1181.jpg,1,0,০,,০,number,13.33
Vehicle1181.jpg,ALL,N/A,০,,০,summary,N/A
Vehicle1163.jpg,1,0,১৮১৬১২,,১৮১৬১২,number,28.20
Vehicle1163.jpg,ALL,N/A,১৮১৬১২,,১৮১৬১২,summary,N/A
Vehicle958.jpg,1,0,৫১৬০৪৬,,৫১৬০৪৬,number,63.37
Vehicle958.jpg,ALL,N/A,৫১৬০৪৬,,৫১৬০৪৬,summary,N/A
Vehicle1771.jpeg,1,0,৫০০২০৩,,৫০০২০৩,number,72.27
Vehicle1771.jpeg,ALL,N/A,৫০০২০৩,,৫০০২০৩,summary,N/A
Vehicle210.jpg,1,0,৭৫,,৭৫,number,19.27
Vehicle210.jpg,ALL,N/A,৭৫,,৭৫,summary,N/A
Vehicle1829.jpeg,1,0,১১০০৪৬,টাঙ্গাইল,টাঙ্গাইল,word,78.45
Vehicle1829.jpeg,ALL,N/A,১১০০৪৬,টাঙ্গাইল,টাঙ্গাইল ১১০০৪৬,summary,N/A
Vehicle643.jpg,1,0,১১৭৮৯৩,গোপালগঞ্জ,গোপালগঞ্জ,word,93.61
Vehicle643.jpg,ALL,N/A,১১৭৮৯৩,গোপালগঞ্জ,গোপালগঞ্জ ১১৭৮৯৩,summary,N/A
Vehicle1218.jpg,1,0,১৯১৯৫৮,,১৯১৯৫৮,number,57.74
Vehicle1218.jpg,ALL,N/A,১৯১৯৫৮,,১৯১৯৫৮,summary,N/A
Vehicle1178.jpg,1,0,,,,,
Vehicle1178.jpg,ALL,N/A,,,N/A,summary,N/A
Vehicle1675.jpg,1,0,১৬৭৯৩৫,,১৬৭৯৩৫,number,99.85
Vehicle1675.jpg,ALL,N/A,১৬৭৯৩৫,,১৬৭৯৩৫,summary,N/A
Vehicle1619.jpg,1,0,১১২১১৫,,১১২১১৫,number,99.83
Vehicle1619.jpg,ALL,N/A,১১২১১৫,,১১২১১৫,summary,N/A
Vehicle1737.png,1,0,১৬০৮৬৪,,১৬০৮৬৪,number,56.83
Vehicle1737.png,ALL,N/A,১৬০৮৬৪,,১৬০৮৬৪,summary,N/A
Vehicle1709.jpg,1,0,১১০১৭৪,,১১০১৭৪,number,98.85
Vehicle1709.jpg,ALL,N/A,১১০১৭৪,,১১০১৭৪,summary,N/A
Vehicle973.jpg,1,0,১৯৪০৬৭,,১৯৪০৬৭,number,99.77
Vehicle973.jpg,ALL,N/A,১৯৪০৬৭,,১৯৪০৬৭,summary,N/A
Vehicle1004.jpg,1,0,১৯৪০৬৭,,১৯৪০৬৭,number,97.62
Vehicle1004.jpg,ALL,N/A,১৯৪০৬৭,,১৯৪০৬৭,summary,N/A
Vehicle194.jpg,1,0,১১৬২৩৬,,১১৬২৩৬,number,99.96
Vehicle194.jpg,ALL,N/A,১১৬২৩৬,,১১৬২৩৬,summary,N/A
Vehicle560.jpg,1,0,১১৬১৪,,১১৬১৪,number,81.18
Vehicle560.jpg,ALL,N/A,১১৬১৪,,১১৬১৪,summary,N/A
Vehicle1081.jpg,1,0,১৯১৯৯,,১৯১৯৯,number,40.20
Vehicle1081.jpg,ALL,N/A,১৯১৯৯,,১৯১৯৯,summary,N/A
Vehicle1803.jpeg,1,0,১১৩৭৮১,বরিশাল,১১৩৭৮১,number,99.01
Vehicle1803.jpeg,ALL,N/A,১১৩৭৮১,বরিশাল,বরিশাল ১১৩৭৮১,summary,N/A
Vehicle330.jpg,1,0,১১৩৯০১,,১১৩৯০১,number,99.70
Vehicle330.jpg,ALL,N/A,১১৩৯০১,,১১৩৯০১,summary,N/A
Vehicle1119.jpg,1,0,১৭৪১১,,১৭৪১১,number,59.56
Vehicle1119.jpg,ALL,N/A,১৭৪১১,,১৭৪১১,summary,N/A
Vehicle566.jpg,1,0,১১০২৪০,মেট্রো,১১০২৪০,number,80.41
Vehicle566.jpg,ALL,N/A,১১০২৪০,মেট্রো,মেট্রো ১১০২৪০,summary,N/A
Vehicle377.jpg,1,0,২৯৫৪১,নাটোর,২৯৫৪১,number,99.79
Vehicle377.jpg,ALL,N/A,২৯৫৪১,নাটোর,নাটোর ২৯৫৪১,summary,N/A
Vehicle1883.jpeg,1,0,১৩৭৭১৬,,১৩৭৭১৬,number,73.96
Vehicle1883.jpeg,ALL,N/A,১৩৭৭১৬,,১৩৭৭১৬,summary,N/A
Vehicle200.jpg,1,0,১৩৬১১,,১৩৬১১,number,99.92
Vehicle200.jpg,ALL,N/A,১৩৬১১,,১৩৬১১,summary,N/A
Vehicle36.jpg,1,0,১১১৫৯৬,,১১১৫৯৬,number,82.01
Vehicle36.jpg,ALL,N/A,১১১৫৯৬,,১১১৫৯৬,summary,N/A
Vehicle1157.jpg,1,0,১৫৮২১৬,,১৫৮২১৬,number,93.46
Vehicle1157.jpg,ALL,N/A,১৫৮২১৬,,১৫৮২১৬,summary,N/A
Vehicle1425.jpg,1,0,৩৪৯২,ঝিনাইদহ,ঝিনাইদহ,word,87.25
Vehicle1425.jpg,ALL,N/A,৩৪৯২,ঝিনাইদহ,ঝিনাইদহ ৩৪৯২,summary,N/A
Vehicle1098.jpg,1,0,১৬৮৮০২,,১৬৮৮০২,number,35.42
Vehicle1098.jpg,ALL,N/A,১৬৮৮০২,,১৬৮৮০২,summary,N/A
Vehicle414.jpg,1,0,১৫৩৭৫০,,১৫৩৭৫০,number,97.24
Vehicle414.jpg,ALL,N/A,১৫৩৭৫০,,১৫৩৭৫০,summary,N/A
Vehicle436.jpg,1,0,১৫৫৮৬২,পাবনা,১৫৫৮৬২,number,97.71
Vehicle436.jpg,ALL,N/A,১৫৫৮৬২,পাবনা,পাবনা ১৫৫৮৬২,summary,N/A
Vehicle1353.jpg,1,0,১১১৫৯৬,,১১১৫৯৬,number,92.83
Vehicle1353.jpg,ALL,N/A,১১১৫৯৬,,১১১৫৯৬,summary,N/A
Vehicle1645.jpg,1,0,৭১২৭৫৭,,৭১২৭৫৭,number,89.92
Vehicle1645.jpg,ALL,N/A,৭১২৭৫৭,,৭১২৭৫৭,summary,N/A
Vehicle1759.jpeg,1,0,১৫৩৩,ময়মনসিংহ,১৫৩৩,number,99.97
Vehicle1759.jpeg,ALL,N/A,১৫৩৩,ময়মনসিংহ,ময়মনসিংহ ১৫৩৩,summary,N/A
Vehicle1502.jpg,1,0,১২০৯৫৫,পটুয়াখালী,১২০৯৫৫,number,99.86
Vehicle1502.jpg,ALL,N/A,১২০৯৫৫,পটুয়াখালী,পটুয়াখালী ১২০৯৫৫,summary,N/A
Vehicle1244.jpg,1,0,৯১৭৮৬,,৯১৭৮৬,number,93.38
Vehicle1244.jpg,ALL,N/A,৯১৭৮৬,,৯১৭৮৬,summary,N/A
Vehicle1035.jpg,1,0,৩১৯,,৩১৯,number,39.31
Vehicle1035.jpg,ALL,N/A,৩১৯,,৩১৯,summary,N/A
Vehicle1752.jpeg,1,0,১১৪৫২৫,ময়মনসিংহ,১১৪৫২৫,number,99.97
Vehicle1752.jpeg,ALL,N/A,১১৪৫২৫,ময়মনসিংহ,ময়মনসিংহ ১১৪৫২৫,summary,N/A
Vehicle1309.jpg,1,0,২১৭৮৭৯৮,মেট্রো,মেট্রো,word,99.98
Vehicle1309.jpg,ALL,N/A,২১৭৮৭৯৮,মেট্রো,মেট্রো ২১৭৮৭৯৮,summary,N/A
Vehicle1609.jpeg,1,0,১৫৬৭৭,,১৫৬৭৭,number,91.91
Vehicle1609.jpeg,ALL,N/A,১৫৬৭৭,,১৫৬৭৭,summary,N/A
Vehicle1172.jpg,1,0,১১৩৮৭১,গাইবান্ধা,১১৩৮৭১,number,71.40
Vehicle1172.jpg,ALL,N/A,১১৩৮৭১,গাইবান্ধা,গাইবান্ধা ১১৩৮৭১,summary,N/A
Vehicle910.jpg,1,0,২৮,,২৮,number,5.26
Vehicle910.jpg,ALL,N/A,২৮,,২৮,summary,N/A
Vehicle909.jpg,1,0,,,,,
Vehicle909.jpg,ALL,N/A,,,N/A,summary,N/A
Vehicle1586.jpeg,1,0,১৫০৫৬৮,,১৫০৫৬৮,number,76.30
Vehicle1586.jpeg,ALL,N/A,১৫০৫৬৮,,১৫০৫৬৮,summary,N/A
Vehicle1041.jpg,1,0,১২৯৯৭৫,,১২৯৯৭৫,number,48.13
Vehicle1041.jpg,ALL,N/A,১২৯৯৭৫,,১২৯৯৭৫,summary,N/A
Vehicle411.jpg,1,0,১১৪৫৬২,ঠাকুরগাঁও,১১৪৫৬২,number,99.99
Vehicle411.jpg,ALL,N/A,১১৪৫৬২,ঠাকুরগাঁও,ঠাকুরগাঁও ১১৪৫৬২,summary,N/A
Vehicle1522.jpeg,1,0,৯৭৪৩,মেট্রো,৯৭৪৩,number,99.74
Vehicle1522.jpeg,ALL,N/A,৯৭৪৩,মেট্রো,মেট্রো ৯৭৪৩,summary,N/A
Vehicle1610.jpeg,1,0,৩৩,,৩৩,number,68.18
Vehicle1610.jpeg,ALL,N/A,৩৩,,৩৩,summary,N/A
Vehicle755.jpg,1,0,২৭,,২৭,number,56.53
Vehicle755.jpg,ALL,N/A,২৭,,২৭,summary,N/A
Vehicle1276.jpg,1,0,১২৫৬৯৫,,১২৫৬৯৫,number,99.76
Vehicle1276.jpg,ALL,N/A,১২৫৬৯৫,,১২৫৬৯৫,summary,N/A
Vehicle685.jpg,1,0,,,,,
Vehicle685.jpg,ALL,N/A,,,N/A,summary,N/A
Vehicle819.jpg,1,0,১৪৮৩,মৌলভীবাজার,১৪৮৩,number,70.76
Vehicle819.jpg,ALL,N/A,১৪৮৩,মৌলভীবাজার,মৌলভীবাজার ১৪৮৩,summary,N/A
Vehicle933.jpg,1,0,১৮৫০৩,,১৮৫০৩,number,99.69
Vehicle933.jpg,ALL,N/A,১৮৫০৩,,১৮৫০৩,summary,N/A
Vehicle6.jpg,1,0,১৯০৫৫৫,মানিকগঞ্জ,মানিকগঞ্জ,word,76.26
Vehicle6.jpg,ALL,N/A,১৯০৫৫৫,মানিকগঞ্জ,মানিকগঞ্জ ১৯০৫৫৫,summary,N/A
Vehicle129.jpg,1,0,৯৮১,,৯৮১,number,44.23
Vehicle129.jpg,ALL,N/A,৯৮১,,৯৮১,summary,N/A
Vehicle1093.jpg,1,0,৩৫৯৮৯৫,,৩৫৯৮৯৫,number,86.16
Vehicle1093.jpg,ALL,N/A,৩৫৯৮৯৫,,৩৫৯৮৯৫,summary,N/A
Vehicle1866.jpeg,1,0,১১২৫১৭,নাটোর,১১২৫১৭,number,97.94
Vehicle1866.jpeg,ALL,N/A,১১২৫১৭,নাটোর,নাটোর ১১২৫১৭,summary,N/A
Vehicle538.jpg,1,0,১২০১০৩,রংপুর,১২০১০৩,number,99.94
Vehicle538.jpg,ALL,N/A,১২০১০৩,রংপুর,রংপুর ১২০১০৩,summary,N/A
Vehicle1242.jpg,1,0,৩১১১৭১৬,,৩১১১৭১৬,number,53.95
Vehicle1242.jpg,ALL,N/A,৩১১১৭১৬,,৩১১১৭১৬,summary,N/A
Vehicle365.jpg,1,0,১১০৫৯১,,১১০৫৯১,number,99.99
Vehicle365.jpg,ALL,N/A,১১০৫৯১,,১১০৫৯১,summary,N/A
Vehicle1687.jpg,1,0,১১৬৫২৫,,১১৬৫২৫,number,99.72
Vehicle1687.jpg,ALL,N/A,১১৬৫২৫,,১১৬৫২৫,summary,N/A
Vehicle1144.jpg,1,0,৩৪২৮২,,৩৪২৮২,number,30.54
Vehicle1144.jpg,ALL,N/A,৩৪২৮২,,৩৪২৮২,summary,N/A
Vehicle1099.jpg,1,0,,,,,
Vehicle1099.jpg,ALL,N/A,,,N/A,summary,N/A
Vehicle1325.jpg,1,0,১১৯৫১৩,,১১৯৫১৩,number,92.75
Vehicle1325.jpg,ALL,N/A,১১৯৫১৩,,১১৯৫১৩,summary,N/A
Vehicle953.jpg,1,0,১৯৮১৪৪,,১৯৮১৪৪,number,46.03
Vehicle953.jpg,ALL,N/A,১৯৮১৪৪,,১৯৮১৪৪,summary,N/A
Vehicle1684.jpg,1,0,৪৭৭,,৪৭৭,number,39.48
Vehicle1684.jpg,ALL,N/A,৪৭৭,,৪৭৭,summary,N/A
Vehicle1693.jpg,1,0,১৯০৬৫২,,১৯০৬৫২,number,76.35
Vehicle1693.jpg,ALL,N/A,১৯০৬৫২,,১৯০৬৫২,summary,N/A
Vehicle1312.jpg,1,0,,,,,
Vehicle1312.jpg,ALL,N/A,,,N/A,summary,N/A
Vehicle1430.jpg,1,0,১১২৮৩৬,ঝিনাইদহ,ঝিনাইদহ,word,82.35
Vehicle1430.jpg,ALL,N/A,১১২৮৩৬,ঝিনাইদহ,ঝিনাইদহ ১১২৮৩৬,summary,N/A
Vehicle1540.jpg,1,0,১১৯১৯৪,,১১৯১৯৪,number,70.04
Vehicle1540.jpg,ALL,N/A,১১৯১৯৪,,১১৯১৯৪,summary,N/A
Vehicle781.jpg,1,0,১১৫০৬০,,১১৫০৬০,number,98.00
Vehicle781.jpg,ALL,N/A,১১৫০৬০,,১১৫০৬০,summary,N/A
Vehicle100.jpg,1,0,১১৪১৪৫,,১১৪১৪৫,number,50.92
Vehicle100.jpg,ALL,N/A,১১৪১৪৫,,১১৪১৪৫,summary,N/A
Vehicle1034.jpg,1,0,২৯৩৫৯,,২৯৩৫৯,number,72.94
Vehicle1034.jpg,ALL,N/A,২৯৩৫৯,,২৯৩৫৯,summary,N/A
Vehicle1784.jpeg,1,0,১৯০১৮৯,,১৯০১৮৯,number,96.85
Vehicle1784.jpeg,ALL,N/A,১৯০১৮৯,,১৯০১৮৯,summary,N/A
Vehicle1460.jpg,1,0,১১৮০৪,গাইবান্ধা,১১৮০৪,number,77.71
Vehicle1460.jpg,ALL,N/A,১১৮০৪,গাইবান্ধা,গাইবান্ধা ১১৮০৪,summary,N/A
Vehicle990.jpg,1,0,১৭৭৭,,১৭৭৭,number,20.28
Vehicle990.jpg,ALL,N/A,১৭৭৭,,১৭৭৭,summary,N/A
Vehicle785.jpg,1,0,১১৮০১৯,ময়মনসিংহ,১১৮০১৯,number,99.77
Vehicle785.jpg,ALL,N/A,১১৮০১৯,ময়মনসিংহ,ময়মনসিংহ ১১৮০১৯,summary,N/A
Vehicle1297.jpg,1,0,১৫২৪৫০৯,,১৫২৪৫০৯,number,24.25
Vehicle1297.jpg,ALL,N/A,১৫২৪৫০৯,,১৫২৪৫০৯,summary,N/A
Vehicle1261.jpg,1,0,২৭৫,,২৭৫,number,6.20
Vehicle1261.jpg,ALL,N/A,২৭৫,,২৭৫,summary,N/A
Vehicle376.jpg,1,0,১১২৬৭৪,,১১২৬৭৪,number,88.54
Vehicle376.jpg,ALL,N/A,১১২৬৭৪,,১১২৬৭৪,summary,N/A
Vehicle1507.jpg,1,0,১১৩০৫,,১১৩০৫,number,99.56
Vehicle1507.jpg,ALL,N/A,১১৩০৫,,১১৩০৫,summary,N/A
Vehicle689.jpg,1,0,,,,,
Vehicle689.jpg,ALL,N/A,,,N/A,summary,N/A
Vehicle866.jpg,1,0,৭১০৫,,৭১০৫,number,96.48
Vehicle866.jpg,ALL,N/A,৭১০৫,,৭১০৫,summary,N/A
Vehicle223.jpg,1,0,১১০৭০৭,শেরপুর,১১০৭০৭,number,94.76
Vehicle223.jpg,ALL,N/A,১১০৭০৭,শেরপুর,শেরপুর ১১০৭০৭,summary,N/A
Vehicle1789.jpeg,1,0,১১৭৪৮২,,১১৭৪৮২,number,62.40
Vehicle1789.jpeg,ALL,N/A,১১৭৪৮২,,১১৭৪৮২,summary,N/A
Vehicle849.jpg,1,0,২৮৪৪,মৌলভীবাজার,মৌলভীবাজার,word,93.08
Vehicle849.jpg,ALL,N/A,২৮৪৪,মৌলভীবাজার,মৌলভীবাজার ২৮৪৪,summary,N/A
Vehicle1836.jpeg,1,0,৩৮,,৩৮,number,95.61
Vehicle1836.jpeg,ALL,N/A,৩৮,,৩৮,summary,N/A
Vehicle1920.jpeg,1,0,১১০৩১৫,,১১০৩১৫,number,68.61
Vehicle1920.jpeg,ALL,N/A,১১০৩১৫,,১১০৩১৫,summary,N/A
Vehicle1895.jpeg,1,0,১২০৮,,১২০৮,number,95.86
Vehicle1895.jpeg,ALL,N/A,১২০৮,,১২০৮,summary,N/A
Vehicle1630.jpg,1,0,০৫,,০৫,number,15.30
Vehicle1630.jpg,ALL,N/A,০৫,,০৫,summary,N/A
Vehicle1821.jpeg,1,0,১২৭৬৭৮,,১২৭৬৭৮,number,45.07
Vehicle1821.jpeg,ALL,N/A,১২৭৬৭৮,,১২৭৬৭৮,summary,N/A
Vehicle1415.jpg,1,0,১২৪১৭২,ঠাকুরগাঁও,১২৪১৭২,number,99.10
Vehicle1415.jpg,ALL,N/A,১২৪১৭২,ঠাকুরগাঁও,ঠাকুরগাঁও ১২৪১৭২,summary,N/A
Vehicle1887.jpeg,1,0,,,,,
Vehicle1887.jpeg,ALL,N/A,,,N/A,summary,N/A
Vehicle153.jpg,1,0,১৩৯৪৭৭,,১৩৯৪৭৭,number,89.02
Vehicle153.jpg,ALL,N/A,১৩৯৪৭৭,,১৩৯৪৭৭,summary,N/A
Vehicle936.jpg,1,0,১৫৪৯৪,ঢাকা,১৫৪৯৪,number,99.91
Vehicle936.jpg,ALL,N/A,১৫৪৯৪,ঢাকা,ঢাকা ১৫৪৯৪,summary,N/A
Vehicle1246.jpg,1,0,১৪৮২,,১৪৮২,number,47.76
Vehicle1246.jpg,ALL,N/A,১৪৮২,,১৪৮২,summary,N/A
Vehicle671.jpg,1,0,৭৬,,৭৬,number,19.75
Vehicle671.jpg,ALL,N/A,৭৬,,৭৬,summary,N/A
Vehicle58.jpg,1,0,,,,,
Vehicle58.jpg,ALL,N/A,,,N/A,summary,N/A
Vehicle1208.jpg,1,0,,,,,
Vehicle1208.jpg,ALL,N/A,,,N/A,summary,N/A
Vehicle709.jpg,1,0,১১৪৪৩৪,ঝিনাইদহ,ঝিনাইদহ,word,94.90
Vehicle709.jpg,2,0,১১৪৩,ঝিনাইদহ,ঝিনাইদহ,word,97.10
Vehicle709.jpg,ALL,N/A,১১৪৪৩৪,ঝিনাইদহ,ঝিনাইদহ ১১৪৪৩৪,summary,N/A
Vehicle1321.jpg,1,0,১১১৩৫৯,,১১১৩৫৯,number,50.39
Vehicle1321.jpg,ALL,N/A,১১১৩৫৯,,১১১৩৫৯,summary,N/A
Vehicle343.jpg,1,0,১৬৯৪৩৭,সাতক্ষীরা,১৬৯৪৩৭,number,99.22
Vehicle343.jpg,ALL,N/A,১৬৯৪৩৭,সাতক্ষীরা,সাতক্ষীরা ১৬৯৪৩৭,summary,N/A
Vehicle80.jpg,1,0,,,,,
Vehicle80.jpg,ALL,N/A,,,N/A,summary,N/A
Vehicle1534.jpeg,1,0,৩৫৮,,৩৫৮,number,66.19
Vehicle1534.jpeg,ALL,N/A,৩৫৮,,৩৫৮,summary,N/A
Vehicle1337.jpg,1,0,৩৩৬৭৮,,৩৩৬৭৮,number,81.70
Vehicle1337.jpg,ALL,N/A,৩৩৬৭৮,,৩৩৬৭৮,summary,N/A
Vehicle443.jpg,1,0,১৪৫৪৭৯,ময়মনসিংহ,১৪৫৪৭৯,number,97.25
Vehicle443.jpg,ALL,N/A,১৪৫৪৭৯,ময়মনসিংহ,ময়মনসিংহ ১৪৫৪৭৯,summary,N/A
Vehicle1643.jpg,1,0,৩৫৯৯৮৩,ঢাকা,৩৫৯৯৮৩,number,100.00
Vehicle1643.jpg,ALL,N/A,৩৫৯৯৮৩,ঢাকা,ঢাকা ৩৫৯৯৮৩,summary,N/A
Vehicle1305.jpg,1,0,১৯৮০৪৩,ঢাকা,ঢাকা,word,93.18
Vehicle1305.jpg,ALL,N/A,১৯৮০৪৩,ঢাকা,ঢাকা ১৯৮০৪৩,summary,N/A
Vehicle606.jpg,1,0,৩১১৫২৪,ঢাকা,ঢাকা,word,99.36
Vehicle606.jpg,ALL,N/A,৩১১৫২৪,ঢাকা,ঢাকা ৩১১৫২৪,summary,N/A
Vehicle1611.jpeg,1,0,৪১১,,৪১১,number,44.31
Vehicle1611.jpeg,ALL,N/A,৪১১,,৪১১,summary,N/A
Vehicle812.jpg,1,0,১১০৭৯১,,১১০৭৯১,number,74.08
Vehicle812.jpg,ALL,N/A,১১০৭৯১,,১১০৭৯১,summary,N/A
Vehicle1211.jpg,1,0,১১২০৮,হবিগঞ্জ,১১২০৮,number,88.53
Vehicle1211.jpg,ALL,N/A,১১২০৮,হবিগঞ্জ,হবিগঞ্জ ১১২০৮,summary,N/A
Vehicle1548.jpg,1,0,৩৫৯৫৬৮,,৩৫৯৫৬৮,number,99.98
Vehicle1548.jpg,ALL,N/A,৩৫৯৫৬৮,,৩৫৯৫৬৮,summary,N/A
Vehicle551.jpg,1,0,৪১৩,,৪১৩,number,84.49
Vehicle551.jpg,ALL,N/A,৪১৩,,৪১৩,summary,N/A
Vehicle490.jpg,1,0,১১১৯১৬,পিরোজপুর,১১১৯১৬,number,88.00
Vehicle490.jpg,ALL,N/A,১১১৯১৬,পিরোজপুর,পিরোজপুর ১১১৯১৬,summary,N/A
Vehicle631.jpg,1,0,১১০৭৫,,১১০৭৫,number,75.66
Vehicle631.jpg,ALL,N/A,১১০৭৫,,১১০৭৫,summary,N/A
Vehicle1105.jpg,1,0,১২২৯৮২,,১২২৯৮২,number,100.00
Vehicle1105.jpg,ALL,N/A,১২২৯৮২,,১২২৯৮২,summary,N/A
Vehicle326.jpg,1,0,৫৩,,৫৩,number,24.82
Vehicle326.jpg,ALL,N/A,৫৩,,৫৩,summary,N/A
Vehicle442.jpg,1,0,১৪৩২৫০,,১৪৩২৫০,number,99.96
Vehicle442.jpg,ALL,N/A,১৪৩২৫০,,১৪৩২৫০,summary,N/A
Vehicle1696.jpg,1,0,১১১৭৩০,,১১১৭৩০,number,98.92
Vehicle1696.jpg,ALL,N/A,১১১৭৩০,,১১১৭৩০,summary,N/A
Vehicle921.jpg,1,0,১১২১৪১,হবিগঞ্জ,১১২১৪১,number,99.99
Vehicle921.jpg,ALL,N/A,১১২১৪১,হবিগঞ্জ,হবিগঞ্জ ১১২১৪১,summary,N/A
Vehicle244.jpg,1,0,১১৫৭২১,,১১৫৭২১,number,97.27
Vehicle244.jpg,2,0,১১৬৮,নাটোর,নাটোর,word,98.15
Vehicle244.jpg,ALL,N/A,১১৫৭২১,নাটোর,নাটোর ১১৫৭২১,summary,N/A
Vehicle872.jpg,1,0,৬,,৬,number,11.45
Vehicle872.jpg,ALL,N/A,৬,,৬,summary,N/A
Vehicle734.jpg,1,0,১৯০৬,,১৯০৬,number,29.35
Vehicle734.jpg,ALL,N/A,১৯০৬,,১৯০৬,summary,N/A
Vehicle1195.jpg,1,0,২৯৩৫৯২,,২৯৩৫৯২,number,80.12
Vehicle1195.jpg,ALL,N/A,২৯৩৫৯২,,২৯৩৫৯২,summary,N/A
Vehicle1341.jpg,1,0,১২৪১২৫,,১২৪১২৫,number,89.96
Vehicle1341.jpg,ALL,N/A,১২৪১২৫,,১২৪১২৫,summary,N/A
Vehicle1075.jpg,1,0,১২০২০০,,১২০২০০,number,67.51
Vehicle1075.jpg,ALL,N/A,১২০২০০,,১২০২০০,summary,N/A
Vehicle59.jpg,1,0,১১৩৩২,হবিগঞ্জ,হবিগঞ্জ,word,75.12
Vehicle59.jpg,ALL,N/A,১১৩৩২,হবিগঞ্জ,হবিগঞ্জ ১১৩৩২,summary,N/A
Vehicle312.jpg,1,0,,,,,
Vehicle312.jpg,2,0,০৩৮৫৭,,০৩৮৫৭,number,40.36
Vehicle312.jpg,ALL,N/A,০৩৮৫৭,,০৩৮৫৭,summary,N/A
Vehicle912.jpg,1,0,৩৭৮,,৩৭৮,number,2.20
Vehicle912.jpg,ALL,N/A,৩৭৮,,৩৭৮,summary,N/A
Vehicle1319.jpg,1,0,৩৮৯০৮১,,৩৮৯০৮১,number,15.95
Vehicle1319.jpg,ALL,N/A,৩৮৯০৮১,,৩৮৯০৮১,summary,N/A
Vehicle1918.jpeg,1,0,১১১৬৭৭,জামালপুর,১১১৬৭৭,number,99.98
Vehicle1918.jpeg,ALL,N/A,১১১৬৭৭,জামালপুর,জামালপুর ১১১৬৭৭,summary,N/A
Vehicle1036.jpg,1,0,৩৮৮০,,৩৮৮০,number,88.15
Vehicle1036.jpg,ALL,N/A,৩৮৮০,,৩৮৮০,summary,N/A
Vehicle854.jpg,1,0,১১১৮৩৬,,১১১৮৩৬,number,99.99
Vehicle854.jpg,ALL,N/A,১১১৮৩৬,,১১১৮৩৬,summary,N/A
Vehicle1838.jpeg,1,0,১১,দিনাজপুর,দিনাজপুর,word,83.55
Vehicle1838.jpeg,ALL,N/A,১১,দিনাজপুর,দিনাজপুর ১১,summary,N/A
Vehicle654.jpg,1,0,২৬৩০,,২৬৩০,number,99.75
Vehicle654.jpg,ALL,N/A,২৬৩০,,২৬৩০,summary,N/A
Vehicle138.jpg,1,0,০২২৭,,০২২৭,number,34.04
Vehicle138.jpg,ALL,N/A,০২২৭,,০২২৭,summary,N/A
Vehicle1394.jpg,1,0,২৪২৪৯৯,,২৪২৪৯৯,number,53.22
Vehicle1394.jpg,ALL,N/A,২৪২৪৯৯,,২৪২৪৯৯,summary,N/A
Vehicle1254.jpg,1,0,১৯৭৮৬১২,,১৯৭৮৬১২,number,42.50
Vehicle1254.jpg,ALL,N/A,১৯৭৮৬১২,,১৯৭৮৬১২,summary,N/A
Vehicle1311.jpg,1,0,২৩৭৬১৮,ঢাকা,ঢাকা,word,86.15
Vehicle1311.jpg,ALL,N/A,২৩৭৬১৮,ঢাকা,ঢাকা ২৩৭৬১৮,summary,N/A
Vehicle217.jpg,1,0,১৯০১৬০৮,,১৯০১৬০৮,number,53.66
Vehicle217.jpg,ALL,N/A,১৯০১৬০৮,,১৯০১৬০৮,summary,N/A
Vehicle1899.jpeg,1,0,৬৩৪,যশোর,যশোর,word,74.83
Vehicle1899.jpeg,ALL,N/A,৬৩৪,যশোর,যশোর ৬৩৪,summary,N/A
Vehicle1871.jpeg,1,0,৯০৯০,নাটোর,৯০৯০,number,99.97
Vehicle1871.jpeg,ALL,N/A,৯০৯০,নাটোর,নাটোর ৯০৯০,summary,N/A
Vehicle1847.jpeg,1,0,১২৮৫৭,,১২৮৫৭,number,33.71
Vehicle1847.jpeg,ALL,N/A,১২৮৫৭,,১২৮৫৭,summary,N/A
Vehicle1471.jpg,1,0,২৬৪৪৯৮,,২৬৪৪৯৮,number,64.82
Vehicle1471.jpg,ALL,N/A,২৬৪৪৯৮,,২৬৪৪৯৮,summary,N/A
Vehicle1153.jpg,1,0,১৬৪১০৫,,১৬৪১০৫,number,67.85
Vehicle1153.jpg,ALL,N/A,১৬৪১০৫,,১৬৪১০৫,summary,N/A
Vehicle1245.jpg,1,0,১৫৫৫২০,ঢাকা,১৫৫৫২০,number,93.32
Vehicle1245.jpg,ALL,N/A,১৫৫৫২০,ঢাকা,ঢাকা ১৫৫৫২০,summary,N/A
Vehicle708.jpg,1,0,১১২০৩৪,হবিগঞ্জ,হবিগঞ্জ,word,76.80
Vehicle708.jpg,ALL,N/A,১১২০৩৪,হবিগঞ্জ,হবিগঞ্জ ১১২০৩৪,summary,N/A
Vehicle1719.JPG,1,0,১,মেট্রো,মেট্রো,word,97.60
Vehicle1719.JPG,ALL,N/A,১,মেট্রো,মেট্রো ১,summary,N/A
Vehicle514.jpg,1,0,১১৯৭,,১১৯৭,number,26.05
Vehicle514.jpg,ALL,N/A,১১৯৭,,১১৯৭,summary,N/A
Vehicle1396.jpg,1,0,১১,,১১,number,1.32
Vehicle1396.jpg,ALL,N/A,১১,,১১,summary,N/A
Vehicle1708.jpg,1,0,১৮৭৯৭৪,,১৮৭৯৭৪,number,79.07
Vehicle1708.jpg,ALL,N/A,১৮৭৯৭৪,,১৮৭৯৭৪,summary,N/A
Vehicle340.jpg,1,0,১১৮১৮,,১১৮১৮,number,65.37
Vehicle340.jpg,ALL,N/A,১১৮১৮,,১১৮১৮,summary,N/A
Vehicle1577.png,1,0,১২৪৯,,১২৪৯,number,40.81
Vehicle1577.png,ALL,N/A,১২৪৯,,১২৪৯,summary,N/A
Vehicle1015.jpg,1,0,১৩৪৩৮,,১৩৪৩৮,number,75.31
Vehicle1015.jpg,ALL,N/A,১৩৪৩৮,,১৩৪৩৮,summary,N/A
Vehicle471.jpg,1,0,১২১৮৫৬,সিরাজগঞ্জ,সিরাজগঞ্জ,word,94.67
Vehicle471.jpg,ALL,N/A,১২১৮৫৬,সিরাজগঞ্জ,সিরাজগঞ্জ ১২১৮৫৬,summary,N/A
Vehicle1061.jpg,1,0,,,,,
Vehicle1061.jpg,ALL,N/A,,,N/A,summary,N/A
Vehicle719.jpg,1,0,১৯৮২১৯,,১৯৮২১৯,number,17.23
Vehicle719.jpg,ALL,N/A,১৯৮২১৯,,১৯৮২১৯,summary,N/A
Vehicle1196.jpg,1,0,৩১০০৮০,,৩১০০৮০,number,46.11
Vehicle1196.jpg,ALL,N/A,৩১০০৮০,,৩১০০৮০,summary,N/A
Vehicle1528.jpeg,1,0,১২১১৮৬,,১২১১৮৬,number,99.95
Vehicle1528.jpeg,ALL,N/A,১২১১৮৬,,১২১১৮৬,summary,N/A
Vehicle1907.jpeg,1,0,১২১১৯১,ঝিনাইদহ,১২১১৯১,number,99.93
Vehicle1907.jpeg,ALL,N/A,১২১১৯১,ঝিনাইদহ,ঝিনাইদহ ১২১১৯১,summary,N/A
Vehicle808.jpg,1,0,১৮৫০৩১,,১৮৫০৩১,number,95.65
Vehicle808.jpg,ALL,N/A,১৮৫০৩১,,১৮৫০৩১,summary,N/A
Vehicle434.jpg,1,0,১৭৮৬২৪,,১৭৮৬২৪,number,39.01
Vehicle434.jpg,ALL,N/A,১৭৮৬২৪,,১৭৮৬২৪,summary,N/A
Vehicle1662.jpg,1,0,১২২৯,,১২২৯,number,95.70
Vehicle1662.jpg,ALL,N/A,১২২৯,,১২২৯,summary,N/A
Vehicle57.jpg,1,0,৬৮,,৬৮,number,80.97
Vehicle57.jpg,ALL,N/A,৬৮,,৬৮,summary,N/A
Vehicle820.jpg,1,0,১১১৮,,১১১৮,number,98.11
Vehicle820.jpg,ALL,N/A,১১১৮,,১১১৮,summary,N/A
Vehicle1188.jpg,1,0,১১০,,১১০,number,3.21
Vehicle1188.jpg,ALL,N/A,১১০,,১১০,summary,N/A
Vehicle406.jpg,1,0,১২৪৩০৬,,১২৪৩০৬,number,92.91
Vehicle406.jpg,ALL,N/A,১২৪৩০৬,,১২৪৩০৬,summary,N/A
Vehicle927.jpg,1,0,৬২৭,,৬২৭,number,32.48
Vehicle927.jpg,ALL,N/A,৬২৭,,৬২৭,summary,N/A
Vehicle209.jpg,1,0,১১২৩৫,শেরপুর,১১২৩৫,number,99.99
Vehicle209.jpg,ALL,N/A,১১২৩৫,শেরপুর,শেরপুর ১১২৩৫,summary,N/A
Vehicle181.jpg,1,0,১২১৯৬৭,,১২১৯৬৭,number,96.74
Vehicle181.jpg,2,0,১৯১৯,,১৯১৯,number,69.52
Vehicle181.jpg,3,0,১২১৯১৪,,১২১৯১৪,number,77.91
Vehicle181.jpg,ALL,N/A,১২১৯৬৭,,১২১৯৬৭,summary,N/A
Vehicle1008.jpg,1,0,১১৫৯৫৮,,১১৫৯৫৮,number,98.79
Vehicle1008.jpg,ALL,N/A,১১৫৯৫৮,,১১৫৯৫৮,summary,N/A
Vehicle1598.jpeg,1,0,২৭৬৮৮৪,,২৭৬৮৮৪,number,44.75
Vehicle1598.jpeg,ALL,N/A,২৭৬৮৮৪,,২৭৬৮৮৪,summary,N/A
Vehicle1012.jpg,1,0,১৮৭৯,,১৮৭৯,number,8.57
Vehicle1012.jpg,ALL,N/A,১৮৭৯,,১৮৭৯,summary,N/A
Vehicle437.jpg,1,0,১১৭,সিরাজগঞ্জ,১১৭,number,98.76
Vehicle437.jpg,ALL,N/A,১১৭,সিরাজগঞ্জ,সিরাজগঞ্জ ১১৭,summary,N/A
Vehicle1133.jpg,1,0,১৯০৭৯৭,,১৯০৭৯৭,number,63.52
Vehicle1133.jpg,ALL,N/A,১৯০৭৯৭,,১৯০৭৯৭,summary,N/A
Vehicle409.jpg,1,0,১১৮২৬,,১১৮২৬,number,88.62
Vehicle409.jpg,ALL,N/A,১১৮২৬,,১১৮২৬,summary,N/A
Vehicle791.jpg,1,0,৩,,৩,number,16.13
Vehicle791.jpg,ALL,N/A,৩,,৩,summary,N/A
Vehicle72.jpg,1,0,১১৭০২৬,,১১৭০২৬,number,52.43
Vehicle72.jpg,ALL,N/A,১১৭০২৬,,১১৭০২৬,summary,N/A
Vehicle1147.jpg,1,0,,,,,
Vehicle1147.jpg,ALL,N/A,,,N/A,summary,N/A
Vehicle1665.jpg,1,0,১১০০৬,,১১০০৬,number,97.20
Vehicle1665.jpg,ALL,N/A,১১০০৬,,১১০০৬,summary,N/A
Vehicle1642.jpg,1,0,৭৫১,,৭৫১,number,53.27
Vehicle1642.jpg,ALL,N/A,৭৫১,,৭৫১,summary,N/A
Vehicle1002.jpg,1,0,১৬০২৩৬,,১৬০২৩৬,number,69.16
Vehicle1002.jpg,ALL,N/A,১৬০২৩৬,,১৬০২৩৬,summary,N/A
Vehicle1556.jpg,1,0,১৩০২৭০,,১৩০২৭০,number,96.72
Vehicle1556.jpg,ALL,N/A,১৩০২৭০,,১৩০২৭০,summary,N/A
Vehicle915.jpg,1,0,,,,,
Vehicle915.jpg,ALL,N/A,,,N/A,summary,N/A
Vehicle105.jpg,1,0,৪,,৪,number,1.03
Vehicle105.jpg,ALL,N/A,৪,,৪,summary,N/A
Vehicle1347.jpg,1,0,১৪৫০০,,১৪৫০০,number,54.79
Vehicle1347.jpg,ALL,N/A,১৪৫০০,,১৪৫০০,summary,N/A
Vehicle515.jpg,1,0,১১৩০৭২,,১১৩০৭২,number,99.98
Vehicle515.jpg,ALL,N/A,১১৩০৭২,,১১৩০৭২,summary,N/A
Vehicle1385.jpg,1,0,১৭১৩৬৪,,১৭১৩৬৪,number,99.77
Vehicle1385.jpg,ALL,N/A,১৭১৩৬৪,,১৭১৩৬৪,summary,N/A
Vehicle610.jpg,1,0,১১৫৯৮৪,সুনামগঞ্জ,১১৫৯৮৪,number,92.80
Vehicle610.jpg,ALL,N/A,১১৫৯৮৪,সুনামগঞ্জ,সুনামগঞ্জ ১১৫৯৮৪,summary,N/A
Vehicle1482.jpg,1,0,৩৪৮৫৪০,,৩৪৮৫৪০,number,37.62
Vehicle1482.jpg,ALL,N/A,৩৪৮৫৪০,,৩৪৮৫৪০,summary,N/A
Vehicle1247.jpg,1,0,২০৭৫৮৫,,২০৭৫৮৫,number,59.62
Vehicle1247.jpg,ALL,N/A,২০৭৫৮৫,,২০৭৫৮৫,summary,N/A
Vehicle1832.jpeg,1,0,১১১৪০১,,১১১৪০১,number,99.99
Vehicle1832.jpeg,2,0,,,,,
Vehicle1832.jpeg,ALL,N/A,১১১৪০১,,১১১৪০১,summary,N/A
Vehicle1273.jpg,1,0,১২৭৭১৬,,১২৭৭১৬,number,84.97
Vehicle1273.jpg,ALL,N/A,১২৭৭১৬,,১২৭৭১৬,summary,N/A
Vehicle1424.jpg,1,0,১১৫১৮৭,কক্সবাজার,১১৫১৮৭,number,100.00
Vehicle1424.jpg,ALL,N/A,১১৫১৮৭,কক্সবাজার,কক্সবাজার ১১৫১৮৭,summary,N/A
Vehicle333.jpg,1,0,০২০১৭৮,,০২০১৭৮,number,96.28
Vehicle333.jpg,ALL,N/A,০২০১৭৮,,০২০১৭৮,summary,N/A
Vehicle522.jpg,1,0,১১৪৯৮৮,কিশোরগঞ্জ,১১৪৯৮৮,number,94.65
Vehicle522.jpg,ALL,N/A,১১৪৯৮৮,কিশোরগঞ্জ,কিশোরগঞ্জ ১১৪৯৮৮,summary,N/A
Vehicle1349.jpg,1,0,১২৭৬৭৭,ঢাকা,১২৭৬৭৭,number,92.89
Vehicle1349.jpg,ALL,N/A,১২৭৬৭৭,ঢাকা,ঢাকা ১২৭৬৭৭,summary,N/A
Vehicle118.jpg,1,0,১৯৮০৭৯,,১৯৮০৭৯,number,96.78
Vehicle118.jpg,ALL,N/A,১৯৮০৭৯,,১৯৮০৭৯,summary,N/A
Vehicle1333.jpg,1,0,২৩৪৫৩২,,২৩৪৫৩২,number,88.10
Vehicle1333.jpg,ALL,N/A,২৩৪৫৩২,,২৩৪৫৩২,summary,N/A
Vehicle1450.jpg,1,0,৬৫৯১,,৬৫৯১,number,27.84
Vehicle1450.jpg,ALL,N/A,৬৫৯১,,৬৫৯১,summary,N/A
Vehicle481.jpg,1,0,১১১৮৪৪,মানিকগঞ্জ,১১১৮৪৪,number,90.53
Vehicle481.jpg,ALL,N/A,১১১৮৪৪,মানিকগঞ্জ,মানিকগঞ্জ ১১১৮৪৪,summary,N/A
Vehicle889.jpg,1,0,২৫৫২০৬,ঢাকা,ঢাকা,word,81.57
Vehicle889.jpg,ALL,N/A,২৫৫২০৬,ঢাকা,ঢাকা ২৫৫২০৬,summary,N/A
Vehicle1588.jpg,1,0,২৯৭০,,২৯৭০,number,44.20
Vehicle1588.jpg,ALL,N/A,২৯৭০,,২৯৭০,summary,N/A
Vehicle727.jpg,1,0,১৫১৭০২,ঢাকা,১৫১৭০২,number,95.47
Vehicle727.jpg,ALL,N/A,১৫১৭০২,ঢাকা,ঢাকা ১৫১৭০২,summary,N/A
Vehicle1332.jpg,1,0,৩৯১৭৮৬,,৩৯১৭৮৬,number,99.98
Vehicle1332.jpg,ALL,N/A,৩৯১৭৮৬,,৩৯১৭৮৬,summary,N/A
Vehicle321.jpg,1,0,১১১২০৫,পটুয়াখালী,১১১২০৫,number,99.83
Vehicle321.jpg,ALL,N/A,১১১২০৫,পটুয়াখালী,পটুয়াখালী ১১১২০৫,summary,N/A
Vehicle686.jpg,1,0,১৮৮১,,১৮৮১,number,10.98
Vehicle686.jpg,ALL,N/A,১৮৮১,,১৮৮১,summary,N/A
Vehicle1335.jpg,1,0,১১১১৯৭,,১১১১৯৭,number,78.71
Vehicle1335.jpg,ALL,N/A,১১১১৯৭,,১১১১৯৭,summary,N/A
Vehicle948.jpg,1,0,১৭৬২৯৯,,১৭৬২৯৯,number,99.80
Vehicle948.jpg,ALL,N/A,১৭৬২৯৯,,১৭৬২৯৯,summary,N/A
Vehicle1538.jpg,1,0,১১৪৭৯৩,,১১৪৭৯৩,number,90.92
Vehicle1538.jpg,ALL,N/A,১১৪৭৯৩,,১১৪৭৯৩,summary,N/A
Vehicle500.jpg,1,0,১১৯৮০৭,পটুয়াখালী,পটুয়াখালী,word,88.84
Vehicle500.jpg,ALL,N/A,১১৯৮০৭,পটুয়াখালী,পটুয়াখালী ১১৯৮০৭,summary,N/A
Vehicle561.jpg,1,0,১১৬৫১,,১১৬৫১,number,39.41
Vehicle561.jpg,ALL,N/A,১১৬৫১,,১১৬৫১,summary,N/A
Vehicle1570.jpeg,1,0,৩৫৫৩৭০,,৩৫৫৩৭০,number,91.74
Vehicle1570.jpeg,ALL,N/A,৩৫৫৩৭০,,৩৫৫৩৭০,summary,N/A
Vehicle1222.jpg,1,0,১১০৮১৪,ঝালকাঠি,১১০৮১৪,number,89.38
Vehicle1222.jpg,ALL,N/A,১১০৮১৪,ঝালকাঠি,ঝালকাঠি ১১০৮১৪,summary,N/A
Vehicle955.jpg,1,0,১৩৩৫৫১,,১৩৩৫৫১,number,21.50
Vehicle955.jpg,ALL,N/A,১৩৩৫৫১,,১৩৩৫৫১,summary,N/A
Vehicle308.jpg,1,0,১১৪৫৩৫,,১১৪৫৩৫,number,97.17
Vehicle308.jpg,ALL,N/A,১১৪৫৩৫,,১১৪৫৩৫,summary,N/A
Vehicle651.jpg,1,0,২৭২৪৯,,২৭২৪৯,number,60.86
Vehicle651.jpg,ALL,N/A,২৭২৪৯,,২৭২৪৯,summary,N/A
Vehicle802.jpg,1,0,১১৯১১৩,নাটোর,নাটোর,word,79.45
Vehicle802.jpg,ALL,N/A,১১৯১১৩,নাটোর,নাটোর ১১৯১১৩,summary,N/A
Vehicle221.jpg,1,0,২৯১১৬৯৯৮,,২৯১১৬৯৯৮,number,34.01
Vehicle221.jpg,ALL,N/A,২৯১১৬৯৯৮,,২৯১১৬৯৯৮,summary,N/A
Vehicle254.jpg,1,0,১১০৭৪৩,,১১০৭৪৩,number,72.59
Vehicle254.jpg,ALL,N/A,১১০৭৪৩,,১১০৭৪৩,summary,N/A
Vehicle1207.jpg,1,0,১৭৩২৩,,১৭৩২৩,number,60.67
Vehicle1207.jpg,ALL,N/A,১৭৩২৩,,১৭৩২৩,summary,N/A
Vehicle977.jpg,1,0,১১১৬৬০,,১১১৬৬০,number,63.02
Vehicle977.jpg,ALL,N/A,১১১৬৬০,,১১১৬৬০,summary,N/A
Vehicle1800.jpeg,1,0,১১০০৫৫,,১১০০৫৫,number,92.06
Vehicle1800.jpeg,ALL,N/A,১১০০৫৫,,১১০০৫৫,summary,N/A
Vehicle1487.jpg,1,0,৮,,৮,number,51.03
Vehicle1487.jpg,ALL,N/A,৮,,৮,summary,N/A
Vehicle626.jpg,1,0,২৫০২৮,,২৫০২৮,number,63.58
Vehicle626.jpg,ALL,N/A,২৫০২৮,,২৫০২৮,summary,N/A
Vehicle149.jpg,1,0,১১৮৪৭২,সিলেট,১১৮৪৭২,number,98.29
Vehicle149.jpg,ALL,N/A,১১৮৪৭২,সিলেট,সিলেট ১১৮৪৭২,summary,N/A
Vehicle381.jpg,1,0,১১৪৭৮৬,পিরোজপুর,পিরোজপুর,word,83.20
Vehicle381.jpg,ALL,N/A,১১৪৭৮৬,পিরোজপুর,পিরোজপুর ১১৪৭৮৬,summary,N/A
Vehicle84.jpg,1,0,০১৩৬,ঠাকুরগাঁও,০১৩৬,number,84.95
Vehicle84.jpg,ALL,N/A,০১৩৬,ঠাকুরগাঁও,ঠাকুরগাঁও ০১৩৬,summary,N/A
Vehicle160.jpg,1,0,১১৬০৭৮,গোপালগঞ্জ,গোপালগঞ্জ,word,77.84
Vehicle160.jpg,ALL,N/A,১১৬০৭৮,গোপালগঞ্জ,গোপালগঞ্জ ১১৬০৭৮,summary,N/A
Vehicle715.jpg,1,0,১৮,,১৮,number,41.20
Vehicle715.jpg,ALL,N/A,১৮,,১৮,summary,N/A
Vehicle509.jpg,1,0,১১৫৩৭১,সাতক্ষীরা,১১৫৩৭১,number,98.34
Vehicle509.jpg,ALL,N/A,১১৫৩৭১,সাতক্ষীরা,সাতক্ষীরা ১১৫৩৭১,summary,N/A
Vehicle1799.jpeg,1,0,১৯০১৩৯,মেট্রো,মেট্রো,word,68.63
Vehicle1799.jpeg,ALL,N/A,১৯০১৩৯,মেট্রো,মেট্রো ১৯০১৩৯,summary,N/A
Vehicle478.jpg,1,0,১১০৩৪৫,,১১০৩৪৫,number,70.65
Vehicle478.jpg,ALL,N/A,১১০৩৪৫,,১১০৩৪৫,summary,N/A
Vehicle1872.jpeg,1,0,৯০৯০,নাটোর,৯০৯০,number,99.69
Vehicle1872.jpeg,ALL,N/A,৯০৯০,নাটোর,নাটোর ৯০৯০,summary,N/A
Vehicle972.jpg,1,0,১,,১,number,99.99
Vehicle972.jpg,ALL,N/A,১,,১,summary,N/A
Vehicle7.jpg,1,0,১৪২,ভোলা,১৪২,number,100.00
Vehicle7.jpg,ALL,N/A,১৪২,ভোলা,ভোলা ১৪২,summary,N/A
Vehicle1624.jpg,1,0,১৫৮৪১৬,,১৫৮৪১৬,number,54.22
Vehicle1624.jpg,ALL,N/A,১৫৮৪১৬,,১৫৮৪১৬,summary,N/A
Vehicle1479.jpg,1,0,১১৭৮৮১,কক্সবাজার,১১৭৮৮১,number,84.47
Vehicle1479.jpg,ALL,N/A,১১৭৮৮১,কক্সবাজার,কক্সবাজার ১১৭৮৮১,summary,N/A
Vehicle717.jpg,1,0,৫৯,,৫৯,number,12.21
Vehicle717.jpg,ALL,N/A,৫৯,,৫৯,summary,N/A
Vehicle1869.jpeg,1,0,১২৩২৯,নাটোর,১২৩২৯,number,99.99
Vehicle1869.jpeg,ALL,N/A,১২৩২৯,নাটোর,নাটোর ১২৩২৯,summary,N/A
Vehicle993.jpg,1,0,১১৯৬৪৫৯১,নাটোর,নাটোর,word,96.48
Vehicle993.jpg,ALL,N/A,১১৯৬৪৫৯১,নাটোর,নাটোর ১১৯৬৪৫৯১,summary,N/A
Vehicle74.jpg,1,0,১১২৬৫০,,১১২৬৫০,number,52.56
Vehicle74.jpg,ALL,N/A,১১২৬৫০,,১১২৬৫০,summary,N/A
Vehicle652.jpg,1,0,০২২৩৪৫,,০২২৩৪৫,number,49.37
Vehicle652.jpg,ALL,N/A,০২২৩৪৫,,০২২৩৪৫,summary,N/A
Vehicle1395.jpg,1,0,১১০০৬,,১১০০৬,number,79.36
Vehicle1395.jpg,ALL,N/A,১১০০৬,,১১০০৬,summary,N/A
Vehicle1215.jpg,1,0,,ঢাকা,ঢাকা,word,57.80
Vehicle1215.jpg,ALL,N/A,,ঢাকা,ঢাকা,summary,N/A
Vehicle501.jpg,1,0,১১৮৫২০,নেত্রকোনা,১১৮৫২০,number,90.38
Vehicle501.jpg,ALL,N/A,১১৮৫২০,নেত্রকোনা,নেত্রকোনা ১১৮৫২০,summary,N/A
Vehicle965.jpg,1,0,৩৯৪৯৪৮,,৩৯৪৯৪৮,number,99.60
Vehicle965.jpg,ALL,N/A,৩৯৪৯৪৮,,৩৯৪৯৪৮,summary,N/A
Vehicle450.jpg,1,0,,,,,
Vehicle450.jpg,ALL,N/A,,,N/A,summary,N/A
Vehicle815.jpg,1,0,১১৫০৬১,কিশোরগঞ্জ,১১৫০৬১,number,96.01
Vehicle815.jpg,ALL,N/A,১১৫০৬১,কিশোরগঞ্জ,কিশোরগঞ্জ ১১৫০৬১,summary,N/A
Vehicle743.jpg,1,0,,,,,
Vehicle743.jpg,ALL,N/A,,,N/A,summary,N/A
Vehicle1217.jpg,1,0,,,,,
Vehicle1217.jpg,ALL,N/A,,,N/A,summary,N/A
Vehicle1831.jpeg,1,0,১১১১৯২,,১১১১৯২,number,99.60
Vehicle1831.jpeg,2,0,১১,টাঙ্গাইল,টাঙ্গাইল,word,82.89
Vehicle1831.jpeg,ALL,N/A,১১১১৯২,টাঙ্গাইল,টাঙ্গাইল ১১১১৯২,summary,N/A
Vehicle1908.jpeg,1,0,,,,,
Vehicle1908.jpeg,ALL,N/A,,,N/A,summary,N/A
Vehicle711.jpg,1,0,২৯৭৩,,২৯৭৩,number,26.23
Vehicle711.jpg,ALL,N/A,২৯৭৩,,২৯৭৩,summary,N/A
Vehicle88.jpg,1,0,১১৪৮৭৯,,১১৪৮৭৯,number,100.00
Vehicle88.jpg,ALL,N/A,১১৪৮৭৯,,১১৪৮৭৯,summary,N/A
Vehicle424.jpg,1,0,১১৬০০,নওগাঁ,১১৬০০,number,98.29
Vehicle424.jpg,ALL,N/A,১১৬০০,নওগাঁ,নওগাঁ ১১৬০০,summary,N/A
Vehicle337.jpg,1,0,১১৪০০৮,,১১৪০০৮,number,11.58
Vehicle337.jpg,ALL,N/A,১১৪০০৮,,১১৪০০৮,summary,N/A
Vehicle451.jpg,1,0,১৪২৯,ময়মনসিংহ,১৪২৯,number,99.99
Vehicle451.jpg,ALL,N/A,১৪২৯,ময়মনসিংহ,ময়মনসিংহ ১৪২৯,summary,N/A
Vehicle1080.jpg,1,0,২৫০৩,,২৫০৩,number,99.47
Vehicle1080.jpg,ALL,N/A,২৫০৩,,২৫০৩,summary,N/A
Vehicle868.jpg,1,0,১১০৭৬৩,রাঙামাটি,১১০৭৬৩,number,88.67
Vehicle868.jpg,ALL,N/A,১১০৭৬৩,রাঙামাটি,রাঙামাটি ১১০৭৬৩,summary,N/A
Vehicle951.jpg,1,0,১৯১৯৯৬,,১৯১৯৯৬,number,18.37
Vehicle951.jpg,ALL,N/A,১৯১৯৯৬,,১৯১৯৯৬,summary,N/A
Vehicle1077.jpg,1,0,১৩৭০১,,১৩৭০১,number,39.64
Vehicle1077.jpg,ALL,N/A,১৩৭০১,,১৩৭০১,summary,N/A
Vehicle670.jpg,1,0,৩৮১৪০,,৩৮১৪০,number,94.62
Vehicle670.jpg,ALL,N/A,৩৮১৪০,,৩৮১৪০,summary,N/A
Vehicle68.jpg,1,0,২০৯,খুলনা,খুলনা,word,97.84
Vehicle68.jpg,ALL,N/A,২০৯,খুলনা,খুলনা ২০৯,summary,N/A
Vehicle746.jpg,1,0,১৫০০,,১৫০০,number,22.85
Vehicle746.jpg,ALL,N/A,১৫০০,,১৫০০,summary,N/A
Vehicle1557.jpeg,1,0,১১০১১৭,,১১০১১৭,number,99.29
Vehicle1557.jpeg,ALL,N/A,১১০১১৭,,১১০১১৭,summary,N/A
Vehicle1200.jpg,1,0,১১৭৯৯,মানিকগঞ্জ,মানিকগঞ্জ,word,94.71
Vehicle1200.jpg,ALL,N/A,১১৭৯৯,মানিকগঞ্জ,মানিকগঞ্জ ১১৭৯৯,summary,N/A
Vehicle290.jpg,1,0,১,,১,number,54.97
Vehicle290.jpg,ALL,N/A,১,,১,summary,N/A
Vehicle1264.jpg,1,0,৩৩৮৭৫৬,,৩৩৮৭৫৬,number,5.98
Vehicle1264.jpg,ALL,N/A,৩৩৮৭৫৬,,৩৩৮৭৫৬,summary,N/A
Vehicle460.jpg,1,0,১১০১৮৫,নরসিংদী,১১০১৮৫,number,95.99
Vehicle460.jpg,ALL,N/A,১১০১৮৫,নরসিংদী,নরসিংদী ১১০১৮৫,summary,N/A
Vehicle1044.jpg,1,0,৩৯,,৩৯,number,73.85
Vehicle1044.jpg,ALL,N/A,৩৯,,৩৯,summary,N/A
Vehicle913.jpg,1,0,১২২৯৮২,,১২২৯৮২,number,98.37
Vehicle913.jpg,ALL,N/A,১২২৯৮২,,১২২৯৮২,summary,N/A
Vehicle1183.jpg,1,0,৫৩৫,,৫৩৫,number,9.14
Vehicle1183.jpg,ALL,N/A,৫৩৫,,৫৩৫,summary,N/A
Vehicle642.jpg,1,0,১২৮৪৪,মৌলভীবাজার,১২৮৪৪,number,85.78
Vehicle642.jpg,ALL,N/A,১২৮৪৪,মৌলভীবাজার,মৌলভীবাজার ১২৮৪৪,summary,N/A
Vehicle596.jpg,1,0,৫৫৬,,৫৫৬,number,17.61
Vehicle596.jpg,ALL,N/A,৫৫৬,,৫৫৬,summary,N/A
Vehicle190.jpg,1,0,১৫৩৭৫০,,১৫৩৭৫০,number,97.43
Vehicle190.jpg,ALL,N/A,১৫৩৭৫০,,১৫৩৭৫০,summary,N/A
Vehicle1032.jpg,1,0,,মানিকগঞ্জ,মানিকগঞ্জ,word,86.89
Vehicle1032.jpg,ALL,N/A,,মানিকগঞ্জ,মানিকগঞ্জ,summary,N/A
Vehicle1135.jpg,1,0,১৪৬৩,,১৪৬৩,number,97.62
Vehicle1135.jpg,ALL,N/A,১৪৬৩,,১৪৬৩,summary,N/A
Vehicle782.jpg,1,0,৫,,৫,number,35.57
Vehicle782.jpg,ALL,N/A,৫,,৫,summary,N/A
Vehicle1626.jpg,1,0,,মেট্রো,মেট্রো,word,91.07
Vehicle1626.jpg,ALL,N/A,,মেট্রো,মেট্রো,summary,N/A
Vehicle1129.jpg,1,0,৩৯০৯৫৮,ঢাকা,৩৯০৯৫৮,number,98.87
Vehicle1129.jpg,ALL,N/A,৩৯০৯৫৮,ঢাকা,ঢাকা ৩৯০৯৫৮,summary,N/A
Vehicle635.jpg,1,0,৩১৮৪৩৫,,৩১৮৪৩৫,number,97.26
Vehicle635.jpg,ALL,N/A,৩১৮৪৩৫,,৩১৮৪৩৫,summary,N/A
Vehicle806.jpg,1,0,১৩২,,১৩২,number,95.74
Vehicle806.jpg,ALL,N/A,১৩২,,১৩২,summary,N/A
Vehicle1721.jpeg,1,0,১১৮০০৫,,১১৮০০৫,number,64.70
Vehicle1721.jpeg,ALL,N/A,১১৮০০৫,,১১৮০০৫,summary,N/A
Vehicle349.jpg,1,0,১১৪২২৫,হবিগঞ্জ,১১৪২২৫,number,99.99
Vehicle349.jpg,ALL,N/A,১১৪২২৫,হবিগঞ্জ,হবিগঞ্জ ১১৪২২৫,summary,N/A
Vehicle1258.jpg,1,0,,,,,
Vehicle1258.jpg,ALL,N/A,,,N/A,summary,N/A
Vehicle1045.jpg,1,0,,,,,
Vehicle1045.jpg,ALL,N/A,,,N/A,summary,N/A
Vehicle1150.jpg,1,0,২৮,,২৮,number,2.40
Vehicle1150.jpg,ALL,N/A,২৮,,২৮,summary,N/A
Vehicle318.jpg,1,0,১১০২৯৯,,১১০২৯৯,number,92.65
Vehicle318.jpg,ALL,N/A,১১০২৯৯,,১১০২৯৯,summary,N/A
Vehicle1601.jpg,1,0,১৪০৪৮১,,১৪০৪৮১,number,99.13
Vehicle1601.jpg,ALL,N/A,১৪০৪৮১,,১৪০৪৮১,summary,N/A
Vehicle1594.jpg,1,0,৪৭৬,,৪৭৬,number,6.79
Vehicle1594.jpg,ALL,N/A,৪৭৬,,৪৭৬,summary,N/A
Vehicle1232.jpg,1,0,১৩,,১৩,number,10.30
Vehicle1232.jpg,ALL,N/A,১৩,,১৩,summary,N/A
Vehicle882.jpg,1,0,২২৭০০৭,মেট্রো,মেট্রো,word,94.16
Vehicle882.jpg,ALL,N/A,২২৭০০৭,মেট্রো,মেট্রো ২২৭০০৭,summary,N/A
Vehicle1597.jpg,1,0,১১৬৯,মেট্রো,১১৬৯,number,86.64
Vehicle1597.jpg,ALL,N/A,১১৬৯,মেট্রো,মেট্রো ১১৬৯,summary,N/A
Vehicle1896.jpeg,1,0,২৬৮৪৯০,,২৬৮৪৯০,number,99.95
Vehicle1896.jpeg,ALL,N/A,২৬৮৪৯০,,২৬৮৪৯০,summary,N/A
Vehicle1834.jpeg,1,0,১১১০৫৮,,১১১০৫৮,number,100.00
Vehicle1834.jpeg,ALL,N/A,১১১০৫৮,,১১১০৫৮,summary,N/A
Vehicle288.jpg,1,0,১১২২১৮,শেরপুর,শেরপুর,word,79.13
Vehicle288.jpg,ALL,N/A,১১২২১৮,শেরপুর,শেরপুর ১১২২১৮,summary,N/A
Vehicle1622.jpg,1,0,,,,,
Vehicle1622.jpg,ALL,N/A,,,N/A,summary,N/A
Vehicle682.jpg,1,0,৩৯৮৯২৪,,৩৯৮৯২৪,number,94.84
Vehicle682.jpg,ALL,N/A,৩৯৮৯২৪,,৩৯৮৯২৪,summary,N/A
Vehicle723.jpg,1,0,৬৫২৮,ঢাকা,৬৫২৮,number,99.95
Vehicle723.jpg,ALL,N/A,৬৫২৮,ঢাকা,ঢাকা ৬৫২৮,summary,N/A
Vehicle900.jpg,1,0,১১৬০৮৯,,১১৬০৮৯,number,92.79
Vehicle900.jpg,ALL,N/A,১১৬০৮৯,,১১৬০৮৯,summary,N/A
Vehicle600.jpg,1,0,,,,,
Vehicle600.jpg,ALL,N/A,,,N/A,summary,N/A
Vehicle1202.jpg,1,0,২০০৬৯৭,,২০০৬৯৭,number,97.76
Vehicle1202.jpg,ALL,N/A,২০০৬৯৭,,২০০৬৯৭,summary,N/A
Vehicle21.jpg,1,0,১১১৮৪০,কক্সবাজার,১১১৮৪০,number,99.92
Vehicle21.jpg,ALL,N/A,১১১৮৪০,কক্সবাজার,কক্সবাজার ১১১৮৪০,summary,N/A
Vehicle1302.jpg,1,0,৫,,৫,number,10.00
Vehicle1302.jpg,ALL,N/A,৫,,৫,summary,N/A
Vehicle1472.jpg,1,0,২০৬৪১,,২০৬৪১,number,43.85
Vehicle1472.jpg,ALL,N/A,২০৬৪১,,২০৬৪১,summary,N/A
Vehicle550.jpg,1,0,১৫০১৭৩,,১৫০১৭৩,number,68.79
Vehicle550.jpg,ALL,N/A,১৫০১৭৩,,১৫০১৭৩,summary,N/A
Vehicle439.jpg,1,0,১১৩৩০১,রাজবাড়ী,রাজবাড়ী,word,87.70
Vehicle439.jpg,ALL,N/A,১১৩৩০১,রাজবাড়ী,রাজবাড়ী ১১৩৩০১,summary,N/A
Vehicle1184.jpg,1,0,৭৯২৬,,৭৯২৬,number,59.50
Vehicle1184.jpg,ALL,N/A,৭৯২৬,,৭৯২৬,summary,N/A
Vehicle809.jpg,1,0,১১৬৮৮৬,,১১৬৮৮৬,number,89.32
Vehicle809.jpg,ALL,N/A,১১৬৮৮৬,,১১৬৮৮৬,summary,N/A
Vehicle1636.jpg,1,0,,,,,
Vehicle1636.jpg,ALL,N/A,,,N/A,summary,N/A
Vehicle980.jpg,1,0,,,,,
Vehicle980.jpg,ALL,N/A,,,N/A,summary,N/A
Vehicle300.jpg,1,0,১১০৪১৮,,১১০৪১৮,number,99.53
Vehicle300.jpg,ALL,N/A,১১০৪১৮,,১১০৪১৮,summary,N/A
Vehicle336.jpg,1,0,১১১৬৭০,,১১১৬৭০,number,82.73
Vehicle336.jpg,ALL,N/A,১১১৬৭০,,১১১৬৭০,summary,N/A
Vehicle369.jpg,1,0,১১০৭১৮,ভোলা,ভোলা,word,91.67
Vehicle369.jpg,ALL,N/A,১১০৭১৮,ভোলা,ভোলা ১১০৭১৮,summary,N/A
Vehicle27.jpg,1,0,১১১৮৪০,কক্সবাজার,১১১৮৪০,number,78.38
Vehicle27.jpg,ALL,N/A,১১১৮৪০,কক্সবাজার,কক্সবাজার ১১১৮৪০,summary,N/A
Vehicle1400.jpg,1,0,১১১৮১৭,ঢাকা,ঢাকা,word,86.71
Vehicle1400.jpg,ALL,N/A,১১১৮১৭,ঢাকা,ঢাকা ১১১৮১৭,summary,N/A
Vehicle601.jpg,1,0,১১০০৯৬,,১১০০৯৬,number,63.64
Vehicle601.jpg,ALL,N/A,১১০০৯৬,,১১০০৯৬,summary,N/A
Vehicle1401.jpg,1,0,২১৮৭৯৮,,২১৮৭৯৮,number,91.72
Vehicle1401.jpg,2,0,১৯৭৪,,১৯৭৪,number,13.71
Vehicle1401.jpg,ALL,N/A,২১৮৭৯৮,,২১৮৭৯৮,summary,N/A
Vehicle1802.jpeg,1,0,১১৫৯৬১,বরিশাল,বরিশাল,word,99.41
Vehicle1802.jpeg,ALL,N/A,১১৫৯৬১,বরিশাল,বরিশাল ১১৫৯৬১,summary,N/A
Vehicle325.jpg,1,0,,,,,
Vehicle325.jpg,ALL,N/A,,,N/A,summary,N/A
Vehicle992.jpg,1,0,১৭২৭৫,,১৭২৭৫,number,71.67
Vehicle992.jpg,ALL,N/A,১৭২৭৫,,১৭২৭৫,summary,N/A
Vehicle224.jpg,1,0,১১৪৪৩,,১১৪৪৩,number,26.99
Vehicle224.jpg,ALL,N/A,১১৪৪৩,,১১৪৪৩,summary,N/A
Vehicle656.jpg,1,0,৩৯৮৩০,,৩৯৮৩০,number,15.65
Vehicle656.jpg,ALL,N/A,৩৯৮৩০,,৩৯৮৩০,summary,N/A
Vehicle916.jpg,1,0,১৫২৫২৭৬,,১৫২৫২৭৬,number,61.80
Vehicle916.jpg,ALL,N/A,১৫২৫২৭৬,,১৫২৫২৭৬,summary,N/A
Vehicle978.jpg,1,0,,,,,
Vehicle978.jpg,ALL,N/A,,,N/A,summary,N/A
Vehicle1091.jpg,1,0,৩১০০৮০,,৩১০০৮০,number,91.48
Vehicle1091.jpg,ALL,N/A,৩১০০৮০,,৩১০০৮০,summary,N/A
Vehicle964.jpg,1,0,১১৯৪৮০,,১১৯৪৮০,number,13.18
Vehicle964.jpg,ALL,N/A,১১৯৪৮০,,১১৯৪৮০,summary,N/A
Vehicle55.jpg,1,0,১৩১৯৭৭,,১৩১৯৭৭,number,67.84
Vehicle55.jpg,2,0,,,,,
Vehicle55.jpg,ALL,N/A,১৩১৯৭৭,,১৩১৯৭৭,summary,N/A
Vehicle1329.jpg,1,0,১১১২৩৬,,১১১২৩৬,number,98.98
Vehicle1329.jpg,ALL,N/A,১১১২৩৬,,১১১২৩৬,summary,N/A
Vehicle1917.jpeg,1,0,,জামালপুর,জামালপুর,word,93.55
Vehicle1917.jpeg,ALL,N/A,,জামালপুর,জামালপুর,summary,N/A
Vehicle1444.jpg,1,0,,,,,
Vehicle1444.jpg,ALL,N/A,,,N/A,summary,N/A
Vehicle553.jpg,1,0,১১১৩২৭,পিরোজপুর,১১১৩২৭,number,99.93
Vehicle553.jpg,ALL,N/A,১১১৩২৭,পিরোজপুর,পিরোজপুর ১১১৩২৭,summary,N/A
Vehicle1666.jpg,1,0,১৪৬৩৩৭,চট্টগ্রাম,১৪৬৩৩৭,number,83.21
Vehicle1666.jpg,ALL,N/A,১৪৬৩৩৭,চট্টগ্রাম,চট্টগ্রাম ১৪৬৩৩৭,summary,N/A
Vehicle379.jpg,1,0,১১৭৯০৫,কক্সবাজার,১১৭৯০৫,number,99.81
Vehicle379.jpg,ALL,N/A,১১৭৯০৫,কক্সবাজার,কক্সবাজার ১১৭৯০৫,summary,N/A
Vehicle1532.jpeg,1,0,১১৭৩৩৯,,১১৭৩৩৯,number,60.12
Vehicle1532.jpeg,ALL,N/A,১১৭৩৩৯,,১১৭৩৩৯,summary,N/A
Vehicle1432.jpg,1,0,,,,,
Vehicle1432.jpg,ALL,N/A,,,N/A,summary,N/A
Vehicle949.jpg,1,0,১৩৭০১০,,১৩৭০১০,number,85.44
Vehicle949.jpg,ALL,N/A,১৩৭০১০,,১৩৭০১০,summary,N/A
Vehicle1683.jpg,1,0,৮৬,,৮৬,number,37.44
Vehicle1683.jpg,ALL,N/A,৮৬,,৮৬,summary,N/A
Vehicle836.jpg,1,0,১৬২৪০৮,,১৬২৪০৮,number,93.57
Vehicle836.jpg,ALL,N/A,১৬২৪০৮,,১৬২৪০৮,summary,N/A
Vehicle1760.jpeg,1,0,১১৬৭৪৯,ময়মনসিংহ,১১৬৭৪৯,number,97.37
Vehicle1760.jpeg,ALL,N/A,১১৬৭৪৯,ময়মনসিংহ,ময়মনসিংহ ১১৬৭৪৯,summary,N/A
Vehicle1138.jpg,1,0,১৭৩৫৫১,,১৭৩৫৫১,number,28.78
Vehicle1138.jpg,ALL,N/A,১৭৩৫৫১,,১৭৩৫৫১,summary,N/A
Vehicle1155.jpg,1,0,১১৭,,১১৭,number,92.69
Vehicle1155.jpg,ALL,N/A,১১৭,,১১৭,summary,N/A
Vehicle1380.jpg,1,0,১১১১০১,,১১১১০১,number,98.86
Vehicle1380.jpg,ALL,N/A,১১১১০১,,১১১১০১,summary,N/A
Vehicle145.jpg,1,0,১৪৮৯৯৪,,১৪৮৯৯৪,number,70.23
Vehicle145.jpg,ALL,N/A,১৪৮৯৯৪,,১৪৮৯৯৪,summary,N/A
Vehicle358.jpg,1,0,১১৭৪৩,সিরাজগঞ্জ,১১৭৪৩,number,99.11
Vehicle358.jpg,ALL,N/A,১১৭৪৩,সিরাজগঞ্জ,সিরাজগঞ্জ ১১৭৪৩,summary,N/A
Vehicle123.jpg,1,0,১৩২১১৩,,১৩২১১৩,number,99.96
Vehicle123.jpg,ALL,N/A,১৩২১১৩,,১৩২১১৩,summary,N/A
Vehicle648.jpg,1,0,৩৬৭,,৩৬৭,number,99.90
Vehicle648.jpg,ALL,N/A,৩৬৭,,৩৬৭,summary,N/A
Vehicle1875.jpeg,1,0,১২৫৩৮২,নাটোর,নাটোর,word,98.42
Vehicle1875.jpeg,ALL,N/A,১২৫৩৮২,নাটোর,নাটোর ১২৫৩৮২,summary,N/A
Vehicle1859.jpeg,1,0,১২৬৬৩৩,,১২৬৬৩৩,number,62.12
Vehicle1859.jpeg,ALL,N/A,১২৬৬৩৩,,১২৬৬৩৩,summary,N/A
Vehicle966.jpg,1,0,২২৭৭১,,২২৭৭১,number,85.89
Vehicle966.jpg,ALL,N/A,২২৭৭১,,২২৭৭১,summary,N/A
Vehicle1842.jpeg,1,0,১২৩৫,,১২৩৫,number,79.35
Vehicle1842.jpeg,ALL,N/A,১২৩৫,,১২৩৫,summary,N/A
Vehicle1086.jpg,1,0,১৫২৩০৬,,১৫২৩০৬,number,96.44
Vehicle1086.jpg,ALL,N/A,১৫২৩০৬,,১৫২৩০৬,summary,N/A
Vehicle375.jpg,1,0,,,,,
Vehicle375.jpg,ALL,N/A,,,N/A,summary,N/A
Vehicle9.jpg,1,0,১১১৯৮১,,১১১৯৮১,number,73.86
Vehicle9.jpg,ALL,N/A,১১১৯৮১,,১১১৯৮১,summary,N/A
Vehicle1452.jpg,1,0,,,,,
Vehicle1452.jpg,ALL,N/A,,,N/A,summary,N/A
Vehicle531.jpg,1,0,১১৪৭৫০,,১১৪৭৫০,number,70.22
Vehicle531.jpg,ALL,N/A,১১৪৭৫০,,১১৪৭৫০,summary,N/A
Vehicle552.jpg,1,0,১১৮৬৭৮,ময়মনসিংহ,ময়মনসিংহ,word,73.81
Vehicle552.jpg,ALL,N/A,১১৮৬৭৮,ময়মনসিংহ,ময়মনসিংহ ১১৮৬৭৮,summary,N/A
Vehicle721.jpg,1,0,৩৩,,৩৩,number,28.28
Vehicle721.jpg,ALL,N/A,৩৩,,৩৩,summary,N/A
Vehicle832.jpg,1,0,৫৪০১৮০,,৫৪০১৮০,number,88.01
Vehicle832.jpg,ALL,N/A,৫৪০১৮০,,৫৪০১৮০,summary,N/A
Vehicle523.jpg,1,0,৪২২৭২,ঢাকা,৪২২৭২,number,87.17
Vehicle523.jpg,ALL,N/A,৪২২৭২,ঢাকা,ঢাকা ৪২২৭২,summary,N/A
Vehicle512.jpg,1,0,১১৩৭১,,১১৩৭১,number,83.16
Vehicle512.jpg,ALL,N/A,১১৩৭১,,১১৩৭১,summary,N/A
Vehicle636.jpg,1,0,,,,,
Vehicle636.jpg,ALL,N/A,,,N/A,summary,N/A
Vehicle158.jpg,1,0,৪১৫৫১০,ঢাকা,৪১৫৫১০,number,98.63
Vehicle158.jpg,ALL,N/A,৪১৫৫১০,ঢাকা,ঢাকা ৪১৫৫১০,summary,N/A
Vehicle1136.jpg,1,0,৩৮৮০,,৩৮৮০,number,27.90
Vehicle1136.jpg,ALL,N/A,৩৮৮০,,৩৮৮০,summary,N/A
Vehicle1620.jpg,1,0,১১১৮৫৪,,১১১৮৫৪,number,76.61
Vehicle1620.jpg,ALL,N/A,১১১৮৫৪,,১১১৮৫৪,summary,N/A
Vehicle807.jpg,1,0,১১৩৪৪১,মাদারীপুর,১১৩৪৪১,number,98.25
Vehicle807.jpg,ALL,N/A,১১৩৪৪১,মাদারীপুর,মাদারীপুর ১১৩৪৪১,summary,N/A
Vehicle1046.jpg,1,0,২৫৯৫,,২৫৯৫,number,13.47
Vehicle1046.jpg,ALL,N/A,২৫৯৫,,২৫৯৫,summary,N/A
Vehicle1304.jpg,1,0,২৩০,,২৩০,number,62.62
Vehicle1304.jpg,ALL,N/A,২৩০,,২৩০,summary,N/A
Vehicle1490.jpg,1,0,১১০০০,মেট্রো,মেট্রো,word,91.29
Vehicle1490.jpg,ALL,N/A,১১০০০,মেট্রো,মেট্রো ১১০০০,summary,N/A
Vehicle374.jpg,1,0,৭৭৮৩৭,,৭৭৮৩৭,number,89.15
Vehicle374.jpg,ALL,N/A,৭৭৮৩৭,,৭৭৮৩৭,summary,N/A
Vehicle1313.jpg,1,0,৩৯১৭৮৬,,৩৯১৭৮৬,number,53.66
Vehicle1313.jpg,ALL,N/A,৩৯১৭৮৬,,৩৯১৭৮৬,summary,N/A
Vehicle745.jpg,1,0,১১৫০১১,রংপুর,১১৫০১১,number,90.16
Vehicle745.jpg,ALL,N/A,১১৫০১১,রংপুর,রংপুর ১১৫০১১,summary,N/A
Vehicle1323.jpg,1,0,,,,,
Vehicle1323.jpg,ALL,N/A,,,N/A,summary,N/A
Vehicle845.jpg,1,0,১১৫৮৯৫,,১১৫৮৯৫,number,77.05
Vehicle845.jpg,ALL,N/A,১১৫৮৯৫,,১১৫৮৯৫,summary,N/A
Vehicle1115.jpg,1,0,১৫,,১৫,number,94.84
Vehicle1115.jpg,ALL,N/A,১৫,,১৫,summary,N/A
Vehicle1194.jpg,1,0,১১১০৮০,,১১১০৮০,number,92.70
Vehicle1194.jpg,ALL,N/A,১১১০৮০,,১১১০৮০,summary,N/A
Vehicle1728.jpg,1,0,০৪৮৬,,০৪৮৬,number,44.37
Vehicle1728.jpg,ALL,N/A,০৪৮৬,,০৪৮৬,summary,N/A
Vehicle249.jpg,1,0,১৮১৫৩৫,,১৮১৫৩৫,number,65.53
Vehicle249.jpg,ALL,N/A,১৮১৫৩৫,,১৮১৫৩৫,summary,N/A
Vehicle488.jpg,1,0,৬১৮৪,ঠাকুরগাঁও,ঠাকুরগাঁও,word,53.49
Vehicle488.jpg,ALL,N/A,৬১৮৪,ঠাকুরগাঁও,ঠাকুরগাঁও ৬১৮৪,summary,N/A
Vehicle1265.jpg,1,0,১৭৮,,১৭৮,number,95.28
Vehicle1265.jpg,ALL,N/A,১৭৮,,১৭৮,summary,N/A
Vehicle758.jpg,1,0,১১৬২৮৫,,১১৬২৮৫,number,73.41
Vehicle758.jpg,ALL,N/A,১১৬২৮৫,,১১৬২৮৫,summary,N/A
Vehicle1702.jpg,1,0,০,,০,number,30.33
Vehicle1702.jpg,ALL,N/A,০,,০,summary,N/A
Vehicle1493.png,1,0,১১৪০৭৮০,,১১৪০৭৮০,number,55.09
Vehicle1493.png,ALL,N/A,১১৪০৭৮০,,১১৪০৭৮০,summary,N/A
Vehicle1477.jpg,1,0,১১০৫৪২,,১১০৫৪২,number,98.75
Vehicle1477.jpg,ALL,N/A,১১০৫৪২,,১১০৫৪২,summary,N/A
Vehicle394.jpg,1,0,১১১৬,,১১১৬,number,99.93
Vehicle394.jpg,ALL,N/A,১১১৬,,১১১৬,summary,N/A
Vehicle1921.jpeg,1,0,৫১৭৯২,,৫১৭৯২,number,61.57
Vehicle1921.jpeg,ALL,N/A,৫১৭৯২,,৫১৭৯২,summary,N/A
Vehicle1474.jpg,1,0,১৭৬১৬,,১৭৬১৬,number,0.78
Vehicle1474.jpg,ALL,N/A,১৭৬১৬,,১৭৬১৬,summary,N/A
Vehicle1272.jpg,1,0,১২০৫৩৯,,১২০৫৩৯,number,52.21
Vehicle1272.jpg,2,0,১৯২৮৩২৬,,১৯২৮৩২৬,number,30.66
Vehicle1272.jpg,ALL,N/A,১২০৫৩৯,,১২০৫৩৯,summary,N/A
Vehicle166.jpg,1,0,১১৭৬৩৫,,১১৭৬৩৫,number,87.80
Vehicle166.jpg,ALL,N/A,১১৭৬৩৫,,১১৭৬৩৫,summary,N/A
Vehicle477.jpg,1,0,১১৬০৬১৪,পটুয়াখালী,পটুয়াখালী,word,72.46
Vehicle477.jpg,ALL,N/A,১১৬০৬১৪,পটুয়াখালী,পটুয়াখালী ১১৬০৬১৪,summary,N/A
Vehicle1354.jpg,1,0,৩১৪০৮৯,,৩১৪০৮৯,number,96.26
Vehicle1354.jpg,ALL,N/A,৩১৪০৮৯,,৩১৪০৮৯,summary,N/A
Vehicle201.jpg,1,0,১৩৩০৮৫,,১৩৩০৮৫,number,51.10
Vehicle201.jpg,ALL,N/A,১৩৩০৮৫,,১৩৩০৮৫,summary,N/A
Vehicle469.jpg,1,0,,,,,
Vehicle469.jpg,ALL,N/A,,,N/A,summary,N/A
Vehicle750.jpg,1,0,১২০০০৫,কুড়িগ্রাম,১২০০০৫,number,97.76
Vehicle750.jpg,ALL,N/A,১২০০০৫,কুড়িগ্রাম,কুড়িগ্রাম ১২০০০৫,summary,N/A
Vehicle1667.jpg,1,0,৭৮,,৭৮,number,11.29
Vehicle1667.jpg,ALL,N/A,৭৮,,৭৮,summary,N/A
Vehicle1677.jpg,1,0,১৬৪২৩১,,১৬৪২৩১,number,69.24
Vehicle1677.jpg,ALL,N/A,১৬৪২৩১,,১৬৪২৩১,summary,N/A
Vehicle1344.jpg,1,0,১৩৭৬১,,১৩৭৬১,number,16.39
Vehicle1344.jpg,ALL,N/A,১৩৭৬১,,১৩৭৬১,summary,N/A
Vehicle1388.jpg,1,0,১১৯,,১১৯,number,78.78
Vehicle1388.jpg,ALL,N/A,১১৯,,১১৯,summary,N/A
Vehicle364.jpg,1,0,২৪৪৫৯,,২৪৪৫৯,number,99.35
Vehicle364.jpg,ALL,N/A,২৪৪৫৯,,২৪৪৫৯,summary,N/A
Vehicle1600.jpg,1,0,১১৫৯৮৪,,১১৫৯৮৪,number,97.87
Vehicle1600.jpg,ALL,N/A,১১৫৯৮৪,,১১৫৯৮৪,summary,N/A
Vehicle881.jpg,1,0,১৮০৯,,১৮০৯,number,40.36
Vehicle881.jpg,ALL,N/A,১৮০৯,,১৮০৯,summary,N/A
Vehicle65.jpg,1,0,১১০৬৮৬,,১১০৬৮৬,number,22.40
Vehicle65.jpg,ALL,N/A,১১০৬৮৬,,১১০৬৮৬,summary,N/A
Vehicle231.jpg,1,0,১১০১৬৩,,১১০১৬৩,number,99.96
Vehicle231.jpg,ALL,N/A,১১০১৬৩,,১১০১৬৩,summary,N/A
Vehicle572.jpg,1,0,৫১১০৩২,,৫১১০৩২,number,74.37
Vehicle572.jpg,ALL,N/A,৫১১০৩২,,৫১১০৩২,summary,N/A
Vehicle156.jpg,1,0,,,,,
Vehicle156.jpg,ALL,N/A,,,N/A,summary,N/A
Vehicle618.jpg,1,0,১৯১৪২৩,,১৯১৪২৩,number,75.91
Vehicle618.jpg,ALL,N/A,১৯১৪২৩,,১৯১৪২৩,summary,N/A
Vehicle1579.jpg,1,0,১১৭০২৪৫,,১১৭০২৪৫,number,52.89
Vehicle1579.jpg,ALL,N/A,১১৭০২৪৫,,১১৭০২৪৫,summary,N/A
Vehicle1711.jpg,1,0,১৭৪০১৫,সাতক্ষীরা,১৭৪০১৫,number,97.92
Vehicle1711.jpg,ALL,N/A,১৭৪০১৫,সাতক্ষীরা,সাতক্ষীরা ১৭৪০১৫,summary,N/A
Vehicle75.jpg,1,0,১১৬০৬,,১১৬০৬,number,88.36
Vehicle75.jpg,ALL,N/A,১১৬০৬,,১১৬০৬,summary,N/A
Vehicle428.jpg,1,0,১১৩৬৩৭,,১১৩৬৩৭,number,98.11
Vehicle428.jpg,ALL,N/A,১১৩৬৩৭,,১১৩৬৩৭,summary,N/A
Vehicle372.jpg,1,0,১২২৪৬,মৌলভীবাজার,মৌলভীবাজার,word,82.97
Vehicle372.jpg,ALL,N/A,১২২৪৬,মৌলভীবাজার,মৌলভীবাজার ১২২৪৬,summary,N/A
Vehicle537.jpg,1,0,১১৩৪৭১,,১১৩৪৭১,number,67.98
Vehicle537.jpg,ALL,N/A,১১৩৪৭১,,১১৩৪৭১,summary,N/A
Vehicle87.jpg,1,0,,,,,
Vehicle87.jpg,ALL,N/A,,,N/A,summary,N/A
Vehicle1436.jpg,1,0,১০,,১০,number,90.03
Vehicle1436.jpg,ALL,N/A,১০,,১০,summary,N/A
Vehicle1655.jpg,1,0,৪১৯৬৯,চট্টগ্রাম,চট্টগ্রাম,word,78.40
Vehicle1655.jpg,ALL,N/A,৪১৯৬৯,চট্টগ্রাম,চট্টগ্রাম ৪১৯৬৯,summary,N/A
Vehicle658.jpg,1,0,৩৫১৩৯,,৩৫১৩৯,number,27.30
Vehicle658.jpg,ALL,N/A,৩৫১৩৯,,৩৫১৩৯,summary,N/A
Vehicle630.jpg,1,0,১৬৭১,,১৬৭১,number,42.07
Vehicle630.jpg,ALL,N/A,১৬৭১,,১৬৭১,summary,N/A
Vehicle1715.JPG,1,0,১১৯০১৪,,১১৯০১৪,number,85.24
Vehicle1715.JPG,ALL,N/A,১১৯০১৪,,১১৯০১৪,summary,N/A
Vehicle969.jpg,1,0,৩৩৫৫১,মেট্রো,৩৩৫৫১,number,99.79
Vehicle969.jpg,ALL,N/A,৩৩৫৫১,মেট্রো,মেট্রো ৩৩৫৫১,summary,N/A
Vehicle1891.jpeg,1,0,৫১৭৭০৬২,,৫১৭৭০৬২,number,41.92
Vehicle1891.jpeg,ALL,N/A,৫১৭৭০৬২,,৫১৭৭০৬২,summary,N/A
Vehicle1233.jpg,1,0,২২৪৯৪৪,মেট্রো,মেট্রো,word,83.82
Vehicle1233.jpg,ALL,N/A,২২৪৯৪৪,মেট্রো,মেট্রো ২২৪৯৪৪,summary,N/A
Vehicle1873.jpeg,1,0,২০৬১৯,,২০৬১৯,number,56.02
Vehicle1873.jpeg,ALL,N/A,২০৬১৯,,২০৬১৯,summary,N/A
Vehicle959.jpg,1,0,৬,,৬,number,3.73
Vehicle959.jpg,ALL,N/A,৬,,৬,summary,N/A
Vehicle1828.jpeg,1,0,১২৬৬৪৮,,১২৬৬৪৮,number,70.95
Vehicle1828.jpeg,ALL,N/A,১২৬৬৪৮,,১২৬৬৪৮,summary,N/A
Vehicle447.jpg,1,0,৭৯,ভোলা,ভোলা,word,68.34
Vehicle447.jpg,ALL,N/A,৭৯,ভোলা,ভোলা ৭৯,summary,N/A
Vehicle528.jpg,1,0,১৫৫৮৬২,পাবনা,১৫৫৮৬২,number,99.99
Vehicle528.jpg,ALL,N/A,১৫৫৮৬২,পাবনা,পাবনা ১৫৫৮৬২,summary,N/A
Vehicle768.jpg,1,0,১৫৫২৭,,১৫৫২৭,number,92.56
Vehicle768.jpg,ALL,N/A,১৫৫২৭,,১৫৫২৭,summary,N/A
Vehicle1616.jpg,1,0,১৩২৫২০,,১৩২৫২০,number,99.81
Vehicle1616.jpg,ALL,N/A,১৩২৫২০,,১৩২৫২০,summary,N/A
Vehicle30.jpg,1,0,১১৩২২৫,,১১৩২২৫,number,82.09
Vehicle30.jpg,ALL,N/A,১১৩২২৫,,১১৩২২৫,summary,N/A
Vehicle1206.jpg,1,0,২০৩২৭,,২০৩২৭,number,88.99
Vehicle1206.jpg,ALL,N/A,২০৩২৭,,২০৩২৭,summary,N/A
Vehicle400.jpg,1,0,১১৯৪০৮,শেরপুর,শেরপুর,word,93.84
Vehicle400.jpg,ALL,N/A,১১৯৪০৮,শেরপুর,শেরপুর ১১৯৪০৮,summary,N/A
Vehicle1877.jpeg,1,0,১১০২০৬,মাগুরা,১১০২০৬,number,92.78
Vehicle1877.jpeg,ALL,N/A,১১০২০৬,মাগুরা,মাগুরা ১১০২০৬,summary,N/A
Vehicle1925.jpeg,1,0,১২৫১৭৪,,১২৫১৭৪,number,81.78
Vehicle1925.jpeg,ALL,N/A,১২৫১৭৪,,১২৫১৭৪,summary,N/A
Vehicle687.jpg,1,0,১১৫৪৪৩,,১১৫৪৪৩,number,56.41
Vehicle687.jpg,ALL,N/A,১১৫৪৪৩,,১১৫৪৪৩,summary,N/A
Vehicle453.jpg,1,0,১২৪১২৪,টাঙ্গাইল,১২৪১২৪,number,99.99
Vehicle453.jpg,ALL,N/A,১২৪১২৪,টাঙ্গাইল,টাঙ্গাইল ১২৪১২৪,summary,N/A
Vehicle18.jpg,1,0,১১০১৪০,,১১০১৪০,number,72.70
Vehicle18.jpg,ALL,N/A,১১০১৪০,,১১০১৪০,summary,N/A
Vehicle1366.png,1,0,১৫০৫৬৮,,১৫০৫৬৮,number,84.76
Vehicle1366.png,ALL,N/A,১৫০৫৬৮,,১৫০৫৬৮,summary,N/A
Vehicle1451.jpg,1,0,১১০০,,১১০০,number,84.91
Vehicle1451.jpg,ALL,N/A,১১০০,,১১০০,summary,N/A
Vehicle77.jpg,1,0,১১৪০১,সিরাজগঞ্জ,সিরাজগঞ্জ,word,86.11
Vehicle77.jpg,ALL,N/A,১১৪০১,সিরাজগঞ্জ,সিরাজগঞ্জ ১১৪০১,summary,N/A
Vehicle1861.jpeg,1,0,২৮৮,নাটোর,২৮৮,number,98.84
Vehicle1861.jpeg,ALL,N/A,২৮৮,নাটোর,নাটোর ২৮৮,summary,N/A
Vehicle1111.jpg,1,0,২৫০৩৩৯,মেট্রো,২৫০৩৩৯,number,99.82
Vehicle1111.jpg,ALL,N/A,২৫০৩৩৯,মেট্রো,মেট্রো ২৫০৩৩৯,summary,N/A
Vehicle383.jpg,1,0,১২৩৯৪১,বরিশাল,১২৩৯৪১,number,99.80
Vehicle383.jpg,ALL,N/A,১২৩৯৪১,বরিশাল,বরিশাল ১২৩৯৪১,summary,N/A
Vehicle1201.jpg,1,0,১৬,,১৬,number,81.88
Vehicle1201.jpg,ALL,N/A,১৬,,১৬,summary,N/A
Vehicle1661.jpg,1,0,২১৮৯,,২১৮৯,number,80.03
Vehicle1661.jpg,ALL,N/A,২১৮৯,,২১৮৯,summary,N/A
Vehicle865.jpg,1,0,১২৭৮০,,১২৭৮০,number,70.96
Vehicle865.jpg,ALL,N/A,১২৭৮০,,১২৭৮০,summary,N/A
Vehicle227.jpg,1,0,০৫১,সুনামগঞ্জ,০৫১,number,98.70
Vehicle227.jpg,ALL,N/A,০৫১,সুনামগঞ্জ,সুনামগঞ্জ ০৫১,summary,N/A
Vehicle831.jpg,1,0,১১১১৬০,,১১১১৬০,number,74.31
Vehicle831.jpg,2,0,,,,,
Vehicle831.jpg,ALL,N/A,১১১১৬০,,১১১১৬০,summary,N/A
Vehicle1016.jpg,1,0,৩৯০৯৫৮,,৩৯০৯৫৮,number,46.05
Vehicle1016.jpg,ALL,N/A,৩৯০৯৫৮,,৩৯০৯৫৮,summary,N/A
Vehicle1478.jpg,1,0,১১০৫৪১,,১১০৫৪১,number,99.81
Vehicle1478.jpg,ALL,N/A,১১০৫৪১,,১১০৫৪১,summary,N/A
Vehicle304.jpg,1,0,১২৯১০০,,১২৯১০০,number,98.62
Vehicle304.jpg,ALL,N/A,১২৯১০০,,১২৯১০০,summary,N/A
Vehicle1132.jpg,1,0,৭৬,,৭৬,number,10.31
Vehicle1132.jpg,ALL,N/A,৭৬,,৭৬,summary,N/A
Vehicle999.jpg,1,0,১৪৭৮৯,সিলেট,১৪৭৮৯,number,98.43
Vehicle999.jpg,ALL,N/A,১৪৭৮৯,সিলেট,সিলেট ১৪৭৮৯,summary,N/A
Vehicle114.jpg,1,0,১১১৬১৪,,১১১৬১৪,number,100.00
Vehicle114.jpg,ALL,N/A,১১১৬১৪,,১১১৬১৪,summary,N/A
Vehicle778.jpg,1,0,৫১০৩,,৫১০৩,number,13.24
Vehicle778.jpg,ALL,N/A,৫১০৩,,৫১০৩,summary,N/A
Vehicle821.jpg,1,0,২৬,,২৬,number,79.25
Vehicle821.jpg,ALL,N/A,২৬,,২৬,summary,N/A
Vehicle767.jpg,1,0,১৪৮১১৮,,১৪৮১১৮,number,99.08
Vehicle767.jpg,ALL,N/A,১৪৮১১৮,,১৪৮১১৮,summary,N/A
Vehicle1112.jpg,1,0,,,,,
Vehicle1112.jpg,ALL,N/A,,,N/A,summary,N/A
Vehicle492.jpg,1,0,১৪৫,,১৪৫,number,62.93
Vehicle492.jpg,ALL,N/A,১৪৫,,১৪৫,summary,N/A
Vehicle1103.jpg,1,0,১১৭৬৬১,,১১৭৬৬১,number,74.91
Vehicle1103.jpg,ALL,N/A,১১৭৬৬১,,১১৭৬৬১,summary,N/A
Vehicle136.jpg,1,0,১১৩৭,,১১৩৭,number,70.49
Vehicle136.jpg,ALL,N/A,১১৩৭,,১১৩৭,summary,N/A
Vehicle1781.jpeg,1,0,১৯৬২৬৪,,১৯৬২৬৪,number,99.82
Vehicle1781.jpeg,ALL,N/A,১৯৬২৬৪,,১৯৬২৬৪,summary,N/A
Vehicle283.jpg,1,0,১১১৪০৩,,১১১৪০৩,number,99.89
Vehicle283.jpg,ALL,N/A,১১১৪০৩,,১১১৪০৩,summary,N/A
Vehicle1500.jpg,1,0,০৫,,০৫,number,49.21
Vehicle1500.jpg,ALL,N/A,০৫,,০৫,summary,N/A
Vehicle1510.jpg,1,0,,সিরাজগঞ্জ,সিরাজগঞ্জ,word,66.99
Vehicle1510.jpg,ALL,N/A,,সিরাজগঞ্জ,সিরাজগঞ্জ,summary,N/A
Vehicle1419.jpg,1,0,,,,,
Vehicle1419.jpg,ALL,N/A,,,N/A,summary,N/A
Vehicle464.jpg,1,0,১১৯১৪৪,বরগুনা,১১৯১৪৪,number,99.91
Vehicle464.jpg,ALL,N/A,১১৯১৪৪,বরগুনা,বরগুনা ১১৯১৪৪,summary,N/A
Vehicle1072.jpg,1,0,১১৭৮৭,,১১৭৮৭,number,26.84
Vehicle1072.jpg,ALL,N/A,১১৭৮৭,,১১৭৮৭,summary,N/A
Vehicle1463.jpg,1,0,৯৩৫,,৯৩৫,number,64.21
Vehicle1463.jpg,ALL,N/A,৯৩৫,,৯৩৫,summary,N/A
Vehicle147.jpg,1,0,৩৩,,৩৩,number,70.89
Vehicle147.jpg,ALL,N/A,৩৩,,৩৩,summary,N/A
Vehicle861.jpg,1,0,১১৯২৮৭,পিরোজপুর,১১৯২৮৭,number,99.94
Vehicle861.jpg,ALL,N/A,১১৯২৮৭,পিরোজপুর,পিরোজপুর ১১৯২৮৭,summary,N/A
Vehicle931.jpg,1,0,১৫৫২৭৬,,১৫৫২৭৬,number,67.86
Vehicle931.jpg,ALL,N/A,১৫৫২৭৬,,১৫৫২৭৬,summary,N/A
Vehicle1650.jpg,1,0,১৩০৩৫৭৬,,১৩০৩৫৭৬,number,35.96
Vehicle1650.jpg,ALL,N/A,১৩০৩৫৭৬,,১৩০৩৫৭৬,summary,N/A
Vehicle1674.jpg,1,0,১৪১১১৩,,১৪১১১৩,number,66.53
Vehicle1674.jpg,ALL,N/A,১৪১১১৩,,১৪১১১৩,summary,N/A
Vehicle1398.jpg,1,0,,,,,
Vehicle1398.jpg,ALL,N/A,,,N/A,summary,N/A
Vehicle1827.jpeg,1,0,২২৭৭৫০,,২২৭৭৫০,number,46.36
Vehicle1827.jpeg,ALL,N/A,২২৭৭৫০,,২২৭৭৫০,summary,N/A
Vehicle1922.jpeg,1,0,১১০৬৬,,১১০৬৬,number,91.95
Vehicle1922.jpeg,ALL,N/A,১১০৬৬,,১১০৬৬,summary,N/A
Vehicle53.jpg,1,0,১১৬৩০০,,১১৬৩০০,number,85.32
Vehicle53.jpg,ALL,N/A,১১৬৩০০,,১১৬৩০০,summary,N/A
Vehicle139.jpg,1,0,১১২৮১৯,,১১২৮১৯,number,84.88
Vehicle139.jpg,ALL,N/A,১১২৮১৯,,১১২৮১৯,summary,N/A
Vehicle769.jpg,1,0,২১১০৭৬,,২১১০৭৬,number,93.82
Vehicle769.jpg,ALL,N/A,২১১০৭৬,,২১১০৭৬,summary,N/A
Vehicle981.jpg,1,0,,,,,
Vehicle981.jpg,ALL,N/A,,,N/A,summary,N/A
Vehicle1582.jpg,1,0,১৪৫৪১১,দিনাজপুর,দিনাজপুর,word,81.84
Vehicle1582.jpg,ALL,N/A,১৪৫৪১১,দিনাজপুর,দিনাজপুর ১৪৫৪১১,summary,N/A
Vehicle116.jpg,1,0,১১০৩৪,সুনামগঞ্জ,১১০৩৪,number,96.88
Vehicle116.jpg,ALL,N/A,১১০৩৪,সুনামগঞ্জ,সুনামগঞ্জ ১১০৩৪,summary,N/A
Vehicle1164.jpg,1,0,১৭৬২৯৯,,১৭৬২৯৯,number,98.96
Vehicle1164.jpg,ALL,N/A,১৭৬২৯৯,,১৭৬২৯৯,summary,N/A
Vehicle847.jpg,1,0,১১৮২৯৫,যশোর,যশোর,word,87.67
Vehicle847.jpg,ALL,N/A,১১৮২৯৫,যশোর,যশোর ১১৮২৯৫,summary,N/A
Vehicle584.jpg,1,0,১১৫০২৫,গোপালগঞ্জ,১১৫০২৫,number,99.89
Vehicle584.jpg,ALL,N/A,১১৫০২৫,গোপালগঞ্জ,গোপালগঞ্জ ১১৫০২৫,summary,N/A
Vehicle169.jpg,1,0,১১৩৯৮৫,,১১৩৯৮৫,number,60.78
Vehicle169.jpg,ALL,N/A,১১৩৯৮৫,,১১৩৯৮৫,summary,N/A
Vehicle722.jpg,1,0,১৭০৮০২,,১৭০৮০২,number,66.19
Vehicle722.jpg,ALL,N/A,১৭০৮০২,,১৭০৮০২,summary,N/A
Vehicle904.jpg,1,0,১১২১৯,,১১২১৯,number,77.28
Vehicle904.jpg,ALL,N/A,১১২১৯,,১১২১৯,summary,N/A
Vehicle278.jpg,1,0,১১,,১১,number,84.12
Vehicle278.jpg,ALL,N/A,১১,,১১,summary,N/A
Vehicle657.jpg,1,0,১১৬৮৩৫,,১১৬৮৩৫,number,86.95
Vehicle657.jpg,ALL,N/A,১১৬৮৩৫,,১১৬৮৩৫,summary,N/A
Vehicle418.jpg,1,0,১১৫৩,,১১৫৩,number,8.52
Vehicle418.jpg,ALL,N/A,১১৫৩,,১১৫৩,summary,N/A
Vehicle293.jpg,1,0,১২৪২৩৪,,১২৪২৩৪,number,59.45
Vehicle293.jpg,ALL,N/A,১২৪২৩৪,,১২৪২৩৪,summary,N/A
Vehicle647.jpg,1,0,১৫৫১৪৬,,১৫৫১৪৬,number,96.66
Vehicle647.jpg,ALL,N/A,১৫৫১৪৬,,১৫৫১৪৬,summary,N/A
Vehicle678.jpg,1,0,১১৫০৪২,,১১৫০৪২,number,99.93
Vehicle678.jpg,ALL,N/A,১১৫০৪২,,১১৫০৪২,summary,N/A
Vehicle1807.jpeg,1,0,১৪৪৯৩৮,ঢাকা,ঢাকা,word,95.13
Vehicle1807.jpeg,ALL,N/A,১৪৪৯৩৮,ঢাকা,ঢাকা ১৪৪৯৩৮,summary,N/A
Vehicle1139.jpg,1,0,১১০৪৯,,১১০৪৯,number,19.71
Vehicle1139.jpg,ALL,N/A,১১০৪৯,,১১০৪৯,summary,N/A
Vehicle1368.jpg,1,0,২৩৪৫৩২,,২৩৪৫৩২,number,99.73
Vehicle1368.jpg,2,0,২৫৭৫৪৩,,২৫৭৫৪৩,number,92.85
Vehicle1368.jpg,ALL,N/A,২৩৪৫৩২,,২৩৪৫৩২,summary,N/A
Vehicle962.jpg,1,0,১১১৫০১,,১১১৫০১,number,77.45
Vehicle962.jpg,ALL,N/A,১১১৫০১,,১১১৫০১,summary,N/A
Vehicle939.jpg,1,0,,,,,
Vehicle939.jpg,ALL,N/A,,,N/A,summary,N/A
Vehicle764.jpg,1,0,,,,,
Vehicle764.jpg,ALL,N/A,,,N/A,summary,N/A
Vehicle43.jpg,1,0,৭৮,,৭৮,number,18.19
Vehicle43.jpg,ALL,N/A,৭৮,,৭৮,summary,N/A
Vehicle1681.jpg,1,0,০৬৮,,০৬৮,number,10.99
Vehicle1681.jpg,ALL,N/A,০৬৮,,০৬৮,summary,N/A
Vehicle1485.png,1,0,৩১৭৭২৭৮,ঢাকা,ঢাকা,word,88.24
Vehicle1485.png,ALL,N/A,৩১৭৭২৭৮,ঢাকা,ঢাকা ৩১৭৭২৭৮,summary,N/A
Vehicle1402.jpg,1,0,১১১৮১,,১১১৮১,number,83.71
Vehicle1402.jpg,ALL,N/A,১১১৮১,,১১১৮১,summary,N/A
Vehicle1241.jpg,1,0,১১০৪০৫,,১১০৪০৫,number,62.32
Vehicle1241.jpg,ALL,N/A,১১০৪০৫,,১১০৪০৫,summary,N/A
Vehicle693.jpg,1,0,,,,,
Vehicle693.jpg,ALL,N/A,,,N/A,summary,N/A
Vehicle576.jpg,1,0,৩২৮৯,মেট্রো,৩২৮৯,number,99.38
Vehicle576.jpg,ALL,N/A,৩২৮৯,মেট্রো,মেট্রো ৩২৮৯,summary,N/A
Vehicle612.jpg,1,0,১১৮৯৭৬,হবিগঞ্জ,হবিগঞ্জ,word,74.11
Vehicle612.jpg,ALL,N/A,১১৮৯৭৬,হবিগঞ্জ,হবিগঞ্জ ১১৮৯৭৬,summary,N/A
Vehicle1320.jpg,1,0,২৫০১,,২৫০১,number,12.00
Vehicle1320.jpg,ALL,N/A,২৫০১,,২৫০১,summary,N/A
Vehicle1212.jpg,1,0,১১২১৪,হবিগঞ্জ,১১২১৪,number,99.99
Vehicle1212.jpg,ALL,N/A,১১২১৪,হবিগঞ্জ,হবিগঞ্জ ১১২১৪,summary,N/A
Vehicle1874.jpeg,1,0,১২৮২৮৮,রাজশাহী,১২৮২৮৮,number,98.37
Vehicle1874.jpeg,ALL,N/A,১২৮২৮৮,রাজশাহী,রাজশাহী ১২৮২৮৮,summary,N/A
Vehicle1445.jpg,1,0,১৪৮৩,,১৪৮৩,number,34.17
Vehicle1445.jpg,ALL,N/A,১৪৮৩,,১৪৮৩,summary,N/A
Vehicle222.jpg,1,0,১১৪৪৯,,১১৪৪৯,number,57.96
Vehicle222.jpg,ALL,N/A,১১৪৪৯,,১১৪৪৯,summary,N/A
Vehicle250.jpg,1,0,,,,,
Vehicle250.jpg,ALL,N/A,,,N/A,summary,N/A
Vehicle1574.jpg,1,0,০২১১১,মৌলভীবাজার,মৌলভীবাজার,word,86.37
Vehicle1574.jpg,ALL,N/A,০২১১১,মৌলভীবাজার,মৌলভীবাজার ০২১১১,summary,N/A
Vehicle995.jpg,1,0,১৮৫০৩১,,১৮৫০৩১,number,94.38
Vehicle995.jpg,ALL,N/A,১৮৫০৩১,,১৮৫০৩১,summary,N/A
Vehicle1298.jpg,1,0,১৭৫১২০,মেট্রো,১৭৫১২০,number,90.79
Vehicle1298.jpg,ALL,N/A,১৭৫১২০,মেট্রো,মেট্রো ১৭৫১২০,summary,N/A
Vehicle1296.jpg,1,0,১৭৮,,১৭৮,number,14.14
Vehicle1296.jpg,ALL,N/A,১৭৮,,১৭৮,summary,N/A
Vehicle1524.jpeg,1,0,১২১৩৩১,,১২১৩৩১,number,100.00
Vehicle1524.jpeg,ALL,N/A,১২১৩৩১,,১২১৩৩১,summary,N/A
Vehicle398.jpg,1,0,,,,,
Vehicle398.jpg,ALL,N/A,,,N/A,summary,N/A
Vehicle498.jpg,1,0,১১৭১৬৩,,১১৭১৬৩,number,87.01
Vehicle498.jpg,ALL,N/A,১১৭১৬৩,,১১৭১৬৩,summary,N/A
Vehicle441.jpg,1,0,১১৪১৯৩,,১১৪১৯৩,number,99.25
Vehicle441.jpg,ALL,N/A,১১৪১৯৩,,১১৪১৯৩,summary,N/A
Vehicle1731.jpg,1,0,১১২৭২৯,,১১২৭২৯,number,52.34
Vehicle1731.jpg,ALL,N/A,১১২৭২৯,,১১২৭২৯,summary,N/A
Vehicle1777.jpeg,1,0,৩৮৩৮,কুমিল্লা,৩৮৩৮,number,99.99
Vehicle1777.jpeg,ALL,N/A,৩৮৩৮,কুমিল্লা,কুমিল্লা ৩৮৩৮,summary,N/A
Vehicle507.jpg,1,0,১৫৪৫৩,নওগাঁ,নওগাঁ,word,86.91
Vehicle507.jpg,ALL,N/A,১৫৪৫৩,নওগাঁ,নওগাঁ ১৫৪৫৩,summary,N/A
Vehicle874.jpg,1,0,১১৬৭৪৩,,১১৬৭৪৩,number,96.37
Vehicle874.jpg,ALL,N/A,১১৬৭৪৩,,১১৬৭৪৩,summary,N/A
Vehicle617.jpg,1,0,৩১,,৩১,number,8.24
Vehicle617.jpg,ALL,N/A,৩১,,৩১,summary,N/A
Vehicle327.jpg,1,0,৭৩৮১২,,৭৩৮১২,number,37.63
Vehicle327.jpg,ALL,N/A,৭৩৮১২,,৭৩৮১২,summary,N/A
Vehicle1841.jpeg,1,0,১২৪৬৬৬,,১২৪৬৬৬,number,62.94
Vehicle1841.jpeg,ALL,N/A,১২৪৬৬৬,,১২৪৬৬৬,summary,N/A
Vehicle1124.jpg,1,0,১১৮,,১১৮,number,77.00
Vehicle1124.jpg,ALL,N/A,১১৮,,১১৮,summary,N/A
Vehicle790.jpg,1,0,১১২৬২৪,,১১২৬২৪,number,99.92
Vehicle790.jpg,ALL,N/A,১১২৬২৪,,১১২৬২৪,summary,N/A
Vehicle352.jpg,1,0,১১৯৩২৮,নেত্রকোনা,১১৯৩২৮,number,88.63
Vehicle352.jpg,ALL,N/A,১১৯৩২৮,নেত্রকোনা,নেত্রকোনা ১১৯৩২৮,summary,N/A
Vehicle1277.jpg,1,0,১২৫৬৯৫,,১২৫৬৯৫,number,80.37
Vehicle1277.jpg,ALL,N/A,১২৫৬৯৫,,১২৫৬৯৫,summary,N/A
Vehicle625.jpg,1,0,৫৪০১৮০,,৫৪০১৮০,number,71.52
Vehicle625.jpg,ALL,N/A,৫৪০১৮০,,৫৪০১৮০,summary,N/A
Vehicle1082.jpg,1,0,১৩৮৮০২,,১৩৮৮০২,number,81.21
Vehicle1082.jpg,ALL,N/A,১৩৮৮০২,,১৩৮৮০২,summary,N/A
Vehicle1339.jpg,1,0,১২৪৯২৫,,১২৪৯২৫,number,99.46
Vehicle1339.jpg,ALL,N/A,১২৪৯২৫,,১২৪৯২৫,summary,N/A
Vehicle1203.jpg,1,0,১৮৪০৪২,যশোর,যশোর,word,80.35
Vehicle1203.jpg,ALL,N/A,১৮৪০৪২,যশোর,যশোর ১৮৪০৪২,summary,N/A
Vehicle918.jpg,1,0,১২২৯৮২,,১২২৯৮২,number,100.00
Vehicle918.jpg,ALL,N/A,১২২৯৮২,,১২২৯৮২,summary,N/A
Vehicle94.jpg,1,0,১১১১১৩,নেত্রকোনা,১১১১১৩,number,99.89
Vehicle94.jpg,ALL,N/A,১১১১১৩,নেত্রকোনা,নেত্রকোনা ১১১১১৩,summary,N/A
Vehicle151.jpg,1,0,১১১৯৮০,,১১১৯৮০,number,48.33
Vehicle151.jpg,ALL,N/A,১১১৯৮০,,১১১৯৮০,summary,N/A
Vehicle1761.jpeg,1,0,১১৭৪৮১,ময়মনসিংহ,১১৭৪৮১,number,99.52
Vehicle1761.jpeg,ALL,N/A,১১৭৪৮১,ময়মনসিংহ,ময়মনসিংহ ১১৭৪৮১,summary,N/A
Vehicle956.jpg,1,0,১৬৪৮৩,,১৬৪৮৩,number,2.02
Vehicle956.jpg,ALL,N/A,১৬৪৮৩,,১৬৪৮৩,summary,N/A
Vehicle747.jpg,1,0,১১০১৮৫,,১১০১৮৫,number,93.53
Vehicle747.jpg,ALL,N/A,১১০১৮৫,,১১০১৮৫,summary,N/A
Vehicle1140.jpg,1,0,৭৮,,৭৮,number,12.78
Vehicle1140.jpg,ALL,N/A,৭৮,,৭৮,summary,N/A
Vehicle1863.jpeg,1,0,১২১৯৮৯,,১২১৯৮৯,number,92.19
Vehicle1863.jpeg,ALL,N/A,১২১৯৮৯,,১২১৯৮৯,summary,N/A
Vehicle1464.jpg,1,0,১৩০১৫০,বরিশাল,১৩০১৫০,number,99.88
Vehicle1464.jpg,ALL,N/A,১৩০১৫০,বরিশাল,বরিশাল ১৩০১৫০,summary,N/A
Vehicle637.jpg,1,0,১১৪০৩২,,১১৪০৩২,number,66.67
Vehicle637.jpg,ALL,N/A,১১৪০৩২,,১১৪০৩২,summary,N/A
Vehicle370.jpg,1,0,১৯,,১৯,number,87.37
Vehicle370.jpg,ALL,N/A,১৯,,১৯,summary,N/A
Vehicle1190.jpg,1,0,৩৪২৮২,,৩৪২৮২,number,44.42
Vehicle1190.jpg,ALL,N/A,৩৪২৮২,,৩৪২৮২,summary,N/A
Vehicle1806.jpeg,1,0,১১৪১৮২,,১১৪১৮২,number,84.65
Vehicle1806.jpeg,ALL,N/A,১১৪১৮২,,১১৪১৮২,summary,N/A
Vehicle1289.jpg,1,0,০১০০০১,কক্সবাজার,০১০০০১,number,71.71
Vehicle1289.jpg,ALL,N/A,০১০০০১,কক্সবাজার,কক্সবাজার ০১০০০১,summary,N/A
Vehicle1356.jpg,1,0,১৯৪৫৮৪৭,,১৯৪৫৮৪৭,number,66.94
Vehicle1356.jpg,ALL,N/A,১৯৪৫৮৪৭,,১৯৪৫৮৪৭,summary,N/A
Vehicle1286.jpg,1,0,৩১৯৬০২,,৩১৯৬০২,number,63.77
Vehicle1286.jpg,ALL,N/A,৩১৯৬০২,,৩১৯৬০২,summary,N/A
Vehicle42.jpg,1,0,১১২২,,১১২২,number,23.11
Vehicle42.jpg,ALL,N/A,১১২২,,১১২২,summary,N/A
Vehicle142.jpg,1,0,১১২৮১৯,,১১২৮১৯,number,98.23
Vehicle142.jpg,ALL,N/A,১১২৮১৯,,১১২৮১৯,summary,N/A
Vehicle1121.jpg,1,0,১১৩৮৬৫,রাজবাড়ী,রাজবাড়ী,word,74.99
Vehicle1121.jpg,ALL,N/A,১১৩৮৬৫,রাজবাড়ী,রাজবাড়ী ১১৩৮৬৫,summary,N/A
Vehicle144.jpg,1,0,১২৯৮৮,জামালপুর,১২৯৮৮,number,89.12
Vehicle144.jpg,ALL,N/A,১২৯৮৮,জামালপুর,জামালপুর ১২৯৮৮,summary,N/A
Vehicle1062.jpg,1,0,,,,,
Vehicle1062.jpg,ALL,N/A,,,N/A,summary,N/A
Vehicle1567.jpeg,1,0,১২০০,,১২০০,number,35.42
Vehicle1567.jpeg,ALL,N/A,১২০০,,১২০০,summary,N/A
Vehicle470.jpg,1,0,২৯৪৮,নীলফামারী,২৯৪৮,number,99.99
Vehicle470.jpg,ALL,N/A,২৯৪৮,নীলফামারী,নীলফামারী ২৯৪৮,summary,N/A
Vehicle54.jpg,1,0,১১৮০৩৩,চাঁদপুর,চাঁদপুর,word,85.76
Vehicle54.jpg,ALL,N/A,১১৮০৩৩,চাঁদপুর,চাঁদপুর ১১৮০৩৩,summary,N/A
Vehicle1223.jpg,1,0,১৬৪৯৫৫,,১৬৪৯৫৫,number,78.69
Vehicle1223.jpg,ALL,N/A,১৬৪৯৫৫,,১৬৪৯৫৫,summary,N/A
Vehicle1090.jpg,1,0,১৬,,১৬,number,99.87
Vehicle1090.jpg,ALL,N/A,১৬,,১৬,summary,N/A
Vehicle1824.jpeg,1,0,৭,,৭,number,31.24
Vehicle1824.jpeg,ALL,N/A,৭,,৭,summary,N/A
Vehicle63.jpg,1,0,১১৯৪৫,,১১৯৪৫,number,90.40
Vehicle63.jpg,ALL,N/A,১১৯৪৫,,১১৯৪৫,summary,N/A
Vehicle1583.jpg,1,0,১১৭৭৫১,দিনাজপুর,১১৭৭৫১,number,96.93
Vehicle1583.jpg,ALL,N/A,১১৭৭৫১,দিনাজপুর,দিনাজপুর ১১৭৭৫১,summary,N/A
Vehicle1566.jpg,1,0,৩৫৪১,,৩৫৪১,number,63.10
Vehicle1566.jpg,ALL,N/A,৩৫৪১,,৩৫৪১,summary,N/A
Vehicle1263.jpg,1,0,১১৯৭৩৭,,১১৯৭৩৭,number,41.92
Vehicle1263.jpg,ALL,N/A,১১৯৭৩৭,,১১৯৭৩৭,summary,N/A
Vehicle1663.jpg,1,0,০৫৬,,০৫৬,number,13.53
Vehicle1663.jpg,ALL,N/A,০৫৬,,০৫৬,summary,N/A
Vehicle699.jpg,1,0,১৯৫০৪২,,১৯৫০৪২,number,98.24
Vehicle699.jpg,2,0,,,,,
Vehicle699.jpg,ALL,N/A,১৯৫০৪২,,১৯৫০৪২,summary,N/A
Vehicle1690.jpg,1,0,১১৩৩২৬,,১১৩৩২৬,number,86.50
Vehicle1690.jpg,ALL,N/A,১১৩৩২৬,,১১৩৩২৬,summary,N/A
Vehicle701.jpg,1,0,,,,,
Vehicle701.jpg,ALL,N/A,,,N/A,summary,N/A
Vehicle397.jpg,1,0,২৩৬১৮,সাতক্ষীরা,২৩৬১৮,number,99.93
Vehicle397.jpg,ALL,N/A,২৩৬১৮,সাতক্ষীরা,সাতক্ষীরা ২৩৬১৮,summary,N/A
Vehicle266.jpg,1,0,১১৫২৬২,গোপালগঞ্জ,১১৫২৬২,number,99.85
Vehicle266.jpg,ALL,N/A,১১৫২৬২,গোপালগঞ্জ,গোপালগঞ্জ ১১৫২৬২,summary,N/A
Vehicle1397.jpg,1,0,১১০৫২১,লক্ষ্মীপুর,১১০৫২১,number,87.55
Vehicle1397.jpg,ALL,N/A,১১০৫২১,লক্ষ্মীপুর,লক্ষ্মীপুর ১১০৫২১,summary,N/A
Vehicle1762.jpeg,1,0,১৫৪৫৫৫,ময়মনসিংহ,১৫৪৫৫৫,number,99.99
Vehicle1762.jpeg,ALL,N/A,১৫৪৫৫৫,ময়মনসিংহ,ময়মনসিংহ ১৫৪৫৫৫,summary,N/A
Vehicle1361.jpg,1,0,৩৭৫১,,৩৭৫১,number,36.99
Vehicle1361.jpg,ALL,N/A,৩৭৫১,,৩৭৫১,summary,N/A
Vehicle1862.jpeg,1,0,১২২৬২৭,,১২২৬২৭,number,99.95
Vehicle1862.jpeg,ALL,N/A,১২২৬২৭,,১২২৬২৭,summary,N/A
Vehicle1480.jpg,1,0,১১৪২৪৫,,১১৪২৪৫,number,59.08
Vehicle1480.jpg,ALL,N/A,১১৪২৪৫,,১১৪২৪৫,summary,N/A
Vehicle45.jpg,1,0,১১৬৩০৬,,১১৬৩০৬,number,99.65
Vehicle45.jpg,ALL,N/A,১১৬৩০৬,,১১৬৩০৬,summary,N/A
Vehicle456.jpg,1,0,০৫,,০৫,number,80.68
Vehicle456.jpg,ALL,N/A,০৫,,০৫,summary,N/A
Vehicle480.jpg,1,0,১১০৯০,গাইবান্ধা,১১০৯০,number,99.75
Vehicle480.jpg,ALL,N/A,১১০৯০,গাইবান্ধা,গাইবান্ধা ১১০৯০,summary,N/A
Vehicle974.jpg,1,0,১৮৫০৩১,,১৮৫০৩১,number,81.33
Vehicle974.jpg,ALL,N/A,১৮৫০৩১,,১৮৫০৩১,summary,N/A
Vehicle893.jpg,1,0,৬৬১০১,,৬৬১০১,number,68.08
Vehicle893.jpg,ALL,N/A,৬৬১০১,,৬৬১০১,summary,N/A
Vehicle1152.jpg,1,0,৩৭৫৩৫৫,মেট্রো,মেট্রো,word,65.34
Vehicle1152.jpg,ALL,N/A,৩৭৫৩৫৫,মেট্রো,মেট্রো ৩৭৫৩৫৫,summary,N/A
Vehicle487.jpg,1,0,১১২৮২০,,১১২৮২০,number,75.96
Vehicle487.jpg,ALL,N/A,১১২৮২০,,১১২৮২০,summary,N/A
Vehicle1175.jpg,1,0,২১৩৪০,,২১৩৪০,number,76.30
Vehicle1175.jpg,ALL,N/A,২১৩৪০,,২১৩৪০,summary,N/A
Vehicle1011.jpg,1,0,৫৯৭২,,৫৯৭২,number,22.03
Vehicle1011.jpg,ALL,N/A,৫৯৭২,,৫৯৭২,summary,N/A
Vehicle1260.jpg,1,0,৩৯১৭৮৬,,৩৯১৭৮৬,number,99.96
Vehicle1260.jpg,ALL,N/A,৩৯১৭৮৬,,৩৯১৭৮৬,summary,N/A
Vehicle1501.jpg,1,0,১৯০০২৭,মেট্রো,মেট্রো,word,82.86
Vehicle1501.jpg,ALL,N/A,১৯০০২৭,মেট্রো,মেট্রো ১৯০০২৭,summary,N/A
Vehicle1040.jpg,1,0,১৭১১৩৩,,১৭১১৩৩,number,99.95
Vehicle1040.jpg,ALL,N/A,১৭১১৩৩,,১৭১১৩৩,summary,N/A
Vehicle1750.jpeg,1,0,১৪৯৪৬৮,,১৪৯৪৬৮,number,99.45
Vehicle1750.jpeg,ALL,N/A,১৪৯৪৬৮,,১৪৯৪৬৮,summary,N/A
Vehicle150.jpg,1,0,১১,,১১,number,99.99
Vehicle150.jpg,ALL,N/A,১১,,১১,summary,N/A
Vehicle604.jpg,1,0,১১৭০৩,কক্সবাজার,১১৭০৩,number,85.79
Vehicle604.jpg,ALL,N/A,১১৭০৩,কক্সবাজার,কক্সবাজার ১১৭০৩,summary,N/A
Vehicle669.jpg,1,0,১১০৫৬০,রাঙামাটি,১১০৫৬০,number,99.86
Vehicle669.jpg,ALL,N/A,১১০৫৬০,রাঙামাটি,রাঙামাটি ১১০৫৬০,summary,N/A
Vehicle752.jpg,1,0,২১১০৭৬,,২১১০৭৬,number,82.50
Vehicle752.jpg,ALL,N/A,২১১০৭৬,,২১১০৭৬,summary,N/A
Vehicle1262.jpg,1,0,১১০৩৬৩,,১১০৩৬৩,number,96.15
Vehicle1262.jpg,ALL,N/A,১১০৩৬৩,,১১০৩৬৩,summary,N/A
Vehicle363.jpg,1,0,১১০৫৮৪,,১১০৫৮৪,number,98.30
Vehicle363.jpg,ALL,N/A,১১০৫৮৪,,১১০৫৮৪,summary,N/A
Vehicle219.jpg,1,0,,,,,
Vehicle219.jpg,ALL,N/A,,,N/A,summary,N/A
Vehicle413.jpg,1,0,১২৪২২,,১২৪২২,number,74.52
Vehicle413.jpg,ALL,N/A,১২৪২২,,১২৪২২,summary,N/A
Vehicle1126.jpg,1,0,৩৭১,,৩৭১,number,55.25
Vehicle1126.jpg,ALL,N/A,৩৭১,,৩৭১,summary,N/A
Vehicle641.jpg,1,0,১৩৭৪৪২৪,,১৩৭৪৪২৪,number,49.12
Vehicle641.jpg,ALL,N/A,১৩৭৪৪২৪,,১৩৭৪৪২৪,summary,N/A
Vehicle1404.jpg,1,0,১২৮৫৯৫,,১২৮৫৯৫,number,99.93
Vehicle1404.jpg,ALL,N/A,১২৮৫৯৫,,১২৮৫৯৫,summary,N/A
Vehicle888.jpg,1,0,,,,,
Vehicle888.jpg,ALL,N/A,,,N/A,summary,N/A
Vehicle1916.jpeg,1,0,,,,,
Vehicle1916.jpeg,ALL,N/A,,,N/A,summary,N/A
Vehicle137.jpg,1,0,১১৭৯,ঠাকুরগাঁও,ঠাকুরগাঁও,word,87.01
Vehicle137.jpg,ALL,N/A,১১৭৯,ঠাকুরগাঁও,ঠাকুরগাঁও ১১৭৯,summary,N/A
Vehicle1010.jpg,1,0,১১৩৯৫৯,,১১৩৯৫৯,number,87.89
Vehicle1010.jpg,ALL,N/A,১১৩৯৫৯,,১১৩৯৫৯,summary,N/A
Vehicle1494.jpg,1,0,১৪৩১৪০,,১৪৩১৪০,number,99.95
Vehicle1494.jpg,ALL,N/A,১৪৩১৪০,,১৪৩১৪০,summary,N/A
Vehicle1592.jpg,1,0,১৬৯৮৯০৮,,১৬৯৮৯০৮,number,20.54
Vehicle1592.jpg,ALL,N/A,১৬৯৮৯০৮,,১৬৯৮৯০৮,summary,N/A
Vehicle202.jpg,1,0,১৪২৪,যশোর,যশোর,word,99.21
Vehicle202.jpg,ALL,N/A,১৪২৪,যশোর,যশোর ১৪২৪,summary,N/A
Vehicle1546.jpg,1,0,১৩৫১৪৫,,১৩৫১৪৫,number,71.69
Vehicle1546.jpg,ALL,N/A,১৩৫১৪৫,,১৩৫১৪৫,summary,N/A
Vehicle263.jpg,1,0,৪৬৪৯,,৪৬৪৯,number,96.24
Vehicle263.jpg,ALL,N/A,৪৬৪৯,,৪৬৪৯,summary,N/A
Vehicle1876.jpeg,1,0,৬০০৫,,৬০০৫,number,96.15
Vehicle1876.jpeg,ALL,N/A,৬০০৫,,৬০০৫,summary,N/A
Vehicle468.jpg,1,0,১৭৬০৩৫,যশোর,১৭৬০৩৫,number,99.88
Vehicle468.jpg,ALL,N/A,১৭৬০৩৫,যশোর,যশোর ১৭৬০৩৫,summary,N/A
Vehicle67.jpg,1,0,১১১৮০২,বরিশাল,বরিশাল,word,84.70
Vehicle67.jpg,ALL,N/A,১১১৮০২,বরিশাল,বরিশাল ১১১৮০২,summary,N/A
Vehicle739.jpg,1,0,৫২৯৪৬,ঝিনাইদহ,ঝিনাইদহ,word,95.37
Vehicle739.jpg,ALL,N/A,৫২৯৪৬,ঝিনাইদহ,ঝিনাইদহ ৫২৯৪৬,summary,N/A
Vehicle599.jpg,1,0,১২৮৪১০,,১২৮৪১০,number,99.83
Vehicle599.jpg,ALL,N/A,১২৮৪১০,,১২৮৪১০,summary,N/A
Vehicle1867.jpeg,1,0,১৯০০৬,,১৯০০৬,number,18.70
Vehicle1867.jpeg,ALL,N/A,১৯০০৬,,১৯০০৬,summary,N/A
Vehicle536.jpg,1,0,১৯৭৪,মেট্রো,মেট্রো,word,90.73
Vehicle536.jpg,ALL,N/A,১৯৭৪,মেট্রো,মেট্রো ১৯৭৪,summary,N/A
Vehicle1456.jpg,1,0,১৯৫৮৭,,১৯৫৮৭,number,55.14
Vehicle1456.jpg,ALL,N/A,১৯৫৮৭,,১৯৫৮৭,summary,N/A
Vehicle1816.jpeg,1,0,১৩০৫৫৫,,১৩০৫৫৫,number,91.15
Vehicle1816.jpeg,ALL,N/A,১৩০৫৫৫,,১৩০৫৫৫,summary,N/A
Vehicle1275.jpg,1,0,১১৭২১৬,,১১৭২১৬,number,62.94
Vehicle1275.jpg,ALL,N/A,১১৭২১৬,,১১৭২১৬,summary,N/A
Vehicle187.jpg,1,0,১১২৫২৬,বরিশাল,১১২৫২৬,number,99.98
Vehicle187.jpg,ALL,N/A,১১২৫২৬,বরিশাল,বরিশাল ১১২৫২৬,summary,N/A
Vehicle1555.jpg,1,0,১১৩৮২৬,,১১৩৮২৬,number,63.42
Vehicle1555.jpg,ALL,N/A,১১৩৮২৬,,১১৩৮২৬,summary,N/A
Vehicle496.jpg,1,0,১২৫৬৭৭,,১২৫৬৭৭,number,98.52
Vehicle496.jpg,ALL,N/A,১২৫৬৭৭,,১২৫৬৭৭,summary,N/A
Vehicle1628.jpg,1,0,১১০১৭৭,নরসিংদী,১১০১৭৭,number,99.04
Vehicle1628.jpg,ALL,N/A,১১০১৭৭,নরসিংদী,নরসিংদী ১১০১৭৭,summary,N/A
Vehicle1079.jpg,1,0,৩১০৩৮৪,,৩১০৩৮৪,number,98.77
Vehicle1079.jpg,ALL,N/A,৩১০৩৮৪,,৩১০৩৮৪,summary,N/A
Vehicle5.jpg,1,0,১২২৯২৯,মেট্রো,১২২৯২৯,number,99.52
Vehicle5.jpg,ALL,N/A,১২২৯২৯,মেট্রো,মেট্রো ১২২৯২৯,summary,N/A
Vehicle1641.jpg,1,0,২৫৫২২২,,২৫৫২২২,number,76.22
Vehicle1641.jpg,ALL,N/A,২৫৫২২২,,২৫৫২২২,summary,N/A
Vehicle906.jpg,1,0,১১০৫৪৭,ভোলা,১১০৫৪৭,number,93.15
Vehicle906.jpg,ALL,N/A,১১০৫৪৭,ভোলা,ভোলা ১১০৫৪৭,summary,N/A
Vehicle1488.jpg,1,0,১১০৫৮৪,সুনামগঞ্জ,সুনামগঞ্জ,word,96.04
Vehicle1488.jpg,ALL,N/A,১১০৫৮৪,সুনামগঞ্জ,সুনামগঞ্জ ১১০৫৮৪,summary,N/A
Vehicle1068.jpg,1,0,১৩৮৯১৩,,১৩৮৯১৩,number,99.70
Vehicle1068.jpg,ALL,N/A,১৩৮৯১৩,,১৩৮৯১৩,summary,N/A
Vehicle274.jpg,1,0,১১৮৩৩৭,,১১৮৩৩৭,number,79.25
Vehicle274.jpg,ALL,N/A,১১৮৩৩৭,,১১৮৩৩৭,summary,N/A
Vehicle513.jpg,1,0,১২৪৪৬৩,,১২৪৪৬৩,number,57.31
Vehicle513.jpg,ALL,N/A,১২৪৪৬৩,,১২৪৪৬৩,summary,N/A
Vehicle1087.jpg,1,0,,,,,
Vehicle1087.jpg,ALL,N/A,,,N/A,summary,N/A
Vehicle1048.jpg,1,0,৩,,৩,number,72.87
Vehicle1048.jpg,ALL,N/A,৩,,৩,summary,N/A
Vehicle1274.jpg,1,0,৩২২৩৮,,৩২২৩৮,number,62.82
Vehicle1274.jpg,ALL,N/A,৩২২৩৮,,৩২২৩৮,summary,N/A
Vehicle1390.jpg,1,0,৮৯০২,মেট্রো,মেট্রো,word,84.29
Vehicle1390.jpg,ALL,N/A,৮৯০২,মেট্রো,মেট্রো ৮৯০২,summary,N/A
Vehicle208.jpg,1,0,১৪২,,১৪২,number,90.77
Vehicle208.jpg,ALL,N/A,১৪২,,১৪২,summary,N/A
Vehicle941.jpg,1,0,৮৮৮,,৮৮৮,number,7.54
Vehicle941.jpg,ALL,N/A,৮৮৮,,৮৮৮,summary,N/A
Vehicle1886.jpeg,1,0,২২৫৮৭৯,মেট্রো,মেট্রো,word,79.40
Vehicle1886.jpeg,ALL,N/A,২২৫৮৭৯,মেট্রো,মেট্রো ২২৫৮৭৯,summary,N/A
Vehicle499.jpg,1,0,১১৪৪৯,,১১৪৪৯,number,49.23
Vehicle499.jpg,ALL,N/A,১১৪৪৯,,১১৪৪৯,summary,N/A
Vehicle1651.jpg,1,0,২১৬৫৬৩,,২১৬৫৬৩,number,98.60
Vehicle1651.jpg,ALL,N/A,২১৬৫৬৩,,২১৬৫৬৩,summary,N/A
Vehicle1387.jpg,1,0,,,,,
Vehicle1387.jpg,ALL,N/A,,,N/A,summary,N/A
Vehicle1893.jpeg,1,0,১১৫৮,,১১৫৮,number,99.92
Vehicle1893.jpeg,ALL,N/A,১১৫৮,,১১৫৮,summary,N/A
Vehicle56.jpg,1,0,১১০৭৮৫,,১১০৭৮৫,number,75.70
Vehicle56.jpg,ALL,N/A,১১০৭৮৫,,১১০৭৮৫,summary,N/A
Vehicle510.jpg,1,0,১২১৫৩৮,,১২১৫৩৮,number,90.55
Vehicle510.jpg,ALL,N/A,১২১৫৩৮,,১২১৫৩৮,summary,N/A
Vehicle885.jpg,1,0,,,,,
Vehicle885.jpg,ALL,N/A,,,N/A,summary,N/A
Vehicle430.jpg,1,0,১৯৫,,১৯৫,number,23.34
Vehicle430.jpg,ALL,N/A,১৯৫,,১৯৫,summary,N/A
Vehicle1303.jpg,1,0,১১১৫৮৪,,১১১৫৮৪,number,82.62
Vehicle1303.jpg,ALL,N/A,১১১৫৮৪,,১১১৫৮৪,summary,N/A
Vehicle155.jpg,1,0,,,,,
Vehicle155.jpg,ALL,N/A,,,N/A,summary,N/A
Vehicle15.jpg,1,0,২০৫,,২০৫,number,69.31
Vehicle15.jpg,ALL,N/A,২০৫,,২০৫,summary,N/A
Vehicle1635.jpg,1,0,,,,,
Vehicle1635.jpg,ALL,N/A,,,N/A,summary,N/A
Vehicle1228.jpg,1,0,১১৩০৭২,সুনামগঞ্জ,সুনামগঞ্জ,word,87.61
Vehicle1228.jpg,ALL,N/A,১১৩০৭২,সুনামগঞ্জ,সুনামগঞ্জ ১১৩০৭২,summary,N/A
Vehicle1170.jpg,1,0,১৯৮৪৭৮৮,,১৯৮৪৭৮৮,number,16.67
Vehicle1170.jpg,ALL,N/A,১৯৮৪৭৮৮,,১৯৮৪৭৮৮,summary,N/A
Vehicle186.jpg,1,0,১১৪৯৩৩,,১১৪৯৩৩,number,66.98
Vehicle186.jpg,ALL,N/A,১১৪৯৩৩,,১১৪৯৩৩,summary,N/A
Vehicle384.jpg,1,0,১১১০৮৫,নীলফামারী,নীলফামারী,word,96.42
Vehicle384.jpg,ALL,N/A,১১১০৮৫,নীলফামারী,নীলফামারী ১১১০৮৫,summary,N/A
Vehicle107.jpg,1,0,৫৫৯৪৭৮,মেট্রো,৫৫৯৪৭৮,number,93.34
Vehicle107.jpg,ALL,N/A,৫৫৯৪৭৮,মেট্রো,মেট্রো ৫৫৯৪৭৮,summary,N/A
Vehicle1595.jpg,1,0,১১১৩৮২,,১১১৩৮২,number,31.78
Vehicle1595.jpg,ALL,N/A,১১১৩৮২,,১১১৩৮২,summary,N/A
Vehicle245.jpg,1,0,৩২৩৯,গাইবান্ধা,৩২৩৯,number,97.77
Vehicle245.jpg,ALL,N/A,৩২৩৯,গাইবান্ধা,গাইবান্ধা ৩২৩৯,summary,N/A
Vehicle1324.jpg,1,0,১১১৫৮৪,,১১১৫৮৪,number,94.37
Vehicle1324.jpg,ALL,N/A,১১১৫৮৪,,১১১৫৮৪,summary,N/A
Vehicle1839.jpeg,1,0,১১৬৫,ঢাকা,ঢাকা,word,99.21
Vehicle1839.jpeg,ALL,N/A,১১৬৫,ঢাকা,ঢাকা ১১৬৫,summary,N/A
Vehicle1880.jpeg,1,0,১১৬৩০,নাটোর,১১৬৩০,number,99.82
Vehicle1880.jpeg,ALL,N/A,১১৬৩০,নাটোর,নাটোর ১১৬৩০,summary,N/A
Vehicle1466.jpg,1,0,৪,,৪,number,34.45
Vehicle1466.jpg,2,0,,,,,
Vehicle1466.jpg,ALL,N/A,৪,,৪,summary,N/A
Vehicle1898.jpeg,1,0,১৪২৫৪৫,,১৪২৫৪৫,number,92.55
Vehicle1898.jpeg,ALL,N/A,১৪২৫৪৫,,১৪২৫৪৫,summary,N/A
Vehicle851.jpg,1,0,৬,,৬,number,14.61
Vehicle851.jpg,ALL,N/A,৬,,৬,summary,N/A
Vehicle1431.jpg,1,0,১১০১৫০,কক্সবাজার,১১০১৫০,number,90.28
Vehicle1431.jpg,ALL,N/A,১১০১৫০,কক্সবাজার,কক্সবাজার ১১০১৫০,summary,N/A
Vehicle1280.png,1,0,২৩৭৩৯৩,,২৩৭৩৯৩,number,91.85
Vehicle1280.png,ALL,N/A,২৩৭৩৯৩,,২৩৭৩৯৩,summary,N/A
Vehicle516.jpg,1,0,১৬৯৩৯৬,নওগাঁ,নওগাঁ,word,77.60
Vehicle516.jpg,ALL,N/A,১৬৯৩৯৬,নওগাঁ,নওগাঁ ১৬৯৩৯৬,summary,N/A
Vehicle1336.jpg,1,0,৭৩৮৮,,৭৩৮৮,number,66.42
Vehicle1336.jpg,ALL,N/A,৭৩৮৮,,৭৩৮৮,summary,N/A
Vehicle1657.jpg,1,0,১৪১৮৭৭,চট্টগ্রাম,১৪১৮৭৭,number,99.95
Vehicle1657.jpg,ALL,N/A,১৪১৮৭৭,চট্টগ্রাম,চট্টগ্রাম ১৪১৮৭৭,summary,N/A
Vehicle1483.jpg,1,0,১৬৯৯০,সাতক্ষীরা,১৬৯৯০,number,99.32
Vehicle1483.jpg,ALL,N/A,১৬৯৯০,সাতক্ষীরা,সাতক্ষীরা ১৬৯৯০,summary,N/A
Vehicle422.jpg,1,0,১১৪৫০১,বরগুনা,বরগুনা,word,87.48
Vehicle422.jpg,ALL,N/A,১১৪৫০১,বরগুনা,বরগুনা ১১৪৫০১,summary,N/A
Vehicle985.jpg,1,0,৫১৮,,৫১৮,number,12.52
Vehicle985.jpg,ALL,N/A,৫১৮,,৫১৮,summary,N/A
Vehicle1221.jpg,1,0,১২৭৪৮৩,,১২৭৪৮৩,number,91.90
Vehicle1221.jpg,ALL,N/A,১২৭৪৮৩,,১২৭৪৮৩,summary,N/A
Vehicle345.jpg,1,0,১১৭৭৫৪,,১১৭৭৫৪,number,97.30
Vehicle345.jpg,ALL,N/A,১১৭৭৫৪,,১১৭৭৫৪,summary,N/A
Vehicle1110.jpg,1,0,২৩৭,,২৩৭,number,86.86
Vehicle1110.jpg,ALL,N/A,২৩৭,,২৩৭,summary,N/A
Vehicle433.jpg,1,0,১১,,১১,number,96.28
Vehicle433.jpg,ALL,N/A,১১,,১১,summary,N/A
Vehicle1596.jpg,1,0,,,,,
Vehicle1596.jpg,ALL,N/A,,,N/A,summary,N/A
Vehicle1176.jpg,1,0,৩৮৭,,৩৮৭,number,29.46
Vehicle1176.jpg,ALL,N/A,৩৮৭,,৩৮৭,summary,N/A
Vehicle1345.jpg,1,0,৩১৭৯৭,,৩১৭৯৭,number,46.25
Vehicle1345.jpg,ALL,N/A,৩১৭৯৭,,৩১৭৯৭,summary,N/A
Vehicle1923.jpeg,1,0,১১১৫২৯,জামালপুর,১১১৫২৯,number,99.10
Vehicle1923.jpeg,ALL,N/A,১১১৫২৯,জামালপুর,জামালপুর ১১১৫২৯,summary,N/A
Vehicle1134.jpg,1,0,১২৭৩৮৪,,১২৭৩৮৪,number,32.65
Vehicle1134.jpg,ALL,N/A,১২৭৩৮৪,,১২৭৩৮৪,summary,N/A
Vehicle946.jpg,1,0,১১০০০৬,,১১০০০৬,number,75.42
Vehicle946.jpg,ALL,N/A,১১০০০৬,,১১০০০৬,summary,N/A
Vehicle232.jpg,1,0,১১১১৭৪,,১১১১৭৪,number,92.45
Vehicle232.jpg,ALL,N/A,১১১১৭৪,,১১১১৭৪,summary,N/A
Vehicle1573.jpg,1,0,২৬৯৬,,২৬৯৬,number,20.62
Vehicle1573.jpg,ALL,N/A,২৬৯৬,,২৬৯৬,summary,N/A
Vehicle1171.jpg,1,0,,,,,
Vehicle1171.jpg,ALL,N/A,,,N/A,summary,N/A
Vehicle1252.jpg,1,0,৩৫৯৮৫২,,৩৫৯৮৫২,number,97.07
Vehicle1252.jpg,ALL,N/A,৩৫৯৮৫২,,৩৫৯৮৫২,summary,N/A
Vehicle206.jpg,1,0,১১২৭৭৭,,১১২৭৭৭,number,99.38
Vehicle206.jpg,ALL,N/A,১১২৭৭৭,,১১২৭৭৭,summary,N/A
Vehicle593.jpg,1,0,১১,,১১,number,97.21
Vehicle593.jpg,ALL,N/A,১১,,১১,summary,N/A
Vehicle1156.jpg,1,0,১৩৫,,১৩৫,number,45.02
Vehicle1156.jpg,ALL,N/A,১৩৫,,১৩৫,summary,N/A
Vehicle690.jpg,1,0,২২২৮২৯,,২২২৮২৯,number,90.71
Vehicle690.jpg,ALL,N/A,২২২৮২৯,,২২২৮২৯,summary,N/A
Vehicle704.jpg,1,0,৩১৭৩০৭,,৩১৭৩০৭,number,45.67
Vehicle704.jpg,ALL,N/A,৩১৭৩০৭,,৩১৭৩০৭,summary,N/A
Vehicle350.jpg,1,0,১২৪৩১,,১২৪৩১,number,26.39
Vehicle350.jpg,ALL,N/A,১২৪৩১,,১২৪৩১,summary,N/A
Vehicle85.jpg,1,0,,,,,
Vehicle85.jpg,ALL,N/A,,,N/A,summary,N/A
Vehicle1764.jpeg,1,0,৮৬২৪,ময়মনসিংহ,৮৬২৪,number,99.63
Vehicle1764.jpeg,ALL,N/A,৮৬২৪,ময়মনসিংহ,ময়মনসিংহ ৮৬২৪,summary,N/A
Vehicle1733.jpg,1,0,১৫,,১৫,number,47.73
Vehicle1733.jpg,2,0,,,,,
Vehicle1733.jpg,ALL,N/A,১৫,,১৫,summary,N/A
Vehicle1128.jpg,1,0,১৮০৯,,১৮০৯,number,67.35
Vehicle1128.jpg,ALL,N/A,১৮০৯,,১৮০৯,summary,N/A
Vehicle216.jpg,1,0,১৩৩৭,সিরাজগঞ্জ,সিরাজগঞ্জ,word,88.90
Vehicle216.jpg,ALL,N/A,১৩৩৭,সিরাজগঞ্জ,সিরাজগঞ্জ ১৩৩৭,summary,N/A
Vehicle983.jpg,1,0,,,,,
Vehicle983.jpg,ALL,N/A,,,N/A,summary,N/A
Vehicle1928.jpeg,1,0,১১৬২৬৪,,১১৬২৬৪,number,99.36
Vehicle1928.jpeg,ALL,N/A,১১৬২৬৪,,১১৬২৬৪,summary,N/A
Vehicle1074.jpg,1,0,৩৪৫০৩৫,,৩৪৫০৩৫,number,64.79
Vehicle1074.jpg,ALL,N/A,৩৪৫০৩৫,,৩৪৫০৩৫,summary,N/A
Vehicle592.jpg,1,0,৩১,,৩১,number,62.04
Vehicle592.jpg,ALL,N/A,৩১,,৩১,summary,N/A
Vehicle735.jpg,1,0,৩৮৫৬৫,,৩৮৫৬৫,number,44.63
Vehicle735.jpg,ALL,N/A,৩৮৫৬৫,,৩৮৫৬৫,summary,N/A
Vehicle1689.jpg,1,0,১১৭০৮৯৪,মেট্রো,মেট্রো,word,77.92
Vehicle1689.jpg,ALL,N/A,১১৭০৮৯৪,মেট্রো,মেট্রো ১১৭০৮৯৪,summary,N/A
Vehicle533.jpg,1,0,১২১৫৪৫,সিরাজগঞ্জ,১২১৫৪৫,number,100.00
Vehicle533.jpg,ALL,N/A,১২১৫৪৫,সিরাজগঞ্জ,সিরাজগঞ্জ ১২১৫৪৫,summary,N/A
Vehicle856.jpg,1,0,১৯০৯৭৬,,১৯০৯৭৬,number,96.00
Vehicle856.jpg,ALL,N/A,১৯০৯৭৬,,১৯০৯৭৬,summary,N/A
Vehicle1257.jpg,1,0,২৫৪৮৮০,,২৫৪৮৮০,number,53.10
Vehicle1257.jpg,ALL,N/A,২৫৪৮৮০,,২৫৪৮৮০,summary,N/A
Vehicle718.jpg,1,0,১১১৪৪,,১১১৪৪,number,97.40
Vehicle718.jpg,ALL,N/A,১১১৪৪,,১১১৪৪,summary,N/A
Vehicle1007.jpg,1,0,১১৬,,১১৬,number,66.70
Vehicle1007.jpg,ALL,N/A,১১৬,,১১৬,summary,N/A
Vehicle99.jpg,1,0,১১০৩৭৭,বরগুনা,১১০৩৭৭,number,97.48
Vehicle99.jpg,ALL,N/A,১১০৩৭৭,বরগুনা,বরগুনা ১১০৩৭৭,summary,N/A
Vehicle41.jpg,1,0,১১৫৩৯৭,,১১৫৩৯৭,number,49.37
Vehicle41.jpg,ALL,N/A,১১৫৩৯৭,,১১৫৩৯৭,summary,N/A
Vehicle1270.jpg,1,0,১২৪৮৩৪,,১২৪৮৩৪,number,78.30
Vehicle1270.jpg,ALL,N/A,১২৪৮৩৪,,১২৪৮৩৪,summary,N/A
Vehicle90.jpg,1,0,১১০৭,মৌলভীবাজার,মৌলভীবাজার,word,84.44
Vehicle90.jpg,ALL,N/A,১১০৭,মৌলভীবাজার,মৌলভীবাজার ১১০৭,summary,N/A
Vehicle1447.jpg,1,0,২১৪৮০,,২১৪৮০,number,14.81
Vehicle1447.jpg,ALL,N/A,২১৪৮০,,২১৪৮০,summary,N/A
Vehicle429.jpg,1,0,১৩১৮২০,,১৩১৮২০,number,99.76
Vehicle429.jpg,ALL,N/A,১৩১৮২০,,১৩১৮২০,summary,N/A
Vehicle29.jpg,1,0,১১০৩৬৬,,১১০৩৬৬,number,59.48
Vehicle29.jpg,ALL,N/A,১১০৩৬৬,,১১০৩৬৬,summary,N/A
Vehicle276.jpg,1,0,১১৪৯২৭,,১১৪৯২৭,number,98.40
Vehicle276.jpg,ALL,N/A,১১৪৯২৭,,১১৪৯২৭,summary,N/A
Vehicle339.jpg,1,0,১১০,কিশোরগঞ্জ,১১০,number,85.93
Vehicle339.jpg,ALL,N/A,১১০,কিশোরগঞ্জ,কিশোরগঞ্জ ১১০,summary,N/A
Vehicle628.jpg,1,0,১১৩৯৪৭,,১১৩৯৪৭,number,60.65
Vehicle628.jpg,ALL,N/A,১১৩৯৪৭,,১১৩৯৪৭,summary,N/A
Vehicle98.jpg,1,0,১৩৩৭৭৭,যশোর,১৩৩৭৭৭,number,93.37
Vehicle98.jpg,ALL,N/A,১৩৩৭৭৭,যশোর,যশোর ১৩৩৭৭৭,summary,N/A
Vehicle1102.jpg,1,0,২৯৩৫৯,,২৯৩৫৯,number,71.21
Vehicle1102.jpg,ALL,N/A,২৯৩৫৯,,২৯৩৫৯,summary,N/A
Vehicle1446.jpg,1,0,১১৪৪২০,,১১৪৪২০,number,94.90
Vehicle1446.jpg,ALL,N/A,১১৪৪২০,,১১৪৪২০,summary,N/A
Vehicle928.jpg,1,0,৩১০০৮০,,৩১০০৮০,number,76.54
Vehicle928.jpg,ALL,N/A,৩১০০৮০,,৩১০০৮০,summary,N/A
Vehicle1812.jpeg,1,0,১২২২৪২,,১২২২৪২,number,90.12
Vehicle1812.jpeg,ALL,N/A,১২২২৪২,,১২২২৪২,summary,N/A
Vehicle632.jpg,1,0,১১০৯৩২,নেত্রকোনা,১১০৯৩২,number,99.64
Vehicle632.jpg,ALL,N/A,১১০৯৩২,নেত্রকোনা,নেত্রকোনা ১১০৯৩২,summary,N/A
Vehicle3.jpg,1,0,১১১৯৮৫,নোয়াখালী,১১১৯৮৫,number,85.34
Vehicle3.jpg,ALL,N/A,১১১৯৮৫,নোয়াখালী,নোয়াখালী ১১১৯৮৫,summary,N/A
Vehicle1376.jpg,1,0,৪৮৫,,৪৮৫,number,15.25
Vehicle1376.jpg,ALL,N/A,৪৮৫,,৪৮৫,summary,N/A
Vehicle1064.jpg,1,0,১২,,১২,number,55.10
Vehicle1064.jpg,ALL,N/A,১২,,১২,summary,N/A
Vehicle489.jpg,1,0,,,,,
Vehicle489.jpg,ALL,N/A,,,N/A,summary,N/A
Vehicle314.jpg,1,0,১১৪১৬৮,,১১৪১৬৮,number,99.98
Vehicle314.jpg,ALL,N/A,১১৪১৬৮,,১১৪১৬৮,summary,N/A
Vehicle157.jpg,1,0,১১২১২৫,,১১২১২৫,number,44.64
Vehicle157.jpg,ALL,N/A,১১২১২৫,,১১২১২৫,summary,N/A
Vehicle329.jpg,1,0,১১৩৯০১,,১১৩৯০১,number,96.88
Vehicle329.jpg,ALL,N/A,১১৩৯০১,,১১৩৯০১,summary,N/A
Vehicle184.jpg,1,0,১২০৮৫,দিনাজপুর,দিনাজপুর,word,83.14
Vehicle184.jpg,ALL,N/A,১২০৮৫,দিনাজপুর,দিনাজপুর ১২০৮৫,summary,N/A
Vehicle796.jpg,1,0,১৩০৫২৩,,১৩০৫২৩,number,99.85
Vehicle796.jpg,ALL,N/A,১৩০৫২৩,,১৩০৫২৩,summary,N/A
Vehicle320.jpg,1,0,১১১২০৫,পটুয়াখালী,১১১২০৫,number,99.90
Vehicle320.jpg,ALL,N/A,১১১২০৫,পটুয়াখালী,পটুয়াখালী ১১১২০৫,summary,N/A
Vehicle301.jpg,1,0,১৩২৫,লক্ষ্মীপুর,লক্ষ্মীপুর,word,77.09
Vehicle301.jpg,ALL,N/A,১৩২৫,লক্ষ্মীপুর,লক্ষ্মীপুর ১৩২৫,summary,N/A
Vehicle1054.jpg,1,0,১১৪২৫,সুনামগঞ্জ,১১৪২৫,number,100.00
Vehicle1054.jpg,ALL,N/A,১১৪২৫,সুনামগঞ্জ,সুনামগঞ্জ ১১৪২৫,summary,N/A
Vehicle1060.jpg,1,0,১২৬০০৮,,১২৬০০৮,number,98.54
Vehicle1060.jpg,ALL,N/A,১২৬০০৮,,১২৬০০৮,summary,N/A
Vehicle1331.jpg,1,0,১১১৫৮৪,,১১১৫৮৪,number,70.11
Vehicle1331.jpg,ALL,N/A,১১১৫৮৪,,১১১৫৮৪,summary,N/A
Vehicle597.jpg,1,0,২০৮,ব্রাহ্মণবাড়িয়া,২০৮,number,99.77
Vehicle597.jpg,ALL,N/A,২০৮,ব্রাহ্মণবাড়িয়া,ব্রাহ্মণবাড়িয়া ২০৮,summary,N/A
Vehicle1287.jpg,1,0,২৭২৪৭৯,,২৭২৪৭৯,number,56.83
Vehicle1287.jpg,ALL,N/A,২৭২৪৭৯,,২৭২৪৭৯,summary,N/A
Vehicle1884.jpeg,1,0,১২৭৬৪,বরিশাল,বরিশাল,word,99.58
Vehicle1884.jpeg,ALL,N/A,১২৭৬৪,বরিশাল,বরিশাল ১২৭৬৪,summary,N/A
Vehicle1673.jpg,1,0,,,,,
Vehicle1673.jpg,ALL,N/A,,,N/A,summary,N/A
Vehicle838.jpg,1,0,১২৩৫৪৬,,১২৩৫৪৬,number,99.96
Vehicle838.jpg,ALL,N/A,১২৩৫৪৬,,১২৩৫৪৬,summary,N/A
Vehicle792.jpg,1,0,১১৩৭,ঝিনাইদহ,ঝিনাইদহ,word,94.76
Vehicle792.jpg,ALL,N/A,১১৩৭,ঝিনাইদহ,ঝিনাইদহ ১১৩৭,summary,N/A
Vehicle1073.jpg,1,0,৯৫৬৮,,৯৫৬৮,number,74.08
Vehicle1073.jpg,ALL,N/A,৯৫৬৮,,৯৫৬৮,summary,N/A
Vehicle1417.jpg,1,0,১১১৫৮৪,,১১১৫৮৪,number,94.37
Vehicle1417.jpg,ALL,N/A,১১১৫৮৪,,১১১৫৮৪,summary,N/A
Vehicle1732.jpg,1,0,৫৬১৫৮,,৫৬১৫৮,number,9.42
Vehicle1732.jpg,ALL,N/A,৫৬১৫৮,,৫৬১৫৮,summary,N/A
Vehicle1406.jpg,1,0,২১৭৮৫৭১,,২১৭৮৫৭১,number,96.57
Vehicle1406.jpg,ALL,N/A,২১৭৮৫৭১,,২১৭৮৫৭১,summary,N/A
Vehicle1158.jpg,1,0,১২৪১৮৩,,১২৪১৮৩,number,29.21
Vehicle1158.jpg,ALL,N/A,১২৪১৮৩,,১২৪১৮৩,summary,N/A
Vehicle1382.jpg,1,0,,,,,
Vehicle1382.jpg,ALL,N/A,,,N/A,summary,N/A
Vehicle774.jpg,1,0,১১৫০৬১,কিশোরগঞ্জ,১১৫০৬১,number,95.72
Vehicle774.jpg,ALL,N/A,১১৫০৬১,কিশোরগঞ্জ,কিশোরগঞ্জ ১১৫০৬১,summary,N/A
Vehicle23.jpg,1,0,১১৪৫২৯,লক্ষ্মীপুর,১১৪৫২৯,number,99.68
Vehicle23.jpg,ALL,N/A,১১৪৫২৯,লক্ষ্মীপুর,লক্ষ্মীপুর ১১৪৫২৯,summary,N/A
Vehicle1846.jpeg,1,0,৫৩৮,,৫৩৮,number,39.28
Vehicle1846.jpeg,ALL,N/A,৫৩৮,,৫৩৮,summary,N/A
Vehicle952.jpg,1,0,২৬০৩৬,,২৬০৩৬,number,54.14
Vehicle952.jpg,ALL,N/A,২৬০৩৬,,২৬০৩৬,summary,N/A
Vehicle545.jpg,1,0,১৯৩৪,মাদারীপুর,১৯৩৪,number,59.78
Vehicle545.jpg,ALL,N/A,১৯৩৪,মাদারীপুর,মাদারীপুর ১৯৩৪,summary,N/A
Vehicle1391.jpg,1,0,৭১২১১০,,৭১২১১০,number,71.45
Vehicle1391.jpg,ALL,N/A,৭১২১১০,,৭১২১১০,summary,N/A
Vehicle1562.jpg,1,0,২৫২০৩২,,২৫২০৩২,number,99.94
Vehicle1562.jpg,ALL,N/A,২৫২০৩২,,২৫২০৩২,summary,N/A
Vehicle835.jpg,1,0,১১০৯৮০,,১১০৯৮০,number,74.96
Vehicle835.jpg,ALL,N/A,১১০৯৮০,,১১০৯৮০,summary,N/A
Vehicle111.jpg,1,0,১১৬৫২৩,,১১৬৫২৩,number,82.36
Vehicle111.jpg,ALL,N/A,১১৬৫২৩,,১১৬৫২৩,summary,N/A
Vehicle563.jpg,1,0,১১১৭৩৯,মৌলভীবাজার,মৌলভীবাজার,word,79.04
Vehicle563.jpg,ALL,N/A,১১১৭৩৯,মৌলভীবাজার,মৌলভীবাজার ১১১৭৩৯,summary,N/A
Vehicle141.jpg,1,0,১০৪৪,,১০৪৪,number,49.64
Vehicle141.jpg,ALL,N/A,১০৪৪,,১০৪৪,summary,N/A
Vehicle1373.jpg,1,0,৩৩৯৯০,,৩৩৯৯০,number,47.22
Vehicle1373.jpg,ALL,N/A,৩৩৯৯০,,৩৩৯৯০,summary,N/A
Vehicle1021.jpg,1,0,,,,,
Vehicle1021.jpg,ALL,N/A,,,N/A,summary,N/A
Vehicle40.jpg,1,0,১১০১৮,,১১০১৮,number,99.96
Vehicle40.jpg,ALL,N/A,১১০১৮,,১১০১৮,summary,N/A
Vehicle205.jpg,1,0,১২০৭৫৪,ভোলা,১২০৭৫৪,number,77.04
Vehicle205.jpg,ALL,N/A,১২০৭৫৪,ভোলা,ভোলা ১২০৭৫৪,summary,N/A
Vehicle975.jpg,1,0,,,,,
Vehicle975.jpg,ALL,N/A,,,N/A,summary,N/A
Vehicle1360.jpg,1,0,১৪৫০০৮,,১৪৫০০৮,number,100.00
Vehicle1360.jpg,ALL,N/A,১৪৫০০৮,,১৪৫০০৮,summary,N/A
Vehicle238.jpg,1,0,৭০৫৬৫,,৭০৫৬৫,number,54.14
Vehicle238.jpg,ALL,N/A,৭০৫৬৫,,৭০৫৬৫,summary,N/A
Vehicle359.jpg,1,0,,,,,
Vehicle359.jpg,ALL,N/A,,,N/A,summary,N/A
Vehicle1000.jpg,1,0,১৮৫০,,১৮৫০,number,91.62
Vehicle1000.jpg,ALL,N/A,১৮৫০,,১৮৫০,summary,N/A
Vehicle1530.jpeg,1,0,১২৯৩২৫,,১২৯৩২৫,number,58.72
Vehicle1530.jpeg,ALL,N/A,১২৯৩২৫,,১২৯৩২৫,summary,N/A
Vehicle101.jpg,1,0,১৩৪৭৮,,১৩৪৭৮,number,61.04
Vehicle101.jpg,2,0,,,,,
Vehicle101.jpg,3,0,,কুড়িগ্রাম,কুড়িগ্রাম,word,75.10
Vehicle101.jpg,ALL,N/A,১৩৪৭৮,কুড়িগ্রাম,কুড়িগ্রাম ১৩৪৭৮,summary,N/A
Vehicle653.jpg,1,0,১৬০,,১৬০,number,39.13
Vehicle653.jpg,ALL,N/A,১৬০,,১৬০,summary,N/A
Vehicle1066.jpg,1,0,১৭১১৬৭,,১৭১১৬৭,number,70.45
Vehicle1066.jpg,ALL,N/A,১৭১১৬৭,,১৭১১৬৭,summary,N/A
Vehicle392.jpg,1,0,১১২৮৫৮,,১১২৮৫৮,number,99.92
Vehicle392.jpg,ALL,N/A,১১২৮৫৮,,১১২৮৫৮,summary,N/A
Vehicle1783.jpeg,1,0,১০০৫,ঝালকাঠি,ঝালকাঠি,word,82.11
Vehicle1783.jpeg,ALL,N/A,১০০৫,ঝালকাঠি,ঝালকাঠি ১০০৫,summary,N/A
Vehicle423.jpg,1,0,১১১০৬,পিরোজপুর,১১১০৬,number,78.42
Vehicle423.jpg,ALL,N/A,১১১০৬,পিরোজপুর,পিরোজপুর ১১১০৬,summary,N/A
Vehicle306.jpg,1,0,,,,,
Vehicle306.jpg,ALL,N/A,,,N/A,summary,N/A
Vehicle1605.jpeg,1,0,১৫২১,,১৫২১,number,27.24
Vehicle1605.jpeg,ALL,N/A,১৫২১,,১৫২১,summary,N/A
Vehicle660.jpg,1,0,৫১৫,,৫১৫,number,39.97
Vehicle660.jpg,ALL,N/A,৫১৫,,৫১৫,summary,N/A
Vehicle1720.jpg,1,0,১১০০৭১,,১১০০৭১,number,66.45
Vehicle1720.jpg,ALL,N/A,১১০০৭১,,১১০০৭১,summary,N/A
Vehicle1707.jpg,1,0,১১৭০১৪৫,,১১৭০১৪৫,number,63.62
Vehicle1707.jpg,ALL,N/A,১১৭০১৪৫,,১১৭০১৪৫,summary,N/A
Vehicle864.jpg,1,0,১,,১,number,32.18
Vehicle864.jpg,ALL,N/A,১,,১,summary,N/A
Vehicle1770.jpeg,1,0,২০৫৪৪৮,,২০৫৪৪৮,number,98.24
Vehicle1770.jpeg,ALL,N/A,২০৫৪৪৮,,২০৫৪৪৮,summary,N/A
Vehicle1786.jpeg,1,0,৫,,৫,number,19.08
Vehicle1786.jpeg,ALL,N/A,৫,,৫,summary,N/A
Vehicle103.jpg,1,0,৩৯৪৮৯,,৩৯৪৮৯,number,77.32
Vehicle103.jpg,ALL,N/A,৩৯৪৮৯,,৩৯৪৮৯,summary,N/A
Vehicle920.jpg,1,0,৩৯৪৯৪৮,,৩৯৪৯৪৮,number,94.00
Vehicle920.jpg,ALL,N/A,৩৯৪৯৪৮,,৩৯৪৯৪৮,summary,N/A
Vehicle649.jpg,1,0,১৩৫৭৬,,১৩৫৭৬,number,82.38
Vehicle649.jpg,ALL,N/A,১৩৫৭৬,,১৩৫৭৬,summary,N/A
Vehicle1514.jpg,1,0,১২২৯,ঢাকা,ঢাকা,word,87.31
Vehicle1514.jpg,ALL,N/A,১২২৯,ঢাকা,ঢাকা ১২২৯,summary,N/A
Vehicle1607.jpeg,1,0,১১৭২৮৮,,১১৭২৮৮,number,99.99
Vehicle1607.jpeg,ALL,N/A,১১৭২৮৮,,১১৭২৮৮,summary,N/A
Vehicle994.jpg,1,0,৩৫৯২,মেট্রো,৩৫৯২,number,99.87
Vehicle994.jpg,ALL,N/A,৩৫৯২,মেট্রো,মেট্রো ৩৫৯২,summary,N/A
Vehicle1149.jpg,1,0,২৩৪৬৫৪,,২৩৪৬৫৪,number,71.02
Vehicle1149.jpg,ALL,N/A,২৩৪৬৫৪,,২৩৪৬৫৪,summary,N/A
Vehicle557.jpg,1,0,২৭১৬৫,কিশোরগঞ্জ,২৭১৬৫,number,99.99
Vehicle557.jpg,ALL,N/A,২৭১৬৫,কিশোরগঞ্জ,কিশোরগঞ্জ ২৭১৬৫,summary,N/A
Vehicle1365.jpg,1,0,৩২২৭৩,,৩২২৭৩,number,99.92
Vehicle1365.jpg,ALL,N/A,৩২২৭৩,,৩২২৭৩,summary,N/A
Vehicle354.jpg,1,0,১৯০০,,১৯০০,number,30.35
Vehicle354.jpg,2,0,,,,,
Vehicle354.jpg,ALL,N/A,১৯০০,,১৯০০,summary,N/A
Vehicle1639.jpg,1,0,,,,,
Vehicle1639.jpg,ALL,N/A,,,N/A,summary,N/A
Vehicle844.jpg,1,0,১৪৫,,১৪৫,number,36.32
Vehicle844.jpg,ALL,N/A,১৪৫,,১৪৫,summary,N/A
Vehicle1905.jpeg,1,0,০৩৮০৬৩,,০৩৮০৬৩,number,72.88
Vehicle1905.jpeg,ALL,N/A,০৩৮০৬৩,,০৩৮০৬৩,summary,N/A
Vehicle1109.jpg,1,0,২৫৯৭৮১,,২৫৯৭৮১,number,77.80
Vehicle1109.jpg,ALL,N/A,২৫৯৭৮১,,২৫৯৭৮১,summary,N/A
Vehicle644.jpg,1,0,২৬৪২,রংপুর,২৬৪২,number,100.00
Vehicle644.jpg,ALL,N/A,২৬৪২,রংপুর,রংপুর ২৬৪২,summary,N/A
Vehicle503.jpg,1,0,১১৫২৬,রাজশাহী,রাজশাহী,word,87.41
Vehicle503.jpg,ALL,N/A,১১৫২৬,রাজশাহী,রাজশাহী ১১৫২৬,summary,N/A
Vehicle619.jpg,1,0,২১৩২৬০৭,,২১৩২৬০৭,number,52.14
Vehicle619.jpg,2,0,২১৬২৬৩৭,চুয়াডাঙ্গা,২১৬২৬৩৭,number,71.16
Vehicle619.jpg,ALL,N/A,২১৩২৬০৭,চুয়াডাঙ্গা,চুয়াডাঙ্গা ২১৩২৬০৭,summary,N/A
Vehicle154.jpg,1,0,১২৭৭,,১২৭৭,number,99.95
Vehicle154.jpg,ALL,N/A,১২৭৭,,১২৭৭,summary,N/A
Vehicle696.jpg,1,0,৪৩৮৩৫৯,,৪৩৮৩৫৯,number,98.05
Vehicle696.jpg,ALL,N/A,৪৩৮৩৫৯,,৪৩৮৩৫৯,summary,N/A
Vehicle770.jpg,1,0,১৫২৮৩৭,,১৫২৮৩৭,number,99.23
Vehicle770.jpg,ALL,N/A,১৫২৮৩৭,,১৫২৮৩৭,summary,N/A
Vehicle1259.jpg,1,0,১৪৪১৯৬,,১৪৪১৯৬,number,72.21
Vehicle1259.jpg,ALL,N/A,১৪৪১৯৬,,১৪৪১৯৬,summary,N/A
Vehicle1343.jpg,1,0,৩৫৫৬৬,,৩৫৫৬৬,number,53.70
Vehicle1343.jpg,ALL,N/A,৩৫৫৬৬,,৩৫৫৬৬,summary,N/A
Vehicle713.jpg,1,0,১১৪৭৪১,রংপুর,রংপুর,word,84.66
Vehicle713.jpg,ALL,N/A,১১৪৭৪১,রংপুর,রংপুর ১১৪৭৪১,summary,N/A
Vehicle954.jpg,1,0,৮০,,৮০,number,87.11
Vehicle954.jpg,ALL,N/A,৮০,,৮০,summary,N/A
Vehicle1426.jpg,1,0,১১০০৫২,,১১০০৫২,number,97.50
Vehicle1426.jpg,ALL,N/A,১১০০৫২,,১১০০৫২,summary,N/A
Vehicle1310.jpg,1,0,২৩৭৬১৮,ঢাকা,ঢাকা,word,79.01
Vehicle1310.jpg,ALL,N/A,২৩৭৬১৮,ঢাকা,ঢাকা ২৩৭৬১৮,summary,N/A
Vehicle1469.jpg,1,0,১১০২০৯,,১১০২০৯,number,72.52
Vehicle1469.jpg,2,0,১১০২০৯,,১১০২০৯,number,99.87
Vehicle1469.jpg,ALL,N/A,১১০২০৯,,১১০২০৯,summary,N/A
Vehicle1100.jpg,1,0,,,,,
Vehicle1100.jpg,ALL,N/A,,,N/A,summary,N/A
Vehicle493.jpg,1,0,১৫৭১১১,,১৫৭১১১,number,91.94
Vehicle493.jpg,ALL,N/A,১৫৭১১১,,১৫৭১১১,summary,N/A
Vehicle1383.jpg,1,0,৩০৭৮৮,,৩০৭৮৮,number,36.24
Vehicle1383.jpg,ALL,N/A,৩০৭৮৮,,৩০৭৮৮,summary,N/A
Vehicle1679.jpg,1,0,১২৬৬৭১,,১২৬৬৭১,number,88.07
Vehicle1679.jpg,ALL,N/A,১২৬৬৭১,,১২৬৬৭১,summary,N/A
Vehicle1422.jpg,1,0,,,,,
Vehicle1422.jpg,ALL,N/A,,,N/A,summary,N/A
Vehicle1545.jpg,1,0,১৫৭৩৫৮,ঢাকা,১৫৭৩৫৮,number,98.06
Vehicle1545.jpg,ALL,N/A,১৫৭৩৫৮,ঢাকা,ঢাকা ১৫৭৩৫৮,summary,N/A
Vehicle1581.jpg,1,0,১১৩১৯৫,কক্সবাজার,১১৩১৯৫,number,93.94
Vehicle1581.jpg,ALL,N/A,১১৩১৯৫,কক্সবাজার,কক্সবাজার ১১৩১৯৫,summary,N/A
Vehicle1539.jpeg,1,0,,,,,
Vehicle1539.jpeg,ALL,N/A,,,N/A,summary,N/A
Vehicle341.jpg,1,0,১১৮১৮,পঞ্চগড়,১১৮১৮,number,98.55
Vehicle341.jpg,ALL,N/A,১১৮১৮,পঞ্চগড়,পঞ্চগড় ১১৮১৮,summary,N/A
Vehicle404.jpg,1,0,১১২৬১২,,১১২৬১২,number,77.77
Vehicle404.jpg,ALL,N/A,১১২৬১২,,১১২৬১২,summary,N/A
Vehicle484.jpg,1,0,,,,,
Vehicle484.jpg,ALL,N/A,,,N/A,summary,N/A
Vehicle1392.jpg,1,0,১১৯২৫,,১১৯২৫,number,69.43
Vehicle1392.jpg,ALL,N/A,১১৯২৫,,১১৯২৫,summary,N/A
Vehicle659.jpg,1,0,১৩০১২,,১৩০১২,number,99.97
Vehicle659.jpg,ALL,N/A,১৩০১২,,১৩০১২,summary,N/A
Vehicle140.jpg,1,0,,,,,
Vehicle140.jpg,ALL,N/A,,,N/A,summary,N/A
Vehicle1370.jpg,1,0,১৯৭৮৬৯৯,,১৯৭৮৬৯৯,number,49.79
Vehicle1370.jpg,ALL,N/A,১৯৭৮৬৯৯,,১৯৭৮৬৯৯,summary,N/A
Vehicle378.jpg,1,0,৩৪৩০,পাবনা,পাবনা,word,89.23
Vehicle378.jpg,2,0,,,,,
Vehicle378.jpg,ALL,N/A,৩৪৩০,পাবনা,পাবনা ৩৪৩০,summary,N/A
Vehicle1819.jpeg,1,0,১১৭৭৭৮,,১১৭৭৭৮,number,68.24
Vehicle1819.jpeg,ALL,N/A,১১৭৭৭৮,,১১৭৭৭৮,summary,N/A
Vehicle70.jpg,1,0,১১১৬৪,বান্দরবান,১১১৬৪,number,95.80
Vehicle70.jpg,ALL,N/A,১১১৬৪,বান্দরবান,বান্দরবান ১১১৬৪,summary,N/A
Vehicle1230.jpg,1,0,১১৫২৬৫,,১১৫২৬৫,number,85.98
Vehicle1230.jpg,ALL,N/A,১১৫২৬৫,,১১৫২৬৫,summary,N/A
Vehicle1143.jpg,1,0,৪০৬৩,,৪০৬৩,number,95.42
Vehicle1143.jpg,ALL,N/A,৪০৬৩,,৪০৬৩,summary,N/A
Vehicle573.jpg,1,0,১১৭৫৫,,১১৭৫৫,number,43.26
Vehicle573.jpg,ALL,N/A,১১৭৫৫,,১১৭৫৫,summary,N/A
Vehicle1779.jpeg,1,0,১৩২,মেট্রো,মেট্রো,word,82.44
Vehicle1779.jpeg,ALL,N/A,১৩২,মেট্রো,মেট্রো ১৩২,summary,N/A
Vehicle234.jpg,1,0,১১১৭৬০,নাটোর,নাটোর,word,92.52
Vehicle234.jpg,ALL,N/A,১১১৭৬০,নাটোর,নাটোর ১১১৭৬০,summary,N/A
Vehicle93.jpg,1,0,,,,,
Vehicle93.jpg,ALL,N/A,,,N/A,summary,N/A
Vehicle338.jpg,1,0,৭৫৮৬,,৭৫৮৬,number,21.41
Vehicle338.jpg,ALL,N/A,৭৫৮৬,,৭৫৮৬,summary,N/A
Vehicle199.jpg,1,0,১১১১৭৮,,১১১১৭৮,number,14.84
Vehicle199.jpg,ALL,N/A,১১১১৭৮,,১১১১৭৮,summary,N/A
Vehicle66.jpg,1,0,১৩৪২০২,,১৩৪২০২,number,95.84
Vehicle66.jpg,ALL,N/A,১৩৪২০২,,১৩৪২০২,summary,N/A
Vehicle779.jpg,1,0,৯৪০৮,,৯৪০৮,number,99.99
Vehicle779.jpg,ALL,N/A,৯৪০৮,,৯৪০৮,summary,N/A
Vehicle930.jpg,1,0,২২২৭,,২২২৭,number,93.57
Vehicle930.jpg,ALL,N/A,২২২৭,,২২২৭,summary,N/A
Vehicle1442.jpg,1,0,১১১১২৭,,১১১১২৭,number,92.68
Vehicle1442.jpg,ALL,N/A,১১১১২৭,,১১১১২৭,summary,N/A
Vehicle1167.jpg,1,0,৩১০০৮০,,৩১০০৮০,number,99.96
Vehicle1167.jpg,ALL,N/A,৩১০০৮০,,৩১০০৮০,summary,N/A
Vehicle351.jpg,1,0,১১,কুড়িগ্রাম,১১,number,98.95
Vehicle351.jpg,ALL,N/A,১১,কুড়িগ্রাম,কুড়িগ্রাম ১১,summary,N/A
Vehicle189.jpg,1,0,৫১৬,,৫১৬,number,27.54
Vehicle189.jpg,ALL,N/A,৫১৬,,৫১৬,summary,N/A
Vehicle32.jpg,1,0,১২২১৩৮,,১২২১৩৮,number,90.18
Vehicle32.jpg,ALL,N/A,১২২১৩৮,,১২২১৩৮,summary,N/A
Vehicle165.jpg,1,0,১২০৫৩২,ভোলা,১২০৫৩২,number,99.96
Vehicle165.jpg,ALL,N/A,১২০৫৩২,ভোলা,ভোলা ১২০৫৩২,summary,N/A
Vehicle1668.jpg,1,0,০৫২৮৩,,০৫২৮৩,number,63.93
Vehicle1668.jpg,ALL,N/A,০৫২৮৩,,০৫২৮৩,summary,N/A
Vehicle811.jpg,1,0,১২৬০৩৮,ঠাকুরগাঁও,ঠাকুরগাঁও,word,75.04
Vehicle811.jpg,ALL,N/A,১২৬০৩৮,ঠাকুরগাঁও,ঠাকুরগাঁও ১২৬০৩৮,summary,N/A
Vehicle905.jpg,1,0,৬,,৬,number,30.17
Vehicle905.jpg,ALL,N/A,৬,,৬,summary,N/A
Vehicle1462.jpg,1,0,১১০২২৭,,১১০২২৭,number,95.86
Vehicle1462.jpg,ALL,N/A,১১০২২৭,,১১০২২৭,summary,N/A
Vehicle901.jpg,1,0,২৯৩৫৯২,,২৯৩৫৯২,number,90.63
Vehicle901.jpg,ALL,N/A,২৯৩৫৯২,,২৯৩৫৯২,summary,N/A
Vehicle1423.jpg,1,0,২১৮৭৯৮,,২১৮৭৯৮,number,85.24
Vehicle1423.jpg,2,0,১৯৭৪,,১৯৭৪,number,13.71
Vehicle1423.jpg,ALL,N/A,২১৮৭৯৮,,২১৮৭৯৮,summary,N/A
Vehicle1001.jpg,1,0,২৯৩৫৯২,,২৯৩৫৯২,number,76.74
Vehicle1001.jpg,ALL,N/A,২৯৩৫৯২,,২৯৩৫৯২,summary,N/A
Vehicle1006.jpg,1,0,২৫০৩,,২৫০৩,number,24.86
Vehicle1006.jpg,ALL,N/A,২৫০৩,,২৫০৩,summary,N/A
Vehicle393.jpg,1,0,৩৩৬১২৮,,৩৩৬১২৮,number,99.99
Vehicle393.jpg,ALL,N/A,৩৩৬১২৮,,৩৩৬১২৮,summary,N/A
Vehicle1671.jpg,1,0,,,,,
Vehicle1671.jpg,ALL,N/A,,,N/A,summary,N/A
Vehicle1078.jpg,1,0,১৮৫০৩১,,১৮৫০৩১,number,76.93
Vehicle1078.jpg,ALL,N/A,১৮৫০৩১,,১৮৫০৩১,summary,N/A
Vehicle1560.jpeg,1,0,১৬১,,১৬১,number,20.41
Vehicle1560.jpeg,ALL,N/A,১৬১,,১৬১,summary,N/A
Vehicle1627.jpg,1,0,৩২১৮৩৬,,৩২১৮৩৬,number,37.04
Vehicle1627.jpg,ALL,N/A,৩২১৮৩৬,,৩২১৮৩৬,summary,N/A
Vehicle564.jpg,1,0,৪২৮১২৮,,৪২৮১২৮,number,99.92
Vehicle564.jpg,ALL,N/A,৪২৮১২৮,,৪২৮১২৮,summary,N/A
Vehicle919.jpg,1,0,১১১১১৬,,১১১১১৬,number,66.61
Vehicle919.jpg,ALL,N/A,১১১১১৬,,১১১১১৬,summary,N/A
Vehicle1455.jpg,1,0,,,,,
Vehicle1455.jpg,ALL,N/A,,,N/A,summary,N/A
Vehicle279.jpg,1,0,১২৭৯২০,জামালপুর,১২৭৯২০,number,99.95
Vehicle279.jpg,ALL,N/A,১২৭৯২০,জামালপুর,জামালপুর ১২৭৯২০,summary,N/A
Vehicle1495.png,1,0,১১১০৪৬,,১১১০৪৬,number,97.74
Vehicle1495.png,ALL,N/A,১১১০৪৬,,১১১০৪৬,summary,N/A
Vehicle732.jpg,1,0,৩৩০৫৭৫,,৩৩০৫৭৫,number,34.65
Vehicle732.jpg,ALL,N/A,৩৩০৫৭৫,,৩৩০৫৭৫,summary,N/A
Vehicle269.jpg,1,0,১১০৯৫১,নরসিংদী,নরসিংদী,word,88.69
Vehicle269.jpg,ALL,N/A,১১০৯৫১,নরসিংদী,নরসিংদী ১১০৯৫১,summary,N/A
Vehicle1240.jpg,1,0,৩৩৭৬,,৩৩৭৬,number,76.52
Vehicle1240.jpg,ALL,N/A,৩৩৭৬,,৩৩৭৬,summary,N/A
Vehicle1751.jpeg,1,0,১৩৬৯২৪,ময়মনসিংহ,১৩৬৯২৪,number,98.84
Vehicle1751.jpeg,ALL,N/A,১৩৬৯২৪,ময়মনসিংহ,ময়মনসিংহ ১৩৬৯২৪,summary,N/A
Vehicle634.jpg,1,0,১৫২৫১২,,১৫২৫১২,number,76.89
Vehicle634.jpg,ALL,N/A,১৫২৫১২,,১৫২৫১২,summary,N/A
Vehicle285.jpg,1,0,,,,,
Vehicle285.jpg,ALL,N/A,,,N/A,summary,N/A
Vehicle1418.jpg,1,0,১৩১২৬৭,রাজশাহী,১৩১২৬৭,number,95.25
Vehicle1418.jpg,ALL,N/A,১৩১২৬৭,রাজশাহী,রাজশাহী ১৩১২৬৭,summary,N/A
Vehicle1817.jpeg,1,0,১৩২৭০৫,,১৩২৭০৫,number,99.97
Vehicle1817.jpeg,ALL,N/A,১৩২৭০৫,,১৩২৭০৫,summary,N/A
Vehicle1569.jpg,1,0,২১৮৬৩৫,ঢাকা,২১৮৬৩৫,number,96.36
Vehicle1569.jpg,ALL,N/A,২১৮৬৩৫,ঢাকা,ঢাকা ২১৮৬৩৫,summary,N/A
Vehicle1468.jpg,1,0,১১৫৮৪৮,ঝিনাইদহ,১১৫৮৪৮,number,79.34
Vehicle1468.jpg,ALL,N/A,১১৫৮৪৮,ঝিনাইদহ,ঝিনাইদহ ১১৫৮৪৮,summary,N/A
Vehicle1790.jpeg,1,0,৮১৩৭৫৮,,৮১৩৭৫৮,number,80.09
Vehicle1790.jpeg,ALL,N/A,৮১৩৭৫৮,,৮১৩৭৫৮,summary,N/A
Vehicle19.jpg,1,0,,,,,
Vehicle19.jpg,ALL,N/A,,,N/A,summary,N/A
Vehicle1427.jpg,1,0,১৩,,১৩,number,57.02
Vehicle1427.jpg,ALL,N/A,১৩,,১৩,summary,N/A
Vehicle323.jpg,1,0,১১৪৫৭৩,,১১৪৫৭৩,number,99.80
Vehicle323.jpg,ALL,N/A,১১৪৫৭৩,,১১৪৫৭৩,summary,N/A
Vehicle1013.jpg,1,0,২১৪৮০৯,,২১৪৮০৯,number,86.91
Vehicle1013.jpg,ALL,N/A,২১৪৮০৯,,২১৪৮০৯,summary,N/A
Vehicle603.jpg,1,0,২০৮,ব্রাহ্মণবাড়িয়া,২০৮,number,100.00
Vehicle603.jpg,ALL,N/A,২০৮,ব্রাহ্মণবাড়িয়া,ব্রাহ্মণবাড়িয়া ২০৮,summary,N/A
Vehicle228.jpg,1,0,১১১৭৪৬,,১১১৭৪৬,number,59.03
Vehicle228.jpg,ALL,N/A,১১১৭৪৬,,১১১৭৪৬,summary,N/A
Vehicle663.jpg,1,0,১৪৩৩৮৫,সাতক্ষীরা,১৪৩৩৮৫,number,98.96
Vehicle663.jpg,ALL,N/A,১৪৩৩৮৫,সাতক্ষীরা,সাতক্ষীরা ১৪৩৩৮৫,summary,N/A
Vehicle1165.jpg,1,0,৩৫৫,,৩৫৫,number,6.74
Vehicle1165.jpg,ALL,N/A,৩৫৫,,৩৫৫,summary,N/A
Vehicle49.jpg,1,0,১৩৫১৫০,ঝিনাইদহ,১৩৫১৫০,number,99.71
Vehicle49.jpg,ALL,N/A,১৩৫১৫০,ঝিনাইদহ,ঝিনাইদহ ১৩৫১৫০,summary,N/A
Vehicle178.jpg,1,0,১১৫৭৩৯,নাটোর,১১৫৭৩৯,number,93.62
Vehicle178.jpg,ALL,N/A,১১৫৭৩৯,নাটোর,নাটোর ১১৫৭৩৯,summary,N/A
Vehicle473.jpg,1,0,১১৯৮১৮,,১১৯৮১৮,number,89.97
Vehicle473.jpg,ALL,N/A,১১৯৮১৮,,১১৯৮১৮,summary,N/A
Vehicle529.jpg,1,0,১২১৫৪৫,,১২১৫৪৫,number,99.97
Vehicle529.jpg,ALL,N/A,১২১৫৪৫,,১২১৫৪৫,summary,N/A
Vehicle1435.jpg,1,0,১৯৬০,,১৯৬০,number,41.19
Vehicle1435.jpg,ALL,N/A,১৯৬০,,১৯৬০,summary,N/A
Vehicle1317.jpg,1,0,৩৩৮৯৭৮,ঢাকা,৩৩৮৯৭৮,number,99.99
Vehicle1317.jpg,ALL,N/A,৩৩৮৯৭৮,ঢাকা,ঢাকা ৩৩৮৯৭৮,summary,N/A
Vehicle1900.jpeg,1,0,১১১১২৩,,১১১১২৩,number,99.98
Vehicle1900.jpeg,ALL,N/A,১১১১২৩,,১১১১২৩,summary,N/A
Vehicle800.jpg,1,0,১২৪৩৫৫,ময়মনসিংহ,ময়মনসিংহ,word,95.23
Vehicle800.jpg,ALL,N/A,১২৪৩৫৫,ময়মনসিংহ,ময়মনসিংহ ১২৪৩৫৫,summary,N/A
Vehicle82.jpg,1,0,৫১০০৫৬,,৫১০০৫৬,number,99.99
Vehicle82.jpg,ALL,N/A,৫১০০৫৬,,৫১০০৫৬,summary,N/A
Vehicle71.jpg,1,0,১৬৩৩,,১৬৩৩,number,99.98
Vehicle71.jpg,ALL,N/A,১৬৩৩,,১৬৩৩,summary,N/A
Vehicle1256.jpg,1,0,২৫২৮৮০০,,২৫২৮৮০০,number,39.62
Vehicle1256.jpg,ALL,N/A,২৫২৮৮০০,,২৫২৮৮০০,summary,N/A
Vehicle760.jpg,1,0,১১০৫৯০,,১১০৫৯০,number,99.84
Vehicle760.jpg,ALL,N/A,১১০৫৯০,,১১০৫৯০,summary,N/A
Vehicle1299.jpg,1,0,২১৭৩৪২,,২১৭৩৪২,number,97.30
Vehicle1299.jpg,ALL,N/A,২১৭৩৪২,,২১৭৩৪২,summary,N/A
Vehicle886.jpg,1,0,১১৪৮২৯,লক্ষ্মীপুর,লক্ষ্মীপুর,word,94.29
Vehicle886.jpg,ALL,N/A,১১৪৮২৯,লক্ষ্মীপুর,লক্ষ্মীপুর ১১৪৮২৯,summary,N/A
Vehicle945.jpg,1,0,৬৭৬,,৬৭৬,number,62.66
Vehicle945.jpg,ALL,N/A,৬৭৬,,৬৭৬,summary,N/A
Vehicle1713.jpg,1,0,২০০৮৫,,২০০৮৫,number,71.98
Vehicle1713.jpg,ALL,N/A,২০০৮৫,,২০০৮৫,summary,N/A
Vehicle640.jpg,1,0,,,,,
Vehicle640.jpg,ALL,N/A,,,N/A,summary,N/A
Vehicle824.jpg,1,0,,,,,
Vehicle824.jpg,ALL,N/A,,,N/A,summary,N/A
Vehicle1399.jpg,1,0,৩৪১,,৩৪১,number,27.70
Vehicle1399.jpg,ALL,N/A,৩৪১,,৩৪১,summary,N/A
Vehicle299.jpg,1,0,১১০৫২৩,,১১০৫২৩,number,98.36
Vehicle299.jpg,ALL,N/A,১১০৫২৩,,১১০৫২৩,summary,N/A
Vehicle667.jpg,1,0,১৯৮৯৯৪,,১৯৮৯৯৪,number,31.38
Vehicle667.jpg,ALL,N/A,১৯৮৯৯৪,,১৯৮৯৯৪,summary,N/A
Vehicle789.jpg,1,0,৩২২২৫,,৩২২২৫,number,100.00
Vehicle789.jpg,ALL,N/A,৩২২২৫,,৩২২২৫,summary,N/A
Vehicle1670.jpg,1,0,১৪৫৮৬,,১৪৫৮৬,number,48.40
Vehicle1670.jpg,ALL,N/A,১৪৫৮৬,,১৪৫৮৬,summary,N/A
Vehicle159.jpg,1,0,১২৬৮৯৮,,১২৬৮৯৮,number,100.00
Vehicle159.jpg,ALL,N/A,১২৬৮৯৮,,১২৬৮৯৮,summary,N/A
Vehicle198.jpg,1,0,১১৪১১৯,কিশোরগঞ্জ,১১৪১১৯,number,98.97
Vehicle198.jpg,ALL,N/A,১১৪১১৯,কিশোরগঞ্জ,কিশোরগঞ্জ ১১৪১১৯,summary,N/A
Vehicle214.jpg,1,0,১২,,১২,number,98.45
Vehicle214.jpg,ALL,N/A,১২,,১২,summary,N/A
Vehicle756.jpg,1,0,৬৫২৮,,৬৫২৮,number,98.80
Vehicle756.jpg,ALL,N/A,৬৫২৮,,৬৫২৮,summary,N/A
Vehicle192.jpg,1,0,২১৩৫৪৬,ঢাকা,২১৩৫৪৬,number,96.53
Vehicle192.jpg,ALL,N/A,২১৩৫৪৬,ঢাকা,ঢাকা ২১৩৫৪৬,summary,N/A
Vehicle1346.jpg,1,0,১১৮৯৭৬,ঢাকা,ঢাকা,word,99.84
Vehicle1346.jpg,ALL,N/A,১১৮৯৭৬,ঢাকা,ঢাকা ১১৮৯৭৬,summary,N/A
Vehicle570.jpg,1,0,১১১১৯৭,,১১১১৯৭,number,55.60
Vehicle570.jpg,ALL,N/A,১১১১৯৭,,১১১১৯৭,summary,N/A
Vehicle1504.jpg,1,0,১১৭৬,পিরোজপুর,১১৭৬,number,81.33
Vehicle1504.jpg,ALL,N/A,১১৭৬,পিরোজপুর,পিরোজপুর ১১৭৬,summary,N/A
Vehicle527.jpg,1,0,৪৩২,,৪৩২,number,54.29
Vehicle527.jpg,ALL,N/A,৪৩২,,৪৩২,summary,N/A
Vehicle724.jpg,1,0,৮৮৯,,৮৮৯,number,94.76
Vehicle724.jpg,ALL,N/A,৮৮৯,,৮৮৯,summary,N/A
Vehicle594.jpg,1,0,১১৬৮১১,ময়মনসিংহ,১১৬৮১১,number,98.32
Vehicle594.jpg,ALL,N/A,১১৬৮১১,ময়মনসিংহ,ময়মনসিংহ ১১৬৮১১,summary,N/A
Vehicle1433.jpg,1,0,১২৮১৩৬,,১২৮১৩৬,number,74.41
Vehicle1433.jpg,ALL,N/A,১২৮১৩৬,,১২৮১৩৬,summary,N/A
Vehicle688.jpg,1,0,২৫০৩৩,,২৫০৩৩,number,99.69
Vehicle688.jpg,ALL,N/A,২৫০৩৩,,২৫০৩৩,summary,N/A
Vehicle296.jpg,1,0,১১৩৫৮৯,,১১৩৫৮৯,number,99.97
Vehicle296.jpg,ALL,N/A,১১৩৫৮৯,,১১৩৫৮৯,summary,N/A
Vehicle581.jpg,1,0,৩১৫০২০,,৩১৫০২০,number,99.12
Vehicle581.jpg,ALL,N/A,৩১৫০২০,,৩১৫০২০,summary,N/A
Vehicle1458.jpg,1,0,৩৭৩৮,,৩৭৩৮,number,85.57
Vehicle1458.jpg,ALL,N/A,৩৭৩৮,,৩৭৩৮,summary,N/A
Vehicle410.jpg,1,0,১১১০৬৭,মৌলভীবাজার,১১১০৬৭,number,99.88
Vehicle410.jpg,ALL,N/A,১১১০৬৭,মৌলভীবাজার,মৌলভীবাজার ১১১০৬৭,summary,N/A
Vehicle1499.jpg,1,0,১১৮৮০,,১১৮৮০,number,1.47
Vehicle1499.jpg,ALL,N/A,১১৮৮০,,১১৮৮০,summary,N/A
Vehicle1030.jpg,1,0,১৭৪১১৯,,১৭৪১১৯,number,66.99
Vehicle1030.jpg,ALL,N/A,১৭৪১১৯,,১৭৪১১৯,summary,N/A
Vehicle1330.jpg,1,0,৬৯৫,মেট্রো,৬৯৫,number,99.97
Vehicle1330.jpg,ALL,N/A,৬৯৫,মেট্রো,মেট্রো ৬৯৫,summary,N/A
Vehicle613.jpg,1,0,৫১৪১৬,,৫১৪১৬,number,72.30
Vehicle613.jpg,ALL,N/A,৫১৪১৬,,৫১৪১৬,summary,N/A
Vehicle1621.jpg,1,0,১১০২৪৮,নারায়ণগঞ্জ,১১০২৪৮,number,99.94
Vehicle1621.jpg,ALL,N/A,১১০২৪৮,নারায়ণগঞ্জ,নারায়ণগঞ্জ ১১০২৪৮,summary,N/A
Vehicle1239.jpg,1,0,৩৫৯৮,,৩৫৯৮,number,19.17
Vehicle1239.jpg,ALL,N/A,৩৫৯৮,,৩৫৯৮,summary,N/A
Vehicle591.jpg,1,0,১১৮৯৮,মানিকগঞ্জ,১১৮৯৮,number,87.99
Vehicle591.jpg,ALL,N/A,১১৮৯৮,মানিকগঞ্জ,মানিকগঞ্জ ১১৮৯৮,summary,N/A
Vehicle89.jpg,1,0,১১০০২০,,১১০০২০,number,63.55
Vehicle89.jpg,ALL,N/A,১১০০২০,,১১০০২০,summary,N/A
Vehicle1738.png,1,0,,,,,
Vehicle1738.png,ALL,N/A,,,N/A,summary,N/A
Vehicle679.jpg,1,0,১,,১,number,2.89
Vehicle679.jpg,ALL,N/A,১,,১,summary,N/A
Vehicle102.jpg,1,0,৫১০০০৫৬,,৫১০০০৫৬,number,51.61
Vehicle102.jpg,ALL,N/A,৫১০০০৫৬,,৫১০০০৫৬,summary,N/A
Vehicle1652.jpg,1,0,১৩১০৯৬,,১৩১০৯৬,number,89.89
Vehicle1652.jpg,ALL,N/A,১৩১০৯৬,,১৩১০৯৬,summary,N/A
Vehicle1658.jpg,1,0,৬৬,,৬৬,number,78.58
Vehicle1658.jpg,ALL,N/A,৬৬,,৬৬,summary,N/A
Vehicle46.jpg,1,0,১১০৫,,১১০৫,number,57.97
Vehicle46.jpg,ALL,N/A,১১০৫,,১১০৫,summary,N/A
Vehicle1519.jpg,1,0,১১০৭৭,,১১০৭৭,number,84.89
Vehicle1519.jpg,ALL,N/A,১১০৭৭,,১১০৭৭,summary,N/A
Vehicle1503.jpg,1,0,১১১৮৯৪,,১১১৮৯৪,number,98.58
Vehicle1503.jpg,ALL,N/A,১১১৮৯৪,,১১১৮৯৪,summary,N/A
Vehicle608.jpg,1,0,৬৯৯৮৫,,৬৯৯৮৫,number,79.88
Vehicle608.jpg,ALL,N/A,৬৯৯৮৫,,৬৯৯৮৫,summary,N/A
Vehicle92.jpg,1,0,১১৮৫,,১১৮৫,number,63.97
Vehicle92.jpg,ALL,N/A,১১৮৫,,১১৮৫,summary,N/A
Vehicle925.jpg,1,0,২৮৪৭০৩,,২৮৪৭০৩,number,94.01
Vehicle925.jpg,ALL,N/A,২৮৪৭০৩,,২৮৪৭০৩,summary,N/A
Vehicle1864.jpeg,1,0,১২৩৪০২,নাটোর,১২৩৪০২,number,99.12
Vehicle1864.jpeg,ALL,N/A,১২৩৪০২,নাটোর,নাটোর ১২৩৪০২,summary,N/A
Vehicle1623.jpg,1,0,,,,,
Vehicle1623.jpg,ALL,N/A,,,N/A,summary,N/A
Vehicle1798.jpeg,1,0,২৬১,,২৬১,number,99.99
Vehicle1798.jpeg,ALL,N/A,২৬১,,২৬১,summary,N/A
Vehicle1454.jpg,1,0,১২৬৪১৭,,১২৬৪১৭,number,99.99
Vehicle1454.jpg,ALL,N/A,১২৬৪১৭,,১২৬৪১৭,summary,N/A
Vehicle896.jpg,1,0,৩৭৬৩৬,মেট্রো,মেট্রো,word,70.88
Vehicle896.jpg,ALL,N/A,৩৭৬৩৬,মেট্রো,মেট্রো ৩৭৬৩৬,summary,N/A
Vehicle134.jpg,1,0,,,,,
Vehicle134.jpg,ALL,N/A,,,N/A,summary,N/A
Vehicle1568.jpg,1,0,৪৩৩৮৮,ঢাকা,ঢাকা,word,96.32
Vehicle1568.jpg,ALL,N/A,৪৩৩৮৮,ঢাকা,ঢাকা ৪৩৩৮৮,summary,N/A
Vehicle357.jpg,1,0,২৮০৫৪,,২৮০৫৪,number,70.84
Vehicle357.jpg,ALL,N/A,২৮০৫৪,,২৮০৫৪,summary,N/A
Vehicle1644.jpg,1,0,৩৪৫২৮৬,ঢাকা,৩৪৫২৮৬,number,96.04
Vehicle1644.jpg,ALL,N/A,৩৪৫২৮৬,ঢাকা,ঢাকা ৩৪৫২৮৬,summary,N/A
Vehicle33.jpg,1,0,১১০৩৯৮,ঝালকাঠি,১১০৩৯৮,number,99.94
Vehicle33.jpg,ALL,N/A,১১০৩৯৮,ঝালকাঠি,ঝালকাঠি ১১০৩৯৮,summary,N/A
Vehicle62.jpg,1,0,১১১৮৯১,মেট্রো,মেট্রো,word,80.92
Vehicle62.jpg,ALL,N/A,১১১৮৯১,মেট্রো,মেট্রো ১১১৮৯১,summary,N/A
Vehicle645.jpg,1,0,৫১৭,,৫১৭,number,5.35
Vehicle645.jpg,ALL,N/A,৫১৭,,৫১৭,summary,N/A
Vehicle1037.jpg,1,0,,,,,
Vehicle1037.jpg,ALL,N/A,,,N/A,summary,N/A
Vehicle1765.jpeg,1,0,১১৬৯৪৩,,১১৬৯৪৩,number,94.25
Vehicle1765.jpeg,ALL,N/A,১১৬৯৪৩,,১১৬৯৪৩,summary,N/A
Vehicle1318.jpg,1,0,৩৫৯০৮২,,৩৫৯০৮২,number,79.48
Vehicle1318.jpg,ALL,N/A,৩৫৯০৮২,,৩৫৯০৮২,summary,N/A
Vehicle132.jpg,1,0,১২১৩৬,,১২১৩৬,number,97.22
Vehicle132.jpg,ALL,N/A,১২১৩৬,,১২১৩৬,summary,N/A
Vehicle567.jpg,1,0,২০৩৮৬৭,,২০৩৮৬৭,number,58.49
Vehicle567.jpg,2,0,২০৩৮,ঢাকা,ঢাকা,word,72.75
Vehicle567.jpg,ALL,N/A,২০৩৮৬৭,ঢাকা,ঢাকা ২০৩৮৬৭,summary,N/A
Vehicle1410.jpg,1,0,,,,,
Vehicle1410.jpg,ALL,N/A,,,N/A,summary,N/A
Vehicle175.jpg,1,0,১১,,১১,number,99.96
Vehicle175.jpg,ALL,N/A,১১,,১১,summary,N/A
Vehicle607.jpg,1,0,১১৫০৮২,ঝিনাইদহ,১১৫০৮২,number,93.42
Vehicle607.jpg,ALL,N/A,১১৫০৮২,ঝিনাইদহ,ঝিনাইদহ ১১৫০৮২,summary,N/A
Vehicle17.jpg,1,0,১৪৮৩৪০,,১৪৮৩৪০,number,45.86
Vehicle17.jpg,ALL,N/A,১৪৮৩৪০,,১৪৮৩৪০,summary,N/A
Vehicle615.jpg,1,0,০৫২,,০৫২,number,32.20
Vehicle615.jpg,ALL,N/A,০৫২,,০৫২,summary,N/A
Vehicle571.jpg,1,0,২১,,২১,number,99.49
Vehicle571.jpg,ALL,N/A,২১,,২১,summary,N/A
Vehicle1860.jpeg,1,0,১১৬২৫০,নাটোর,১১৬২৫০,number,100.00
Vehicle1860.jpeg,ALL,N/A,১১৬২৫০,নাটোর,নাটোর ১১৬২৫০,summary,N/A
Vehicle37.jpg,1,0,১৬৩০৬,,১৬৩০৬,number,84.09
Vehicle37.jpg,ALL,N/A,১৬৩০৬,,১৬৩০৬,summary,N/A
Vehicle1527.jpeg,1,0,১২৩৬৪৯,,১২৩৬৪৯,number,99.99
Vehicle1527.jpeg,ALL,N/A,১২৩৬৪৯,,১২৩৬৪৯,summary,N/A
Vehicle446.jpg,1,0,৯০,,৯০,number,6.28
Vehicle446.jpg,ALL,N/A,৯০,,৯০,summary,N/A
Vehicle1023.jpg,1,0,১১২০৮,হবিগঞ্জ,১১২০৮,number,95.62
Vehicle1023.jpg,ALL,N/A,১১২০৮,হবিগঞ্জ,হবিগঞ্জ ১১২০৮,summary,N/A
Vehicle817.jpg,1,0,১১৩৪৫,দিনাজপুর,১১৩৪৫,number,99.51
Vehicle817.jpg,ALL,N/A,১১৩৪৫,দিনাজপুর,দিনাজপুর ১১৩৪৫,summary,N/A
Vehicle243.jpg,1,0,১৩০১৩৯,খুলনা,১৩০১৩৯,number,99.32
Vehicle243.jpg,ALL,N/A,১৩০১৩৯,খুলনা,খুলনা ১৩০১৩৯,summary,N/A
Vehicle1249.jpg,1,0,৩২৩৩,,৩২৩৩,number,89.22
Vehicle1249.jpg,ALL,N/A,৩২৩৩,,৩২৩৩,summary,N/A
Vehicle504.jpg,1,0,১১৪১০৭,হবিগঞ্জ,১১৪১০৭,number,97.06
Vehicle504.jpg,ALL,N/A,১১৪১০৭,হবিগঞ্জ,হবিগঞ্জ ১১৪১০৭,summary,N/A
Vehicle940.jpg,1,0,১৭৪১১৯,,১৭৪১১৯,number,89.90
Vehicle940.jpg,ALL,N/A,১৭৪১১৯,,১৭৪১১৯,summary,N/A
Vehicle544.jpg,1,0,৩৭১২৫১,,৩৭১২৫১,number,94.15
Vehicle544.jpg,ALL,N/A,৩৭১২৫১,,৩৭১২৫১,summary,N/A
Vehicle825.jpg,1,0,১১২৯৩৩,রাজবাড়ী,১১২৯৩৩,number,99.68
Vehicle825.jpg,ALL,N/A,১১২৯৩৩,রাজবাড়ী,রাজবাড়ী ১১২৯৩৩,summary,N/A
Vehicle1449.jpg,1,0,২৫০২২২,,২৫০২২২,number,60.51
Vehicle1449.jpg,ALL,N/A,২৫০২২২,,২৫০২২২,summary,N/A
Vehicle843.jpg,1,0,১১৩৯৭১,মাদারীপুর,মাদারীপুর,word,83.96
Vehicle843.jpg,ALL,N/A,১১৩৯৭১,মাদারীপুর,মাদারীপুর ১১৩৯৭১,summary,N/A
Vehicle1063.jpg,1,0,১৭১১৩,,১৭১১৩,number,92.62
Vehicle1063.jpg,ALL,N/A,১৭১১৩,,১৭১১৩,summary,N/A
Vehicle1822.jpeg,1,0,১২৮৫৫০,,১২৮৫৫০,number,92.09
Vehicle1822.jpeg,ALL,N/A,১২৮৫৫০,,১২৮৫৫০,summary,N/A
Vehicle1742.jpeg,1,0,২২৭৭২৫,,২২৭৭২৫,number,99.46
Vehicle1742.jpeg,ALL,N/A,২২৭৭২৫,,২২৭৭২৫,summary,N/A
Vehicle362.jpg,1,0,১৮৬৯৪৪,,১৮৬৯৪৪,number,80.47
Vehicle362.jpg,ALL,N/A,১৮৬৯৪৪,,১৮৬৯৪৪,summary,N/A
Vehicle1497.jpg,1,0,১১৩০৯৪,লক্ষ্মীপুর,১১৩০৯৪,number,88.92
Vehicle1497.jpg,ALL,N/A,১১৩০৯৪,লক্ষ্মীপুর,লক্ষ্মীপুর ১১৩০৯৪,summary,N/A
Vehicle163.jpg,1,0,,,,,
Vehicle163.jpg,ALL,N/A,,,N/A,summary,N/A
Vehicle197.jpg,1,0,১১৭৬৩৫,পিরোজপুর,পিরোজপুর,word,86.27
Vehicle197.jpg,ALL,N/A,১১৭৬৩৫,পিরোজপুর,পিরোজপুর ১১৭৬৩৫,summary,N/A
Vehicle1234.jpg,1,0,১৪০০৮,,১৪০০৮,number,59.20
Vehicle1234.jpg,ALL,N/A,১৪০০৮,,১৪০০৮,summary,N/A
Vehicle1142.jpg,1,0,২৩৯৩,,২৩৯৩,number,38.33
Vehicle1142.jpg,ALL,N/A,২৩৯৩,,২৩৯৩,summary,N/A
Vehicle491.jpg,1,0,০০২৮,সিরাজগঞ্জ,০০২৮,number,87.57
Vehicle491.jpg,2,0,১১০০২৮,সিরাজগঞ্জ,১১০০২৮,number,99.57
Vehicle491.jpg,ALL,N/A,০০২৮,সিরাজগঞ্জ,সিরাজগঞ্জ ০০২৮,summary,N/A
Vehicle1805.jpeg,1,0,১২৯৪৬৮,,১২৯৪৬৮,number,97.91
Vehicle1805.jpeg,ALL,N/A,১২৯৪৬৮,,১২৯৪৬৮,summary,N/A
Vehicle26.jpg,1,0,১২৩৪৯,মেট্রো,১২৩৪৯,number,91.53
Vehicle26.jpg,ALL,N/A,১২৩৪৯,মেট্রো,মেট্রো ১২৩৪৯,summary,N/A
Vehicle775.jpg,1,0,১৪৫০৮২,,১৪৫০৮২,number,99.07
Vehicle775.jpg,ALL,N/A,১৪৫০৮২,,১৪৫০৮২,summary,N/A
Vehicle814.jpg,1,0,১১৫০৬১,কিশোরগঞ্জ,১১৫০৬১,number,95.34
Vehicle814.jpg,ALL,N/A,১১৫০৬১,কিশোরগঞ্জ,কিশোরগঞ্জ ১১৫০৬১,summary,N/A
Vehicle334.jpg,1,0,,,,,
Vehicle334.jpg,ALL,N/A,,,N/A,summary,N/A
Vehicle1411.jpg,1,0,১১০৪০৫,,১১০৪০৫,number,44.04
Vehicle1411.jpg,ALL,N/A,১১০৪০৫,,১১০৪০৫,summary,N/A
Vehicle1166.jpg,1,0,২০৮৬১,,২০৮৬১,number,32.09
Vehicle1166.jpg,ALL,N/A,২০৮৬১,,২০৮৬১,summary,N/A
Vehicle248.jpg,1,0,১৯১৮৫,নাটোর,নাটোর,word,86.21
Vehicle248.jpg,ALL,N/A,১৯১৮৫,নাটোর,নাটোর ১৯১৮৫,summary,N/A
Vehicle586.jpg,1,0,১৯,,১৯,number,90.17
Vehicle586.jpg,ALL,N/A,১৯,,১৯,summary,N/A
Vehicle829.jpg,1,0,১৯৩০২০,জামালপুর,জামালপুর,word,86.25
Vehicle829.jpg,ALL,N/A,১৯৩০২০,জামালপুর,জামালপুর ১৯৩০২০,summary,N/A
Vehicle761.jpg,1,0,২৩৬,কুমিল্লা,২৩৬,number,99.54
Vehicle761.jpg,ALL,N/A,২৩৬,কুমিল্লা,কুমিল্লা ২৩৬,summary,N/A
Vehicle1649.jpg,1,0,২৯৭১৪৮৬,,২৯৭১৪৮৬,number,82.94
Vehicle1649.jpg,ALL,N/A,২৯৭১৪৮৬,,২৯৭১৪৮৬,summary,N/A
Vehicle1085.jpg,1,0,১২৮৩২৩,সিলেট,১২৮৩২৩,number,99.98
Vehicle1085.jpg,ALL,N/A,১২৮৩২৩,সিলেট,সিলেট ১২৮৩২৩,summary,N/A
Vehicle524.jpg,1,0,১১৬১৮৯,,১১৬১৮৯,number,85.76
Vehicle524.jpg,ALL,N/A,১১৬১৮৯,,১১৬১৮৯,summary,N/A
Vehicle1009.jpg,1,0,২৫৮৮,,২৫৮৮,number,62.66
Vehicle1009.jpg,ALL,N/A,২৫৮৮,,২৫৮৮,summary,N/A
Vehicle127.jpg,1,0,১১,,১১,number,37.54
Vehicle127.jpg,ALL,N/A,১১,,১১,summary,N/A
Vehicle1292.jpg,1,0,৩৩৮৭৫৬,ঢাকা,৩৩৮৭৫৬,number,99.94
Vehicle1292.jpg,ALL,N/A,৩৩৮৭৫৬,ঢাকা,ঢাকা ৩৩৮৭৫৬,summary,N/A
Vehicle1248.jpg,1,0,,,,,
Vehicle1248.jpg,ALL,N/A,,,N/A,summary,N/A
Vehicle970.jpg,1,0,৪৯৪,,৪৯৪,number,70.64
Vehicle970.jpg,ALL,N/A,৪৯৪,,৪৯৪,summary,N/A
Vehicle241.jpg,1,0,১১০৭২৬,,১১০৭২৬,number,99.87
Vehicle241.jpg,ALL,N/A,১১০৭২৬,,১১০৭২৬,summary,N/A
Vehicle1284.jpg,1,0,১১০৩৪৯,,১১০৩৪৯,number,97.45
Vehicle1284.jpg,2,0,১১০৩৪১,,১১০৩৪১,number,86.80
Vehicle1284.jpg,3,0,১,,১,number,6.82
Vehicle1284.jpg,ALL,N/A,১১০৩৪৯,,১১০৩৪৯,summary,N/A
Vehicle1552.jpg,1,0,২৬৪৫৫,ঢাকা,ঢাকা,word,99.18
Vehicle1552.jpg,ALL,N/A,২৬৪৫৫,ঢাকা,ঢাকা ২৬৪৫৫,summary,N/A
Vehicle385.jpg,1,0,১৫২০৭১,,১৫২০৭১,number,99.93
Vehicle385.jpg,ALL,N/A,১৫২০৭১,,১৫২০৭১,summary,N/A
Vehicle353.jpg,1,0,১১৩৭৭২,গোপালগঞ্জ,১১৩৭৭২,number,99.96
Vehicle353.jpg,ALL,N/A,১১৩৭৭২,গোপালগঞ্জ,গোপালগঞ্জ ১১৩৭৭২,summary,N/A
Vehicle935.jpg,1,0,১১৮৪১৮,,১১৮৪১৮,number,21.53
Vehicle935.jpg,ALL,N/A,১১৮৪১৮,,১১৮৪১৮,summary,N/A
Vehicle0.jpg,1,0,৩৭৬২৩৮,ঢাকা,৩৭৬২৩৮,number,97.33
Vehicle0.jpg,ALL,N/A,৩৭৬২৩৮,ঢাকা,ঢাকা ৩৭৬২৩৮,summary,N/A
Vehicle1159.jpg,1,0,১৩৮৮০২,,১৩৮৮০২,number,85.28
Vehicle1159.jpg,ALL,N/A,১৩৮৮০২,,১৩৮৮০২,summary,N/A
Vehicle97.jpg,1,0,১২৪৬০১,জামালপুর,১২৪৬০১,number,99.99
Vehicle97.jpg,ALL,N/A,১২৪৬০১,জামালপুর,জামালপুর ১২৪৬০১,summary,N/A
Vehicle1358.jpg,1,0,১১৮৭৪৭,,১১৮৭৪৭,number,85.75
Vehicle1358.jpg,ALL,N/A,১১৮৭৪৭,,১১৮৭৪৭,summary,N/A
Vehicle1405.jpg,1,0,১৪৫,,১৪৫,number,8.01
Vehicle1405.jpg,ALL,N/A,১৪৫,,১৪৫,summary,N/A
Vehicle1491.jpg,1,0,,,,,
Vehicle1491.jpg,ALL,N/A,,,N/A,summary,N/A
Vehicle1084.jpg,1,0,০৯৫৮,,০৯৫৮,number,43.59
Vehicle1084.jpg,ALL,N/A,০৯৫৮,,০৯৫৮,summary,N/A
Vehicle1825.jpeg,1,0,৩৫২৬০৫,,৩৫২৬০৫,number,12.14
Vehicle1825.jpeg,ALL,N/A,৩৫২৬০৫,,৩৫২৬০৫,summary,N/A
Vehicle1656.jpg,1,0,১২৩৩৫১,চট্টগ্রাম,১২৩৩৫১,number,99.45
Vehicle1656.jpg,ALL,N/A,১২৩৩৫১,চট্টগ্রাম,চট্টগ্রাম ১২৩৩৫১,summary,N/A
Vehicle256.jpg,1,0,,সাতক্ষীরা,সাতক্ষীরা,word,75.10
Vehicle256.jpg,ALL,N/A,,সাতক্ষীরা,সাতক্ষীরা,summary,N/A
Vehicle1558.jpg,1,0,১২৮০১৮,,১২৮০১৮,number,48.62
Vehicle1558.jpg,ALL,N/A,১২৮০১৮,,১২৮০১৮,summary,N/A
Vehicle646.jpg,1,0,৩১৫৭,রংপুর,৩১৫৭,number,99.73
Vehicle646.jpg,ALL,N/A,৩১৫৭,রংপুর,রংপুর ৩১৫৭,summary,N/A
Vehicle284.jpg,1,0,১৪১৬৮৬,,১৪১৬৮৬,number,24.75
Vehicle284.jpg,ALL,N/A,১৪১৬৮৬,,১৪১৬৮৬,summary,N/A
Vehicle1788.jpeg,1,0,১৬০৮৮,,১৬০৮৮,number,56.24
Vehicle1788.jpeg,ALL,N/A,১৬০৮৮,,১৬০৮৮,summary,N/A
Vehicle680.jpg,1,0,,,,,
Vehicle680.jpg,ALL,N/A,,,N/A,summary,N/A
Vehicle1865.jpeg,1,0,১৪১,,১৪১,number,50.61
Vehicle1865.jpeg,ALL,N/A,১৪১,,১৪১,summary,N/A
Vehicle1858.jpeg,1,0,,,,,
Vehicle1858.jpeg,2,0,১৯২৮,,১৯২৮,number,26.42
Vehicle1858.jpeg,ALL,N/A,১৯২৮,,১৯২৮,summary,N/A
Vehicle589.jpg,1,0,১৫৪৮০৭,,১৫৪৮০৭,number,98.48
Vehicle589.jpg,ALL,N/A,১৫৪৮০৭,,১৫৪৮০৭,summary,N/A
Vehicle1722.jpg,1,0,,লালমনিরহাট,লালমনিরহাট,word,67.31
Vehicle1722.jpg,ALL,N/A,,লালমনিরহাট,লালমনিরহাট,summary,N/A
Vehicle281.jpg,1,0,১১৫১০৭,,১১৫১০৭,number,26.59
Vehicle281.jpg,ALL,N/A,১১৫১০৭,,১১৫১০৭,summary,N/A
Vehicle633.jpg,1,0,,,,,
Vehicle633.jpg,ALL,N/A,,,N/A,summary,N/A
Vehicle783.jpg,1,0,১১২১৩২,,১১২১৩২,number,84.04
Vehicle783.jpg,ALL,N/A,১১২১৩২,,১১২১৩২,summary,N/A
Vehicle106.jpg,1,0,,,,,
Vehicle106.jpg,ALL,N/A,,,N/A,summary,N/A
Vehicle203.jpg,1,0,১১৯৫৫৭,,১১৯৫৫৭,number,70.06
Vehicle203.jpg,ALL,N/A,১১৯৫৫৭,,১১৯৫৫৭,summary,N/A
Vehicle777.jpg,1,0,১১৭৩৬৫,,১১৭৩৬৫,number,77.93
Vehicle777.jpg,ALL,N/A,১১৭৩৬৫,,১১৭৩৬৫,summary,N/A
Vehicle31.jpg,1,0,১১৭৬৯৪,,১১৭৬৯৪,number,99.98
Vehicle31.jpg,ALL,N/A,১১৭৬৯৪,,১১৭৬৯৪,summary,N/A
Vehicle876.jpg,1,0,১২১১৪৫,রংপুর,রংপুর,word,87.29
Vehicle876.jpg,ALL,N/A,১২১১৪৫,রংপুর,রংপুর ১২১১৪৫,summary,N/A
Vehicle870.jpg,1,0,১১২০৮,হবিগঞ্জ,হবিগঞ্জ,word,99.89
Vehicle870.jpg,ALL,N/A,১১২০৮,হবিগঞ্জ,হবিগঞ্জ ১১২০৮,summary,N/A
Vehicle1386.jpg,1,0,৭৬,,৭৬,number,81.04
Vehicle1386.jpg,ALL,N/A,৭৬,,৭৬,summary,N/A
Vehicle35.jpg,1,0,১১৩২৫,,১১৩২৫,number,97.08
Vehicle35.jpg,ALL,N/A,১১৩২৫,,১১৩২৫,summary,N/A
Vehicle1467.jpg,1,0,৩১৩১০,,৩১৩১০,number,64.68
Vehicle1467.jpg,ALL,N/A,৩১৩১০,,৩১৩১০,summary,N/A
Vehicle356.jpg,1,0,১১১৮৬৫,,১১১৮৬৫,number,76.67
Vehicle356.jpg,ALL,N/A,১১১৮৬৫,,১১১৮৬৫,summary,N/A
Vehicle257.jpg,1,0,১১,,১১,number,100.00
Vehicle257.jpg,ALL,N/A,১১,,১১,summary,N/A
Vehicle1712.jpg,1,0,১২৬০৫৯,,১২৬০৫৯,number,99.93
Vehicle1712.jpg,ALL,N/A,১২৬০৫৯,,১২৬০৫৯,summary,N/A
Vehicle1053.jpg,1,0,১৭৩৭২৫,যশোর,যশোর,word,89.60
Vehicle1053.jpg,ALL,N/A,১৭৩৭২৫,যশোর,যশোর ১৭৩৭২৫,summary,N/A
Vehicle367.jpg,1,0,১১০৭১৮,,১১০৭১৮,number,98.17
Vehicle367.jpg,ALL,N/A,১১০৭১৮,,১১০৭১৮,summary,N/A
Vehicle1584.jpg,1,0,১১৮৪৮১,দিনাজপুর,দিনাজপুর,word,88.14
Vehicle1584.jpg,ALL,N/A,১১৮৪৮১,দিনাজপুর,দিনাজপুর ১১৮৪৮১,summary,N/A
Vehicle1362.jpg,1,0,১১১৫৮৭,,১১১৫৮৭,number,79.56
Vehicle1362.jpg,ALL,N/A,১১১৫৮৭,,১১১৫৮৭,summary,N/A
Vehicle691.jpg,1,0,,,,,
Vehicle691.jpg,ALL,N/A,,,N/A,summary,N/A
Vehicle1637.jpg,1,0,১৬৪২৫২,যশোর,১৬৪২৫২,number,99.92
Vehicle1637.jpg,ALL,N/A,১৬৪২৫২,যশোর,যশোর ১৬৪২৫২,summary,N/A
Vehicle736.jpg,1,0,১১১১৮৪,,১১১১৮৪,number,46.90
Vehicle736.jpg,ALL,N/A,১১১১৮৪,,১১১১৮৪,summary,N/A
Vehicle212.jpg,1,0,৩৫৫,,৩৫৫,number,4.33
Vehicle212.jpg,ALL,N/A,৩৫৫,,৩৫৫,summary,N/A
Vehicle751.jpg,1,0,১৯০২২৪,,১৯০২২৪,number,54.35
Vehicle751.jpg,ALL,N/A,১৯০২২৪,,১৯০২২৪,summary,N/A
Vehicle1724.jpg,1,0,৭৮৬,,৭৮৬,number,60.16
Vehicle1724.jpg,ALL,N/A,৭৮৬,,৭৮৬,summary,N/A
Vehicle1612.jpg,1,0,,,,,
Vehicle1612.jpg,ALL,N/A,,,N/A,summary,N/A
Vehicle961.jpg,1,0,৩১৫৪,,৩১৫৪,number,46.36
Vehicle961.jpg,ALL,N/A,৩১৫৪,,৩১৫৪,summary,N/A
Vehicle185.jpg,1,0,২১৩৫৪৬,ঢাকা,২১৩৫৪৬,number,99.85
Vehicle185.jpg,ALL,N/A,২১৩৫৪৬,ঢাকা,ঢাকা ২১৩৫৪৬,summary,N/A
Vehicle1088.jpg,1,0,,,,,
Vehicle1088.jpg,ALL,N/A,,,N/A,summary,N/A
Vehicle1660.jpg,1,0,১৭৯৭৭২,,১৭৯৭৭২,number,91.63
Vehicle1660.jpg,ALL,N/A,১৭৯৭৭২,,১৭৯৭৭২,summary,N/A
Vehicle1676.jpg,1,0,১৫৫৭৫৮,,১৫৫৭৫৮,number,98.31
Vehicle1676.jpg,ALL,N/A,১৫৫৭৫৮,,১৫৫৭৫৮,summary,N/A
Vehicle1379.jpg,1,0,১৩১৭৯,,১৩১৭৯,number,79.02
Vehicle1379.jpg,ALL,N/A,১৩১৭৯,,১৩১৭৯,summary,N/A
