id,Target_Binary,Target_Probability
0,1,0.8584993720065642
1,0,0.12992677940936653
2,0,0.11157706823443805
3,0,0.31927596501062305
4,0,0.2875107209524607
5,0,0.17487610082039579
6,0,0.3867822422467421
7,0,0.14485943360056058
8,0,0.19240447156077728
9,0,0.23286870640862364
10,0,0.1484920027964096
11,0,0.5475618397991223
12,0,0.6293525850535752
13,0,0.4684125975854528
14,1,0.7146252491011298
15,0,0.4242487181029233
16,1,0.8431569855352118
17,0,0.123099971095323
18,0,0.16504310489447652
19,0,0.4239026793604906
20,0,0.24516757190763833
21,0,0.11831347201284181
22,0,0.3670977916677463
23,0,0.4478068332453661
24,0,0.1750710241695196
25,0,0.4076694287291616
26,0,0.3237631529651409
27,0,0.32800052690970455
28,0,0.20508419886048276
29,0,0.16923413002811652
30,0,0.1569743789121907
31,0,0.2739344440206912
32,0,0.2221985863952414
33,0,0.2309019054736009
34,0,0.11679176335220394
35,0,0.2939862058215419
36,0,0.1051520834123505
37,0,0.1523579750728077
38,0,0.1355055777294004
39,1,0.8280602260443749
40,0,0.20760328597550481
41,1,0.8261026631790088
42,1,0.85467822935935
43,0,0.10010885673637371
44,0,0.3747758507209667
45,1,0.8834474011240943
46,0,0.27563970827687057
47,0,0.24226246451393482
48,1,0.8610195408321102
49,0,0.5441933614522959
50,0,0.26305705790120815
51,0,0.3710174757123778
52,0,0.5575777855746179
53,0,0.1270516007479845
54,0,0.0982835165404068
55,1,0.6759098794018269
56,0,0.17363146422554418
57,0,0.4016359474601741
58,0,0.5050812017759363
59,0,0.4670155682131998
60,0,0.49017938109983294
61,0,0.6305629438884851
62,0,0.23820950391281515
63,0,0.36882438962656083
64,0,0.15543184667800986
65,0,0.55565771959508
66,0,0.3098318709533117
67,0,0.28585379151144485
68,0,0.3808176546091512
69,0,0.19622843571261556
70,0,0.13743695962037222
71,0,0.13042939656447083
72,0,0.4558891146017429
73,0,0.12345960634708417
74,0,0.3552736201675523
75,0,0.6208600533342167
76,0,0.1752307315608351
77,0,0.4890776051251724
78,0,0.0983196725926743
79,0,0.11756159288171768
80,0,0.1465210834109954
81,0,0.1661594745315785
82,0,0.227778182542261
83,0,0.5482272510560677
84,1,0.8265744585551481
85,0,0.6006471423331362
86,0,0.1195703802450646
87,0,0.5251867768784393
88,0,0.12759666104542194
89,0,0.12568263476649114
90,1,0.7508731827144757
91,0,0.09611849289537788
92,1,0.7785604606428154
93,0,0.17247031401091614
94,0,0.14740378352002445
95,0,0.11883446846692387
96,0,0.5253919263891782
97,0,0.36045965776956884
98,0,0.09676201549462668
99,0,0.3280201752636892
100,0,0.2914890719720639
101,1,0.748854767479421
102,0,0.23825834024885842
103,0,0.2585912152636
104,0,0.2745285037119811
105,0,0.11634025410908015
106,0,0.5547689775948418
107,0,0.18213850983281546
108,1,0.8601791903209994
109,0,0.12486007440228314
110,0,0.5431745941867311
111,0,0.3689206741216127
112,0,0.5930988819923347
113,0,0.15364631119566605
114,0,0.6364304652490218
115,1,0.7324259243741715
116,0,0.3013965005056417
117,0,0.5590721137641919
118,0,0.6381414634850011
119,0,0.2965889073434194
120,0,0.32525400513790836
121,0,0.2737281533520097
122,0,0.20898255203139102
123,0,0.6006277783528449
124,0,0.09602882649833633
125,0,0.09848236494814547
126,0,0.12749841164579692
127,0,0.12608289040573514
128,0,0.32800052690970455
129,0,0.1138456490647662
130,0,0.19219754845200843
131,0,0.3587385848511951
132,0,0.5794716466183013
133,0,0.12375128370104851
134,0,0.29955489087460274
135,0,0.3929978839265439
136,0,0.1388871066034753
137,1,0.7324207641898736
138,0,0.14733493268262549
139,0,0.6195548181302833
140,1,0.8769778792184496
141,0,0.18268620518496034
142,0,0.10814670048962095
143,0,0.10646203451953533
144,0,0.13458583492530846
145,0,0.2129099123140552
146,0,0.20226696826060248
147,0,0.381852034538676
148,0,0.10153772923399106
149,0,0.5096145475780125
150,0,0.10857094347762435
151,0,0.23174650608772387
152,0,0.10432388453799875
153,0,0.18298037688491273
154,0,0.14760190510887988
155,0,0.21411020462188002
156,0,0.11636213774181044
157,0,0.11741302633679802
158,0,0.5181732066629273
159,0,0.1955295802403833
160,0,0.352003279105592
161,0,0.2171916078477747
162,0,0.15879101647421828
163,0,0.1763191448433463
164,0,0.20445415519404803
165,1,0.8463305776720652
166,0,0.12355496592470504
167,1,0.846938346759053
168,0,0.09254872294796054
169,1,0.8551116758302062
170,0,0.16415030380833764
171,0,0.15954187813233556
172,1,0.8692437752739821
173,0,0.21660715380140516
174,0,0.09489700091095496
175,1,0.8656618026940098
176,0,0.4161484175001429
177,0,0.2642364189474847
178,0,0.40271084423156295
179,0,0.20309323912182375
180,0,0.12917517558657932
181,0,0.17925800151687418
182,0,0.2520345539473858
183,0,0.29290300485528237
184,0,0.2370959846898588
185,0,0.21242875022248034
186,0,0.5476296598966244
187,0,0.12524243503914595
188,0,0.38277990943016726
189,0,0.5483555210289328
190,0,0.2497298596244465
191,1,0.7649281197344527
192,0,0.11549466377803662
193,1,0.810288364158406
194,1,0.8368156587230294
195,0,0.16544301474593354
196,1,0.7455845227738759
197,0,0.08986910876035965
198,0,0.37048234517310014
199,0,0.11156324464378296
200,0,0.24897611583307436
201,0,0.2523725745148618
202,0,0.10762984956592676
203,0,0.11299392532607601
204,0,0.19082238122661369
205,0,0.12813229771960627
206,0,0.3767971263194894
207,0,0.13049818969718738
208,0,0.5739180733616981
209,0,0.12977684033800846
210,0,0.1906052791689427
211,0,0.2770400130349565
212,0,0.1268745714186119
213,0,0.4558607675390044
214,0,0.364879435643932
215,0,0.46109813126133486
216,0,0.6126160416850643
217,1,0.7205127035517304
218,0,0.11684815232332692
219,0,0.2825970097550511
220,0,0.2085679919138481
221,0,0.14084050537474607
222,0,0.15509675349139895
223,0,0.32800052690970455
224,0,0.4824184122604266
225,0,0.48159210576779965
226,0,0.19180524756782613
227,1,0.7297907915113034
228,0,0.1380921023479451
229,1,0.8664804519332898
230,0,0.4264164436829222
231,0,0.42916886072589555
232,0,0.24983070179362288
233,0,0.18200358626480104
234,1,0.8738730320414936
235,0,0.3192569563578005
236,0,0.3163096977573592
237,0,0.32800052690970455
238,1,0.7818410076698016
239,1,0.8600949774698249
240,1,0.8421474133670894
241,0,0.09412888534955373
242,0,0.1239095366244901
243,0,0.08719205768889943
244,0,0.15483454191601204
245,0,0.11722088002998117
246,0,0.32800052690970455
247,0,0.12413230229890594
248,0,0.17389818864556816
249,0,0.23076500596477878
250,0,0.17079852187126884
251,0,0.5031027938643508
252,0,0.1178161244542641
253,0,0.22706309450764703
254,0,0.26670891699860105
255,0,0.43163039057978025
256,0,0.23327827227965797
257,0,0.15092020345889906
258,0,0.2689509422717723
259,0,0.1728311238593115
260,1,0.6982205067583223
261,0,0.20869518168025164
262,1,0.739313184156913
263,0,0.10620392553004464
264,1,0.8448917777844139
265,0,0.6158264953391835
266,0,0.44113568173263645
267,0,0.17963375807344473
268,0,0.0962735001908053
269,0,0.25487056576319245
270,0,0.17241976525126143
271,1,0.8177455472843919
272,0,0.6128553037167127
273,0,0.3711237134105602
274,0,0.44350007375611716
275,0,0.3908076720257675
276,0,0.09623693985068472
277,0,0.28832523250987174
278,0,0.6463194959291478
279,0,0.6428588500586485
280,0,0.09574283892549991
281,0,0.23990890091914413
282,1,0.8769348297230187
283,0,0.2085159251639064
284,0,0.2177684994892392
285,0,0.20098842257989472
286,0,0.3183766267765283
287,0,0.14405368900801271
288,0,0.19142917404654913
289,0,0.14953498162851778
290,0,0.49701190535911527
291,1,0.8894624670689679
292,0,0.5370678591285216
293,0,0.36266825274836895
294,0,0.29127568654572816
295,0,0.2554566273681361
296,0,0.1459402112469447
297,0,0.2238504237890773
298,1,0.6715225800562781
299,1,0.7577135113136648
300,1,0.8344657057467906
301,1,0.857076549727854
302,0,0.16755901767357279
303,0,0.6390051863410388
304,0,0.12117514232519104
305,1,0.8867425609338493
306,0,0.4744882307785433
307,0,0.4432837238388183
308,0,0.2651266389858592
309,0,0.12810941614965085
310,0,0.3434469595697523
311,0,0.1658210309783216
312,0,0.10086534919184577
313,0,0.17768658077711058
314,1,0.8538821945269448
315,0,0.6191046180816617
316,0,0.5060688867897235
317,0,0.1088914124428028
318,0,0.09672155696731576
319,0,0.12467474619123996
320,1,0.7848383139339332
321,0,0.11681062587010742
322,0,0.09276176441161625
323,0,0.14883400521216855
324,0,0.2445330865085671
325,0,0.23093203672529958
326,0,0.19677672271594893
327,0,0.12505656648498603
328,0,0.24995744650409368
329,0,0.13854572253741912
330,0,0.2878610634878978
331,0,0.3531206533285748
332,0,0.10896722453434048
333,1,0.7542529967619498
334,0,0.1594700176383754
335,0,0.11112371487591226
336,0,0.10287861994920619
337,0,0.12265560642746064
338,0,0.16319494832000755
339,0,0.12164753836099874
340,0,0.28508895353136166
341,0,0.40147235224569733
342,0,0.6143226536916461
343,0,0.42150407060107825
344,1,0.8469997780695268
345,0,0.14616811104730723
346,0,0.5630221974526237
347,0,0.10408147977485792
348,0,0.3112970210391187
349,0,0.2538321475950673
350,0,0.12129287061805917
351,0,0.13917881091332762
352,0,0.12426450878766712
353,0,0.5898833573305406
354,0,0.32800052690970455
355,0,0.5519800038001373
356,0,0.1653185359555636
357,0,0.22373120940806063
358,1,0.7452673125781617
359,0,0.207870258333957
360,0,0.44030207765320367
361,0,0.5546851958385508
362,0,0.14776426070710227
363,0,0.3546497258632521
364,0,0.09691429367657295
365,0,0.1534524689679878
366,1,0.8556235247570956
367,0,0.16402302031350532
368,0,0.18987681913378843
369,0,0.1789932783738089
370,0,0.09963893048933956
371,0,0.5300274009792096
372,1,0.8006355865462687
373,0,0.504428611667759
374,1,0.7103872326882856
375,0,0.31032893185990446
376,1,0.8612740199188789
377,1,0.8070030307992884
378,0,0.35529106163364077
379,0,0.6147891472054018
380,0,0.13149214364345133
381,0,0.1404929380214343
382,0,0.228560911120404
383,0,0.39200526148332243
384,1,0.7041080334389584
385,0,0.36065994635002907
386,1,0.8261832855037593
387,0,0.24583372701370892
388,0,0.38563472905811663
389,0,0.11776313528440273
390,1,0.8717855701231572
391,0,0.1442355209602439
392,0,0.5488474853853985
393,0,0.12933533636218045
394,0,0.5564798217684969
395,0,0.5555057866867243
396,1,0.7478714458765393
397,0,0.09591745701190112
398,0,0.6085622538052257
399,1,0.657311107003965
400,0,0.16570287225449826
401,0,0.3506257848395677
402,1,0.6506916651219735
403,0,0.2568889115778432
404,0,0.31332514555172025
405,1,0.8441434104937742
406,1,0.8893160026051503
407,0,0.13997161100919958
408,0,0.11466308093280311
409,0,0.26160562370140217
410,1,0.6843350745753368
411,0,0.10903141042452832
412,0,0.12783944545423473
413,0,0.12538735360498707
414,0,0.0981386620649048
415,0,0.45160559114279286
416,0,0.1269841181453622
417,0,0.1702549303612862
418,1,0.7968209590931645
419,0,0.26922996174742614
420,0,0.09625182189127958
421,0,0.123917601085543
422,0,0.1577099652470193
423,0,0.2770467629219549
424,0,0.11829510874679652
425,0,0.20126759504693567
426,0,0.12268344090783956
427,0,0.25243772590283486
428,0,0.19225531091723902
429,0,0.13306269415523161
430,0,0.15176781160740835
431,0,0.30990448380504054
432,0,0.5153303670390791
433,1,0.8622483188501122
434,1,0.8791392951352006
435,0,0.13142097028469674
436,0,0.23121944130644662
437,0,0.09686467872361229
438,0,0.5619965634117847
439,0,0.2198395171586674
440,1,0.8316317848101672
441,0,0.5747434656018853
442,0,0.19180827275800558
443,0,0.17195246464125008
444,0,0.22406163528188633
445,0,0.10488315921953432
446,0,0.09707920947902737
447,0,0.1385093663678771
448,0,0.20975047853101442
449,0,0.08961971587460607
450,0,0.09427179797845892
451,0,0.22108572799459786
452,0,0.4367114981136054
453,0,0.2737939344049753
454,0,0.43313891689333683
455,0,0.16496983393625186
456,0,0.09408162952652498
457,0,0.09613901849003854
458,0,0.38573923601242616
459,0,0.1255782182186512
460,0,0.6244967319615319
461,0,0.31706815025820634
462,1,0.7201270441483456
463,0,0.12423726971798153
464,0,0.0951728987339556
465,0,0.22504197374352883
466,0,0.33797232052805243
467,1,0.8561912281504207
468,1,0.7554371281803023
469,0,0.11920528603543339
470,0,0.3174437836381847
471,0,0.29605599564574775
472,0,0.3477243268189966
473,0,0.32168169056835055
474,0,0.4199899528979383
475,0,0.1662463738233531
476,0,0.30211463667019545
477,0,0.08999687870755628
478,0,0.29977201001811343
479,1,0.8890734482337824
480,0,0.25768269587633175
481,0,0.11000563288471661
482,0,0.14934765280958504
483,0,0.1469229528234225
484,0,0.13842012922983604
485,0,0.16955667409159866
486,0,0.10787921273603761
487,0,0.27499348232168874
488,0,0.18234213330802895
489,0,0.10744374174049102
490,0,0.354035743953774
491,0,0.451059846367651
492,0,0.0964457869821259
493,1,0.8452623125064035
494,0,0.13550387433158606
495,0,0.6193973029825465
496,0,0.4522450560091356
497,0,0.5780984327812506
498,0,0.32800052690970455
499,0,0.09252312362147466
500,1,0.8234397563190837
501,0,0.2304661166393195
502,0,0.24291993887270424
503,1,0.8118446240289743
504,1,0.8584081656606669
505,0,0.09591745701190112
506,1,0.8880287224315864
507,1,0.8542111114980153
508,0,0.12397614927334087
509,1,0.8887619498363096
510,1,0.7448683243196058
511,1,0.8604184439208582
512,0,0.125680208497263
513,0,0.31126104411401273
514,0,0.09853056391787143
515,0,0.40147235224569733
516,0,0.09477537759516803
517,0,0.3174437836381847
518,0,0.14686848279841117
519,0,0.12145583402209803
520,0,0.09655282059128525
521,1,0.8584344479717818
522,0,0.45740060862389503
523,0,0.1301390187314742
524,0,0.3324803848750308
525,0,0.17543349498635674
526,0,0.12760142244222122
527,0,0.1222408707189876
528,0,0.1594283568678712
529,0,0.23737028636864413
530,1,0.7488037808826186
531,0,0.37156243812030587
532,0,0.10164823004763202
533,0,0.2896885525914777
534,0,0.3885815515902489
535,0,0.12654929731789757
536,0,0.13288051454910657
537,0,0.12053531296196192
538,0,0.0866258610712614
539,0,0.11214088014931642
540,0,0.6110356316229587
541,0,0.17501999800049592
542,0,0.37352857090290326
543,0,0.11126702132264793
544,1,0.8185926882073077
545,0,0.5507432728432288
546,0,0.13639393938608896
547,0,0.12184628593820786
548,0,0.41911065099141964
549,0,0.44696507050640427
550,0,0.09386146453749793
551,1,0.7389206630818844
552,0,0.3298634550616855
553,0,0.42792389933347175
554,0,0.12121576587864571
555,1,0.837648766870864
556,1,0.8714832015346675
557,0,0.0957985467650393
558,0,0.46632290652469477
559,0,0.28568304013766876
560,0,0.2857749135951507
561,0,0.26285891960777436
562,0,0.35917392366236217
563,0,0.16034382095068767
564,0,0.16637679783904324
565,0,0.25276367406132566
566,0,0.1272490312679091
567,0,0.10982924227423699
568,0,0.1010744894180035
569,1,0.8603208007801696
570,0,0.12549423230778545
571,0,0.15485085489914674
572,0,0.12555677156492762
573,0,0.10789209400439544
574,1,0.7356076285232562
575,0,0.10887216666422797
576,0,0.09822170924232096
577,0,0.4696701884652951
578,0,0.15887831059654878
579,0,0.1546584058405306
580,0,0.15443628920310257
581,1,0.8511497914071042
582,0,0.21584501178259288
583,0,0.11753642588258377
584,0,0.10753919259053532
585,1,0.6827793889719327
586,0,0.15047789695066568
587,0,0.4694123984819741
588,0,0.10099036033091098
589,0,0.1504672385523051
590,0,0.5682521858751571
591,0,0.1370391055154077
592,0,0.1057007139259007
593,0,0.2776459111072963
594,0,0.12759452619791262
595,0,0.13357351889190147
596,0,0.21690400727217138
597,0,0.3516195357485059
598,0,0.19496011678024433
599,0,0.1370848527047395
600,0,0.6014187320027832
601,0,0.1395175390801934
602,0,0.15464631235734813
603,0,0.24666733883928507
604,0,0.6471345140750989
605,0,0.23156525409457318
606,0,0.24706680774677234
607,0,0.12707333000937635
608,0,0.15248854213237784
609,1,0.8807824036964275
610,0,0.10777437874922444
611,0,0.4364269276597757
612,0,0.1842043185523787
613,0,0.44667298529660665
614,0,0.24510720315192927
615,0,0.29834674757742324
616,0,0.11940336099557557
617,0,0.5640310241086245
618,0,0.11233852581310332
619,0,0.3670977916677463
620,0,0.10309127744660156
621,0,0.33659090884028503
622,0,0.6166240696291081
623,1,0.7910720220753606
624,1,0.7552392770110197
625,0,0.24707637364525747
626,0,0.11793708265841296
627,0,0.1609284364717245
628,0,0.2831884161014916
629,0,0.3341835365726003
630,0,0.5408082276209585
631,0,0.5639345232187759
632,0,0.14766567358907193
633,0,0.1227164571653004
634,0,0.28784874483815076
635,0,0.16253391282195087
636,0,0.18068260922355475
637,1,0.7574420745409864
638,0,0.14504443616354173
639,0,0.12606127900418027
640,0,0.20194389132261373
641,1,0.7861444770927322
642,0,0.594115746985806
643,0,0.12438400954171926
644,0,0.12306640170604279
645,0,0.12358440573639737
646,0,0.254206236292338
647,0,0.3249674444263218
648,1,0.6647467571969161
649,1,0.8403728856729638
650,0,0.12106331647782886
651,0,0.4394485950907918
652,0,0.09149764514141455
653,0,0.09427423024880537
654,0,0.1668619474446161
655,1,0.8338184460918764
656,0,0.18854608732506314
657,0,0.15390487889489288
658,0,0.13084893613648246
659,0,0.15837640087382737
660,0,0.32800052690970455
661,0,0.12684747988805006
662,0,0.14480792594284553
663,0,0.23737829208117223
664,0,0.14319086461711003
665,0,0.1651490502040578
666,0,0.14153200606509048
667,1,0.8539468792453544
668,0,0.09497880454862344
669,0,0.11102889082271424
670,0,0.14547393011928128
671,0,0.14530965014549757
672,0,0.09386413680314688
673,0,0.3104813798361502
674,0,0.5068856726581614
675,0,0.12950871559291183
676,0,0.1546411343684706
677,0,0.12930834019303936
678,0,0.33046186524765003
679,1,0.7415273423776663
680,0,0.1915035108559676
681,0,0.37494987802447893
682,0,0.22288459029834007
683,0,0.19182818848934527
684,0,0.41842483259264357
685,0,0.13226464271073632
686,1,0.7553601840116522
687,0,0.46008893093717584
688,0,0.563135113486213
689,0,0.3273822825258417
690,0,0.10380597202527565
691,0,0.09075220131561465
692,0,0.6121073678039878
693,0,0.1740053929694571
694,0,0.48083014787413597
695,1,0.8666044596804757
696,0,0.21062083398459022
697,0,0.10842478187767345
698,0,0.09564704749116622
699,0,0.14516204684794948
700,0,0.1213866033887593
701,0,0.20323421223984742
702,0,0.092314146552732
703,0,0.6454892374140789
704,0,0.4209870272355284
705,0,0.15465596032118153
706,0,0.208067558020369
707,0,0.25120145477803213
708,1,0.8406623035528576
709,0,0.39438114778151057
710,1,0.8698845356145254
711,0,0.30166456440033695
712,0,0.1383827372359072
713,0,0.4706096037042629
714,0,0.3025541111305627
715,0,0.14401770536578226
716,0,0.1597564489501255
717,1,0.7876846649386788
718,0,0.18375783686077243
719,1,0.6942738775044027
720,0,0.12364041741046283
721,0,0.3660353820079438
722,0,0.09639834825279676
723,1,0.7449666704052721
724,0,0.20988571116491098
725,1,0.7466690003134298
726,1,0.8331857627365511
727,0,0.42529132882744874
728,1,0.8608396295375276
729,0,0.09826243204392401
730,0,0.4322344901217492
731,0,0.0975282696597583
732,0,0.18569666315622818
733,0,0.32800052690970455
734,0,0.1370382973076576
735,0,0.1156222546946453
736,1,0.6500525949743462
737,1,0.8509502602029124
738,0,0.6133290231260965
739,0,0.1464084300909867
740,1,0.7623723766548329
741,0,0.12417912831929254
742,0,0.14557732603240367
743,0,0.32800052690970455
744,0,0.15227061526622288
745,0,0.5644521947208109
746,0,0.21335539938159268
747,0,0.11502460387087055
748,0,0.5454757728737336
749,1,0.7394155361191631
750,0,0.25914067136420726
751,0,0.3747826068825839
752,0,0.10878776018925802
753,0,0.15143639648671334
754,0,0.18671727593488652
755,0,0.4989909445474519
756,0,0.09860870607576828
757,0,0.25720103506204106
758,1,0.849264835746482
759,0,0.32800052690970455
760,0,0.17641359285068775
761,0,0.3968681030538431
762,1,0.7342956747506775
763,0,0.194313971174951
764,0,0.20484274911955472
765,0,0.12612607520250876
766,0,0.38324151458650013
767,0,0.319829965321686
768,0,0.2943522349895953
769,0,0.11643487348157144
770,1,0.8579205605265132
771,0,0.1123593108458341
772,0,0.21672266822290154
773,0,0.22734556807734985
774,1,0.777796425589168
775,0,0.19535766870835164
776,1,0.7177614872064569
777,1,0.7033789781334437
778,0,0.29632823653040785
779,0,0.6414598134524964
780,0,0.09867787009388618
781,0,0.09441945381308768
782,0,0.23465827924105023
783,0,0.1073652700675079
784,0,0.39425179800269794
785,0,0.26368338513219874
786,0,0.3916481070658242
787,0,0.2641699965620708
788,0,0.2040515559823935
789,0,0.31917558730071416
790,0,0.5927685919391065
791,0,0.12315728759097995
792,0,0.1921056455631357
793,1,0.7341225552292273
794,0,0.12431344100874814
795,1,0.8897123108259883
796,0,0.39859642385023325
797,0,0.5873288877584462
798,0,0.20799968963230936
799,0,0.32267877806560086
800,0,0.4558607675390044
801,0,0.438342697557511
802,0,0.09353094545381313
803,0,0.3632545442113665
804,0,0.13684146516517218
805,0,0.3942623732854076
806,1,0.7861444770927322
807,1,0.7240995649787474
808,0,0.5381706482454306
809,1,0.6708363207049839
810,0,0.19219754845200843
811,0,0.11833264238154072
812,0,0.5339821060381396
813,0,0.27796266183027457
814,0,0.5450940439530444
815,1,0.7519783032988876
816,0,0.5851799844212924
817,0,0.11932953492986385
818,0,0.5090124946263289
819,0,0.10522720978441297
820,0,0.12392179125815929
821,0,0.38795285086340775
822,0,0.14293648796328398
823,0,0.21234186316727777
824,0,0.10694160286734315
825,0,0.18805472275312815
826,0,0.21305819614287622
827,0,0.18269296173504626
828,0,0.1264681469241746
829,0,0.13753330858823254
830,0,0.17949678280571335
831,0,0.10097813579931293
832,0,0.21555577939610776
833,0,0.3230751400531871
834,1,0.6974120941490027
835,0,0.2017560643927635
836,0,0.15781226128825188
837,0,0.18378779702772186
838,0,0.2892752010092596
839,0,0.2083837041203504
840,1,0.8399235285060582
841,1,0.7748487451708271
842,0,0.46923274517711666
843,0,0.09387833550644147
844,0,0.1341673387451508
845,0,0.38739563427645324
846,1,0.8330511193197742
847,1,0.8597431415545004
848,0,0.2245578833362698
849,1,0.766275144515575
850,0,0.23507594301598086
851,0,0.3345866038020525
852,0,0.10971223945687791
853,0,0.21956710787887349
854,0,0.1369381703344244
855,1,0.7376471234776818
856,0,0.4427854484092322
857,0,0.09358227984891408
858,0,0.1026828283759073
859,0,0.13139305730312234
860,0,0.12679191342839713
861,0,0.1424433854396012
862,0,0.1390040685089964
863,1,0.8911130239322103
864,0,0.12281363868192578
865,0,0.12140996152121342
866,0,0.11193226544053878
867,0,0.3213198213439211
868,0,0.5287013551375048
869,0,0.24509171507504166
870,0,0.5399200765839437
871,0,0.10737708857216702
872,0,0.3325026219135354
873,0,0.5586085272177974
874,0,0.1491112297679202
875,0,0.09523237129185276
876,0,0.6361240018346223
877,0,0.14961887336598015
878,0,0.19486350247992268
879,0,0.3188463582358327
880,0,0.22973809907709505
881,0,0.15101078678218594
882,1,0.7827542791668948
883,0,0.31410464429646584
884,0,0.16400509240722627
885,0,0.1972335039976156
886,0,0.3095393218850837
887,1,0.8166025213109125
888,0,0.23354762660418468
889,0,0.26098407910008575
890,0,0.5576420942439237
891,0,0.2869713004806314
892,0,0.10071615579316186
893,0,0.2008236531821581
894,0,0.11866381573280985
895,1,0.8773696486520756
896,0,0.1281112696768345
897,1,0.7989038852020572
898,0,0.10889239148013641
899,0,0.32800052690970455
900,0,0.46430542296298594
901,0,0.1323657521830044
902,0,0.4114040806747295
903,0,0.14487287190995146
904,1,0.7347860160978444
905,0,0.12834418411695817
906,0,0.6108186900790203
907,0,0.2454500566402424
908,0,0.649042900874738
909,0,0.10571831979013377
910,0,0.11753868084893611
911,0,0.110413687921122
912,0,0.18807618735509724
913,0,0.11285542047361245
914,1,0.8718828144258396
915,0,0.11119889590181056
916,0,0.3118716621432648
917,0,0.10230380880226923
918,1,0.8625490593424673
919,0,0.44538371022139067
920,0,0.1326019409458192
921,0,0.3119602707854678
922,0,0.11706606799324541
923,0,0.12499177296666106
924,0,0.09930495894987236
925,0,0.393343698494724
926,0,0.3628060549717224
927,1,0.6893780380173169
928,0,0.15702858429905056
929,0,0.12049996849683951
930,0,0.22683616282680902
931,0,0.09121043044526671
932,0,0.12245536379678486
933,1,0.8433075454183573
934,0,0.35115390310306094
935,0,0.09289231207870431
936,0,0.109043683140188
937,0,0.351777932853971
938,0,0.2748545874897814
939,0,0.4179229266160698
940,0,0.10139175305952579
941,0,0.12125658862901002
942,0,0.12897165044302555
943,0,0.18101197943795244
944,0,0.24767953586208166
945,0,0.4118671808440189
946,1,0.83210721670795
947,0,0.5919558442782765
948,0,0.13015812422122772
949,0,0.12233454417679968
950,0,0.11363648200995008
951,0,0.09575659281808842
952,1,0.7357697595300094
953,0,0.23420015176038403
954,1,0.6891575599832361
955,1,0.8584081656606669
956,0,0.09287126430854566
957,0,0.5219251974133599
958,0,0.120989973896677
959,0,0.14413421387309627
960,0,0.4729653058784566
961,0,0.14302380472103657
962,1,0.6882570775277596
963,0,0.09985366838819272
964,0,0.39731214031699646
965,0,0.10355778448365759
966,0,0.4277572987453896
967,1,0.859629395168216
968,0,0.12973224320639223
969,0,0.09153517847078173
970,1,0.6727883096052654
971,0,0.13222930621681298
972,0,0.25270188176962105
973,0,0.533041778666808
974,0,0.09745014820815577
975,0,0.12124635388717066
976,0,0.4892943410836571
977,0,0.1771703887884003
978,0,0.49456364976413036
979,0,0.4884632074982644
980,0,0.09253879476056386
981,0,0.12998587930767921
982,0,0.11870583902032014
983,0,0.14017841238864218
984,0,0.1257481199122388
985,0,0.12288775064628674
986,1,0.7828245761380125
987,0,0.09796792958008806
988,0,0.6140699497739284
989,0,0.1797311567229711
990,0,0.09608756188774521
991,0,0.47720434391406463
992,0,0.4814493649345922
993,0,0.09512680786697456
994,1,0.8028719025180214
995,1,0.8675370112766553
996,0,0.15658302850682257
997,0,0.5664682368590557
998,0,0.13350291913267665
999,0,0.3059853667303726
1000,0,0.1233616470685844
1001,0,0.5665332835155856
1002,0,0.1681787624053839
1003,0,0.1346054557033518
1004,0,0.5080179887429228
1005,0,0.12699903558739317
1006,0,0.13812304013388904
1007,0,0.09528806148422214
1008,0,0.18892130604078186
1009,0,0.12931785118396685
1010,0,0.4279414857614309
1011,0,0.12744820509162794
1012,0,0.6081676521103978
1013,0,0.14380042626839898
1014,1,0.7689209075606044
1015,0,0.32800052690970455
1016,0,0.3286566317532463
1017,0,0.2860565474872308
1018,0,0.44249674420525714
1019,0,0.15155612162525278
1020,0,0.2856521743023132
1021,1,0.864563419784215
1022,0,0.11394223500067747
1023,0,0.20183187514983364
1024,0,0.43053725723930114
1025,0,0.09243275718263251
1026,0,0.08942303600641796
1027,0,0.0934585671641747
1028,0,0.40768605694862337
1029,0,0.15127507032570975
1030,0,0.20798711616058316
1031,0,0.1554633486325145
1032,0,0.09562958839056304
1033,1,0.7255458673679142
1034,0,0.1955031061952796
1035,0,0.11256591415520179
1036,0,0.2479374984233994
1037,1,0.8683795340267685
1038,0,0.2395063284004093
1039,0,0.12268155633089126
1040,0,0.12514128821279924
1041,0,0.4097756728531548
1042,0,0.12347563867927625
1043,0,0.16988423010015297
1044,0,0.09502549957331322
1045,1,0.8651527581192692
1046,0,0.09756284730342013
1047,0,0.12060425231231063
1048,0,0.09376836071974133
1049,0,0.12447165211590132
1050,0,0.2755354089558463
1051,0,0.09233223260984014
1052,0,0.12063238480641936
1053,1,0.7021351640018292
1054,0,0.12950200690376482
1055,0,0.1406571043387815
1056,0,0.3348879468771412
1057,0,0.09894859090432527
1058,0,0.3609821614492786
1059,0,0.5373443718276899
1060,1,0.7545676015821993
1061,0,0.17256655677028065
1062,0,0.4727755100177308
1063,0,0.5941869339449621
1064,1,0.7526248691773546
1065,0,0.12451929103072593
1066,1,0.8536354276721628
1067,1,0.7020530032861884
1068,1,0.8886623401784902
1069,0,0.09665790477437937
1070,1,0.8527784534396208
1071,0,0.1657437146917766
1072,0,0.10692749711448475
1073,0,0.6037309855215612
1074,0,0.4012440303164225
1075,1,0.8461632408640055
1076,0,0.21455044082144537
1077,0,0.5621406417807743
1078,1,0.8771886149267188
1079,0,0.21720679441573848
1080,1,0.8362037854213289
1081,0,0.44059405970546967
1082,1,0.7361360702702313
1083,1,0.7327821926626253
1084,0,0.2866089746354439
1085,0,0.23264155983468476
1086,0,0.2222280481702535
1087,0,0.12492421294320774
1088,0,0.26770397757336334
1089,0,0.11963900923043848
1090,0,0.09636022491648445
1091,0,0.6399493727695557
1092,1,0.8600149686829366
1093,1,0.7982913282715904
1094,0,0.6339444994414892
1095,0,0.20196219619670552
1096,0,0.604143169379371
1097,1,0.820813899574172
1098,0,0.43689436528079
1099,0,0.2878699381475168
1100,0,0.24052773156343946
1101,0,0.14735522652958163
1102,0,0.14652920753069665
1103,0,0.10436654288554961
1104,0,0.10277400117274253
1105,0,0.12388841945876317
1106,0,0.165173515270374
1107,0,0.17016307414790816
1108,0,0.3698898643310271
1109,0,0.1326055278391844
1110,0,0.44674296481950415
1111,0,0.14397477931479857
1112,0,0.19389445826923093
1113,1,0.8569229121761301
1114,1,0.770710061695851
1115,0,0.39728474313029716
1116,0,0.19378039371037023
1117,0,0.42230438297161843
1118,1,0.8829186632267942
1119,0,0.35404731748059287
1120,0,0.6387436904496493
1121,0,0.1544813997529395
1122,0,0.3082213982291144
1123,0,0.2746005317922075
1124,0,0.09651573008377745
1125,1,0.6909899134503639
1126,0,0.09228085323647936
1127,0,0.12119231914697821
1128,0,0.20432481234856884
1129,0,0.1892077562597451
1130,0,0.202973477017913
1131,0,0.27608028957342073
1132,0,0.15934028678098336
1133,0,0.34982369510866324
1134,1,0.7468069466323478
1135,0,0.29434135772468967
1136,0,0.2565156013398151
1137,0,0.13411250597988023
1138,1,0.8892335310715641
1139,1,0.886526106207909
1140,0,0.12563685335615704
1141,0,0.10424333389957934
1142,1,0.7570638205774273
1143,1,0.7800158650064308
1144,0,0.26397538153855593
1145,0,0.146333189363015
1146,0,0.29995628585051987
1147,0,0.11875993814846132
1148,0,0.09838289208405596
1149,0,0.16347827313614763
1150,1,0.6908634938839665
1151,0,0.291417113361476
1152,0,0.3071379453222811
1153,1,0.6837791566963765
1154,0,0.10578524186822644
1155,0,0.20323365338304863
1156,0,0.1643447598474489
1157,0,0.32441068574124543
1158,0,0.1125384785978264
1159,0,0.38261107733882566
1160,0,0.2514068205494099
1161,1,0.6791447384681758
1162,0,0.3616123053381384
1163,0,0.13726016857476955
1164,0,0.12707612621258021
1165,0,0.16203777085094784
1166,1,0.8511432867997935
1167,0,0.22370472533762636
1168,0,0.09792622525522693
1169,0,0.150873049626831
1170,0,0.12435815297188338
1171,0,0.5323911336278574
1172,1,0.72708051369409
1173,0,0.20665954184316174
1174,0,0.19425892848753204
1175,1,0.7958624004380287
1176,0,0.32214479529584283
1177,0,0.16302689830862568
1178,0,0.11103971035717944
1179,0,0.36341899276331235
1180,0,0.24501132680649845
1181,0,0.27442788671743557
1182,0,0.19311669746424612
1183,1,0.859629395168216
1184,0,0.0928250245349287
1185,0,0.4696684328123492
1186,0,0.12127457052488669
1187,0,0.48813410468338986
1188,0,0.08821875138415639
1189,0,0.2684378249858432
1190,0,0.13981622170418698
1191,0,0.6235629818728915
1192,0,0.41193598475272186
1193,0,0.1289802171716904
1194,0,0.4289329376194142
1195,0,0.0978406600535278
1196,0,0.19469474367835451
1197,0,0.11827864581277336
1198,0,0.09473348436642093
1199,0,0.20667385011047665
1200,1,0.8880574258553476
1201,0,0.09400477279180676
1202,0,0.5229563723567074
1203,0,0.20556728885306236
1204,0,0.5899876477478448
1205,1,0.8593139286803236
1206,0,0.3597837714418488
1207,0,0.3929105852882483
1208,0,0.32800052690970455
1209,0,0.25631963029571636
1210,0,0.13312345196737743
1211,0,0.13263272738294546
1212,0,0.16232063078822379
1213,0,0.15423665880060214
1214,0,0.11929074841808504
1215,0,0.17297028070451456
1216,0,0.26173227238426994
1217,0,0.19669802392799648
1218,0,0.11910490449335738
1219,0,0.5915591002352025
1220,0,0.5363796761705382
1221,0,0.2951509116194629
1222,1,0.844299680031405
1223,0,0.09235779223594881
1224,0,0.23077321486648483
1225,0,0.20621895462725687
1226,1,0.8735452616226875
1227,0,0.09995930078136916
1228,0,0.13651483061327382
1229,1,0.8506546611325114
1230,1,0.8861715975429972
1231,0,0.40147235224569733
1232,0,0.13670383008137468
1233,0,0.15981684467073276
1234,0,0.12932147860113083
1235,0,0.309377499062556
1236,0,0.6267693566495793
1237,0,0.3500970771896112
1238,0,0.09331913209977068
1239,0,0.16646354396635712
1240,1,0.708743790482262
1241,0,0.20803578569449876
1242,0,0.12405512953011556
1243,0,0.09528337782769833
1244,1,0.7789368883986704
1245,0,0.14216018551795
1246,0,0.15571931090754162
1247,1,0.8623797932331254
1248,0,0.4118671808440189
1249,0,0.11633815672940566
1250,0,0.6070465952589476
1251,0,0.09819399756361705
1252,0,0.32800052690970455
1253,0,0.1298986408988622
1254,1,0.723532813710697
1255,0,0.5967830648579289
1256,0,0.16001008361251146
1257,0,0.4706806613272838
1258,0,0.09450058961905225
1259,0,0.21803596867448816
1260,1,0.8859806854490805
1261,1,0.8475137639096456
1262,0,0.5159516535389239
1263,1,0.8573881320199356
1264,0,0.40147235224569733
1265,0,0.11982030094025453
1266,0,0.16646465726554888
1267,0,0.0928968877702181
1268,0,0.17054076451861988
1269,0,0.6159277715681124
1270,0,0.45969805940933006
1271,0,0.1586505021918108
1272,0,0.12123146210664672
1273,0,0.21084658404085485
1274,0,0.20191016667525755
1275,0,0.11936361217576773
1276,0,0.3339840715140199
1277,0,0.3436515550120343
1278,0,0.17820669120365493
1279,0,0.16310314251219515
1280,0,0.2857913578748239
1281,0,0.23785108116476597
1282,0,0.3324151821993263
1283,0,0.13327274181715654
1284,0,0.2617168819632405
1285,0,0.5448299293361706
1286,0,0.12089308703658631
1287,0,0.32800052690970455
1288,1,0.6846865087557283
1289,0,0.31294510918634716
1290,0,0.12347608834256527
1291,0,0.42495917770207964
1292,0,0.10159267630783478
1293,0,0.2716914011453297
1294,1,0.8118446240289743
1295,0,0.29468635216484496
1296,0,0.38940677172517446
1297,1,0.8442458616259534
1298,0,0.0948695678143338
1299,0,0.1041590152003461
1300,1,0.7399106832647866
1301,0,0.15945785327041762
1302,0,0.11314037739202981
1303,0,0.44276047214048514
1304,0,0.13149403033259316
1305,0,0.31742412686756744
1306,0,0.6381426457683548
1307,0,0.12279452910583925
1308,1,0.6885734531945845
1309,1,0.6538214249598322
1310,0,0.274734441840269
1311,0,0.35904280529892935
1312,0,0.6176733988617191
1313,0,0.23602933501965445
1314,0,0.21624138206637902
1315,0,0.3927583199207415
1316,0,0.13290365155625136
1317,0,0.29567861234597254
1318,0,0.20905590913761596
1319,0,0.3218955674919103
1320,0,0.11484362846427192
1321,0,0.21327662905012829
1322,0,0.3935475817763745
1323,0,0.18566717242459504
1324,0,0.2591134088524842
1325,1,0.7972578397837198
1326,0,0.5478751215497643
1327,0,0.1459190322761877
1328,0,0.29995628585051987
1329,0,0.27811496792252216
1330,1,0.815177545143123
1331,0,0.6453017253435784
1332,0,0.12197983098643954
1333,1,0.7058627425348254
1334,0,0.10715514680890519
1335,0,0.21112234167427224
1336,0,0.11263489275211619
1337,1,0.8764220467368927
1338,0,0.11566138743977152
1339,0,0.13046229847227558
1340,0,0.1330909050314702
1341,1,0.6870454183501824
1342,0,0.1753837437744864
1343,0,0.16838500478477172
1344,1,0.8862076894984311
1345,0,0.2817465049436082
1346,0,0.507109895410279
1347,0,0.3400699988895713
1348,1,0.8702239732724356
1349,1,0.6748236674561765
1350,0,0.5610082331452109
1351,0,0.3898959878272372
1352,0,0.0958482612861469
1353,0,0.3908951357479312
1354,1,0.853592565481982
1355,1,0.7455552753358464
1356,0,0.09050100973783608
1357,0,0.4519413422226739
1358,0,0.21603310649349183
1359,0,0.22929899431607215
1360,1,0.868247039833268
1361,0,0.09996724384932575
1362,0,0.5101764768525582
1363,0,0.12113879145439771
1364,0,0.32931426553277493
1365,0,0.11733517177045036
1366,0,0.40147235224569733
1367,1,0.8892003855871196
1368,1,0.7774770587201899
1369,0,0.126934669096954
1370,0,0.49567232281076457
1371,0,0.11138373043369529
1372,1,0.6541071871604206
1373,1,0.8592754255027081
1374,0,0.12968393437833325
1375,0,0.2369252923850279
1376,0,0.10649796052420467
1377,0,0.2702156025184209
1378,0,0.49977307667235926
1379,1,0.6860771315564875
1380,0,0.20491508318001384
1381,0,0.3526149973456839
1382,0,0.12807505540936087
1383,1,0.8423492962164258
1384,1,0.8640028125784436
1385,0,0.12296829828796028
1386,0,0.42529132882744874
1387,0,0.14703618112172334
1388,0,0.29254227730259036
1389,0,0.4303995352453216
1390,0,0.15730704437762244
1391,0,0.11662983422920685
1392,1,0.7385777697330551
1393,0,0.09196527760568605
1394,0,0.19239012133360966
1395,0,0.39721157128162843
1396,0,0.31963237689271173
1397,1,0.8786982238001687
1398,0,0.12494184939136277
1399,0,0.5498648293209697
1400,0,0.1797783271507629
1401,0,0.19327530010922722
1402,0,0.4304751441722336
1403,0,0.3035103443229982
1404,0,0.1295025558478093
1405,0,0.3409231181481269
1406,1,0.6567266251942375
1407,1,0.8497451366163012
1408,0,0.11881313578563726
1409,0,0.3016738175010314
1410,0,0.2889014299535334
1411,0,0.26752876278851684
1412,0,0.5099536556185578
1413,0,0.2085159251639064
1414,0,0.33896737646290437
1415,0,0.5067154184930825
1416,0,0.5502885809044489
1417,0,0.3343963593119136
1418,0,0.09225301862873375
1419,0,0.10465030115323186
1420,1,0.8748286739190098
1421,0,0.35232724526233355
1422,0,0.13156328883992652
1423,0,0.11566617568719637
1424,0,0.11089658152682527
1425,1,0.8572097215802356
1426,1,0.8769728731244257
1427,0,0.19281905027032636
1428,0,0.16026092409848613
1429,0,0.42548524336190363
1430,0,0.12683730215297662
1431,0,0.13799017693318802
1432,0,0.17279330694511108
1433,0,0.11852145748743621
1434,0,0.32800052690970455
1435,0,0.09787362679452782
1436,0,0.34677008867972836
1437,0,0.4927696255822413
1438,0,0.5539260636636171
1439,0,0.1488045715252331
1440,0,0.3277155308387499
1441,0,0.11730398415946473
1442,0,0.14388441601459329
1443,1,0.8538465345081403
1444,0,0.20150098764985241
1445,0,0.4025896798337761
1446,0,0.1920059573388339
1447,0,0.1435028043279749
1448,0,0.5564108029019208
1449,1,0.755778828993666
1450,0,0.46544436265715766
1451,1,0.8768988572894987
1452,0,0.5695715995002828
1453,0,0.10969230708125784
1454,0,0.1456484978488436
1455,0,0.11483551199058155
1456,0,0.09191429293519426
1457,0,0.14493633191374025
1458,1,0.6880047870054536
1459,0,0.10384754540612787
1460,0,0.1491356609833943
1461,0,0.17134573230838376
1462,0,0.1883003391214593
1463,0,0.13217872924304427
1464,0,0.5913048944001315
1465,0,0.146696888795816
1466,0,0.495269231914002
1467,0,0.11022255530061208
1468,1,0.6762037834505297
1469,0,0.10083530084434995
1470,0,0.5519720703711956
1471,1,0.6928740494596775
1472,1,0.8282421931719252
1473,0,0.4998355124127018
1474,0,0.11834847126366715
1475,0,0.32858052417550604
1476,0,0.14548589287921146
1477,0,0.32800052690970455
1478,0,0.4681238801415336
1479,0,0.15540296112833887
1480,0,0.12998587930767921
1481,0,0.10506196458685203
1482,0,0.12647906454224908
1483,0,0.09908659119680197
1484,0,0.17246464508258505
1485,0,0.20485866870818772
1486,0,0.45200561027741387
1487,1,0.7926834607790761
1488,1,0.6862881109392052
1489,0,0.5668244570451335
1490,0,0.12807235386417098
1491,1,0.8144756493907632
1492,0,0.5386306882515598
1493,1,0.7761520437020485
1494,0,0.11876062491829213
1495,1,0.726756310970677
1496,0,0.107068950116243
1497,0,0.23684878621321204
1498,0,0.2617625793140313
1499,0,0.10040345074842898
1500,0,0.2149187232667815
1501,0,0.5934076346651611
1502,0,0.2968285534740052
1503,0,0.11255963306535562
1504,0,0.4844171338562645
1505,1,0.8781483188580808
1506,0,0.13136486009780415
1507,0,0.3973630203569636
1508,0,0.1148269134033953
1509,1,0.888620701420337
1510,0,0.15128093637574544
1511,0,0.16307153577628253
1512,0,0.19679698090773814
1513,0,0.15428259577901707
1514,1,0.8939751014085279
1515,0,0.12014183183208435
1516,0,0.11617489432393348
1517,0,0.20344192346506773
1518,0,0.3674152046352077
1519,1,0.8601113705814654
1520,0,0.17810933295966017
1521,0,0.13739905263121574
1522,1,0.8208684021421144
1523,0,0.18138792030584794
1524,1,0.8491760388855525
1525,0,0.1395465628223474
1526,1,0.8745042565242639
1527,0,0.12318654371495395
1528,0,0.15089048493304488
1529,1,0.7316826697547169
1530,0,0.33843855725491934
1531,0,0.11827304082372606
1532,0,0.4866820153958559
1533,0,0.6130693106692267
1534,0,0.39848287727640197
1535,0,0.16244508192409002
1536,0,0.4934690650865117
1537,0,0.11763417872118172
1538,0,0.2157075521085493
1539,0,0.15284727638693704
1540,0,0.22092737677565868
1541,0,0.19559099190458926
1542,0,0.09095942878610005
1543,0,0.09542383598696501
1544,0,0.08735481698150423
1545,0,0.26641741590177404
1546,0,0.18639214742676957
1547,0,0.14037361889391062
1548,0,0.1992500204470004
1549,0,0.19323272267569608
1550,0,0.15014301563739976
1551,0,0.23256483142127485
1552,0,0.12254619646801988
1553,1,0.8757853523254847
1554,0,0.19202648304004957
1555,0,0.13818390160664787
1556,0,0.22214338921323887
1557,1,0.8732948464302654
1558,0,0.18965616237249852
1559,0,0.25915878297247463
1560,0,0.41961059962353786
1561,0,0.09483678361520523
1562,1,0.8868773112595051
1563,0,0.10798817180244821
1564,0,0.18339447833493075
1565,1,0.6985965449028331
1566,0,0.09375873414888676
1567,0,0.28072262313193197
1568,0,0.17078284424344453
1569,0,0.13442482564839608
1570,1,0.8576064952227815
1571,0,0.10447178901113761
1572,1,0.8378746564823517
1573,0,0.12258586582439947
1574,0,0.20970470065246996
1575,0,0.3509626062196344
1576,0,0.312517996690655
1577,0,0.11048972662147777
1578,0,0.384908196058651
1579,0,0.14811213889242011
1580,0,0.12500817708799436
1581,0,0.12145583402209803
1582,0,0.6422658144549283
1583,0,0.33401163891346597
1584,0,0.14624215957801148
1585,0,0.2302284068915489
1586,0,0.38651137078143255
1587,0,0.1645756009759802
1588,0,0.16062448833285245
1589,0,0.12870418817633206
1590,0,0.5563960493674124
1591,0,0.37669404526561
1592,1,0.7797517641401118
1593,0,0.2579200554675053
1594,0,0.13565067337758782
1595,0,0.4370133896159382
1596,0,0.5385056118322461
1597,0,0.10729241879288964
1598,0,0.11136259913375804
1599,1,0.8592754255027081
1600,1,0.7931322966380963
1601,0,0.09045472495023779
1602,0,0.09969367892289295
1603,0,0.11506974084667784
1604,0,0.17020589552138146
1605,0,0.42633282034542214
1606,0,0.32800052690970455
1607,0,0.17336689863859536
1608,1,0.8290514200244671
1609,0,0.25517710979712016
1610,0,0.16514897492304378
1611,1,0.8832719800680308
1612,0,0.10401406750499124
1613,1,0.8851485712707592
1614,0,0.18773366135511385
1615,0,0.32800052690970455
1616,1,0.8857868126183817
1617,0,0.5163004536965996
1618,0,0.20109039986376534
1619,0,0.11851866577259002
1620,0,0.11284936299825754
1621,0,0.26304017943616725
1622,0,0.1859539416531636
1623,0,0.16365312715064745
1624,0,0.44941066048797584
1625,1,0.8703006351623276
1626,0,0.11286684135373899
1627,0,0.12905161002442223
1628,0,0.19042161666776697
1629,0,0.10435919224536319
1630,0,0.20803578569449876
1631,0,0.6156232354186826
1632,0,0.3200009990213801
1633,0,0.138783657285716
1634,1,0.8452326103341192
1635,0,0.14883773621411667
1636,0,0.09142908245009133
1637,0,0.09182550948267089
1638,0,0.36759456294041826
1639,0,0.14195340558832392
1640,0,0.11536348184610724
1641,0,0.22304117371663268
1642,0,0.2602410957110569
1643,0,0.10050742715106849
1644,0,0.13332500578262815
1645,0,0.1125591313652993
1646,1,0.8565250404317488
1647,0,0.4566267978741159
1648,0,0.1592349353242491
1649,0,0.24516304352925442
1650,0,0.4010729103569025
1651,0,0.19058106481047637
1652,0,0.14694801747795855
1653,0,0.3579890754358935
1654,0,0.4981644316072023
1655,0,0.2632828044009619
1656,0,0.1794531433143535
1657,1,0.8210404976303649
1658,0,0.23443855211714484
1659,0,0.12127355628678325
1660,0,0.5258067407727471
1661,0,0.5027846722885452
1662,0,0.1401884146447789
1663,0,0.5126785166453584
1664,0,0.2092155029587751
1665,0,0.1178237863066764
1666,0,0.28060854772663324
1667,0,0.29495042533509436
1668,0,0.10381966781629101
1669,0,0.11849986039528677
1670,0,0.10026589591595017
1671,0,0.15052758150730286
1672,0,0.11810525060154832
1673,0,0.09880723049090986
1674,0,0.31758239726044635
1675,0,0.09220292613670532
1676,0,0.32800052690970455
1677,0,0.5477571609831002
1678,0,0.5138205956516131
1679,0,0.15805850614652675
1680,0,0.12365825408461312
1681,0,0.31492011407265796
1682,0,0.24710035762113092
1683,0,0.08694112075933491
1684,0,0.2683919974906319
1685,0,0.3183433305792967
1686,0,0.11851769476199603
1687,0,0.5382332516299102
1688,0,0.5574240777449843
1689,0,0.36366224025349375
1690,0,0.19708140987085815
1691,1,0.7334316993790706
1692,1,0.8438190195091965
1693,0,0.11629221678591795
1694,0,0.17976400556772704
1695,1,0.8241204418690609
1696,1,0.6817762368163818
1697,0,0.1975452367568956
1698,0,0.5835478095668664
1699,1,0.8494639369929187
1700,1,0.859629395168216
1701,0,0.10040419233810868
1702,0,0.24461219963671152
1703,0,0.13115870887877826
1704,0,0.3302953916097337
1705,0,0.11470112373234523
1706,1,0.8644671025390134
1707,0,0.3616405021395555
1708,0,0.14078319584064042
1709,0,0.14448311615946594
1710,0,0.1521701589802703
1711,0,0.15442308555735124
1712,0,0.2813748649233018
1713,1,0.8703544192224416
1714,0,0.444572240846379
1715,0,0.2659021306867324
1716,0,0.1977682084106336
1717,0,0.12290174886947716
1718,0,0.10155343155482299
1719,1,0.6885702862808493
1720,0,0.31021044238850204
1721,0,0.6239843956273159
1722,0,0.09477567693851105
1723,0,0.2261958701919949
1724,0,0.500870093872292
1725,0,0.11798104706015564
1726,0,0.12125966227662614
1727,0,0.15775952638040813
1728,0,0.09621458960494837
1729,0,0.11730141158454693
1730,0,0.28888029786410563
1731,0,0.13665284144521053
1732,0,0.21212937443328767
1733,0,0.10189875817057131
1734,0,0.11623978295295741
1735,0,0.09124134844563696
1736,1,0.7086096130021293
1737,0,0.11342049258176547
1738,1,0.8265488926071248
1739,0,0.11142243964667603
1740,0,0.36390965463007674
1741,0,0.44935289461557476
1742,0,0.2450801692121055
1743,0,0.3813368329335381
1744,0,0.118813715118188
1745,0,0.19044157255764677
1746,0,0.09651725694792007
1747,0,0.4309229313590423
1748,0,0.6018849170685725
1749,0,0.12283937755257397
1750,1,0.7123632662090306
1751,0,0.392956249616268
1752,1,0.8397622791108468
1753,0,0.1177041019971108
1754,0,0.1435963308377912
1755,0,0.19435161753089766
1756,0,0.09481632415403554
1757,0,0.547218687269585
1758,0,0.408755193040168
1759,1,0.8768490315448818
1760,0,0.1858105190510125
1761,0,0.12177313952665848
1762,0,0.3315728599172041
1763,0,0.32958786796227235
1764,0,0.2879891167067638
1765,0,0.5253912816947911
1766,1,0.8406623035528576
1767,0,0.44563474474565307
1768,0,0.24199568399809637
1769,0,0.10557355641007705
1770,0,0.1924236305320777
1771,1,0.7253438526899697
1772,0,0.10884837722997952
1773,0,0.29605599564574775
1774,0,0.1307016336555378
1775,0,0.23677649031122838
1776,0,0.14180214780625783
1777,1,0.6586363437865326
1778,0,0.1677922757303332
1779,0,0.3572497375705117
1780,0,0.15367259125304972
1781,0,0.09283739041500556
1782,0,0.2387740057733506
1783,1,0.696181602252755
1784,1,0.8851363781869138
1785,0,0.44321165802967416
1786,0,0.6270127553000304
1787,0,0.48081953476927175
1788,0,0.4527812458433536
1789,0,0.09420830310150788
1790,0,0.3051265746880721
1791,0,0.447783752571834
1792,0,0.3291180585110886
1793,0,0.11939184007224256
1794,0,0.12903579993244133
1795,0,0.30659457674454693
1796,0,0.4605421684464269
1797,1,0.8592754255027081
1798,0,0.20909168710505316
1799,0,0.12801147070540267
1800,1,0.7238329040498352
1801,0,0.13466861612626635
1802,1,0.8153826176649921
1803,0,0.11847181140740232
1804,0,0.17180128205203016
1805,0,0.5572543019734872
1806,0,0.6234110160399032
1807,0,0.5002288757092184
1808,0,0.22957553653659343
1809,0,0.25514164002813483
1810,0,0.09494591216936096
1811,0,0.17835887062166947
1812,0,0.1787437314602165
1813,0,0.17199464132171668
1814,0,0.11643420691169505
1815,1,0.7915707958535646
1816,1,0.7999280064451432
1817,0,0.20764739444815417
1818,0,0.3716158122312047
1819,0,0.1471199348284273
1820,0,0.4449639031022406
1821,0,0.12544173536426295
1822,0,0.10239398965292638
1823,0,0.24583831363715544
1824,0,0.09974750884314902
1825,0,0.444572240846379
1826,0,0.12458551232960956
1827,0,0.21498764859858743
1828,0,0.11983788768622126
1829,1,0.8080750547958548
1830,0,0.1449250592227825
1831,1,0.8790766667258116
1832,1,0.6565603305821398
1833,0,0.24619603581740312
1834,1,0.688933813587516
1835,0,0.6165939971478758
1836,1,0.8631354660028581
1837,0,0.15126127664193711
1838,0,0.15688985965025268
1839,0,0.10277199322391439
1840,0,0.11201353203064947
1841,1,0.8344475407524182
1842,1,0.7126201392617875
1843,0,0.3499128137992232
1844,0,0.3234712546444658
1845,0,0.10253940029668443
1846,0,0.13424156054649572
1847,0,0.10991404734229442
1848,0,0.6218822043477427
1849,0,0.14526138852327777
1850,0,0.1211444054939416
1851,0,0.6244142498256063
1852,0,0.144837136153651
1853,0,0.14293648796328398
1854,0,0.19128401186578053
1855,0,0.6207227891151894
1856,0,0.08744660528474861
1857,0,0.13695281440138185
1858,0,0.2735259115703794
1859,0,0.29036750897698965
1860,1,0.8182288816270309
1861,0,0.11859303175278843
1862,0,0.2215079664808252
1863,0,0.31411764907469447
1864,0,0.4128556166539341
1865,0,0.45294144877058995
1866,0,0.10474216585417401
1867,0,0.16002672656520306
1868,0,0.2857749135951507
1869,1,0.7419547471871878
1870,0,0.21153228367406518
1871,0,0.09052834415070142
1872,0,0.24955507462013218
1873,0,0.4929857082583414
1874,0,0.297797865497308
1875,0,0.15548148225427944
1876,0,0.11389328050579939
1877,0,0.5241068469940314
1878,0,0.16928527018687511
1879,0,0.1370325965951559
1880,0,0.11740279455326692
1881,0,0.10680829029839133
1882,0,0.21846984686242138
1883,0,0.09145023576388107
1884,0,0.14922544786171957
1885,0,0.1036140284465538
1886,0,0.3367992125151674
1887,0,0.13493614817622224
1888,0,0.09296145715993412
1889,0,0.1447952738478443
1890,0,0.1359058054285674
1891,0,0.4805362231317401
1892,0,0.4529720556087386
1893,0,0.2107271776751116
1894,1,0.8895503205713784
1895,0,0.22393361581181362
1896,0,0.09392436450538065
1897,1,0.8710223267800836
1898,0,0.36034678978294155
1899,0,0.10572315777858866
1900,0,0.32800052690970455
1901,0,0.1783769788806448
1902,0,0.5105715354246
1903,1,0.6954664385941616
1904,1,0.7799876872841831
1905,1,0.8693942693954612
1906,0,0.1774561232724259
1907,0,0.5669183134083549
1908,0,0.6273938289342265
1909,0,0.138005608164236
1910,0,0.09414682022818449
1911,0,0.09775316220925791
1912,1,0.7657340900220773
1913,0,0.3805750287765169
1914,1,0.8765691160922725
1915,0,0.27244444371010257
1916,0,0.3398328436957816
1917,0,0.23460825503252725
1918,1,0.8434658029679738
1919,0,0.5501379587365773
1920,0,0.21742184819497393
1921,0,0.12472743563297896
1922,0,0.12058851953458424
1923,0,0.12235598937181155
1924,1,0.6524456555132642
1925,0,0.12307997404735962
1926,0,0.4143286810725072
1927,0,0.2856521743023132
1928,0,0.15044840988861835
1929,1,0.7157493987287266
1930,0,0.10652353177590249
1931,0,0.1685417920432605
1932,0,0.17605832656521841
1933,0,0.15134572122411208
1934,1,0.7728911580797408
1935,1,0.8365970547219371
1936,1,0.7759616891841019
1937,0,0.11631982626045195
1938,0,0.38821971506409975
1939,0,0.23111018663206906
1940,1,0.8463457024448463
1941,0,0.22432081990113442
1942,0,0.1038401983046369
1943,1,0.8771886149267188
1944,0,0.22655858224477762
1945,0,0.5393676900926571
1946,1,0.7582487232910683
1947,0,0.14270947589199415
1948,0,0.6159516350277014
1949,0,0.1191124415674661
1950,0,0.35640990569855713
1951,0,0.14504328626814644
1952,0,0.2234887415384389
1953,0,0.1657433534921465
1954,0,0.1696946221759995
1955,0,0.44649870839271694
1956,0,0.12811987017535517
1957,0,0.20122160386040855
1958,0,0.41440036795095564
1959,0,0.35654994826378394
1960,0,0.10091731387442379
1961,1,0.7318148867558909
1962,0,0.0974600284601273
1963,0,0.34317537913790075
1964,0,0.11705428523493308
1965,0,0.15518729513872995
1966,0,0.12449729119807507
1967,0,0.32800052690970455
1968,0,0.19264194984891508
1969,0,0.5271040712220932
1970,0,0.3595020364973306
1971,0,0.1265221708298383
1972,1,0.6954827259057047
1973,0,0.13641123369850278
1974,0,0.36796711895891615
1975,0,0.19298391121454145
1976,1,0.8399176967065823
1977,0,0.09595686323247163
1978,0,0.1607967338255547
1979,0,0.37661623478005574
1980,0,0.6180336780504698
1981,1,0.6517362094805293
1982,0,0.17533705271997793
1983,0,0.36792573860617495
1984,0,0.22800275046247354
1985,0,0.16332315036536652
1986,1,0.8597431415545004
1987,1,0.6750777389165037
1988,0,0.32581704135047873
1989,0,0.09518347723120396
1990,0,0.4059521492926985
1991,0,0.1412014627189407
1992,0,0.1148055520582149
1993,0,0.09939211700677968
1994,0,0.12712966322405972
1995,0,0.29995628585051987
1996,0,0.520932258884092
1997,1,0.7722774574999905
1998,0,0.10148138597983491
1999,0,0.31860441728815503
2000,1,0.7057571289647249
2001,1,0.7379117564293117
2002,0,0.1730568591587925
2003,0,0.1928061377468581
2004,0,0.09155473828205679
2005,1,0.6664812059264179
2006,0,0.2839566152178032
2007,0,0.11079052547216414
2008,0,0.11322094052595395
2009,0,0.3185616173003779
2010,0,0.30252117660307815
2011,0,0.11902775561059625
2012,0,0.41652698175454594
2013,0,0.10837856512071631
2014,0,0.46604154727700564
2015,1,0.8323496888954609
2016,0,0.35093024863134964
2017,0,0.245418533521745
2018,0,0.12198261225820625
2019,0,0.09445173346923211
2020,0,0.12945458819049244
2021,0,0.13118254526345596
2022,0,0.5233182838757943
2023,1,0.7827813111918379
2024,0,0.32800052690970455
2025,0,0.1719663397653029
2026,0,0.09224421003416064
2027,0,0.1301704762605522
2028,0,0.23891336941203786
2029,0,0.5723587390179322
2030,1,0.8600629895600965
2031,0,0.4388219014983374
2032,1,0.874938846484289
2033,0,0.1517306725407433
2034,0,0.39279884543252724
2035,1,0.7281703644750291
2036,0,0.5766065997204223
2037,1,0.6709180671406503
2038,0,0.1290988236547946
2039,0,0.6271677151843841
2040,1,0.8005528946150026
2041,0,0.1124049958351361
2042,0,0.16527299354707894
2043,1,0.8546190095189506
2044,1,0.8091474284062419
2045,0,0.13365060796801118
2046,0,0.31048588295978063
2047,0,0.4583799440520277
2048,0,0.18616610850143783
2049,1,0.874266314289195
2050,0,0.5668486551981223
2051,0,0.6183152042523272
2052,0,0.530578322393441
2053,0,0.13757653654761504
2054,0,0.564518525417613
2055,0,0.09425383025988075
2056,0,0.1446095509798646
2057,0,0.15607860076407887
2058,0,0.16944333342119974
2059,0,0.5003978988242149
2060,1,0.875687746519871
2061,1,0.7352821460070822
2062,0,0.10408023507421733
2063,0,0.1777727926721669
2064,1,0.8198075518126742
2065,0,0.292651646314142
2066,0,0.09863004126506283
2067,0,0.5096176662139449
2068,0,0.1216649594892879
2069,0,0.15130046462268643
2070,0,0.41518018755703273
2071,0,0.45217868144110723
2072,0,0.1434620448508862
2073,1,0.6960726165944322
2074,0,0.09287584320266196
2075,0,0.11465843715627322
2076,0,0.18999169459292084
2077,0,0.4463721954373943
2078,0,0.32634146449851575
2079,0,0.1678895051289843
2080,0,0.12463966324608018
2081,0,0.24944196107498146
2082,0,0.12081673481579638
2083,0,0.153704387523603
2084,0,0.1973141157467646
2085,0,0.16450932047857372
2086,0,0.43847361657693956
2087,0,0.45351991317923457
2088,0,0.3025065197694273
2089,0,0.11388678249920205
2090,0,0.12011970863883287
2091,0,0.12492144938980806
2092,0,0.3559544255514916
2093,0,0.3565939461531346
2094,0,0.15405984085904179
2095,0,0.13211169638352319
2096,0,0.4825986857750534
2097,0,0.1306109665186141
2098,0,0.09893412568026848
2099,0,0.11557524256294696
2100,1,0.8213634419235583
2101,1,0.8593369936012216
2102,0,0.5044718579430388
2103,0,0.38982446696473105
2104,0,0.29995628585051987
2105,0,0.3102690661369027
2106,1,0.7331869124087196
2107,0,0.22106421966186435
2108,0,0.4885558677849441
2109,0,0.10192396657830056
2110,0,0.17369190056612
2111,0,0.13047392317426112
2112,0,0.1666689195703608
2113,0,0.18965567641067202
2114,1,0.8525610191433721
2115,0,0.14952708259653866
2116,0,0.398009261051166
2117,0,0.13170541104725636
2118,0,0.0969567967105618
2119,0,0.174770619868685
2120,1,0.85615904957009
2121,0,0.13843425481500501
2122,0,0.22973809907709505
2123,0,0.1160781666295877
2124,0,0.4141838116772633
2125,0,0.15737603344317708
2126,0,0.11499320023197053
2127,1,0.8846230268239794
2128,0,0.11846619774828862
2129,0,0.27655796362723295
2130,1,0.8168688656620221
2131,0,0.1276589989371574
2132,0,0.19267078301508267
2133,1,0.6567545846808728
2134,0,0.2784410123792342
2135,0,0.10708204571913582
2136,0,0.1041417190173963
2137,0,0.1628029743791423
2138,0,0.2703058676079347
2139,0,0.32800052690970455
2140,0,0.20093500912773116
2141,0,0.35742239994474645
2142,0,0.3616405021395555
2143,0,0.6087752871912514
2144,0,0.2772887557147131
2145,0,0.11831227997876723
2146,0,0.2612104630438824
2147,0,0.12228245218323029
2148,0,0.09591745701190112
2149,0,0.10422727489398798
2150,0,0.11934199422867424
2151,0,0.0913378527420169
2152,0,0.3370353962121792
2153,1,0.7273841365105368
2154,0,0.2542181226462762
2155,0,0.10648605488549591
2156,0,0.3218058912675103
2157,0,0.1763619015942114
2158,0,0.410029923884933
2159,1,0.8517096671606688
2160,1,0.8814103524391622
2161,0,0.2780918286690296
2162,0,0.12639230212432495
2163,0,0.2879891167067638
2164,0,0.09456354398335362
2165,0,0.09332224690684934
2166,0,0.12944858780807955
2167,0,0.29346419087743814
2168,0,0.14450370167653576
2169,0,0.3923262897054609
2170,0,0.21766385972463986
2171,0,0.19219044930395743
2172,0,0.6182986381765992
2173,0,0.1194507440406003
2174,0,0.1414619693012585
2175,1,0.8454315182637121
2176,0,0.12754660286952865
2177,0,0.12247948399089843
2178,0,0.22173479876807248
2179,0,0.17446889331814508
2180,0,0.10635000857414684
2181,0,0.12231260949141284
2182,0,0.25140000350363034
2183,0,0.09828088153666463
2184,0,0.6013041104086804
2185,0,0.5312380573188576
2186,1,0.8637857244054169
2187,0,0.5672061992290548
2188,0,0.327115487597664
2189,1,0.6653770451048049
2190,0,0.0937007358041955
2191,0,0.09656698882727612
2192,0,0.3992730872380404
2193,0,0.2360327364627559
2194,0,0.11406496457265868
2195,0,0.5139595359538285
2196,0,0.5217221557951087
2197,0,0.1834509482682153
2198,0,0.20323421223984742
2199,0,0.5426376847034534
2200,0,0.10120952565016818
2201,0,0.3904483481002614
2202,0,0.28192595515380625
2203,0,0.31617365471195685
2204,1,0.8536731070073169
2205,0,0.30421538188130426
2206,0,0.34741275706838876
2207,0,0.1519855476848887
2208,1,0.6751836397989652
2209,1,0.7096142350354953
2210,0,0.31647226915261256
2211,0,0.09397599111822129
2212,0,0.12245002490559463
2213,0,0.1239961820261781
2214,0,0.12522007875667576
2215,1,0.8081149307303237
2216,0,0.3005298460148585
2217,0,0.23527045832307175
2218,0,0.12127355628678325
2219,1,0.8593369936012216
2220,0,0.15224602024851636
2221,0,0.6363171793797855
2222,0,0.11489018360648943
2223,1,0.7510467425585707
2224,0,0.2993667189626925
2225,0,0.14612740648789654
2226,0,0.11622259707925478
2227,0,0.16452207137019179
2228,0,0.09342777781607395
2229,0,0.17561941938225245
2230,1,0.8333368240968682
2231,0,0.4730894434030277
2232,0,0.10779253331636998
2233,0,0.29476952341354373
2234,0,0.16514872561589214
2235,0,0.21629687508020717
2236,0,0.19604855841446295
2237,0,0.2924368464048598
2238,1,0.7235549428354139
2239,0,0.2470751491050155
2240,0,0.1303078457178264
2241,0,0.09517559447090902
2242,1,0.830775758829852
2243,0,0.2629180156367473
2244,0,0.123917601085543
2245,0,0.15864717113153173
2246,0,0.3572108530772304
2247,0,0.1394719572817406
2248,0,0.27896241527692145
2249,0,0.09934199721073322
2250,0,0.40147235224569733
2251,1,0.8825494376215213
2252,0,0.10936374704956096
2253,1,0.7429521556691087
2254,1,0.8442458616259534
2255,0,0.32519826790481937
2256,0,0.17603988783129154
2257,0,0.11950063682194277
2258,1,0.770218492869047
2259,0,0.23486648676102947
2260,0,0.3948128489742925
2261,1,0.8495987749214845
2262,0,0.3853722661871127
2263,0,0.10098307144340521
2264,0,0.11877759361910067
2265,0,0.47930650069468994
2266,0,0.08933982406288567
2267,0,0.2057945359199958
2268,0,0.11746450164243977
2269,1,0.8509042343355545
2270,0,0.14909336691507427
2271,0,0.25568063324517676
2272,0,0.18373153188450878
2273,0,0.13569669479315846
2274,0,0.31845168662989337
2275,0,0.26517781657228756
2276,0,0.10018425558535728
2277,1,0.8561164697017458
2278,0,0.29586121500551166
2279,0,0.11149323420444923
2280,1,0.6515671520131581
2281,0,0.40174257104485983
2282,0,0.24322694300717018
2283,0,0.17493114845630314
2284,0,0.12490824802047301
2285,1,0.6667251053150566
2286,0,0.5393410298115744
2287,0,0.1543827907565946
2288,0,0.09305642282279848
2289,0,0.23870663181565646
2290,1,0.8656828449890397
2291,0,0.12304578636260553
2292,0,0.14943802854493554
2293,0,0.2363103165572206
2294,0,0.09416506202865951
2295,0,0.12320510882607547
2296,0,0.17580893394820982
2297,0,0.17357966983588174
2298,0,0.3406726142222546
2299,0,0.10734736076452613
2300,1,0.8047502027533433
2301,0,0.2056095364979588
2302,0,0.10180119544565347
2303,0,0.2502677092975681
2304,1,0.6653120712651425
2305,0,0.15980549450129886
2306,0,0.44529167097985006
2307,0,0.6386730090040831
2308,0,0.16724203208709623
2309,0,0.1295978207456384
2310,0,0.09278533308565193
2311,0,0.11961553028269291
2312,0,0.09387446930041708
2313,0,0.2852938069680591
2314,0,0.2460464388532913
2315,0,0.1054589018757526
2316,1,0.6873691147394019
2317,0,0.35648542890944807
2318,0,0.5675799141132989
2319,0,0.21473628928899882
2320,0,0.11898370654572564
2321,0,0.135526268356201
2322,0,0.11709624142137527
2323,0,0.28932858922699706
2324,0,0.08769333190338253
2325,0,0.4767108958012268
2326,1,0.8660352341098662
2327,0,0.11000683446197994
2328,0,0.31986059127464617
2329,0,0.34796846376734675
2330,0,0.646384072124487
2331,0,0.38411471565452643
2332,0,0.5715539581793019
2333,0,0.41051341396812574
2334,0,0.18254218303009453
2335,1,0.8502715095317377
2336,0,0.4124453947273842
2337,0,0.12278170774842528
2338,0,0.25576677411329074
2339,0,0.2863807301179777
2340,0,0.618728362696531
2341,0,0.09301026793377236
2342,0,0.14908417170557542
2343,0,0.3181219024590667
2344,0,0.27266889519415155
2345,1,0.7934471336475654
2346,0,0.09801527757886214
2347,0,0.5617291088746101
2348,0,0.09097846046155725
2349,1,0.8389716070965355
2350,0,0.1021354532240634
2351,0,0.24029521187568487
2352,0,0.18995291409399354
2353,0,0.14838591754241284
2354,0,0.0931340202924329
2355,1,0.85945582510516
2356,0,0.2097750983509524
2357,0,0.34128154010853884
2358,0,0.12125239494488362
2359,0,0.13923869042691553
2360,1,0.8422722737869801
2361,1,0.8135069161632459
2362,1,0.6497166296356602
2363,0,0.14400978341590825
2364,0,0.09497544781506394
2365,0,0.37172731419598404
2366,1,0.7802129303263814
2367,0,0.14346481624909596
2368,0,0.13011551067736477
2369,1,0.84262881592266
2370,0,0.3067062249568965
2371,1,0.7373998506948418
2372,0,0.1264662703448893
2373,1,0.798255930903494
2374,0,0.1058040447094595
2375,0,0.12627967691670788
2376,0,0.097668930421023
2377,0,0.15253974175413493
2378,0,0.20438407541123832
2379,0,0.5932923229551033
2380,1,0.8407162775024223
2381,0,0.11500220565085666
2382,0,0.16127198338084553
2383,0,0.11307297845938741
2384,1,0.8022422899710964
2385,0,0.23913508538280065
2386,0,0.09361715032303745
2387,0,0.2201857367365366
2388,0,0.12809273795742376
2389,0,0.15844483830218084
2390,1,0.8475409244299743
2391,0,0.14109257774542236
2392,0,0.17575385782680075
2393,0,0.13022227386650057
2394,0,0.24627095304379906
2395,0,0.2349881137186655
2396,0,0.09340143728505793
2397,0,0.5657245675720803
2398,0,0.48277470668388234
2399,1,0.8284510364779848
2400,0,0.14648941087204112
2401,0,0.449648737974191
2402,0,0.12372770204448331
2403,0,0.11453026438820921
2404,0,0.45459740218679473
2405,0,0.5792254933568757
2406,1,0.6720677551729498
2407,1,0.6620668312745381
2408,0,0.569660469183272
2409,0,0.11059228438781073
2410,0,0.08835848918731999
2411,0,0.10303572021435616
2412,1,0.8483813078720812
2413,0,0.14964153943652483
2414,0,0.18098469210097468
2415,0,0.28720652077239645
2416,0,0.23948489924472907
2417,1,0.8622667006410012
2418,0,0.12000971735302175
2419,0,0.11850519172735026
2420,0,0.15002470639435828
2421,0,0.22684864577355376
2422,0,0.11977565963648328
2423,0,0.5768431032956498
2424,1,0.7272497800673605
2425,0,0.1600201292869301
2426,0,0.25127618285226905
2427,0,0.48264709151130464
2428,1,0.8601010389932889
2429,0,0.45122454117343663
2430,1,0.8198907469827375
2431,0,0.2845580612457275
2432,1,0.7576698509885668
2433,1,0.8675595192002635
2434,0,0.19809853945270295
2435,0,0.20597930022661284
2436,0,0.5103074989352689
2437,0,0.26296356203945137
2438,0,0.19421462401433642
2439,0,0.10580528590145316
2440,0,0.366679128859379
2441,0,0.2592008478560118
2442,0,0.1491786446729016
2443,0,0.31758239726044635
2444,0,0.19480957130755455
2445,0,0.149226645528798
2446,0,0.2204186227359854
2447,0,0.31758239726044635
2448,0,0.5939464712348337
2449,0,0.12005881421646783
2450,0,0.18471075977909548
2451,1,0.8171202729277517
2452,0,0.09188952979349725
2453,0,0.6364967660953067
2454,0,0.18043897626382174
2455,0,0.1937853699714895
2456,0,0.5296958346102151
2457,0,0.456406759926717
2458,0,0.32800052690970455
2459,0,0.1598516946613676
2460,0,0.1767245433811595
2461,0,0.32800052690970455
2462,0,0.429368071192358
2463,1,0.873788771528562
2464,0,0.13998557092725256
2465,0,0.25344617467766917
2466,0,0.48093123830209283
2467,0,0.2064924717608119
2468,0,0.18076003163757978
2469,0,0.12333950054857833
2470,0,0.36793038691654023
2471,1,0.8603705397818758
2472,0,0.1297725379869549
2473,0,0.35989862964224384
2474,0,0.45498474097922204
2475,0,0.629317401621473
2476,0,0.21870445074436579
2477,0,0.4342595814213691
2478,0,0.45106352729110005
2479,0,0.3594468199198157
2480,0,0.1546108505876316
2481,0,0.36445671286684955
2482,0,0.6230924702088945
2483,0,0.12195305052524284
2484,0,0.12402002427519875
2485,0,0.3005776267428757
2486,1,0.6878866380606354
2487,0,0.18938003397738373
2488,0,0.3035617891743396
2489,0,0.17648349392421428
2490,0,0.2821951748476415
2491,0,0.49882771195719766
2492,0,0.3955009487250504
2493,0,0.6196430551233949
2494,0,0.5185749611678846
2495,0,0.2384800965991047
2496,1,0.8118446240289743
2497,1,0.8272012113327882
2498,0,0.1315665110188588
2499,0,0.13577958023770909
2500,0,0.13692033328726005
2501,0,0.16558585075459406
2502,1,0.7907088649900355
2503,0,0.1320055442836083
2504,0,0.5013673751740373
2505,0,0.3848595569863482
2506,0,0.5080182108684883
2507,1,0.8838827819550628
2508,0,0.20887039257655216
2509,0,0.5225910049614333
2510,0,0.1777643686472789
2511,0,0.4558782732854787
2512,1,0.820391748795913
2513,0,0.10132992073376235
2514,1,0.8870916455146012
2515,1,0.657385912050426
2516,0,0.25808170936400143
2517,1,0.6571217234546216
2518,0,0.5350553062844489
2519,0,0.36120748908932593
2520,0,0.3010777528388638
2521,0,0.3256923151870733
2522,0,0.4638832094672906
2523,0,0.14870029143712024
2524,1,0.7763919454913477
2525,0,0.13104268188447135
2526,1,0.7170899577185865
2527,0,0.18339589090026656
2528,0,0.39425696765645585
2529,0,0.5286767230504318
2530,0,0.1174754477459266
2531,0,0.18766241745181775
2532,0,0.5101288178507053
2533,1,0.8824042069681572
2534,0,0.09919336393528971
2535,0,0.5203347620075868
2536,1,0.8388514125658715
2537,0,0.25503328839813777
2538,0,0.12907979522444749
2539,0,0.46346317614226
2540,0,0.20159467639605347
2541,0,0.14950586150812367
2542,1,0.8792277891011905
2543,0,0.5591952289331519
2544,1,0.7780897026657241
2545,0,0.11204947753952516
2546,1,0.8794633649095134
2547,1,0.8104887236184358
2548,0,0.12190199401789786
2549,0,0.32800052690970455
2550,0,0.32800052690970455
2551,0,0.12678547839318258
2552,0,0.18222183759835114
2553,0,0.36346577299046223
2554,0,0.43576033029817235
2555,0,0.09411636853416261
2556,0,0.23993105729281783
2557,0,0.10176085144904136
2558,0,0.24310010765716106
2559,0,0.1082404017781693
2560,0,0.14270947130165076
2561,0,0.13180184540103515
2562,0,0.32800052690970455
2563,0,0.09179531931495281
2564,0,0.36309754367166414
2565,0,0.42346700806448373
2566,0,0.2523596086852352
2567,0,0.3616405021395555
2568,0,0.13182006316497516
2569,0,0.2598202543921319
2570,0,0.14162648983037357
2571,0,0.28218580781040603
2572,0,0.2375158188966006
2573,0,0.11290425885136786
2574,1,0.6970121388598002
2575,0,0.19700224526878357
2576,1,0.8378746564823517
2577,0,0.1606605348085027
2578,0,0.33729450259696225
2579,0,0.13295851842999237
2580,0,0.2577446280867952
2581,0,0.10874475804976885
2582,0,0.107569882620086
2583,1,0.8593369936012216
2584,0,0.15177519178230117
2585,0,0.53243455726268
2586,0,0.09531376372555699
2587,0,0.11682677416371545
2588,0,0.1373548724159638
2589,0,0.1461858217223685
2590,0,0.1251338851417791
2591,0,0.3126796497183569
2592,0,0.11999832849670253
2593,0,0.18933812742954523
2594,0,0.0907704372411197
2595,0,0.2651405699735288
2596,0,0.09244602625836922
2597,0,0.1172329166757538
2598,0,0.14167478794918112
2599,1,0.8020052132543325
2600,0,0.12056536098197987
2601,1,0.7861999375228083
2602,0,0.11287110828939052
2603,1,0.8505499576948587
2604,0,0.5186607290873356
2605,0,0.20704530252859507
2606,0,0.20268769382515675
2607,1,0.8890786300522059
2608,0,0.2838109111124877
2609,0,0.1749438382403157
2610,1,0.6608979023054553
2611,0,0.09655912195248892
2612,1,0.8431569855352118
2613,0,0.13622211153792102
2614,0,0.12060663764614844
2615,0,0.17389541218357077
2616,0,0.09268210820193881
2617,0,0.40860500137457106
2618,0,0.6453017253435784
2619,0,0.12562199530422513
2620,1,0.7395180457915144
2621,0,0.30361115531727745
2622,0,0.35012233304379997
2623,0,0.12364637049237781
2624,0,0.09802267565986506
2625,1,0.8290291590481574
2626,0,0.117946754988678
2627,1,0.7587472490153642
2628,0,0.6017386090871628
2629,0,0.3865314333999063
2630,0,0.2940282553913033
2631,0,0.16504756679893887
2632,0,0.18941428295813964
2633,0,0.17725770372991034
2634,0,0.45946835474067044
2635,0,0.22703703140654113
2636,0,0.12068228785429269
2637,0,0.1976439603343209
2638,0,0.3180033518433295
2639,0,0.19509705142939804
2640,0,0.09698035510291676
2641,0,0.1242899662007587
2642,0,0.13116394426814082
2643,0,0.09965909462433307
2644,0,0.10639406548715062
2645,0,0.22972542927431058
2646,0,0.3234754375426343
2647,0,0.09413836420995139
2648,0,0.1303098034181335
2649,0,0.24454647653700873
2650,0,0.14009787326783893
2651,0,0.11784011260043643
2652,0,0.12119068881456525
2653,0,0.09235969455017655
2654,1,0.860991977598629
2655,0,0.5245501823799433
2656,0,0.6147299591694444
2657,0,0.12004953147279541
2658,0,0.12060340239932325
2659,0,0.1835489250047122
2660,0,0.19494044548861839
2661,0,0.09154827354404164
2662,1,0.7099406462550508
2663,0,0.35318819604145096
2664,0,0.16732673353971922
2665,0,0.2540735038939444
2666,0,0.21613318191753983
2667,0,0.11251422757151644
2668,1,0.7537015424185448
2669,0,0.09535737566462482
2670,1,0.7089326222212189
2671,0,0.19797073914173074
2672,0,0.16959836852838747
2673,0,0.40937725250508955
2674,1,0.8292603133940754
2675,0,0.14995790207359302
2676,0,0.21793257886242115
2677,0,0.32800052690970455
2678,0,0.14604919555785809
2679,0,0.2631228705969564
2680,0,0.1743771470352676
2681,0,0.4461996307056682
2682,0,0.16911153749918822
2683,0,0.4798994666008535
2684,0,0.09790767183134795
2685,0,0.205929666964039
2686,1,0.8679369969374683
2687,0,0.23410981851877596
2688,0,0.12140821105364165
2689,0,0.46547287766831363
2690,1,0.7835821086511582
2691,1,0.868623916951074
2692,1,0.838582735235111
2693,0,0.33485613467482367
2694,0,0.22808781324588198
2695,0,0.45101875109339684
2696,0,0.11666434719586546
2697,0,0.17355424919924886
2698,0,0.09719645630854479
2699,0,0.24655566257973308
2700,0,0.327408321321467
2701,0,0.11087200253693463
2702,0,0.40288313764789035
2703,0,0.2575630311503932
2704,0,0.2760729757541615
2705,0,0.43983970641539144
2706,1,0.7565336206690018
2707,0,0.1923348113836614
2708,0,0.11804997618345302
2709,0,0.27883485281832077
2710,0,0.4517441451497002
2711,0,0.11011562475169588
2712,0,0.6402038662895132
2713,0,0.23365354021324408
2714,0,0.2852938069680591
2715,0,0.11616308891698279
2716,0,0.16440593906579112
2717,0,0.16892082956646465
2718,0,0.11322585985672873
2719,0,0.09732224788818239
2720,0,0.20188944555219177
2721,0,0.20863374354757724
2722,0,0.09360200217398808
2723,0,0.24962264991769798
2724,0,0.44431065651568485
2725,1,0.7648469871374197
2726,1,0.780356702135743
2727,0,0.3174838598712561
2728,0,0.3111518677246187
2729,0,0.11889164328728982
2730,0,0.22041173385539223
2731,0,0.09527980986883859
2732,1,0.8309342559297931
2733,1,0.6995650142106913
2734,0,0.40464044064460153
2735,1,0.6640568428923647
2736,1,0.849044980041324
2737,0,0.27325179559120977
2738,0,0.14111413869417894
2739,0,0.3750393897198423
2740,0,0.4102703250619978
2741,0,0.14877515339132696
2742,0,0.2880627651650314
2743,0,0.10594938300054342
2744,1,0.8420020997579881
2745,0,0.14495525142747312
2746,0,0.12164753836099874
2747,1,0.8801328483759391
2748,0,0.5658489516309406
2749,0,0.43201368724116673
2750,0,0.4882319616458666
2751,1,0.8734141452052092
2752,0,0.09230860613871532
2753,0,0.30059387183835773
2754,0,0.4369128052520838
2755,0,0.2479537523552393
2756,0,0.09505627888659743
2757,0,0.11145698587005043
2758,0,0.1745658097341646
2759,0,0.22884348222263187
2760,0,0.09410215922792958
2761,0,0.17120011522351186
2762,1,0.663287465001109
2763,0,0.273763826557461
2764,0,0.16303413339489548
2765,0,0.345257767102598
2766,0,0.15246334399911646
2767,0,0.46670144513788614
2768,1,0.7896849259982119
2769,0,0.12521598416220045
2770,0,0.37081416040171067
2771,0,0.2572120846697008
2772,0,0.27888703595367564
2773,1,0.7335618052389075
2774,0,0.3109842563734576
2775,0,0.42436315240613615
2776,0,0.17300372424832003
2777,0,0.1286987451254473
2778,0,0.24840997370060114
2779,0,0.13129663798820929
2780,0,0.133200795717325
2781,0,0.13867330480937162
2782,0,0.12440739476426627
2783,0,0.10687780876953515
2784,0,0.17436944478848967
2785,0,0.09565214103127936
2786,0,0.3325352639998333
2787,0,0.5426343791974093
2788,1,0.7420013465197264
2789,1,0.7955786532927162
2790,0,0.26957823074158255
2791,0,0.11610590488282416
2792,0,0.16977718132289085
2793,0,0.14182424454878506
2794,1,0.7047757285424948
2795,0,0.2246570456152328
2796,0,0.19303553360659534
2797,1,0.7395320767848018
2798,1,0.6496588021934652
2799,0,0.495999654952719
2800,0,0.27447373707851974
2801,0,0.24666524859729583
2802,1,0.8848594974885858
2803,0,0.48939489395231933
2804,0,0.09163939638811039
2805,0,0.32800052690970455
2806,0,0.2080156585670494
2807,1,0.8473068176522563
2808,0,0.1576774403930447
2809,0,0.410668644547556
2810,0,0.10138236383361081
2811,1,0.7507299889877398
2812,0,0.15655264928213006
2813,0,0.08993241410809494
2814,0,0.36324859243120367
2815,0,0.09667453985933239
2816,0,0.14156515188631427
2817,0,0.4313088864807178
2818,0,0.6087580618834827
2819,0,0.521345171643589
2820,0,0.3015440044043477
2821,1,0.8143814324791186
2822,0,0.20129436514574978
2823,0,0.4198542785327633
2824,0,0.12745797595296954
2825,0,0.11852486066491709
2826,0,0.1852777706974874
2827,0,0.12454296644912546
2828,0,0.47026895996724544
2829,0,0.12135219845078166
2830,0,0.27130725866589045
2831,1,0.8773375633363675
2832,0,0.44178840369570427
2833,0,0.3599322096769732
2834,0,0.16011411111637744
2835,0,0.18234335233807902
2836,0,0.1172495638062679
2837,0,0.32800052690970455
2838,0,0.26063619274111627
2839,1,0.8023649284705866
2840,0,0.09560856260978458
2841,0,0.1157598912825431
2842,0,0.32800052690970455
2843,0,0.15524667444302392
2844,1,0.6870184449609681
2845,0,0.43662710261136806
2846,0,0.10694426988394083
2847,0,0.12419783768622694
2848,0,0.42625673558351646
2849,0,0.10801940325419042
2850,0,0.13695634931780765
2851,0,0.32309254093237694
2852,0,0.5124509147556182
2853,0,0.2388198763927692
2854,1,0.6966621020467099
2855,0,0.09430360578790667
2856,0,0.1739934963048916
2857,0,0.22849973827648354
2858,0,0.5197158548584135
2859,0,0.13104852333218256
2860,0,0.16023693557035962
2861,0,0.1556540531164434
2862,0,0.1371154957545874
2863,0,0.19914149969014258
2864,1,0.8628729110624367
2865,1,0.8504833031767971
2866,1,0.8597431415545004
2867,0,0.12927533681809747
2868,0,0.25115270068465395
2869,0,0.12102216054419952
2870,0,0.15348348267274683
2871,0,0.1647097969723193
2872,0,0.2398386453268925
2873,0,0.585094008206231
2874,1,0.885170408939732
2875,0,0.2859972935537947
2876,0,0.588562889600857
2877,0,0.09766836036792517
2878,0,0.33391439084194263
2879,0,0.45184799201569525
2880,0,0.4127043013293098
2881,0,0.19376976249866273
2882,0,0.6267148373577095
2883,0,0.10615121558886294
2884,1,0.8668138374704109
2885,0,0.17670949472286174
2886,0,0.5688597061938307
2887,0,0.14157488481052502
2888,1,0.6541887840850561
2889,1,0.7896438619870064
2890,1,0.8892023389150102
2891,1,0.6915965269769634
2892,0,0.4797560900770073
2893,0,0.39919278117952
2894,0,0.2612530213893041
2895,0,0.16555674691574482
2896,0,0.5336666203133378
2897,0,0.12673295725420516
2898,0,0.17319725835815306
2899,0,0.22998880857184345
2900,0,0.10475507432478522
2901,0,0.26075645580513135
2902,0,0.44772332313691454
2903,0,0.3357606445343736
2904,0,0.4892856348828875
2905,0,0.12124180275660444
2906,0,0.2565156013398151
2907,0,0.20327176550062073
2908,0,0.3338814120394166
2909,0,0.13622266852989134
2910,0,0.291175916597254
2911,0,0.13253392730966462
2912,0,0.1311667057792635
2913,0,0.11841371175169906
2914,0,0.13610038269773134
2915,1,0.8698097827088458
2916,0,0.11578705615785778
2917,0,0.13187570199317178
2918,0,0.2836082968891564
2919,0,0.11864464795586327
2920,0,0.1213866033887593
2921,1,0.8773613534655512
2922,0,0.14301457770546105
2923,0,0.12780012731542426
2924,0,0.20963180374662624
2925,0,0.2189020154780788
2926,0,0.5275770065236864
2927,1,0.7401530745826781
2928,0,0.24288697182908914
2929,1,0.7295251905101021
2930,0,0.25158191697897175
2931,0,0.4066897987300984
2932,0,0.18168265856041035
2933,0,0.13015040214736165
2934,1,0.820553387394653
2935,0,0.09459761187226877
2936,1,0.8597956517039009
2937,0,0.15916489399367306
2938,0,0.11446701676157407
2939,0,0.4799807621480209
2940,0,0.35310771661821105
2941,0,0.596778718676061
2942,0,0.14643017405779193
2943,0,0.17130824144209433
2944,0,0.1919553287363611
2945,0,0.17713245399931105
2946,0,0.09721063244670769
2947,1,0.8722943874256711
2948,0,0.09226385585037797
2949,1,0.7733640096221298
2950,0,0.2580473116003947
2951,0,0.2047895565678302
2952,0,0.459103629444968
2953,0,0.1900544900621167
2954,0,0.10507378825878527
2955,0,0.3381547604621647
2956,1,0.8688799699918961
2957,0,0.34078596497000924
2958,0,0.410258282609984
2959,0,0.1259346215148507
2960,1,0.8395972190886881
2961,1,0.7154944760241198
2962,0,0.3274222509034529
2963,0,0.203466073801203
2964,1,0.8431569855352118
2965,0,0.4189912937154445
2966,0,0.15255178784278522
2967,1,0.8841983217785417
2968,0,0.31728116265894746
2969,1,0.8616895283533667
2970,0,0.4536342156840926
2971,0,0.5933443067259235
2972,0,0.31210364619607917
2973,1,0.8264559152649901
2974,0,0.1850998689211461
2975,0,0.13958629540163964
2976,0,0.1949677611800467
2977,0,0.34896468500195726
2978,0,0.6394751564808384
2979,0,0.1277453714420627
2980,0,0.10541940232726492
2981,1,0.7483846227589291
2982,0,0.2740844964606254
2983,1,0.8469227274713181
2984,0,0.4110480015664521
2985,0,0.20687244681861702
2986,0,0.12371076329764345
2987,1,0.7920245114057004
2988,0,0.3058371595242188
2989,0,0.3135084838352282
2990,0,0.4813115088550356
2991,0,0.5813453228872575
2992,0,0.2366298037594802
2993,0,0.2647420959331956
2994,0,0.12395064900146507
2995,0,0.12610523674094673
2996,0,0.11864287360589555
2997,0,0.1109444494330357
2998,1,0.7106831503016708
2999,0,0.18277496443186822
3000,0,0.12794602993312687
3001,0,0.34714343622230576
3002,0,0.30759579832012224
3003,0,0.15560368654252776
3004,0,0.17666944005098775
3005,0,0.16343067317112545
3006,0,0.5506398873723068
3007,0,0.32254656571637835
3008,0,0.1318641927921478
3009,0,0.2702383856850665
3010,0,0.24938749004395552
3011,0,0.43911307056622356
3012,0,0.13328019976652714
3013,1,0.8744080238278951
3014,1,0.7255389337712517
3015,1,0.8825648187771684
3016,0,0.2733944794332886
3017,0,0.5698407263186757
3018,0,0.13365405517560086
3019,0,0.40729030190713444
3020,1,0.8267632085949561
3021,1,0.7504766640276735
3022,1,0.6542883741255842
3023,0,0.09100536278474215
3024,0,0.18358028467910664
3025,0,0.19146527688396336
3026,0,0.19833662317429773
3027,0,0.09778449708310945
3028,0,0.19289773057403053
3029,1,0.8552124004491587
3030,0,0.09253173214997261
3031,0,0.5749624130661298
3032,1,0.7275107979599694
3033,0,0.1664765153144966
3034,0,0.2152421220430136
3035,0,0.10525808149524432
3036,1,0.7853312244856925
3037,1,0.8600899927245306
3038,0,0.14521527191854952
3039,0,0.14746955133043896
3040,0,0.17047699628207866
3041,1,0.8426970356958426
3042,0,0.1415743525205489
3043,0,0.18937646741186837
3044,0,0.402407448733787
3045,0,0.1747891331389755
3046,0,0.14502426929856588
3047,0,0.11858680195205658
3048,0,0.13876198317791877
3049,0,0.21938853937646222
3050,0,0.4448089926175618
3051,0,0.26258688145448733
3052,0,0.47911055811185616
3053,0,0.08621223893555015
3054,0,0.30109103622444167
3055,0,0.21225568314258003
3056,0,0.30625976281142725
3057,0,0.12052589021257196
3058,0,0.44211813214495405
3059,0,0.38772259416035987
3060,0,0.13601764910898018
3061,0,0.12660255138665788
3062,0,0.42384629818892394
3063,0,0.12291791171053157
3064,0,0.09367828192649642
3065,1,0.7277645604107642
3066,1,0.6766144195881659
3067,0,0.12964400143217017
3068,0,0.4696389395440147
3069,0,0.11661654743359814
3070,0,0.09668516312663437
3071,0,0.09645814333139102
3072,0,0.2774768617528986
3073,1,0.6525281471157779
3074,0,0.20737008586710506
3075,0,0.5034978279662876
3076,1,0.6624993386641325
3077,0,0.11312133371334777
3078,0,0.10254865934209213
3079,1,0.7773472420395339
3080,0,0.1288842661068654
3081,0,0.14171004511856428
3082,0,0.14699886726314307
3083,1,0.8353149344369775
3084,0,0.1222380937064121
3085,0,0.21769665271158983
3086,1,0.8088254298796929
3087,0,0.18612406115477736
3088,0,0.4558891146017429
3089,1,0.7682402048216918
3090,0,0.22510489924156848
3091,1,0.7746110064275963
3092,1,0.8458323609520061
3093,0,0.1383201293530702
3094,1,0.8378306979095255
3095,0,0.28658800064437484
3096,1,0.7998991400007802
3097,0,0.2928378327867669
3098,0,0.10297566096739276
3099,0,0.32800052690970455
3100,1,0.8335180688982098
3101,0,0.1890908719289132
3102,1,0.6694151732120928
3103,0,0.549442227897315
3104,0,0.17485657763368467
3105,0,0.23170912296427104
3106,0,0.10290951366005226
3107,1,0.7551228931160171
3108,0,0.2625520107150769
3109,0,0.3067775613742389
3110,1,0.693321475224684
3111,0,0.12389744282382029
3112,0,0.24681721220181785
3113,0,0.522868123501954
3114,0,0.38902333978584336
3115,0,0.35237088086425017
3116,0,0.16309348899204565
3117,0,0.08971539358141302
3118,0,0.09368300090209138
3119,0,0.5866430227519425
3120,0,0.12127355628678325
3121,0,0.25482826900350664
3122,0,0.23699020394613302
3123,0,0.20455293005779784
3124,1,0.8709037921760533
3125,0,0.3844714757721736
3126,0,0.45097367696432805
3127,1,0.7025428484594299
3128,1,0.8460114460070266
3129,1,0.8593369936012216
3130,0,0.09628034970377786
3131,0,0.1320293586972047
3132,0,0.3954912324364261
3133,0,0.2500608049289371
3134,1,0.6508734650820176
3135,0,0.2464498151647518
3136,0,0.5408302895700894
3137,0,0.24730762574154283
3138,0,0.2774648747414922
3139,0,0.4652835834461671
3140,0,0.12002581393425223
3141,0,0.09768475627546397
3142,1,0.7299343119452925
3143,0,0.14666427738279425
3144,0,0.3504633135576276
3145,0,0.5593970629914897
3146,0,0.09828728909130502
3147,1,0.8378746564823517
3148,0,0.09246093308962651
3149,0,0.16602789493345022
3150,1,0.8596752389245378
3151,1,0.7587098818228301
3152,0,0.41965784362033137
3153,1,0.658148572103171
3154,0,0.35172261637241103
3155,0,0.12123851749513968
3156,0,0.5973067716427591
3157,1,0.8864199586487164
3158,0,0.17415751890975847
3159,0,0.5071495444142141
3160,0,0.08808598878944737
3161,0,0.27533631939021397
3162,0,0.3976965752434465
3163,0,0.09404163834902264
3164,1,0.7106776159562644
3165,1,0.6628593248206285
3166,0,0.12731159888078725
3167,1,0.7342931663252835
3168,0,0.09709403372381979
3169,0,0.5202401109874047
3170,1,0.8832032559742987
3171,0,0.09827410028190992
3172,0,0.1261054277323498
3173,1,0.7914278967743773
3174,1,0.8736883899401997
3175,0,0.12518960806323456
3176,0,0.5591173756725322
3177,0,0.5113382606123442
3178,0,0.30123699437050044
3179,0,0.3622288510023623
3180,0,0.20335898791067708
3181,0,0.16181514150083587
3182,0,0.1512368658007048
3183,0,0.11110863171133391
3184,0,0.34091054479248295
3185,0,0.5760510849450255
3186,0,0.1735454373437351
3187,0,0.44433972431539337
3188,0,0.11316573777387084
3189,0,0.4193393575481324
3190,1,0.868385053276118
3191,1,0.8576193036734664
3192,0,0.09956248052380014
3193,0,0.16944963369442267
3194,0,0.16165894878138037
3195,0,0.2502257625873845
3196,0,0.5793175924601317
3197,0,0.1606433553289701
3198,0,0.3126272858624714
3199,0,0.12139709824615062
3200,0,0.46673335568066476
3201,0,0.4497420641854068
3202,0,0.32800052690970455
3203,0,0.19256220517996392
3204,0,0.6481959445480253
3205,0,0.31853611338581883
3206,0,0.12650251934791448
3207,1,0.7842918832851952
3208,0,0.31625882352524504
3209,1,0.8127359148441899
3210,0,0.09582583983297205
3211,0,0.58733315301831
3212,0,0.12990280801945464
3213,1,0.7985983989465054
3214,0,0.10627107358995497
3215,0,0.2596324847641814
3216,1,0.6600750504009124
3217,0,0.5573264936658626
3218,0,0.1244598622019635
3219,0,0.49132066908932603
3220,0,0.1982678247680598
3221,0,0.1298690647368117
3222,0,0.36063774609526833
3223,0,0.5508799560713172
3224,0,0.38701036929370736
3225,1,0.8118917972279751
3226,0,0.3710325826124065
3227,0,0.3011303479782219
3228,0,0.09248636903544974
3229,0,0.09166333410050409
3230,1,0.724468151424177
3231,0,0.6347398994677812
3232,0,0.2998620340791316
3233,0,0.12156271893194842
3234,0,0.1349616079868466
3235,1,0.8780350313649582
3236,0,0.5159039569167001
3237,1,0.837200607155339
3238,0,0.17616640181507656
3239,1,0.7648970071041413
3240,0,0.2606737797496056
3241,0,0.17310510286563438
3242,1,0.7243652198510099
3243,0,0.5095196703182449
3244,0,0.17919275411897573
3245,0,0.40807094843061964
3246,0,0.16086549072973447
3247,0,0.12452075510311483
3248,1,0.8659761183052413
3249,0,0.5579564943664698
3250,0,0.2993669451676409
3251,0,0.40447874799745664
3252,0,0.4096361552588513
3253,0,0.09747522724584073
3254,1,0.8589229833779725
3255,0,0.09208376267341109
3256,0,0.37439319856786824
3257,0,0.09911877597066206
3258,0,0.3080595935891047
3259,1,0.7864789916002065
3260,0,0.5277784163793606
3261,1,0.7283845578500032
3262,0,0.3665977083457615
3263,0,0.199742786765843
3264,0,0.15204662702510713
3265,0,0.1386769818494114
3266,0,0.41420826086638385
3267,0,0.2822647925430709
3268,0,0.1559423779342409
3269,0,0.4934818063113913
3270,0,0.5178723367229089
3271,0,0.15145623218384885
3272,0,0.19009574653048095
3273,0,0.39874845212880544
3274,0,0.36894587479117474
3275,0,0.1557606203352714
3276,0,0.14974804598247637
3277,0,0.13291793850868736
3278,0,0.24123318378586256
3279,1,0.7662308766948432
3280,1,0.8335180688982098
3281,0,0.14998116683527937
3282,0,0.15685009197700975
3283,0,0.17613707095284148
3284,0,0.468816051714648
3285,1,0.8652267028269572
3286,0,0.22911750807151396
3287,0,0.1973126923926182
3288,0,0.3104982123744759
3289,0,0.33752087267656833
3290,0,0.11476696708570695
3291,0,0.11953313341003813
3292,1,0.7903554582420028
3293,0,0.18246143115770103
3294,0,0.12554054421535452
3295,0,0.14445919524394435
3296,0,0.11729501392232046
3297,1,0.8566324457954081
3298,0,0.1288029335652213
3299,0,0.5333408187932456
3300,0,0.24454820065269597
3301,0,0.13462388081175725
3302,1,0.8872695807356071
3303,0,0.09331243345937994
3304,0,0.11600829100700527
3305,0,0.2847321114982066
3306,0,0.49573074079520013
3307,0,0.3738963903514867
3308,0,0.3246436604717204
3309,0,0.32800052690970455
3310,0,0.15333287879371663
3311,0,0.3993816156621895
3312,0,0.0964319886067831
3313,0,0.12968944864234155
3314,0,0.18115092177492464
3315,1,0.7311785292085495
3316,0,0.4619336221261116
3317,1,0.6596671949353445
3318,0,0.09048054163469844
3319,0,0.09222542356919802
3320,0,0.29602782202694805
3321,0,0.09331381389541298
3322,0,0.09472692030428662
3323,0,0.3705357501714629
3324,0,0.3634557345200979
3325,0,0.12272150015052274
3326,1,0.8307327698859366
3327,0,0.1539178677674467
3328,0,0.09825173317198771
3329,1,0.7808458508940472
3330,1,0.8462215141832274
3331,0,0.34784061839369745
3332,0,0.1553555846460877
3333,1,0.7605229410212683
3334,0,0.3358391815594024
3335,0,0.168006985221242
3336,0,0.4495825218648701
3337,1,0.8709382194907543
3338,0,0.1212690473890756
3339,0,0.1600201292869301
3340,0,0.19999941259832363
3341,0,0.26854210049270133
3342,1,0.7796570627216753
3343,0,0.10030636373837669
3344,0,0.17617055819194402
3345,0,0.2572040640677888
3346,0,0.3325026219135354
3347,0,0.49831659750803514
3348,0,0.5078095809032216
3349,1,0.8472906912983463
3350,0,0.09504789395724958
3351,0,0.29826193671372175
3352,0,0.6030726203933391
3353,0,0.316203586521425
3354,0,0.09193795559524638
3355,0,0.1879936432165807
3356,0,0.21581870572270356
3357,0,0.11390315314890112
3358,1,0.8641089010269078
3359,0,0.2791878785854502
3360,1,0.8741722712726681
3361,0,0.40252488817364346
3362,0,0.367562238280863
3363,0,0.17645221225086133
3364,0,0.3387313143853576
3365,0,0.1550648410886344
3366,0,0.5242591379667124
3367,0,0.3248142017151081
3368,0,0.2478198023660297
3369,0,0.3257988618922237
3370,0,0.09769452324070167
3371,1,0.8501755424479543
3372,0,0.09581256651447016
3373,0,0.12992576559554295
3374,0,0.16514942801216848
3375,0,0.27911908783560907
3376,0,0.19768911865320282
3377,0,0.5111226816836595
3378,0,0.09529963152864743
3379,1,0.8313502651422089
3380,0,0.11452541169584117
3381,0,0.2269839125096358
3382,1,0.7150953880741292
3383,0,0.2009027911472779
3384,0,0.5054004776454437
3385,0,0.1700112145326882
3386,0,0.25522420411241065
3387,0,0.10457653910923588
3388,1,0.7379351238564333
3389,0,0.10819702288754854
3390,0,0.23345266614550766
3391,0,0.49274337487880443
3392,0,0.158298888935897
3393,0,0.2364711618227755
3394,0,0.2605763426910023
3395,0,0.5835675464114873
3396,0,0.5836194175327664
3397,0,0.2593479411395129
3398,0,0.1049095435968006
3399,0,0.3182367168216071
3400,0,0.15111456160555353
3401,0,0.30043936977420466
3402,0,0.32800052690970455
3403,0,0.12273645337980499
3404,0,0.162529117826548
3405,0,0.09367345620530634
3406,0,0.438021457230747
3407,0,0.5484683444562298
3408,0,0.16900650120449104
3409,0,0.11921147544855175
3410,0,0.6463349633573521
3411,0,0.1335856676980886
3412,1,0.713544875868544
3413,0,0.14333982910993118
3414,0,0.4428705488394082
3415,0,0.10104471023277278
3416,0,0.09336387529128265
3417,0,0.5590443546694802
3418,0,0.09532171079407031
3419,0,0.20800690035064417
3420,0,0.10398047812472787
3421,1,0.7181412571483643
3422,0,0.20737008586710506
3423,0,0.6004868299790591
3424,0,0.0948227563438935
3425,0,0.14481344942620888
3426,0,0.33622065598387174
3427,0,0.49738695676491773
3428,0,0.23212411900595606
3429,1,0.8025291510648537
3430,1,0.8548721664504896
3431,1,0.8428010200259383
3432,0,0.30658222551297876
3433,0,0.33021977259856217
3434,0,0.39250211903582594
3435,0,0.15374964219564172
3436,0,0.5165336873196165
3437,0,0.32800052690970455
3438,1,0.854497015694516
3439,0,0.15057896469362078
3440,0,0.11070283454172666
3441,0,0.16008911804702022
3442,0,0.08965025836340539
3443,1,0.8859835886536581
3444,0,0.13298798834965614
3445,0,0.09740407814363633
3446,0,0.5414160960896822
3447,0,0.0918677440839869
3448,1,0.7353363756368969
3449,0,0.09958191324171327
3450,1,0.8519371813627525
3451,0,0.1262387388524203
3452,0,0.26639067867322597
3453,0,0.1893507190922416
3454,1,0.7017556963578249
3455,0,0.13226946707208756
3456,0,0.13366822909496806
3457,0,0.13463426921603983
3458,0,0.6286540043325237
3459,1,0.8534264606017868
3460,0,0.38573923601242616
3461,0,0.09881391166124774
3462,0,0.6110879032987467
3463,1,0.8635698812139038
3464,1,0.8187136385272477
3465,0,0.129920281101361
3466,0,0.12583823520610504
3467,0,0.23155443980544546
3468,1,0.8402986873432902
3469,0,0.09416774398964849
3470,0,0.1921056455631357
3471,0,0.1421618471331922
3472,0,0.3483685011775441
3473,1,0.8556802333507865
3474,0,0.3218119871086377
3475,0,0.11328814910284886
3476,0,0.35352406839542616
3477,0,0.18751830326136174
3478,0,0.22038671345698094
3479,1,0.8748120043536495
3480,0,0.24965211372779197
3481,0,0.4288131336574686
3482,0,0.26848818301000127
3483,0,0.13714797706677803
3484,0,0.13248467242846867
3485,0,0.35779338995353177
3486,0,0.0996249413452591
3487,0,0.09208727440909344
3488,0,0.21875550368368468
3489,0,0.09778247964311478
3490,0,0.09713380669253224
3491,0,0.10789870622852057
3492,0,0.17380457477906705
3493,0,0.13929550495725207
3494,0,0.38050115334005724
3495,0,0.17797135257114483
3496,0,0.22129920856884125
3497,0,0.4232951514802633
3498,0,0.39325493875038403
3499,0,0.17318892138377726
3500,0,0.12114508091058333
3501,0,0.15987520218792137
3502,0,0.3433853365329781
3503,0,0.14104263353756188
3504,0,0.19064933048633703
3505,0,0.18777913629093673
3506,0,0.19319892218166426
3507,0,0.2858691297432005
3508,0,0.10685109758436478
3509,0,0.5964443266093037
3510,1,0.8661796083978558
3511,0,0.12436019095269983
3512,0,0.277931435484346
3513,0,0.13871042345019
3514,0,0.34593850015382116
3515,1,0.8371251932218575
3516,1,0.6528997783058084
3517,0,0.12542788475777977
3518,0,0.19283514624866835
3519,0,0.10243358538976743
3520,0,0.08670272849974922
3521,1,0.8345892081950345
3522,0,0.09672556284585337
3523,1,0.850379614340699
3524,0,0.2230977744236849
3525,1,0.8600957851665728
3526,0,0.4725141188695193
3527,0,0.37052765028448525
3528,0,0.3139844277939588
3529,0,0.2130947695056452
3530,0,0.13330514326603185
3531,1,0.8447573781416371
3532,0,0.2992194271635192
3533,1,0.8659955232743876
3534,0,0.2907662147062797
3535,0,0.13027239828183618
3536,0,0.11871793199867628
3537,0,0.4817630376742051
3538,0,0.1565043990335024
3539,0,0.10134452390140684
3540,0,0.4950578694966712
3541,0,0.5047490145194822
3542,1,0.8406623035528576
3543,0,0.2941553956549687
3544,1,0.7121187018093464
3545,0,0.13990068059422237
3546,0,0.15128093637574544
3547,0,0.12532282175189458
3548,0,0.09249743612306491
3549,0,0.16260906325655022
3550,1,0.7444698271686485
3551,0,0.10338607358829727
3552,0,0.19762241612950807
3553,0,0.14278449815530556
3554,0,0.14337922843065107
3555,0,0.11790730126626184
3556,0,0.28394698816798364
3557,0,0.19055255843245672
3558,0,0.18582661177706586
3559,1,0.8194957772616447
3560,0,0.32800052690970455
3561,0,0.5235948686329006
3562,0,0.10056845431241301
3563,1,0.8709751554638001
3564,1,0.7283221165166891
3565,0,0.4111777337065658
3566,0,0.1999530445194371
3567,0,0.6287747268511604
3568,0,0.12114168376536402
3569,0,0.2915855482722458
3570,1,0.7588212368672536
3571,0,0.5198657273071062
3572,0,0.6294956781479205
3573,0,0.17309052462854316
3574,0,0.1899253793253108
3575,1,0.815162521003501
3576,0,0.1010511079297388
3577,0,0.2517627479660338
3578,1,0.7122274988938081
3579,0,0.13045798687363072
3580,0,0.12156271893194842
3581,0,0.3177707365948283
3582,1,0.6499868692344171
3583,0,0.12186973097847997
3584,0,0.6450356575396178
3585,0,0.13343523087942766
3586,1,0.7448967526239542
3587,1,0.8628767808476668
3588,1,0.8419524239965388
3589,1,0.8249161855308427
3590,0,0.09094863728671038
3591,0,0.3948380661985732
3592,0,0.28550500633299136
3593,0,0.23187753174735048
3594,0,0.1479885343717287
3595,1,0.7032883506853919
3596,1,0.7837303617281602
3597,0,0.37858151768745585
3598,1,0.792288637763612
3599,1,0.8459072871282317
3600,0,0.09323701017720924
3601,0,0.19672834217606203
3602,0,0.2715821119345066
3603,0,0.2783143453217512
3604,0,0.5183494497207791
3605,0,0.2648163631709037
3606,0,0.43480859850330716
3607,0,0.5605837492548092
3608,0,0.5274754554426596
3609,1,0.845785087413074
3610,1,0.830664366273562
3611,1,0.6760869656617006
3612,0,0.09489516200330342
3613,0,0.1107242139779955
3614,0,0.4799807621480209
3615,0,0.09822732272312659
3616,0,0.31094914893429804
3617,0,0.0927079771761466
3618,0,0.35603876336337853
3619,0,0.09564704749116622
3620,1,0.7384473972218287
3621,1,0.8801932429021488
3622,0,0.14546900345465905
3623,0,0.4760926534543006
3624,0,0.11914030109845701
3625,0,0.3134930403885606
3626,0,0.37727506098953967
3627,1,0.7474492102360943
3628,0,0.10032582289905846
3629,1,0.8737955070057204
3630,0,0.19497364611715812
3631,0,0.1491584937999285
3632,0,0.32800052690970455
3633,0,0.39082744857282736
3634,0,0.11605683113941126
3635,0,0.43413141625573853
3636,0,0.11096869999610408
3637,0,0.296188850837508
3638,0,0.2168756297561997
3639,0,0.17502202423779623
3640,0,0.5943961533427391
3641,0,0.136407033462036
3642,0,0.15741402848203032
3643,0,0.11117381519895063
3644,0,0.17174012889820753
3645,0,0.16050041369379076
3646,0,0.11322190530042911
3647,0,0.37786235156779974
3648,0,0.12807083041850945
3649,0,0.3277631634194658
3650,0,0.3209389269447966
3651,0,0.14983271987388752
3652,0,0.4302733330242047
3653,0,0.11873956079123248
3654,0,0.14898092561322795
3655,0,0.16448757885584997
3656,1,0.727980381390018
3657,0,0.0925234256227283
3658,0,0.09958240590576438
3659,0,0.15806650800306088
3660,0,0.15862629857182053
3661,0,0.12954690265015906
3662,0,0.24707670572972562
3663,1,0.7986048409583639
3664,1,0.8703908740208579
3665,0,0.09155330532548517
3666,0,0.1227711788910412
3667,0,0.3529071921410217
3668,0,0.15984339294683803
3669,0,0.2792920602578932
3670,0,0.20248632821037615
3671,1,0.8086657259310976
3672,0,0.12839210003661447
3673,0,0.17830152031984645
3674,0,0.09781870165259904
3675,0,0.11006348442997456
3676,0,0.26304932519388174
3677,0,0.5509581056409685
3678,0,0.3318448657887156
3679,0,0.32800052690970455
3680,0,0.10916184346273634
3681,0,0.13717679418084985
3682,0,0.44882675975441677
3683,0,0.5043048134424523
3684,0,0.19551334416239766
3685,0,0.3013142803290999
3686,0,0.23290789258073996
3687,0,0.12236160114942464
3688,0,0.1448929067825333
3689,0,0.13112358148164585
3690,0,0.15841882753982126
3691,0,0.10647388920847622
3692,0,0.11895012621485829
3693,0,0.3192231834341601
3694,0,0.1246392283220546
3695,0,0.1364448978381543
3696,0,0.39430676765624484
3697,0,0.2924286413209552
3698,0,0.3522629811164894
3699,0,0.10769223944435138
3700,0,0.20670611693055124
3701,0,0.12357852345192877
3702,1,0.8838533621677674
3703,0,0.12394476394648617
3704,0,0.13053680734747794
3705,0,0.5180992161153454
3706,0,0.17221567902773682
3707,0,0.1471911183201209
3708,0,0.3659678702426146
3709,1,0.8519371813627525
3710,0,0.1529470984968229
3711,0,0.25327821941291245
3712,0,0.1370384399235044
3713,0,0.13362774264026547
3714,0,0.6088286577569303
3715,0,0.2332249876255736
3716,0,0.22048403918447557
3717,0,0.12198952479585701
3718,0,0.446250363762341
3719,0,0.1294057720244022
3720,0,0.17422528770995693
3721,1,0.7031064733776669
3722,0,0.46230037387399203
3723,0,0.09035049958129077
3724,0,0.09376958622485947
3725,0,0.13131484424903367
3726,1,0.8570146383118203
3727,0,0.1064351353107738
3728,0,0.09684307595496482
3729,0,0.4951245802205404
3730,1,0.8587678953068808
3731,1,0.7121187018093464
3732,0,0.11106217139612388
3733,1,0.8652527311963062
3734,0,0.15110770358862882
3735,0,0.13775448562416623
3736,1,0.7148329092968629
3737,0,0.16991271264927618
3738,0,0.4038826776057344
3739,0,0.22218385660839382
3740,0,0.16184822829374093
3741,0,0.4000303401744813
3742,0,0.4514278371616209
3743,0,0.09554014334738115
3744,0,0.23000077283889928
3745,0,0.5947675435124699
3746,0,0.17698834328972887
3747,1,0.7527446579902499
3748,0,0.12852248342070033
3749,0,0.19909028575588592
3750,0,0.3958141489854956
3751,0,0.3520222050869149
3752,0,0.6019005991613108
3753,0,0.4385864858321282
3754,0,0.4626380816695334
3755,0,0.0931738323260282
3756,0,0.6358953973416702
3757,0,0.477237712446605
3758,0,0.5247091085841902
3759,0,0.29577281983679077
3760,1,0.7251375913325292
3761,0,0.12239688654811723
3762,0,0.13929703456066983
3763,0,0.32040004855418697
3764,0,0.1233682176224918
3765,0,0.15727842234829753
3766,0,0.17643676862119523
3767,0,0.6081676521103978
3768,0,0.4915666122028752
3769,0,0.12256599734112811
3770,0,0.11859266798961257
3771,1,0.6701296573861905
3772,0,0.11959980762086975
3773,1,0.8933556931885226
3774,0,0.6187585853029423
3775,1,0.8111192864460925
3776,0,0.24603837118705402
3777,0,0.47685256724821296
3778,0,0.254364269595983
3779,0,0.3354129849986264
3780,1,0.8646281027221067
3781,0,0.12280434354651931
3782,0,0.6427817066097185
3783,0,0.10365679913389647
3784,0,0.13177756628967405
3785,0,0.17827962689645455
3786,0,0.38931056098725814
3787,0,0.32955759847384547
3788,0,0.1815361504726164
3789,0,0.12153205552898216
3790,1,0.7414653821518508
3791,0,0.2504860109012399
3792,0,0.34696190145237293
3793,0,0.6373366201283912
3794,0,0.19051730513661716
3795,0,0.32800052690970455
3796,1,0.8452898216636066
3797,0,0.09250081278367282
3798,0,0.19197457424486225
3799,0,0.24607614965663346
3800,0,0.12726941422603363
3801,0,0.12802837828126828
3802,0,0.5404854125030177
3803,0,0.088499443200098
3804,0,0.1744327250975665
3805,0,0.13845779551039333
3806,0,0.10337212994298285
3807,0,0.5985206902292782
3808,0,0.31562024062264876
3809,0,0.15655264928213006
3810,0,0.11281871748245897
3811,0,0.11738506214929774
3812,0,0.1323551352229079
3813,0,0.18046565535853268
3814,0,0.3073530444985975
3815,1,0.8680138845859316
3816,0,0.12504251589901888
3817,0,0.08989268263753353
3818,0,0.28804404020815727
3819,0,0.15292369605528336
3820,0,0.4885184800156098
3821,0,0.12614926822234773
3822,1,0.8370641781949748
3823,0,0.10331456261647401
3824,0,0.21786255376692804
3825,0,0.611300318435921
3826,0,0.13140477942998674
3827,0,0.405882137736277
3828,0,0.356014491071617
3829,0,0.5801331850585394
3830,1,0.8805003031433685
3831,0,0.12525172975686927
3832,0,0.21629783671125552
3833,0,0.5930647298964117
3834,0,0.567133533153928
3835,1,0.8436434132638417
3836,1,0.7608149200260967
3837,0,0.34412103921039716
3838,1,0.6636018745595045
3839,0,0.15231262374689106
3840,0,0.3050581297259295
3841,0,0.5130450344044895
3842,0,0.09592169847561052
3843,0,0.2971189901569776
3844,0,0.3194287581468809
3845,1,0.8130169562885441
3846,0,0.49422337663860355
3847,0,0.12088157642560354
3848,0,0.3429756145426652
3849,0,0.2604255664603599
3850,0,0.12167243827287004
3851,0,0.29995628585051987
3852,0,0.20116852310836808
3853,0,0.14857967836015584
3854,0,0.3669873609273454
3855,0,0.10281664462837316
3856,0,0.32800052690970455
3857,0,0.11952059214080604
3858,0,0.09469705292014209
3859,0,0.328184568922416
3860,0,0.19185944994519608
3861,0,0.4799807621480209
3862,0,0.5203362204347904
3863,0,0.1339531349472448
3864,0,0.16364356093824592
3865,1,0.6580832679757594
3866,0,0.19520977363930525
3867,1,0.8528834556419053
3868,0,0.23154610515464857
3869,0,0.10054439148939359
3870,0,0.09889366249947659
3871,0,0.14424702717549756
3872,0,0.5743596857803839
3873,0,0.225950031945538
3874,0,0.5299574398641119
3875,0,0.16134194503031152
3876,0,0.21906861412375508
3877,0,0.524198748040495
3878,0,0.6328752840129683
3879,0,0.23485847498229576
3880,0,0.19915876939774765
3881,1,0.7117812238008372
3882,0,0.1227507870510757
3883,1,0.7121187018093464
3884,0,0.10633719866776903
3885,0,0.6277317578861159
3886,0,0.12648769830393686
3887,1,0.8378505535868382
3888,1,0.7953798935257445
3889,0,0.0917940335765998
3890,0,0.6052191832230502
3891,0,0.304897743086042
3892,1,0.7098082040126568
3893,0,0.1581678186090716
3894,0,0.3618383292297083
3895,1,0.7488625517963615
3896,0,0.21247191457498915
3897,0,0.5208675653881413
3898,1,0.8734032527626534
3899,0,0.6050913137888734
3900,0,0.26507303170397584
3901,0,0.22727858281964355
3902,0,0.2727104238468442
3903,0,0.11621176321710282
3904,0,0.20552919515445445
3905,0,0.2034966322621647
3906,0,0.44249674420525714
3907,0,0.3369846966154306
3908,0,0.14045571069607657
3909,0,0.12142199627397497
3910,0,0.24352773012740583
3911,0,0.3566740039116462
3912,0,0.5673129104683851
3913,0,0.34945992685810556
3914,0,0.09838657840746794
3915,0,0.44620306446636754
3916,0,0.09370093752361038
3917,1,0.6944276748311841
3918,0,0.10100319270171287
3919,0,0.2235647998231179
3920,0,0.09483605897568967
3921,1,0.8636919997486125
3922,0,0.2566731138478561
3923,0,0.4759736379368182
3924,0,0.12193821958055309
3925,1,0.6756156011993804
3926,0,0.15820457931607915
3927,0,0.5836948606595038
3928,0,0.13478458551607653
3929,0,0.2204693106131875
3930,0,0.23173771415148728
3931,0,0.35312663008558265
3932,0,0.503001442345456
3933,0,0.3174838598712561
3934,0,0.10205780031832604
3935,0,0.10318259568178463
3936,0,0.11200539578560503
3937,0,0.1835850317675658
3938,1,0.8671242074259341
3939,0,0.32800052690970455
3940,0,0.12388447835128344
3941,0,0.23217336868300378
3942,0,0.15627655082162822
3943,0,0.21930571085846892
3944,1,0.7172491860464956
3945,1,0.8462152090299035
3946,0,0.12019574584768952
3947,0,0.2721092198841742
3948,0,0.3587714040737278
3949,0,0.16409964576653377
3950,0,0.28492794879188266
3951,0,0.38627871663329116
3952,0,0.4399634852821807
3953,0,0.1971286557056206
3954,0,0.24793579916774544
3955,0,0.30584455762178403
3956,0,0.1821998100951404
3957,0,0.15139400711824452
3958,0,0.15857057846244202
3959,0,0.5317700750560006
3960,1,0.751856055510316
3961,0,0.26057655755442277
3962,0,0.19560890641781034
3963,0,0.14896978006046047
3964,0,0.09878242211959455
3965,0,0.393676098400459
3966,0,0.14784644040847303
3967,0,0.10005475662963305
3968,0,0.33036716308920644
3969,0,0.6122235493823309
3970,0,0.26049455982555253
3971,0,0.2893471440395228
3972,0,0.15662786459921818
3973,0,0.4844171338562645
3974,0,0.12829351820043883
3975,1,0.8545838753414992
3976,0,0.1197107411368341
3977,0,0.2421239723270446
3978,1,0.8440415143006155
3979,0,0.09268355898528807
3980,1,0.7575159073088416
3981,0,0.12234008362891076
3982,0,0.1785704263102123
3983,0,0.1682073552380497
3984,0,0.27389452206970605
3985,0,0.32800052690970455
3986,0,0.25847413319135276
3987,1,0.824841126038715
3988,0,0.12139729787544887
3989,0,0.10651510529059377
3990,0,0.14408967519393792
3991,0,0.12554985288370507
3992,0,0.5241651890073245
3993,0,0.36953814801983786
3994,0,0.49269810522545915
3995,0,0.19140748951515807
3996,1,0.7898158226672682
3997,0,0.6081676521103978
3998,1,0.7500637079783361
3999,0,0.5475661195273992
4000,1,0.79324156876825
4001,0,0.4374693445544092
4002,1,0.8965940157157225
4003,1,0.8582890856815554
4004,0,0.22771133065877786
4005,1,0.7551482707692098
4006,0,0.12073144903402586
4007,0,0.43594627382614504
4008,0,0.3277632020557389
4009,0,0.13485678673753226
4010,0,0.12118940999543908
4011,0,0.17338806863702846
4012,0,0.1711691121411981
4013,0,0.29374250516552375
4014,0,0.36394139175458723
4015,0,0.181436136027798
4016,0,0.1094080290075789
4017,0,0.2581454179410794
4018,0,0.2943957205237309
4019,0,0.19051757748888065
4020,0,0.09531944951756452
4021,0,0.35299518089834014
4022,1,0.7458295198436273
4023,0,0.4629968519627732
4024,0,0.32800052690970455
4025,0,0.11617489432393348
4026,0,0.1646823114771388
4027,0,0.41444995635992854
4028,0,0.11444106445632617
4029,0,0.43423392781003745
4030,0,0.19970206691305442
4031,0,0.20630706154906514
4032,0,0.18770572802778862
4033,0,0.21738205831904192
4034,0,0.5381195191642305
4035,1,0.7901938867470563
4036,0,0.23691078557242626
4037,0,0.09705288828720819
4038,0,0.1312090845950147
4039,0,0.6070627997181535
4040,0,0.18985181206372628
4041,1,0.8258725240866381
4042,0,0.11421128450490187
4043,1,0.7073327510902944
4044,0,0.22520854481689245
4045,0,0.552026093513325
4046,0,0.09458305698438042
4047,0,0.34673468444053424
4048,0,0.3412590896277531
4049,0,0.1495162587112966
4050,0,0.12050680692067103
4051,0,0.12996430267551487
4052,0,0.1802180486321606
4053,0,0.14917987079998402
4054,0,0.13276895298219704
4055,1,0.7608590937309327
4056,0,0.49678945931779644
4057,1,0.7514087772592374
4058,0,0.2946754753446125
4059,0,0.21843066720460594
4060,0,0.1770889138035571
4061,0,0.26557029987545255
4062,0,0.10170157532110098
4063,0,0.09422140296580211
4064,0,0.5657810725060856
4065,0,0.39458943102600036
4066,0,0.13250725810469785
4067,0,0.37436405197795536
4068,0,0.1708815146224476
4069,0,0.17792503266922222
4070,0,0.4568536842798082
4071,0,0.25100066383961467
4072,1,0.8775198024008973
4073,1,0.8317773973508616
4074,0,0.16176192994100302
4075,0,0.11934169086690799
4076,0,0.21897186200598728
4077,0,0.27516430410068327
4078,0,0.1018266205303807
4079,0,0.09429178756695249
4080,0,0.4981766370189208
4081,0,0.18794667506288323
4082,1,0.8341953568166748
4083,1,0.8569565756786417
4084,0,0.23343544913457873
4085,1,0.7332668241646493
4086,0,0.27400168521682644
4087,0,0.13175233644850876
4088,0,0.5915298020601777
4089,1,0.6652152215315565
4090,1,0.8803610853372439
4091,0,0.34371625122581084
4092,0,0.15015364899263198
4093,0,0.10602286597947289
4094,0,0.11704567995985424
4095,1,0.7287409743731474
4096,0,0.4981766370189208
4097,0,0.10022714838728411
4098,0,0.17327827523555375
4099,0,0.43668882139067633
4100,0,0.15968288328498323
4101,0,0.12504177134120595
4102,0,0.22346040083763977
4103,0,0.14266435759981824
4104,0,0.2909042276771427
4105,0,0.15747309447616295
4106,0,0.6166664440577061
4107,0,0.3806323072595206
4108,0,0.09804412455067803
4109,0,0.3253316893965529
4110,0,0.5062987378065319
4111,0,0.6251466480823555
4112,0,0.4247947815529467
4113,0,0.1106636501067217
4114,0,0.28132990324133794
4115,0,0.18985321800009355
4116,0,0.36689073418764284
4117,0,0.11344547608111052
4118,0,0.1902711115814337
4119,1,0.8688474275374719
4120,0,0.34711198228683365
4121,0,0.185571214358703
4122,0,0.13423667629814365
4123,0,0.12312757159006563
4124,0,0.48897796022701495
4125,1,0.7789994941883039
4126,0,0.19800551967899765
4127,1,0.8643496165271182
4128,0,0.2962985945463482
4129,1,0.8795150302174811
4130,0,0.2970766849662288
4131,0,0.32800052690970455
4132,0,0.09718462357775197
4133,1,0.7358378598318452
4134,0,0.1280624525669602
4135,0,0.41357768693195807
4136,0,0.17538095309924548
4137,1,0.8801887484273546
4138,0,0.34366024899432374
4139,0,0.32800052690970455
4140,1,0.7550524039348641
4141,0,0.30673702625236526
4142,0,0.21310456117697807
4143,0,0.09688000155580449
4144,0,0.19098761780294096
4145,0,0.4244829021781509
4146,0,0.1099974388487752
4147,1,0.8513690269206938
4148,0,0.12855304336589038
4149,0,0.3160089951930746
4150,0,0.3769850506632476
4151,1,0.6566061928489707
4152,0,0.09395348801059603
4153,0,0.2834633343578036
4154,0,0.17818256547627012
4155,0,0.12484086672743773
4156,0,0.2483157348108494
4157,0,0.30735362308256214
4158,0,0.2093632379003573
4159,0,0.21799069311985378
4160,1,0.777129552617845
4161,0,0.1731778407926508
4162,0,0.32668938753145316
4163,0,0.11890292817843254
4164,0,0.16824619790433445
4165,1,0.8822363352756625
4166,1,0.8348390113370647
4167,0,0.22962008030862044
4168,0,0.13621167979713963
4169,0,0.09169117609674272
4170,0,0.36626870708917697
4171,0,0.36866696459040726
4172,1,0.781088712365846
4173,1,0.8143814324791186
4174,0,0.1318849250742014
4175,0,0.11062036026449766
4176,0,0.486609336652155
4177,0,0.5041574458676538
4178,0,0.3989771263490348
4179,0,0.20321687307042402
4180,0,0.10756929503601612
4181,1,0.7674557543405031
4182,0,0.514625433161906
4183,0,0.15792983357215745
4184,0,0.248348050224868
4185,1,0.8703220265566253
4186,0,0.5849903485063446
4187,0,0.3338357685488367
4188,0,0.13530318774800867
4189,0,0.0952045384101968
4190,1,0.7633694673650918
4191,0,0.0983488269667101
4192,0,0.5737085333098697
4193,0,0.1476930610055547
4194,0,0.32800052690970455
4195,1,0.8839450432689631
4196,0,0.36198233361650395
4197,0,0.45014832751301476
4198,0,0.4560365987632438
4199,0,0.20165804513922253
4200,0,0.17538779123377696
4201,1,0.8503964691291775
4202,0,0.24240001460874708
4203,0,0.0905194485653267
4204,0,0.133728383043674
4205,0,0.3355606956254731
4206,0,0.13004086077111476
4207,0,0.3557167371207741
4208,0,0.5695178712347685
4209,0,0.19755753542184082
4210,0,0.11592354350073013
4211,0,0.0959369028303354
4212,0,0.11359177564524625
4213,0,0.1038665833760033
4214,0,0.15750413327698518
4215,1,0.6693617878523979
4216,0,0.3193221392306529
4217,1,0.7824363034075903
4218,1,0.8166500135411061
4219,0,0.25552916035099804
4220,1,0.7041899525721997
4221,0,0.09548358656750314
4222,1,0.8688934522251345
4223,0,0.11098196072489976
4224,0,0.4319760561066062
4225,1,0.8296784741177206
4226,0,0.5601186740078733
4227,0,0.11731378714020528
4228,0,0.46731091332255714
4229,0,0.11490172343488914
4230,0,0.3545963064231864
4231,0,0.5933562747503442
4232,0,0.13475051092251905
4233,0,0.11038240515918792
4234,0,0.09993890728324817
4235,1,0.7113698883189783
4236,0,0.46511183928353284
4237,0,0.11426392310221395
4238,0,0.19909028575588592
4239,0,0.10422382117649857
4240,0,0.1230839548166732
4241,0,0.10857612871821645
4242,0,0.18090219484548312
4243,0,0.10837105148736004
4244,0,0.1387126113239635
4245,0,0.16965500591554614
4246,1,0.7579253834994968
4247,1,0.8483871726344019
4248,0,0.20980634851857577
4249,1,0.8406623035528576
4250,1,0.8706750434682975
4251,0,0.1387498872947307
4252,0,0.10173896743330488
4253,1,0.8196934166017606
4254,0,0.12151983167337549
4255,0,0.17032242703233771
4256,0,0.53963612646015
4257,0,0.16536178947523805
4258,0,0.09953539813350067
4259,0,0.29545763279108544
4260,0,0.11990482380403586
4261,0,0.35291817400092595
4262,0,0.3039030593341787
4263,0,0.15155612162525278
4264,0,0.08712697262415028
4265,1,0.8570417525725271
4266,1,0.8312709320202568
4267,0,0.6293499477148501
4268,0,0.11439856275941411
4269,1,0.7982913282715904
4270,1,0.761238009619866
4271,0,0.1279832183779807
4272,0,0.37418810808584907
4273,0,0.2679802670929026
4274,0,0.15354194342944724
4275,0,0.23183427684744168
4276,0,0.6012098236212435
4277,0,0.20723831767161283
4278,0,0.34855383309253957
4279,0,0.544526218050372
4280,0,0.12112336237019783
4281,0,0.1865274502221727
4282,0,0.22846449956835352
4283,0,0.13522747149978825
4284,0,0.17532132787929608
4285,0,0.11307710669755638
4286,0,0.1512329289279387
4287,0,0.12192583457707055
4288,0,0.12071362271739855
4289,0,0.24556673886735275
4290,0,0.4587079089743713
4291,0,0.10406127502337485
4292,0,0.1377708016060054
4293,0,0.20469825739090053
4294,0,0.1223829361853351
4295,0,0.2205040119058012
4296,0,0.10362018323096941
4297,0,0.17803149238836938
4298,0,0.10377151657203995
4299,0,0.49437504755068123
4300,1,0.6699178586923591
4301,0,0.11796181396667682
4302,0,0.1191225128682823
4303,0,0.16043109808253744
4304,0,0.15674684304699493
4305,0,0.09498497121934836
4306,0,0.5375701048842761
4307,0,0.4995084213540222
4308,0,0.12838001242106206
4309,0,0.230204451868328
4310,0,0.5858121426965228
4311,1,0.7232816746825157
4312,1,0.6629072998634405
4313,1,0.7798773858471434
4314,0,0.11263633259888306
4315,0,0.17462038572959648
4316,0,0.09536859939563407
4317,0,0.15469068985902346
4318,0,0.12358007306656266
4319,0,0.17501423571282448
4320,0,0.12333950054857833
4321,1,0.7224092935865345
4322,1,0.8551116758302062
4323,0,0.3825967977222337
4324,0,0.15756073794300962
4325,0,0.46462951414663844
4326,1,0.8839298748729132
4327,1,0.7589048450399465
4328,0,0.4539688731384905
4329,0,0.43829177184710605
4330,1,0.8767838899058347
4331,1,0.8641002191099918
4332,0,0.09569274524210918
4333,0,0.19381208110914222
4334,0,0.14720695713481713
4335,1,0.6680211819061285
4336,0,0.5873992541640043
4337,0,0.5572551070260033
4338,0,0.1806494080627664
4339,0,0.40056703404504207
4340,0,0.20485866870818772
4341,0,0.33754796227430206
4342,0,0.5327643312242306
4343,0,0.3180378269505759
4344,0,0.12555006136442995
4345,0,0.2561485389693665
4346,0,0.22337033619178603
4347,0,0.5510743248057911
4348,0,0.0958733633042419
4349,0,0.18474724546902535
4350,0,0.10415445217768522
4351,1,0.7611903897776914
4352,0,0.23947183774016184
4353,0,0.27169505805608957
4354,0,0.12503508779080164
4355,0,0.25620263066820725
4356,0,0.2796609863297956
4357,1,0.8877831239953344
4358,0,0.16457155538855564
4359,0,0.12121832171997951
4360,0,0.12273640198904864
4361,0,0.08913638902114118
4362,0,0.5651886123833773
4363,0,0.3768250989153587
4364,0,0.10509711846789685
4365,0,0.12745909349740497
4366,0,0.41032419283659327
4367,0,0.40553900180371993
4368,1,0.6909393852765519
4369,0,0.10831832702388824
4370,0,0.10395789915774657
4371,0,0.1296592129077164
4372,0,0.5144974475113235
4373,0,0.09853805503693946
4374,0,0.12320177044079006
4375,1,0.8901630160317214
4376,0,0.14181281786766908
4377,0,0.14595003675049328
4378,0,0.26429610149015215
4379,0,0.21619875331514193
4380,1,0.6651600970943744
4381,0,0.1101457694450083
4382,0,0.2182386480720797
4383,0,0.13659912018548637
4384,0,0.4538459164831811
4385,0,0.1079544217380934
4386,0,0.09223863638738937
4387,0,0.3986214381345928
4388,0,0.1352969257158063
4389,1,0.8366830256150082
4390,0,0.431194078494644
4391,0,0.2166973953020867
4392,0,0.28968115594132177
4393,0,0.11825617842786497
4394,1,0.8829909880873597
4395,0,0.18695946761445756
4396,0,0.1467362007061752
4397,0,0.09622712109208431
4398,0,0.37890697580507676
4399,0,0.09550309994596994
4400,0,0.3459399279533927
4401,1,0.6702577869069963
4402,0,0.11454643686104671
4403,0,0.45112328295977694
4404,0,0.22769280340517248
4405,0,0.25670314351530693
4406,1,0.6870101860622014
4407,0,0.14826196968567354
4408,0,0.20261448865603834
4409,1,0.8641787811279049
4410,0,0.3305211989569298
4411,0,0.21242941619820102
4412,0,0.22078396932490063
4413,0,0.5554590753495231
4414,0,0.2858691297432005
4415,0,0.42128903976247295
4416,0,0.11897944010495107
4417,0,0.11566299620672839
4418,0,0.29486722873259624
4419,0,0.2109628480647604
4420,0,0.24911022897928117
4421,0,0.34078596497000924
4422,0,0.11133375470327529
4423,0,0.18795705593972437
4424,0,0.25285385867358373
4425,0,0.5306736222135424
4426,0,0.3184182875953004
4427,0,0.3305702191863946
4428,0,0.4074875197336754
4429,0,0.5341122981074518
4430,0,0.19131683450402467
4431,0,0.15595931215817402
4432,0,0.6304254879674206
4433,0,0.33780923946922514
4434,0,0.1265386579220579
4435,0,0.1278001425944748
4436,0,0.11948005196590819
4437,0,0.14677869411089942
4438,0,0.47081434171780084
4439,0,0.1093840985041274
4440,0,0.12552856678443555
4441,0,0.13681334460862404
4442,0,0.11888013297674066
4443,0,0.2448061705708061
4444,0,0.15017098107795093
4445,0,0.1726211312474554
4446,0,0.3205329551908453
4447,0,0.10829532307179868
4448,1,0.7269474684761913
4449,0,0.21657963774627723
4450,0,0.12003390308578767
4451,0,0.2792237136450363
4452,0,0.1111274215302832
4453,0,0.18761694047737928
4454,0,0.1057784961816461
4455,1,0.818279405379941
4456,0,0.20951786382867718
4457,0,0.13783374688080977
4458,1,0.8776623446162779
4459,0,0.12281529782306834
4460,0,0.23977781888526814
4461,0,0.4063288314065776
4462,0,0.33471928956275804
4463,0,0.12338641790614244
4464,0,0.3607106822664461
4465,0,0.0928330566218863
4466,0,0.162450027685261
4467,0,0.12132692118885874
4468,0,0.3603317002801208
4469,0,0.27755723631836066
4470,0,0.2954884295837821
4471,0,0.1285023651417621
4472,0,0.08969291479620112
4473,0,0.32167273272653685
4474,0,0.321161081892872
4475,1,0.7849434004139118
4476,0,0.49062558554930685
4477,1,0.8886832459672094
4478,1,0.8410024385679656
4479,0,0.3174838598712561
4480,0,0.18344475581464742
4481,0,0.1522952744196102
4482,0,0.1141121830065138
4483,0,0.13172694725002412
4484,0,0.10152532510128481
4485,1,0.8280663318190437
4486,0,0.4241204300270889
4487,0,0.3745001721359164
4488,0,0.09813350093297488
4489,0,0.49119392868405787
4490,0,0.38782165869523894
4491,0,0.09472324380762925
4492,0,0.11457814234538483
4493,0,0.1614080306882381
4494,0,0.1166153781562518
4495,0,0.12968078911545514
4496,0,0.14399912608113852
4497,0,0.14802422789090217
4498,0,0.14186055787292784
4499,0,0.11487081897117124
4500,0,0.17261961981581547
4501,0,0.1031790131434995
4502,1,0.7071309208783396
4503,0,0.1051488212596246
4504,0,0.12034602475661672
4505,0,0.19450847849347982
4506,0,0.21787867043883513
4507,0,0.09845015267788106
4508,1,0.8654062150162937
4509,0,0.4791460094861768
4510,0,0.09543587565366383
4511,0,0.2078059980883719
4512,0,0.1804469375676957
4513,0,0.158693583099087
4514,0,0.33454431451340627
4515,0,0.3883374559866465
4516,0,0.1378715027828732
4517,0,0.5219825959981864
4518,0,0.15979399372835576
4519,0,0.2333441589512254
4520,0,0.26766399684063674
4521,0,0.431267688868739
4522,0,0.3851732114168989
4523,0,0.29995628585051987
4524,0,0.15921694045751247
4525,1,0.860657345829673
4526,0,0.17781986115621531
4527,1,0.8678345439354335
4528,0,0.4428705488394082
4529,1,0.7656724725858107
4530,0,0.44247184298969666
4531,0,0.21174364270753496
4532,0,0.31862909894928343
4533,1,0.8348390113370647
4534,0,0.09534296027858438
4535,0,0.23355731395122137
4536,0,0.13084829155880956
4537,0,0.46024779972461355
4538,0,0.1635631655041874
4539,0,0.10559913077171044
4540,0,0.1175574943243436
4541,0,0.1893273740351294
4542,0,0.1086715482459734
4543,0,0.11060819489195159
4544,0,0.3820472341653237
4545,0,0.26768703302016095
4546,0,0.19421462401433642
4547,1,0.7138897590946057
4548,0,0.3271011178605683
4549,1,0.7820392390080129
4550,0,0.16555276281936965
4551,0,0.6094815933809791
4552,1,0.6948845087188096
4553,0,0.4136757379880157
4554,0,0.0937469965938659
4555,0,0.24004661134355343
4556,0,0.10315920096487156
4557,0,0.12467690659577348
4558,1,0.8593369936012216
4559,0,0.19316580760567614
4560,0,0.6372225547534239
4561,0,0.1556331098439781
4562,0,0.12247886924032919
4563,0,0.34694089842932213
4564,0,0.3205329551908453
4565,0,0.12673099319042755
4566,0,0.11871244357163031
4567,0,0.5596919647642853
4568,0,0.11737402438717674
4569,0,0.11388547183427454
4570,0,0.19321521962690086
4571,0,0.11541674142428258
4572,0,0.09434525507399033
4573,0,0.22306561296987282
4574,0,0.2173228270461648
4575,0,0.11981555454080932
4576,1,0.7599287279340606
4577,1,0.771626540706198
4578,0,0.35609633263281326
4579,0,0.6227772368973713
4580,1,0.8557337600059636
4581,0,0.30361115531727745
4582,0,0.4833484090052083
4583,0,0.2788046723382115
4584,0,0.20260953275331509
4585,1,0.8461348330572722
4586,1,0.85709878287107
4587,0,0.5334326134203335
4588,1,0.8121299881943913
4589,0,0.10047728237786657
4590,0,0.16133375372775166
4591,0,0.15723080529812075
4592,0,0.5779825735491793
4593,0,0.6218186641339699
4594,0,0.27733852947195115
4595,0,0.0959851615373185
4596,0,0.3923211413027692
4597,0,0.4447883110499781
4598,0,0.240582291560095
4599,0,0.1250251280068464
4600,0,0.4495684420173078
4601,0,0.44232660541818464
4602,0,0.4262210271588886
4603,0,0.3632545442113665
4604,0,0.12042922723526572
4605,0,0.11529627424426281
4606,1,0.6814758909757811
4607,0,0.27472609883473503
4608,1,0.8334981669384721
4609,0,0.24217315260457628
4610,0,0.19319892218166426
4611,0,0.2369252923850279
4612,0,0.09362344480026204
4613,0,0.19276850515554741
4614,0,0.09408162952652498
4615,0,0.1475206609839711
4616,0,0.32800052690970455
4617,0,0.5910260113253643
4618,0,0.5916183231595872
4619,0,0.09990015265518841
4620,0,0.14958587952582614
4621,1,0.8723390551935973
4622,0,0.6449616084191135
4623,1,0.8341464805036193
4624,1,0.880340467596599
4625,0,0.2925741971885727
4626,0,0.1516802325993102
4627,0,0.24024310228712384
4628,0,0.12088640776767347
4629,0,0.17601565703448996
4630,0,0.16963702841979852
4631,0,0.1641359190092709
4632,0,0.11271396351657316
4633,0,0.1588981606632549
4634,0,0.5709273944484076
4635,0,0.3461482496422868
4636,1,0.8804830569660704
4637,0,0.11271214507850584
4638,0,0.09525965806208707
4639,0,0.2624437791008017
4640,0,0.09245547397416731
4641,0,0.192108294176716
4642,0,0.21919564669265915
4643,0,0.2193515208603393
4644,0,0.09309414450738243
4645,0,0.14942146646837343
4646,0,0.11265056691943183
4647,0,0.1533421887715124
4648,0,0.19550674472929275
4649,0,0.20588769706691412
4650,1,0.8345892081950345
4651,0,0.6464527330839696
4652,0,0.5351031094058932
4653,0,0.5517754965434641
4654,0,0.12184713138178155
4655,0,0.28752969605814405
4656,0,0.13173519614062404
4657,0,0.19261374197547876
4658,0,0.2256208608709557
4659,0,0.1358575239665831
4660,0,0.21679324001069802
4661,0,0.5594205042108099
4662,0,0.2324993548646324
4663,0,0.45459740218679473
4664,0,0.3860747733763491
4665,0,0.15062127298703135
4666,1,0.8575627681335586
4667,0,0.1765483440862671
4668,0,0.18357162659582443
4669,0,0.10861100909135063
4670,0,0.11758388886661349
4671,1,0.7066719936293627
4672,0,0.32800052690970455
4673,1,0.7086460062355922
4674,0,0.11455382144907181
4675,0,0.2598783867905876
4676,0,0.20520897789641293
4677,0,0.13235035432024134
4678,1,0.8280663318190437
4679,0,0.5785096619768963
4680,0,0.16283344142903214
4681,0,0.15963280744156005
4682,0,0.13574996245793886
4683,0,0.17622358618514117
4684,0,0.3312566214636136
4685,0,0.09589338450398668
4686,0,0.2836082968891564
4687,0,0.20918212835171482
4688,0,0.3894969438590205
4689,0,0.3455210349383443
4690,0,0.19548356838115924
4691,1,0.8048867553408677
4692,1,0.7039031034708874
4693,0,0.09992359248950428
4694,0,0.2645488231715215
4695,0,0.3131900673420291
4696,0,0.47547114965889736
4697,0,0.17893964727434739
4698,0,0.19145382823080137
4699,0,0.3897558729346444
4700,0,0.560341683791437
4701,0,0.21806496364483036
4702,0,0.21959415550161707
4703,0,0.6176065263272538
4704,1,0.8736088449768058
4705,0,0.2423020775417994
4706,0,0.20323604002049586
4707,0,0.6415413847408928
4708,0,0.11095657831307348
4709,0,0.5405100410063203
4710,0,0.1031540693150943
4711,1,0.7589965120458277
4712,0,0.14083555201386289
4713,1,0.7837668096132542
4714,0,0.6250196623230828
4715,0,0.2162603154088442
4716,1,0.8884225796236753
4717,0,0.1466104654746061
4718,0,0.14083424816268747
4719,1,0.8597534372682519
4720,1,0.7793046576520645
4721,0,0.6282626469115252
4722,0,0.15283924715150743
4723,0,0.09467002310068515
4724,0,0.2858691297432005
4725,0,0.10631265471026421
4726,0,0.17438485700034698
4727,0,0.1274754080366038
4728,0,0.35845692573796756
4729,0,0.10856232579110275
4730,1,0.7527637312660403
4731,1,0.7185485797419419
4732,1,0.8084841384769669
4733,0,0.0990610466996347
4734,0,0.11956242230021942
4735,0,0.17960094197820947
4736,0,0.14778512442435873
4737,0,0.1233682176224918
4738,0,0.17532855478234802
4739,0,0.11620414414432644
4740,1,0.7204648404661306
4741,0,0.13376206980325142
4742,1,0.7263270292202448
4743,0,0.09443961006208873
4744,0,0.6219371243992522
4745,0,0.2753717516430754
4746,0,0.11825599114178921
4747,0,0.18384279980601992
4748,0,0.31055189010023265
4749,0,0.12585944234240468
4750,1,0.8445426254059185
4751,0,0.641146388583363
4752,0,0.10694264467669415
4753,1,0.8593369936012216
4754,0,0.6469858607466066
4755,0,0.18176454814708104
4756,0,0.2937516526376653
4757,0,0.2453294260656091
4758,0,0.533707767009643
4759,1,0.8580681944477665
4760,0,0.5563460997568016
4761,0,0.10385414335030457
4762,0,0.12642180421422888
4763,0,0.55375180102868
4764,0,0.4178631017303227
4765,0,0.1081480842478201
4766,0,0.42321701141643087
4767,0,0.23435601498338685
4768,0,0.27409920218731054
4769,0,0.15695371132338204
4770,0,0.14698150229477808
4771,1,0.711812853246285
4772,0,0.6032787461064965
4773,0,0.28494169872711744
4774,0,0.0945006682907631
4775,0,0.26254295830877844
4776,0,0.5159358305580276
4777,0,0.296841940417823
4778,1,0.7688387660804423
4779,0,0.10551728436010986
4780,0,0.287381624088503
4781,0,0.12560855336160034
4782,0,0.36304567251185577
4783,0,0.13994717973542814
4784,0,0.39386875688666917
4785,0,0.15224836527775396
4786,0,0.6121556474662945
4787,0,0.15788721569030006
4788,0,0.3437807798007745
4789,0,0.28249451823988003
4790,0,0.09839480935305919
4791,0,0.40930723243840383
4792,1,0.7057638594958208
4793,1,0.6588337726392088
4794,0,0.5337508043791376
4795,0,0.2250417427034449
4796,1,0.6847125214188913
4797,0,0.10019729490150234
4798,0,0.13242399628919926
4799,0,0.12993829782893804
4800,0,0.12139066031916894
4801,1,0.7340243020928274
4802,1,0.7330306768881268
4803,0,0.18815467703129218
4804,0,0.18239101548110467
4805,1,0.8596752389245378
4806,0,0.27344822275730774
4807,0,0.22973809907709505
4808,0,0.4894087653479626
4809,0,0.12622285496537908
4810,0,0.11967289408301585
4811,1,0.8397149175585554
4812,0,0.216357467037581
4813,0,0.29474141943520266
4814,1,0.691601861153947
4815,0,0.5586974328668989
4816,0,0.10075586774329806
4817,0,0.12315317290113406
4818,0,0.5100689552066825
4819,1,0.8748451205689879
4820,0,0.27610694027533955
4821,0,0.6423432047981582
4822,0,0.0937700608706726
4823,0,0.5256099084605386
4824,0,0.19201121635428764
4825,0,0.11512582765346366
4826,0,0.13743267083325358
4827,1,0.7011390886539992
4828,0,0.2572266852631341
4829,0,0.21049571379346527
4830,0,0.11691747272604276
4831,0,0.280943542028951
4832,0,0.15079092674165157
4833,0,0.36847246299212355
4834,0,0.1171448331082439
4835,1,0.8281957032871504
4836,0,0.3472308743498562
4837,0,0.11297721262387218
4838,0,0.08860963013832679
4839,0,0.2341061749150632
4840,0,0.1642919943541224
4841,0,0.14299057609591462
4842,0,0.15539965950789555
4843,0,0.21916790233770803
4844,1,0.7515592006931089
4845,0,0.17635963617853184
4846,1,0.7806726750802354
4847,0,0.16676643356808435
4848,0,0.09644880976672464
4849,1,0.8335180688982098
4850,0,0.3247656804657174
4851,0,0.45831911519985463
4852,0,0.595547433152696
4853,0,0.09960963367309943
4854,0,0.5448598687915697
4855,0,0.12271192827893612
4856,1,0.8032987210879019
4857,0,0.11607108496454917
4858,0,0.13299352577880771
4859,0,0.09653346699202137
4860,0,0.10646891909754368
4861,0,0.5148817559816625
4862,0,0.4073030876568372
4863,0,0.12507097201689138
4864,1,0.8198411805070367
4865,0,0.6099345886735189
4866,0,0.4747974604326915
4867,0,0.14069054964229225
4868,1,0.8549879664355169
4869,0,0.11971089489272056
4870,0,0.4476012072736907
4871,1,0.8675118546493992
4872,0,0.5058908377346599
4873,0,0.09899408326957107
4874,1,0.8697147541001424
4875,1,0.776906728000925
4876,0,0.15628988951850975
4877,0,0.4236281082201523
4878,1,0.8190873402910661
4879,0,0.5033314784214079
4880,0,0.17408591187129985
4881,0,0.43322983664292375
4882,0,0.5176442462895539
4883,0,0.5663880304051996
4884,0,0.5431966147941191
4885,0,0.17537843734999436
4886,1,0.886283028926522
4887,0,0.12096057027337088
4888,1,0.7916292837382239
4889,0,0.45712656697758
4890,0,0.28802721617297905
4891,0,0.09837292576210638
4892,0,0.08874941575465049
4893,0,0.46520690501473816
4894,0,0.1641308676098443
4895,1,0.7398456552023827
4896,0,0.3162618493648465
4897,0,0.2335065237390392
4898,0,0.2943522349895953
4899,0,0.09570726237480223
4900,0,0.17261793546955506
4901,0,0.2151293154022357
4902,0,0.1672080413826997
4903,0,0.09382484434157815
4904,0,0.40147235224569733
4905,1,0.7350798875689161
4906,0,0.10480066045312456
4907,0,0.11670083435567713
4908,0,0.5217076405491597
4909,0,0.14463233266313513
4910,0,0.37632444652549907
4911,0,0.4855144074788632
4912,1,0.8346650091225154
4913,0,0.12011935155278634
4914,0,0.2857749135951507
4915,0,0.2346687195694661
4916,1,0.7890823663765588
4917,0,0.1924595349642502
4918,0,0.1435050108839531
4919,0,0.2216292995303236
4920,0,0.1635186036443483
4921,0,0.09501879586438865
4922,0,0.20678948628654897
4923,0,0.3541841058733741
4924,0,0.27861018357069295
4925,0,0.5505158080928687
4926,0,0.2793821743237957
4927,0,0.37207364259454334
4928,0,0.6296128797460309
4929,0,0.2892876707539689
4930,0,0.3606318070104542
4931,1,0.6725828151415146
4932,0,0.4892555253805412
4933,0,0.12351849255162348
4934,0,0.26011988319257606
4935,0,0.2802411018666666
4936,0,0.30061987701697857
4937,0,0.22862018902647346
4938,1,0.8001096858355052
4939,0,0.23979325367250076
4940,1,0.7025506058189239
4941,1,0.8637795206758528
4942,0,0.12044973924096831
4943,0,0.11574245583537886
4944,0,0.4647551114715369
4945,0,0.13231211154626848
4946,0,0.10848423971054497
4947,0,0.13831914219124297
4948,0,0.5177344283679399
4949,0,0.5790722280854614
4950,0,0.10102408548230465
4951,0,0.1598244276205362
4952,0,0.09348688331663749
4953,0,0.12282101707403384
4954,0,0.32327965182850116
4955,0,0.5920076119727038
4956,0,0.19678285739454962
4957,0,0.09626210191072354
4958,0,0.19560164450955564
4959,0,0.1669468393560271
4960,0,0.13324262429020964
4961,1,0.6626839140713745
4962,0,0.2800989296256571
4963,1,0.8151942414520255
4964,1,0.705408644708821
4965,0,0.34915310511228226
4966,1,0.8756243063464003
4967,0,0.3756687661012779
4968,0,0.3125761120004418
4969,0,0.10497702850980513
4970,0,0.12862196078369284
4971,0,0.15161731832288242
4972,0,0.4383627842049404
4973,0,0.2177127635225538
4974,0,0.5340103210737113
4975,0,0.25971526085734215
4976,0,0.6395350564382779
4977,0,0.12127355628678325
4978,0,0.27529516897315714
4979,0,0.420881219280245
4980,0,0.162450027685261
4981,0,0.13696540532454357
4982,1,0.7568807328300453
4983,0,0.3102906988899655
4984,0,0.1309973497516528
4985,0,0.31996937675726744
4986,0,0.1500020281043843
4987,0,0.2961072627620276
4988,0,0.122280215436103
4989,0,0.41094814140908464
4990,1,0.8501138525281444
4991,0,0.3186020400546331
4992,0,0.2693768970678643
4993,0,0.12640103368492236
4994,0,0.6241388519889995
4995,0,0.2614061254486676
4996,0,0.18567788805707303
4997,0,0.1259051294508533
4998,0,0.27298393711004354
4999,1,0.8407284080139789
5000,0,0.20976861694622248
5001,0,0.1624683198472163
5002,0,0.2466703769247081
5003,0,0.13973985434638483
5004,0,0.1858105190510125
5005,0,0.3915565989672095
5006,0,0.29995628585051987
5007,1,0.8550909450617687
5008,0,0.11303262228541495
5009,0,0.17022652671102867
5010,1,0.6751928477047388
5011,0,0.17315814714538236
5012,1,0.7117326024827948
5013,0,0.3629642211724303
5014,0,0.1645814470352465
5015,1,0.872988327823713
5016,0,0.1085874310524172
5017,0,0.4281954920464817
5018,1,0.8540979674510658
5019,0,0.5414233397556246
5020,0,0.2257646639879861
5021,0,0.46226202250154996
5022,0,0.09595487739338769
5023,0,0.28386577991458617
5024,1,0.6555308825326053
5025,0,0.11618346610033158
5026,1,0.7376990385082405
5027,0,0.4017847943324594
5028,1,0.8074625771854315
5029,0,0.30277603114016366
5030,0,0.09329182054034948
5031,0,0.17864455326605713
5032,0,0.09932736941096566
5033,0,0.29603475023827985
5034,0,0.10039292754663279
5035,0,0.12137757827613313
5036,0,0.30534431793318145
5037,0,0.2844764874786723
5038,0,0.26126200844055325
5039,0,0.2145303961782196
5040,0,0.1913919549879588
5041,0,0.10640753219846111
5042,0,0.11524797924617199
5043,0,0.5287463372443619
5044,0,0.1276681301562039
5045,1,0.8676832542937372
5046,0,0.25665891684696734
5047,0,0.5371638188566302
5048,0,0.10618097186133606
5049,0,0.13796944036688966
5050,0,0.0976920920386798
5051,1,0.8137354308981133
5052,0,0.15107179628270093
5053,0,0.09543079757440132
5054,0,0.32800052690970455
5055,0,0.3820472341653237
5056,1,0.8553484066208317
5057,0,0.33714688637682405
5058,1,0.8324503456531629
5059,1,0.7336027322801528
5060,0,0.09877229147247099
5061,0,0.09646818510186059
5062,0,0.15559432993180947
5063,0,0.48405200454024244
5064,0,0.10705581841061479
5065,0,0.11961708360480332
5066,0,0.09927967300592053
5067,1,0.8853538746787742
5068,0,0.3354233016794597
5069,1,0.8335180688982098
5070,0,0.10547479128346764
5071,0,0.11818832646572563
5072,0,0.09757633087222195
5073,0,0.11222023718392206
5074,1,0.8650834710359928
5075,0,0.36470173446121407
5076,1,0.7172803562219381
5077,0,0.10297446088894208
5078,0,0.5628325833287295
5079,0,0.11385287499433058
5080,0,0.17402428394611966
5081,0,0.32800052690970455
5082,0,0.40011208482054555
5083,0,0.13034849316131453
5084,0,0.26403316877764954
5085,0,0.5166565023839556
5086,1,0.847862250666284
5087,0,0.6405138620224888
5088,0,0.21162778451446912
5089,1,0.8801736174431873
5090,0,0.10017087646134416
5091,0,0.16095334134307562
5092,0,0.3159339781125196
5093,0,0.4234035695869626
5094,0,0.10985675989150899
5095,0,0.2794614504959338
5096,1,0.8688290529826443
5097,1,0.8187136385272477
5098,0,0.10361174934535791
5099,0,0.329696905378831
5100,0,0.1242835360807162
5101,0,0.2615721337690394
5102,0,0.11185286771932743
5103,0,0.4378966055083467
5104,1,0.8206643484608188
5105,0,0.148975499203822
5106,0,0.13469388101753807
5107,0,0.14748075885134823
5108,0,0.14843429557629326
5109,0,0.16988419943565297
5110,0,0.11614860927805727
5111,0,0.6314014064085437
5112,0,0.15232142314420447
5113,0,0.2721415088272877
5114,0,0.12631141582288463
5115,0,0.4480455464152253
5116,1,0.8344657057467906
5117,0,0.20492138228180012
5118,0,0.11781123327138829
5119,1,0.6646998299828477
5120,0,0.12803418735200497
5121,0,0.6437363905017712
5122,0,0.5740565692640551
5123,0,0.0947903207474869
5124,0,0.1917497098557845
5125,1,0.888610782163224
5126,0,0.13348330715919143
5127,0,0.10988781011562965
5128,1,0.8598247665090812
5129,1,0.8600839724047824
5130,1,0.7647075265999401
5131,0,0.17529625760191314
5132,1,0.8574363472669184
5133,0,0.23860825548913772
5134,0,0.15111222385885276
5135,0,0.10140592592796865
5136,0,0.3432056010816626
5137,1,0.7315246995189503
5138,0,0.18581368037554516
5139,0,0.43232018860590027
5140,0,0.1133587122511002
5141,1,0.8752708375850254
5142,0,0.12313453538788101
5143,1,0.7371707329935291
5144,1,0.8140716169784041
5145,0,0.09270628706215987
5146,0,0.2582399237287702
5147,1,0.8706273762394866
5148,0,0.13812467042314416
5149,0,0.12749841164579692
5150,0,0.23292211168297125
5151,0,0.5005152830153916
5152,0,0.28800414427012305
5153,1,0.8648945136345387
5154,0,0.13035301602014102
5155,0,0.4814368771772128
5156,0,0.10446984145624448
5157,1,0.6539810621322455
5158,0,0.18835825645185056
5159,0,0.27231014108146123
5160,0,0.091056334336565
5161,0,0.2410237428397743
5162,0,0.32800052690970455
5163,0,0.4807467921369769
5164,0,0.32707585667808176
5165,0,0.11118971560054676
5166,0,0.1010704208859432
5167,0,0.2915463872512304
5168,0,0.44346613163326337
5169,0,0.14122491849884833
5170,0,0.13183738707161208
5171,0,0.5471114761841728
5172,0,0.32800052690970455
5173,1,0.8442458616259534
5174,0,0.5410382290821726
5175,1,0.7007274234573144
5176,0,0.130890259306997
5177,0,0.13085815042579776
5178,1,0.7224019996697596
5179,0,0.1320191690450014
5180,0,0.42812776358490173
5181,0,0.12014162420818734
5182,0,0.11854944705219625
5183,0,0.3003615516223565
5184,0,0.3558348259592688
5185,0,0.17509679021143978
5186,1,0.8639854009473291
5187,1,0.6516070841862504
5188,0,0.17412024644988824
5189,0,0.31552202163982773
5190,0,0.11828791036964495
5191,1,0.8465119721308055
5192,0,0.23719098005244482
5193,0,0.12437074171934664
5194,1,0.6907200919266935
5195,0,0.1505765860879401
5196,0,0.133807678437977
5197,0,0.12518304541551092
5198,0,0.20487158977092126
5199,0,0.5775765664909519
5200,0,0.22805645136681008
5201,0,0.31404110451408196
5202,0,0.45315197987473366
5203,0,0.24207307109007684
5204,0,0.0919287517766937
5205,1,0.7945030546226124
5206,0,0.09773336486282325
5207,0,0.15340074300930764
5208,0,0.18732051672638372
5209,0,0.1299703283690176
5210,0,0.13038563784390575
5211,0,0.09467991476213111
5212,0,0.28888874497749695
5213,0,0.14067888986616478
5214,0,0.14398372320520464
5215,0,0.18176567747798275
5216,0,0.09644218483225696
5217,0,0.1451122175906845
5218,0,0.11463173929439752
5219,0,0.2918808626027296
5220,0,0.24758604744642626
5221,0,0.12773968053030196
5222,0,0.09347812369006005
5223,0,0.4897770622846078
5224,1,0.8886902167161695
5225,1,0.7168860266402833
5226,0,0.5217076405491597
5227,0,0.28822706391426434
5228,1,0.7834080603717242
5229,1,0.7283800297616907
5230,0,0.1559939242704491
5231,0,0.33022312475219057
5232,0,0.1108169757408895
5233,0,0.11299070144748377
5234,0,0.46742214048495456
5235,0,0.6015891685841055
5236,1,0.8406623035528576
5237,0,0.518148811033196
5238,0,0.48751486428412116
5239,0,0.23832352760474237
5240,0,0.2674384344943334
5241,0,0.22904370046820155
5242,0,0.22944281356036744
5243,0,0.21800486592495694
5244,0,0.4876151315429986
5245,1,0.7550408824252866
5246,1,0.8442458616259534
5247,0,0.23138076464883153
5248,0,0.6122733056843103
5249,0,0.3826796027229182
5250,0,0.18266398748053117
5251,0,0.25591236433688985
5252,0,0.3809675176043043
5253,0,0.4428705488394082
5254,0,0.20520444906248128
5255,0,0.3217100848016038
5256,0,0.09381197467928959
5257,0,0.0985966100913343
5258,0,0.2299960004158661
5259,0,0.2939219378610096
5260,0,0.1980292716496401
5261,0,0.5938524419752154
5262,0,0.2205208757490613
5263,0,0.1963919474489621
5264,0,0.40147235224569733
5265,0,0.1967566346650609
5266,1,0.8560689498931825
5267,0,0.11830453200205901
5268,0,0.1694902991642827
5269,0,0.11756694132515053
5270,0,0.5847959402447365
5271,1,0.8662317510853463
5272,0,0.1581487941471491
5273,1,0.8883774460034064
5274,1,0.7443269095046536
5275,0,0.09377838426432777
5276,0,0.15051239452028994
5277,0,0.2323026125620892
5278,0,0.31986059127464617
5279,1,0.6677067451275916
5280,0,0.206196337152661
5281,0,0.3688301484246796
5282,0,0.4383175332603781
5283,0,0.1424575462556336
5284,0,0.16720388930980393
5285,0,0.4653451289619804
5286,0,0.14261010715382919
5287,0,0.5391691228133877
5288,0,0.24401807616978316
5289,0,0.11763916984976018
5290,0,0.1152083653058009
5291,0,0.19504478412095888
5292,0,0.1008940546862143
5293,0,0.43338221840006547
5294,0,0.1759045263280208
5295,1,0.8633705802905124
5296,0,0.11683887405635925
5297,0,0.5403173296146108
5298,1,0.8579205605265132
5299,0,0.1728100129652879
5300,1,0.745959416092714
5301,0,0.12063495858441937
5302,0,0.18582661177706586
5303,0,0.1281762387466985
5304,0,0.2906383676259027
5305,0,0.4455472592718948
5306,0,0.6120339321431499
5307,0,0.3198737658672847
5308,0,0.1155921228930377
5309,1,0.6565482908558239
5310,0,0.09511920206921999
5311,0,0.588451727473102
5312,0,0.09407222365903568
5313,0,0.3927152371440151
5314,0,0.42826001563507227
5315,0,0.4558891146017429
5316,0,0.30361115531727745
5317,0,0.3864056133712237
5318,1,0.7710415092283364
5319,1,0.8406623035528576
5320,0,0.20778810112204676
5321,1,0.8524420660750791
5322,0,0.1348100433068221
5323,0,0.31040456579061837
5324,0,0.24889051013231764
5325,0,0.10905627644583225
5326,0,0.36421856729239543
5327,1,0.8286922333112398
5328,0,0.1480149300653216
5329,0,0.09626448271851919
5330,0,0.13352080751161002
5331,1,0.8000137477886649
5332,0,0.5252646687057034
5333,0,0.4030044664763781
5334,0,0.12119068881456525
5335,0,0.5632969815099453
5336,0,0.5255970899486975
5337,0,0.10776863582623206
5338,0,0.15282727117787043
5339,0,0.280148954462776
5340,0,0.15642160670132013
5341,0,0.23547351686923237
5342,0,0.15947660780225548
5343,0,0.5413562845415149
5344,0,0.2086556142941118
5345,0,0.12447165211590132
5346,0,0.21058533349873687
5347,0,0.30059387183835773
5348,0,0.12426803171744566
5349,0,0.3101589660490048
5350,0,0.14360897678634404
5351,0,0.3195376597631778
5352,0,0.11726703035849652
5353,0,0.3786549186314139
5354,0,0.16218652284429771
5355,1,0.6943410082190209
5356,0,0.15759922697647288
5357,0,0.48522167785158643
5358,1,0.8029713128806426
5359,0,0.18229636701278615
5360,0,0.2944407548824317
5361,0,0.15078805985183114
5362,1,0.8720487892034509
5363,1,0.8031401721428354
5364,1,0.8628710699136783
5365,0,0.19929414028484022
5366,0,0.1147102709725291
5367,0,0.16105261995581177
5368,0,0.13423642039929123
5369,0,0.27027726996794127
5370,1,0.7904897735850623
5371,0,0.16724638883525839
5372,1,0.6779106283961533
5373,1,0.8308145097244158
5374,0,0.6371243079502409
5375,0,0.1466131966532855
5376,0,0.33396393023938964
5377,0,0.09213710715077372
5378,1,0.8327621808723513
5379,1,0.8284841377222687
5380,0,0.15639238003118308
5381,1,0.744454345745442
5382,0,0.09804932376837412
5383,0,0.11628869878025554
5384,0,0.17448277716026517
5385,0,0.1003201241079226
5386,1,0.86110269015357
5387,0,0.14832728973956755
5388,1,0.8876807900961883
5389,0,0.1711751928695867
5390,1,0.85616993060552
5391,0,0.5888108634104281
5392,0,0.13848530289111227
5393,0,0.6295586505317315
5394,0,0.18336228120930198
5395,1,0.7968209590931645
5396,0,0.10792673636361544
5397,0,0.19786621947836275
5398,0,0.2170341546758252
5399,0,0.12942600144670643
5400,0,0.4895065394349636
5401,0,0.13131553224793763
5402,0,0.17674540969545344
5403,0,0.450808403829107
5404,0,0.13977342381467947
5405,0,0.30680243644079686
5406,0,0.09354492001996659
5407,1,0.8613259730884093
5408,1,0.8589229833779725
5409,1,0.8230612997370653
5410,0,0.5017895980711887
5411,1,0.661214770042562
5412,0,0.11704094380171863
5413,0,0.21593777405071446
5414,0,0.45617034569319964
5415,0,0.3144721117626926
5416,0,0.33632055510643977
5417,1,0.8474031375050595
5418,0,0.18039870459327836
5419,0,0.1361796363468715
5420,0,0.21690302318832475
5421,0,0.12685407693145104
5422,0,0.6435896536026682
5423,0,0.20156683466567213
5424,0,0.3188344830277429
5425,0,0.25405702758698995
5426,1,0.8726262315946263
5427,0,0.2234916174810857
5428,0,0.09771097376911955
5429,0,0.08938791845933321
5430,0,0.3186027109426123
5431,0,0.2074368289725427
5432,0,0.11321197775504549
5433,0,0.5514121356851792
5434,0,0.525065430605659
5435,0,0.11471545043721432
5436,0,0.5213786863406713
5437,0,0.1120102950208285
5438,0,0.38407082492070715
5439,0,0.6370539762839877
5440,1,0.8754918290035032
5441,0,0.08868756629645615
5442,1,0.6549950543785522
5443,0,0.2893717119740357
5444,0,0.2223423753489709
5445,0,0.09723373982969485
5446,0,0.11913102675639604
5447,0,0.13980061236889288
5448,0,0.6275765673393352
5449,0,0.09920679124701476
5450,0,0.11099821837497525
5451,0,0.11978274486129006
5452,1,0.8211829635116038
5453,0,0.2817473873515995
5454,0,0.15569396673334424
5455,1,0.85321032737125
5456,1,0.8651181914774735
5457,0,0.2669588319972815
5458,0,0.3441238809353572
5459,0,0.14266239101367803
5460,0,0.12109823110250846
5461,0,0.140547346891244
5462,1,0.8231122613621549
5463,0,0.18327644381191838
5464,0,0.0945014345267846
5465,1,0.8252495180863024
5466,0,0.3088052265446019
5467,0,0.15276925456296425
5468,0,0.2247320733422789
5469,0,0.11944459388446178
5470,0,0.18086261371311724
5471,0,0.13141007395580429
5472,0,0.1580308672093062
5473,1,0.8900662489890719
5474,0,0.3358939943042456
5475,0,0.13920633714924494
5476,0,0.49323919498109425
5477,0,0.621248923284118
5478,0,0.2300239799400335
5479,0,0.18696565868283646
5480,0,0.3090736248645205
5481,0,0.2032848925630313
5482,0,0.2181977128796008
5483,0,0.2091039189605691
5484,1,0.6728270565538557
5485,0,0.11723701835115477
5486,0,0.11786258055536337
5487,0,0.09770416451778283
5488,0,0.13546904014818525
5489,0,0.18911396880492917
5490,1,0.8182288816270309
5491,0,0.1850998689211461
5492,0,0.3319472406418711
5493,0,0.09580536015402207
5494,0,0.4838128337744936
5495,0,0.09143736572273316
5496,0,0.1677486740002806
5497,1,0.8659963301397388
5498,0,0.24796706906795285
5499,0,0.12615432329024387
5500,0,0.21922197917740802
5501,0,0.4555714308559111
5502,0,0.20241896703846637
5503,0,0.5552034823264652
5504,0,0.4206013986905156
5505,0,0.12173832282099466
5506,0,0.09649622102142129
5507,0,0.4862870005566466
5508,0,0.4729834141957185
5509,0,0.19975143063046313
5510,0,0.11877561962943481
5511,0,0.10916119774815274
5512,0,0.2852462768670751
5513,1,0.7738248758990156
5514,0,0.31297957538648874
5515,0,0.342132971399343
5516,0,0.11796878720407765
5517,0,0.1832102915037185
5518,1,0.8594395459576295
5519,0,0.1356584808553867
5520,1,0.7585631731375865
5521,0,0.3962904026078591
5522,0,0.2522134876667035
5523,0,0.46894361817960395
5524,0,0.22792943047831452
5525,1,0.715258661450051
5526,0,0.5372859323667855
5527,0,0.584033199291939
5528,0,0.32055336322501826
5529,0,0.2958191401110516
5530,0,0.1458912760390203
5531,0,0.35316202579999506
5532,0,0.09855025592231617
5533,1,0.6668162445982633
5534,0,0.22044048275328873
5535,0,0.31249403238088735
5536,0,0.36268138187780097
5537,0,0.14687824871029836
5538,0,0.2485678817740394
5539,0,0.162450027685261
5540,1,0.8698364242786727
5541,0,0.26076012361735407
5542,0,0.6489870023587672
5543,0,0.11684627496971804
5544,0,0.5071941792077703
5545,0,0.22905387508336414
5546,0,0.4173135553004735
5547,1,0.8145495567968714
5548,0,0.1568308826662408
5549,0,0.19738282897937395
5550,0,0.225819298389828
5551,0,0.09197319750562855
5552,0,0.16426407670908852
5553,0,0.5556832320950337
5554,0,0.172984017528398
5555,0,0.42997763415449464
5556,0,0.11642909371749795
5557,0,0.3035813592782894
5558,0,0.10289617836549127
5559,1,0.8599656018970091
5560,0,0.18348736583927522
5561,0,0.0901342917633392
5562,0,0.18776419563267555
5563,0,0.4069498678570985
5564,0,0.10930874441243883
5565,0,0.4079814085656674
5566,0,0.19367028580571125
5567,0,0.35839325373693687
5568,0,0.14377608819011722
5569,1,0.8750415785180163
5570,0,0.33626870591120017
5571,1,0.8491492347028337
5572,0,0.11054095228893943
5573,0,0.11886309384270674
5574,0,0.18643716406542876
5575,0,0.5680398959344147
5576,0,0.48211814817328436
5577,0,0.1707505829323946
5578,0,0.5984613157909281
5579,1,0.8511645744859544
5580,0,0.12120143948207951
5581,0,0.4468835837331704
5582,0,0.19477641672937648
5583,0,0.4677522158806932
5584,1,0.8792995574320258
5585,0,0.16961903295893635
5586,0,0.5007614869840179
5587,0,0.6376423012265207
5588,0,0.32800052690970455
5589,1,0.8943935629924961
5590,0,0.15433425112703128
5591,0,0.20951786382867718
5592,0,0.11883230071858923
5593,0,0.09639011957831853
5594,0,0.22890238483250322
5595,0,0.3238665913492314
5596,0,0.49872891504514694
5597,0,0.2600723378464838
5598,0,0.11970385059904147
5599,0,0.14785459875105703
5600,1,0.8708715065658
5601,0,0.28705266297514087
5602,1,0.8889538857862879
5603,0,0.393561788860543
5604,0,0.14491998384521684
5605,0,0.12394984022570311
5606,0,0.4432724393253592
5607,0,0.3789040944993023
5608,0,0.1671900045803811
5609,0,0.30261829251471833
5610,0,0.14589292784467814
5611,1,0.8545324498225036
5612,0,0.0931019166690856
5613,0,0.11852356574204839
5614,0,0.17641954862393597
5615,1,0.6944473157637787
5616,1,0.8579205605265132
5617,0,0.10508972313577922
5618,0,0.17039720840309924
5619,0,0.0949163100632135
5620,1,0.8698302141307558
5621,1,0.7402879140942105
5622,1,0.8346650091225154
5623,0,0.14436319310956042
5624,1,0.8309742515577048
5625,0,0.12209221684521658
5626,1,0.8444001210361868
5627,0,0.3290713026891208
5628,0,0.26401198179021224
5629,0,0.13022227386650057
5630,0,0.11349667520562394
5631,0,0.09611897181132037
5632,1,0.7739689018016358
5633,0,0.13522182809344446
5634,0,0.2619390523863529
5635,0,0.13629273275565862
5636,0,0.14878908797648024
5637,1,0.8461240064354384
5638,0,0.1414967713846376
5639,0,0.1044528990231651
5640,1,0.8830980190503481
5641,0,0.10281074680947444
5642,1,0.8776467773993223
5643,0,0.12568540082508012
5644,0,0.32937678946405585
5645,0,0.1591489089424988
5646,1,0.8592336550362663
5647,0,0.2516129674397173
5648,0,0.4681345661453502
5649,0,0.6383625593866891
5650,0,0.1012928849134926
5651,0,0.1709376169797351
5652,0,0.5889765593893884
5653,1,0.8674263411720139
5654,1,0.7236294284195585
5655,0,0.15478986459024882
5656,1,0.8900827887899134
5657,0,0.12411019813061873
5658,0,0.5405415669776099
5659,0,0.1382895335200778
5660,0,0.6148620864762027
5661,0,0.51007392922444
5662,0,0.36126669737887396
5663,0,0.5965649890608324
5664,0,0.3945146693032148
5665,0,0.10900069507754223
5666,0,0.12238101325026345
5667,0,0.10831440256610517
5668,0,0.10418871616890342
5669,0,0.21406008904431778
5670,0,0.1651673562445777
5671,0,0.09592249803890586
5672,1,0.7156652136773022
5673,0,0.43326692502374786
5674,0,0.16093581183269057
5675,0,0.1157789478289108
5676,0,0.35528973247290846
5677,0,0.18253508950861433
5678,0,0.3270758897121463
5679,0,0.09344026993960126
5680,1,0.8593822394775704
5681,0,0.25196628439634283
5682,0,0.3059369478316539
5683,0,0.33514319210084725
5684,1,0.8027553376486627
5685,0,0.5507199376947691
5686,0,0.10966813459502664
5687,0,0.2074464068906765
5688,0,0.6081676521103978
5689,0,0.18423226739380885
5690,0,0.15668385417863745
5691,0,0.420881219280245
5692,0,0.3489300005731364
5693,0,0.29781208493136196
5694,1,0.6986739059994136
5695,0,0.3616405021395555
5696,0,0.28634930666026825
5697,0,0.6087990059964039
5698,0,0.44114075870003955
5699,0,0.6226223661684079
5700,1,0.8599074818920283
5701,0,0.10025846002438014
5702,0,0.19928966211900023
5703,0,0.09894873320878958
5704,0,0.19947727206761717
5705,0,0.44232660541818464
5706,0,0.5705160471020253
5707,0,0.09091267026258322
5708,0,0.2189020154780788
5709,1,0.693245432522505
5710,0,0.14731500290647984
5711,1,0.8596752389245378
5712,0,0.4676806984717207
5713,1,0.8640468425264949
5714,1,0.8393078655568306
5715,1,0.8426552458605128
5716,0,0.110032068784802
5717,0,0.20740447440908716
5718,0,0.2472537747205991
5719,0,0.2689945139108588
5720,0,0.10348102736618126
5721,0,0.18994750065228555
5722,0,0.11910249015504756
5723,1,0.8178700215353457
5724,0,0.2425119301603681
5725,0,0.17497536350839132
5726,0,0.279371090424935
5727,0,0.2073724072011292
5728,0,0.5349123058039117
5729,0,0.48551215057503494
5730,0,0.20239145755556456
5731,0,0.6344757614791716
5732,0,0.12146074064395142
5733,0,0.1130445130095511
5734,0,0.23441673884350264
5735,0,0.3304662605240215
5736,0,0.2682269760707934
5737,0,0.12828017049904594
5738,0,0.24271571926630897
5739,0,0.0964585083503871
5740,0,0.32800052690970455
5741,0,0.29764866846504745
5742,0,0.2835965512283526
5743,0,0.12964148375886633
5744,0,0.2628000694087987
5745,0,0.12672833913736295
5746,0,0.11702968097383021
5747,0,0.16241295591709193
5748,1,0.8380817321345205
5749,0,0.5762082390021621
5750,0,0.1274870145525222
5751,1,0.881995652337015
5752,0,0.41498058499577645
5753,0,0.38387881220794995
5754,0,0.3685859295197073
5755,0,0.4014198512559602
5756,0,0.1318641927921478
5757,0,0.13197606606466858
5758,0,0.14798748352485327
5759,0,0.35495487344786525
5760,1,0.864843527758031
5761,0,0.6307155602257767
5762,0,0.3343700219771347
5763,0,0.27784476684127946
5764,0,0.5539751071295618
5765,0,0.45407336491116973
5766,0,0.40147235224569733
5767,0,0.10198849152253121
5768,0,0.4412886458376987
5769,0,0.11619061611161201
5770,0,0.1575338447651852
5771,1,0.866005080788265
5772,0,0.11944736722634743
5773,0,0.13985352535279855
5774,0,0.19382944580532604
5775,1,0.8419978517640427
5776,0,0.38326014019250093
5777,0,0.24533682753636485
5778,0,0.21225426897005667
5779,0,0.210551135376156
5780,0,0.15838568822253904
5781,0,0.2725752914379311
5782,1,0.85945582510516
5783,0,0.40760038334813525
5784,0,0.12036879905797584
5785,1,0.8442612393033962
5786,1,0.7463594132548927
5787,0,0.13081637384405922
5788,0,0.18311977324167125
5789,0,0.1459993830360634
5790,0,0.2924462905441724
5791,0,0.2503230849145361
5792,1,0.8012883346318501
5793,0,0.471223080356104
5794,1,0.7880667585362813
5795,1,0.7943743918567476
5796,0,0.164863818874243
5797,1,0.867999990564543
5798,0,0.3906316319487712
5799,0,0.20757493214794753
5800,0,0.19509764879033856
5801,0,0.3354958395833395
5802,0,0.20339284236314376
5803,0,0.14675798816447724
5804,0,0.15197181127870682
5805,0,0.12749841164579692
5806,0,0.1692152251849823
5807,0,0.18252503871975556
5808,0,0.40133933332934624
5809,0,0.28003826038974095
5810,0,0.20137123381496605
5811,0,0.23428073880782038
5812,1,0.7407929712678116
5813,0,0.09282881093359567
5814,0,0.12126153282741219
5815,0,0.2007497706603496
5816,1,0.7061997348418918
5817,0,0.15123691885399584
5818,0,0.1733274677795659
5819,1,0.8553695827646807
5820,1,0.8754276274734027
5821,0,0.09993402588936212
5822,0,0.1432565605692885
5823,0,0.47059288004243616
5824,0,0.1272738599826736
5825,0,0.1577287186866296
5826,0,0.10162555116536669
5827,0,0.5339205775838554
5828,0,0.3222189941833768
5829,0,0.09283090301144373
5830,0,0.24969704554134106
5831,0,0.40775054220074947
5832,1,0.8089264875719668
5833,0,0.09803571729048263
5834,1,0.6691517751081745
5835,0,0.5319984154373624
5836,0,0.45914957450558846
5837,0,0.14424483244496322
5838,0,0.13302417783974907
5839,0,0.11960983938690249
5840,0,0.29776456100790966
5841,0,0.13040034673865633
5842,0,0.4214947491698211
5843,0,0.24231008684038235
5844,0,0.350281225488217
5845,0,0.14446644924099195
5846,1,0.7327314981773562
5847,0,0.13784626756717117
5848,0,0.12888268260866081
5849,0,0.10104229198440355
5850,0,0.32800052690970455
5851,1,0.7075263217244083
5852,0,0.6033933328637096
5853,0,0.5224296336964
5854,0,0.5533138647821534
5855,0,0.27192648732961516
5856,1,0.8475001427463029
5857,0,0.5083760484877121
5858,1,0.7017334010727032
5859,0,0.40279457212334935
5860,0,0.2629274088657305
5861,0,0.09407337602930985
5862,0,0.10325962053245254
5863,0,0.13773311535102045
5864,0,0.5465994726202232
5865,0,0.1496448738699061
5866,0,0.4264559085630979
5867,0,0.09740448145781692
5868,0,0.09692901210153611
5869,0,0.16226695520048567
5870,0,0.3174437836381847
5871,0,0.15246334399911646
5872,0,0.09294435146508752
5873,0,0.28161055969009274
5874,0,0.12405026452637483
5875,0,0.32571243400412286
5876,0,0.10471899304130841
5877,1,0.8556013532503202
5878,0,0.5103112843014217
5879,0,0.1968218997415265
5880,1,0.7121187018093464
5881,0,0.09859302566891913
5882,0,0.21622789820054764
5883,0,0.1801115810056139
5884,0,0.4222662906865899
5885,1,0.8447390581117998
5886,0,0.1744271167629587
5887,0,0.4026678299267806
5888,0,0.19567191706249437
5889,0,0.3274222509034529
5890,1,0.6925366522293165
5891,0,0.46017013461854195
5892,1,0.8268084238201976
5893,0,0.15583013380181188
5894,0,0.2858691297432005
5895,0,0.1128835813939936
5896,0,0.22256459490349378
5897,0,0.43133557543228235
5898,0,0.4917961171964839
5899,0,0.12875331428521977
5900,0,0.4333251171444007
5901,0,0.09547606292360845
5902,0,0.22850195153711889
5903,0,0.18866771078452158
5904,0,0.11919798209722916
5905,0,0.12222002730884178
5906,0,0.12427018881545576
5907,0,0.36608999797914965
5908,1,0.8555883430398905
5909,0,0.09313864083113566
5910,0,0.4458396116329529
5911,0,0.10952956753374873
5912,0,0.09458495361986564
5913,0,0.22849299671811993
5914,0,0.08768611325323751
5915,0,0.32883012150210966
5916,0,0.10111397039369235
5917,1,0.7977188024380075
5918,0,0.13581193374074765
5919,0,0.4536674501126413
5920,0,0.1251981447551446
5921,0,0.5475661195273992
5922,0,0.5633393756722052
5923,1,0.8698123593248307
5924,0,0.11723773482294926
5925,0,0.21205777775922746
5926,0,0.18555563153440632
5927,0,0.09329369579280188
5928,0,0.15740265173216142
5929,0,0.08952998206284443
5930,0,0.11306454362562021
5931,0,0.2650582482003521
5932,0,0.3775917410021345
5933,0,0.5790179518412393
5934,0,0.16467964595498144
5935,0,0.11856014955565679
5936,0,0.23372682021361044
5937,1,0.7797875753573092
5938,0,0.12686522870024722
5939,0,0.09151620085490647
5940,0,0.12497332819728245
5941,0,0.23083752113165446
5942,0,0.23768832268726103
5943,0,0.14956031219347146
5944,1,0.656006118968377
5945,0,0.36952509803459543
5946,0,0.21658161739691834
5947,0,0.43402721983303527
5948,0,0.1219662075784271
5949,0,0.15976822918364542
5950,0,0.6426482600759329
5951,0,0.11220908052244119
5952,0,0.12387739930181604
5953,0,0.1264662703448893
5954,0,0.254194261279065
5955,0,0.2598377477511874
5956,0,0.09453412359271066
5957,0,0.3504603407344661
5958,0,0.09432315742737028
5959,0,0.4323984271886328
5960,0,0.11506656414751218
5961,0,0.5181756899292689
5962,1,0.7774491632634466
5963,1,0.7648647009966217
5964,0,0.1279832183779807
5965,0,0.2203429739946029
5966,0,0.14285530687274142
5967,0,0.19473670836368975
5968,0,0.6239029242789639
5969,0,0.6350627481503799
5970,0,0.5026602043574862
5971,0,0.20485866870818772
5972,0,0.11627459322944927
5973,0,0.17198095101698863
5974,0,0.09707441319008898
5975,0,0.15192036744483361
5976,0,0.6423494368295455
5977,0,0.09563892948512512
5978,0,0.1347931345542312
5979,0,0.12024948607604653
5980,0,0.6135781939493082
5981,0,0.20495524909161222
5982,0,0.10824405737056271
5983,0,0.2912654172359647
5984,0,0.5082997762188689
5985,0,0.35713665427435476
5986,1,0.7402290477529381
5987,0,0.5176669493265058
5988,0,0.1229765941741453
5989,1,0.6989312791821215
5990,0,0.34109935406579517
5991,0,0.21100885865461078
5992,0,0.13149996324289398
5993,0,0.15182234191046304
5994,0,0.6357687486479072
5995,0,0.24951489267634705
5996,0,0.3262479623520262
5997,0,0.2752040086949085
5998,0,0.18276204732477466
5999,0,0.14993516139068802
6000,0,0.15803990910507934
6001,1,0.8458215837276822
6002,0,0.32800052690970455
6003,0,0.3025836016587429
6004,0,0.12767825695103094
6005,1,0.7032598502572839
6006,0,0.12203378369240579
6007,0,0.09467739711369201
6008,0,0.13069480165887137
6009,1,0.82110217710398
6010,0,0.6335630430776865
6011,1,0.735608799375331
6012,1,0.8796841100909746
6013,0,0.5165476488014326
6014,1,0.6756175600467706
6015,0,0.21014934626123516
6016,1,0.8029800894930739
6017,1,0.8752200223304315
6018,0,0.12160647157923626
6019,0,0.1266213256225513
6020,0,0.10635224036450394
6021,0,0.20077105533337952
6022,1,0.8404765634681939
6023,0,0.42405967769769964
6024,0,0.12900514441348968
6025,1,0.8452794395706091
6026,1,0.8338060803698998
6027,0,0.1998015104438604
6028,0,0.1659520251099127
6029,0,0.2703835833598472
6030,0,0.534190031560564
6031,0,0.11336336349313886
6032,0,0.3200766615592635
6033,1,0.8594964495136529
6034,1,0.8442612393033962
6035,1,0.8530608061901345
6036,0,0.18734471461354507
6037,0,0.12656360871001282
6038,0,0.30080084122304906
6039,0,0.18907151224054436
6040,0,0.12765433313849078
6041,0,0.12751011064516513
6042,0,0.11662857676130374
6043,0,0.3892258481621111
6044,0,0.37196180321438876
6045,1,0.8174340353685043
6046,0,0.5159008506055952
6047,0,0.17265470012497494
6048,0,0.2224462886931632
6049,0,0.2902946830732378
6050,0,0.3176063379102951
6051,0,0.41959000791173434
6052,1,0.6702572975038597
6053,0,0.09376897409351306
6054,0,0.12127355628678325
6055,0,0.18221692126035666
6056,0,0.09248747854567124
6057,0,0.12615668309457007
6058,0,0.11988319642606021
6059,0,0.11657408210871817
6060,0,0.28601474030961155
6061,0,0.29676304793764297
6062,0,0.4775157180216315
6063,0,0.10981813960580679
6064,1,0.8681936529916031
6065,0,0.15110013088771376
6066,0,0.18696330762967311
6067,0,0.1136287060489999
6068,1,0.8519371813627525
6069,0,0.10251204754332831
6070,0,0.32399015696423833
6071,0,0.10875802426500611
6072,0,0.5776982044582382
6073,0,0.2701269994299852
6074,0,0.28577564704256575
6075,0,0.38661078791183157
6076,0,0.2146968408639629
6077,1,0.7261960736955535
6078,0,0.10195547890475176
6079,0,0.23815262287749872
6080,0,0.24044947699803298
6081,0,0.13745931180354018
6082,0,0.2921331435513055
6083,0,0.40233409266602277
6084,0,0.11968333534787659
6085,0,0.1303033474843918
6086,0,0.4478823688666368
6087,0,0.5601104019492056
6088,1,0.8789383136703022
6089,1,0.8890256810912615
6090,0,0.4917407192432651
6091,0,0.1686585227853103
6092,0,0.11160641792822772
6093,0,0.15913418628857393
6094,1,0.886164115436625
6095,0,0.10221322860905101
6096,0,0.40431988113319534
6097,0,0.14023737732915265
6098,0,0.5941127092309639
6099,0,0.5008312151228472
6100,0,0.496643485563422
6101,0,0.12763779460660826
6102,1,0.7157652720971558
6103,1,0.8411217299914734
6104,0,0.13599141996446873
6105,0,0.4669874155267982
6106,0,0.6098946837926721
6107,0,0.5977432412811604
6108,0,0.5718278243900382
6109,0,0.1221755616784731
6110,0,0.12982940546125188
6111,0,0.25759049030024633
6112,0,0.2232598673481006
6113,0,0.4547122078279565
6114,0,0.19421462401433642
6115,0,0.5702308190425719
6116,0,0.1067524788081658
6117,1,0.7778594230588742
6118,0,0.13048230499656563
6119,0,0.2762949639423014
6120,0,0.1377413245804471
6121,0,0.3012497488892233
6122,0,0.4830487965702087
6123,1,0.8298478954857849
6124,0,0.14896343031028206
6125,0,0.15721997531961412
6126,0,0.17792164567510219
6127,0,0.10718592923997226
6128,0,0.19314241475198696
6129,1,0.8879553649610681
6130,0,0.3431416259510544
6131,0,0.1758683667407044
6132,0,0.24334879359517156
6133,0,0.5162242783820054
6134,0,0.4799807621480209
6135,1,0.8804502369466805
6136,0,0.09226161778802691
6137,0,0.13171871540949373
6138,0,0.29347724069586145
6139,0,0.37730527528697794
6140,0,0.09630376208024126
6141,0,0.09752902625319151
6142,0,0.15073498986592576
6143,0,0.38799842394256023
6144,0,0.32800052690970455
6145,0,0.18215859216299304
6146,0,0.31769099271308865
6147,0,0.12050194067064249
6148,0,0.0955483307135408
6149,0,0.2515260667385053
6150,0,0.6267693566495793
6151,0,0.39427979049486384
6152,0,0.1031774034141669
6153,0,0.1843931331563533
6154,0,0.38057576131261706
6155,0,0.4187118888331205
6156,1,0.7431832063922026
6157,0,0.11685161266627009
6158,0,0.11620172093216438
6159,0,0.26061384875398164
6160,1,0.7297914966884075
6161,0,0.5781398010178429
6162,0,0.18916211790711038
6163,0,0.13389236869835364
6164,0,0.21867855266902136
6165,0,0.1286488466411156
6166,0,0.17566434431873176
6167,0,0.5245347308624723
6168,1,0.8883440845321763
6169,0,0.2469065429515936
6170,1,0.8410024385679656
6171,0,0.1283047254054021
6172,0,0.10999660450270231
6173,0,0.15234561956953802
6174,0,0.20920336046832572
6175,0,0.30390822750638835
6176,0,0.11909835092497441
6177,0,0.28028309036291543
6178,1,0.6721115622384481
6179,0,0.42529132882744874
6180,0,0.12411060325728607
6181,1,0.8434432285037052
6182,0,0.3487817643541188
6183,0,0.1241234261339047
6184,0,0.18738431461689786
6185,0,0.4745323814641121
6186,0,0.24829960396815773
6187,0,0.11295774219583558
6188,1,0.7900292855793161
6189,0,0.4003783266383428
6190,0,0.09753690812165008
6191,0,0.24587114210879407
6192,0,0.1815203159188352
6193,0,0.11853566654427491
6194,0,0.09665898636137571
6195,0,0.24573041241087482
6196,1,0.8684497696790076
6197,0,0.10470795713241697
6198,0,0.09453789603295859
6199,0,0.25767146918998646
6200,0,0.10157055939123402
6201,0,0.23533329977953973
6202,0,0.12193821958055309
6203,0,0.18651030669947133
6204,0,0.12122904765902588
6205,0,0.3878957930538607
6206,0,0.1230839548166732
6207,0,0.32200030984844846
6208,0,0.13571875904462366
6209,0,0.09343343155286875
6210,0,0.2873777970875447
6211,0,0.23044287159287333
6212,0,0.36647857446298426
6213,0,0.31987032435334123
6214,1,0.857302052330829
6215,1,0.7020104378498507
6216,0,0.09691377180201446
6217,0,0.18250430415442834
6218,0,0.2769076340027396
6219,0,0.12187921804847004
6220,0,0.22395245982344908
6221,0,0.3482840954624964
6222,0,0.4185215563494005
6223,0,0.09734633343626271
6224,0,0.21161919344320115
6225,0,0.27757764318035266
6226,1,0.807708341305208
6227,0,0.37299939301866397
6228,0,0.4840693068588307
6229,1,0.7245673369791468
6230,0,0.41323807270206586
6231,0,0.33297491928003287
6232,0,0.32769511823865793
6233,0,0.09259153220811979
6234,0,0.12223010678752191
6235,0,0.1582852753687363
6236,0,0.17590469122536323
6237,1,0.8756610349939211
6238,0,0.4283542903771477
6239,0,0.22373247440175578
6240,0,0.1253652323151864
6241,0,0.5692952495616681
6242,0,0.12242361643980028
6243,0,0.1706051348987901
6244,0,0.2716632359765086
6245,1,0.7233733600052216
6246,1,0.8825022098080788
6247,0,0.6160525497962109
6248,0,0.5186146306041365
6249,1,0.8325930166588483
6250,0,0.148625364488609
6251,0,0.12811987017535517
6252,0,0.29663151970877943
6253,0,0.19578426068894023
6254,1,0.7496888405656503
6255,0,0.24225264168188607
6256,0,0.10206503390020628
6257,0,0.32344766854639756
6258,0,0.2614859302541562
6259,0,0.09980958004765819
6260,0,0.4768587663235414
6261,0,0.19737887922894004
6262,0,0.14584949706415737
6263,0,0.10530576274608804
6264,1,0.8896898931508249
6265,0,0.14422584139633016
6266,0,0.21180045979817472
6267,0,0.19200472726154882
6268,1,0.8594788714639958
6269,0,0.19254520826116073
6270,0,0.10456434718212318
6271,0,0.09263902794247839
6272,1,0.8875247722065794
6273,0,0.2949852399175728
6274,0,0.09672098001611966
6275,0,0.18228340498891193
6276,1,0.6903346429659727
6277,0,0.32533493281436643
6278,0,0.40949999979604235
6279,1,0.7045827629197928
6280,0,0.3803599213737933
6281,0,0.2983552150334084
6282,1,0.725160148296542
6283,0,0.12054813149065004
6284,0,0.5948212845230101
6285,0,0.5226986086503378
6286,1,0.8603208007801696
6287,1,0.8891133301342797
6288,0,0.08813350285376877
6289,0,0.29995628585051987
6290,0,0.1139734667784637
6291,0,0.12121576587864571
6292,1,0.8537560083146566
6293,0,0.23463015106032717
6294,0,0.26902784123777024
6295,0,0.1421501438905262
6296,0,0.23367492243153073
6297,0,0.24452616910274508
6298,0,0.10603307379866196
6299,1,0.8272954678646306
6300,0,0.12321271013898659
6301,0,0.6313600043755461
6302,1,0.8885907378354418
6303,0,0.32800052690970455
6304,0,0.12749841164579692
6305,1,0.7330125781857736
6306,1,0.8794607346677229
6307,0,0.5470880260708456
6308,0,0.11823867480834896
6309,0,0.18727248049946835
6310,0,0.5831616628831459
6311,0,0.11186274724433103
6312,1,0.8543572005015124
6313,1,0.8181265470096792
6314,0,0.1241201670954383
6315,1,0.8001480014672017
6316,0,0.0947476335105441
6317,1,0.8546302477137184
6318,0,0.19450631728956472
6319,0,0.13169019594522127
6320,1,0.654186412966708
6321,0,0.11753384931017478
6322,1,0.7666746247866889
6323,0,0.11974518451408295
6324,0,0.15354605273003605
6325,0,0.1719616421013506
6326,1,0.6528936962449036
6327,0,0.11197689527259692
6328,0,0.5777318757950332
6329,0,0.14871364963811345
6330,0,0.6321008729006903
6331,0,0.5471148530606769
6332,0,0.10638458096561304
6333,0,0.3184429363136993
6334,0,0.6412344132586977
6335,1,0.8160527084856983
6336,0,0.4726430925594558
6337,1,0.7823692151263336
6338,0,0.4711322536854029
6339,0,0.5706558555502635
6340,0,0.3517739519958847
6341,0,0.09447729312419009
6342,0,0.5742116432932481
6343,0,0.46238594523625387
6344,0,0.2228815123205441
6345,0,0.09507605249519045
6346,0,0.11964836492329686
6347,1,0.6780249036605921
6348,0,0.6050848435838344
6349,0,0.4105079325577942
6350,0,0.2697964742345046
6351,1,0.874498834387024
6352,0,0.32800052690970455
6353,0,0.1541254339715622
6354,1,0.7545990528151219
6355,0,0.1469457695809138
6356,0,0.16737811299957764
6357,0,0.47057249559556713
6358,0,0.15096899681834453
6359,1,0.7339179890524986
6360,0,0.3479899536914651
6361,0,0.12439459438329932
6362,1,0.773403178092751
6363,0,0.3943104819823362
6364,0,0.47615100633466495
6365,0,0.21054890529790327
6366,0,0.12226628352685107
6367,0,0.24555460057646458
6368,0,0.12021974563715357
6369,0,0.093453491777663
6370,1,0.8507004861086892
6371,0,0.2036424535707173
6372,0,0.12456983623158954
6373,0,0.5868502049895572
6374,0,0.18829377109705656
6375,1,0.7600586660640648
6376,0,0.14997209582239424
6377,0,0.09513594418381119
6378,1,0.8830669470195369
6379,0,0.601061228874878
6380,0,0.21627854647266562
6381,1,0.8688930879985435
6382,0,0.3353189122308625
6383,0,0.3980146241377081
6384,0,0.46801697246104057
6385,1,0.8640051098469477
6386,1,0.7494743283168129
6387,0,0.133444744860974
6388,0,0.5342357189502146
6389,0,0.10901296873767331
6390,0,0.25988531442203006
6391,0,0.26692407040396854
6392,0,0.09686419973162773
6393,0,0.452228303269426
6394,0,0.2228242716336996
6395,0,0.11895922441607015
6396,0,0.10091010470649939
6397,0,0.10251558614279603
6398,0,0.2760290338029912
6399,0,0.26132172199770104
6400,0,0.14911780682795667
6401,1,0.8708052761554953
6402,1,0.844863785235652
6403,1,0.8858153722716028
6404,0,0.32800052690970455
6405,0,0.28544703714751374
6406,0,0.1922761503827272
6407,0,0.17568341770969068
6408,0,0.15775522394821717
6409,0,0.46761686205255987
6410,0,0.5700105689220074
6411,0,0.12379269358905864
6412,0,0.21250113524522693
6413,0,0.522601402525385
6414,0,0.5640257496194772
6415,0,0.09438089333906619
6416,0,0.10346517474508178
6417,1,0.7192607661111452
6418,1,0.8209002714500407
6419,0,0.3526149973456839
6420,0,0.16848067867007116
6421,0,0.4338420653308123
6422,0,0.19445201421185684
6423,1,0.7633540731171639
6424,0,0.1665353045248424
6425,0,0.48182420179576224
6426,0,0.3084503197249064
6427,0,0.09312740443280926
6428,0,0.33465498285818573
6429,0,0.45914017430206766
6430,0,0.14617637077956622
6431,0,0.44975225613501735
6432,0,0.11961941166351958
6433,0,0.1562557173974747
6434,1,0.8786854141365162
6435,0,0.15221786938546478
6436,0,0.3082199144615822
6437,0,0.2703529542953309
6438,0,0.36818051270824204
6439,0,0.4385120734815671
6440,0,0.6289700644822056
6441,0,0.10405577162817015
6442,1,0.8452747155345055
6443,0,0.3840075369575907
6444,0,0.20789914498365747
6445,0,0.32800052690970455
6446,0,0.570017110290747
6447,0,0.22920742530226937
6448,0,0.5857917862216498
6449,0,0.4789382670712859
6450,0,0.12443996459537357
6451,1,0.8630869600305148
6452,0,0.1666899429271449
6453,0,0.45788809214799686
6454,1,0.8179715630866589
6455,1,0.8656205881758549
6456,0,0.20900529257120157
6457,1,0.726261924863801
6458,0,0.12263701731260676
6459,1,0.859629395168216
6460,1,0.8592386717187313
6461,0,0.3126796497183569
6462,0,0.13600970999892004
6463,1,0.7121187018093464
6464,0,0.4700369279493207
6465,0,0.2737286245979551
6466,0,0.12270705765866623
6467,0,0.10935855703984161
6468,0,0.225423064544692
6469,0,0.1214516293726535
6470,0,0.2753467087333575
6471,0,0.6083272797204881
6472,0,0.5536254954935419
6473,0,0.12216351593172381
6474,0,0.2954159181911683
6475,0,0.10442174496247228
6476,0,0.22739697530625844
6477,0,0.3151295690857256
6478,0,0.23950594943513406
6479,0,0.15292295123854185
6480,0,0.3900681540913795
6481,0,0.48152914833943
6482,0,0.10553452716548778
6483,0,0.23206643326964857
6484,0,0.46244558255984325
6485,0,0.12125239494488362
6486,0,0.4391012015868487
6487,0,0.1303975045754178
6488,1,0.8861335335926447
6489,0,0.09630650682714247
6490,0,0.2021250335763651
6491,1,0.8648908764931522
6492,0,0.09774734988915527
6493,0,0.29724250781049655
6494,0,0.1796453271187608
6495,0,0.19628093231758695
6496,0,0.12661962777311975
6497,0,0.1493208619806273
6498,0,0.10755018763262061
6499,0,0.16870761010277976
6500,0,0.19781431118112597
6501,0,0.11803654997682908
6502,0,0.1264754006154291
6503,0,0.13607975683028484
6504,0,0.19263144285005046
6505,0,0.17895438432356375
6506,0,0.13040831798421643
6507,0,0.1730407672042527
6508,0,0.45274086878913655
6509,0,0.09989382008644629
6510,0,0.5515005536105972
6511,0,0.20662709533644305
6512,0,0.14559180889376896
6513,0,0.1275331958787872
6514,0,0.1266515264393684
6515,0,0.12550733658864216
6516,0,0.18213324991497537
6517,0,0.31719652259118836
6518,0,0.12956930818652682
6519,0,0.14003099833543592
6520,0,0.12501033572864326
6521,1,0.8351922775956968
6522,0,0.4817787374064626
6523,0,0.26009394761714033
6524,0,0.10205884669352677
6525,0,0.19219754845200843
6526,0,0.4468226772944035
6527,0,0.1171100461575046
6528,0,0.10726932320851609
6529,0,0.4128656478602692
6530,1,0.8529594134529088
6531,1,0.8003131284545976
6532,0,0.6458304709457334
6533,1,0.8669351436351006
6534,1,0.7148344350818567
6535,0,0.10452098900017806
6536,0,0.27212579057077574
6537,1,0.8640271111518838
6538,0,0.12489205558156653
6539,0,0.12108418854033756
6540,0,0.47871410001317666
6541,0,0.27617243085947185
6542,0,0.1771571313020809
6543,0,0.2808081454229722
6544,0,0.3292520026925407
6545,0,0.10593653865362176
6546,0,0.16048567036358066
6547,0,0.2713328816992707
6548,0,0.12898909907869807
6549,0,0.1279832183779807
6550,0,0.10557101668227671
6551,0,0.17343415393797973
6552,0,0.14647729544093097
6553,1,0.8638748873928644
6554,0,0.5281503015271048
6555,0,0.10372199434351598
6556,0,0.189513149771135
6557,0,0.1099026586877732
6558,0,0.24218964090119202
6559,1,0.8390273009054465
6560,0,0.18029810479044966
6561,0,0.11707773913265034
6562,0,0.11103558655762562
6563,0,0.11321049887366273
6564,0,0.16078939699923267
6565,0,0.2868362242980111
6566,0,0.1859299457601151
6567,0,0.22981313013470642
6568,0,0.112557777246372
6569,0,0.28158750081174233
6570,0,0.13926580708756495
6571,0,0.12811426672036072
6572,1,0.8711357997275843
6573,0,0.12116603396953082
6574,0,0.12451155831404646
6575,0,0.16390578326609048
6576,0,0.09613507336100204
6577,0,0.09593906663549663
6578,0,0.48947687001110596
6579,0,0.3606664997336967
6580,0,0.5337990405528448
6581,0,0.3605330734807283
6582,0,0.1017506977034563
6583,0,0.18503422110510373
6584,0,0.22207028849969462
6585,0,0.34078596497000924
6586,0,0.09654633140714422
6587,1,0.6588681082346559
6588,0,0.5152786011593545
6589,1,0.7611426363342125
6590,0,0.19835164270522998
6591,1,0.8659505871684356
6592,0,0.6284509139013493
6593,0,0.11774506049908293
6594,0,0.5883385923209477
6595,0,0.09385926591733544
6596,0,0.12997266179853695
6597,0,0.32800052690970455
6598,0,0.46372914663766274
6599,1,0.7581267679570557
6600,0,0.32114892789022104
6601,0,0.13028353309481971
6602,1,0.8170918034134924
6603,0,0.12467264966687928
6604,1,0.8551116758302062
6605,0,0.12687292112838097
6606,0,0.18289213826021355
6607,0,0.12913182327652675
6608,0,0.20208091628145822
6609,0,0.11082777932667495
6610,0,0.4780292753936461
6611,0,0.4963875563695331
6612,1,0.8232818865772018
6613,0,0.3396766663615513
6614,0,0.1378552858793117
6615,0,0.16538127512638992
6616,1,0.6817676061274607
6617,0,0.3830892179099947
6618,0,0.4715178745081842
6619,0,0.10799384947493336
6620,0,0.123917601085543
6621,0,0.16991439559037283
6622,0,0.3238649011122143
6623,0,0.1931886611171817
6624,0,0.5548752189577919
6625,0,0.4583799440520277
6626,0,0.14375379376211547
6627,0,0.49678945931779644
6628,0,0.5407593323241077
6629,1,0.8904715661397697
6630,0,0.13258137327009387
6631,0,0.11357176346415906
6632,0,0.12333950054857833
6633,0,0.5005616092664873
6634,0,0.2285009089010035
6635,0,0.30220840106967956
6636,0,0.12998587930767921
6637,0,0.30642517471087166
6638,0,0.31873207270616044
6639,0,0.35328561999542607
6640,0,0.11904560829493033
6641,0,0.11334204956784541
6642,0,0.13657464455098925
6643,0,0.5883927432273416
6644,0,0.18774514679263957
6645,0,0.1528182198690871
6646,0,0.3525018424783905
6647,1,0.8785617001666922
6648,0,0.09673748956539376
6649,0,0.12150898062485298
6650,0,0.3994778226933237
6651,0,0.37106539138021516
6652,1,0.8863703743737273
6653,0,0.32800052690970455
6654,0,0.32869175438966586
6655,0,0.11450389111677615
6656,0,0.21052725170532377
6657,0,0.09258603851162447
6658,0,0.14826373810153992
6659,0,0.47378665007774834
6660,0,0.09420316638394234
6661,1,0.8641116821138571
6662,0,0.10119429433605269
6663,0,0.4526498880547505
6664,0,0.12033591593979025
6665,0,0.1388676877285715
6666,0,0.3269593967174986
6667,1,0.8686789396457257
6668,0,0.25088016525621143
6669,0,0.44501554050639475
6670,1,0.8736686401854925
6671,0,0.09565995983606322
6672,0,0.5126785166453584
6673,0,0.4845347062898116
6674,1,0.7592804622623579
6675,0,0.11968459190499342
6676,0,0.32417172699406416
6677,0,0.23039099694932105
6678,1,0.8496060466689903
6679,0,0.16482101042423666
6680,0,0.09233455127417096
6681,0,0.10370135204140755
6682,1,0.824094435456342
6683,0,0.5502141311035356
6684,0,0.1166485724655335
6685,0,0.14846359255166103
6686,0,0.635066326777445
6687,0,0.3274222509034529
6688,1,0.801202032983975
6689,0,0.11828948892377343
6690,1,0.6658663210668537
6691,0,0.23036622607037727
6692,1,0.8345892081950345
6693,0,0.19186259188425173
6694,0,0.29468635216484496
6695,0,0.12719064294038537
6696,0,0.3207884693269648
6697,0,0.09576571824471858
6698,1,0.777129552617845
6699,0,0.1442222080896722
6700,0,0.1209168706142563
6701,0,0.099386506633443
6702,1,0.8012158541356139
6703,0,0.1821998100951404
6704,1,0.710615016232735
6705,0,0.10549105157956601
6706,0,0.12283321681665792
6707,0,0.10687180705228935
6708,0,0.5980861540516633
6709,1,0.6927525535309756
6710,1,0.7435237424336882
6711,1,0.866106692800003
6712,0,0.23950321021127086
6713,0,0.32070750175204465
6714,1,0.8599449328066049
6715,0,0.11915391074627012
6716,0,0.2520035580710605
6717,0,0.18435459989725217
6718,0,0.09610957049125936
6719,0,0.4025169645722645
6720,0,0.1321401275229042
6721,0,0.45747184278691244
6722,0,0.6081676521103978
6723,0,0.27338535264356467
6724,0,0.09417360241514616
6725,0,0.5519580839072594
6726,0,0.4535254821736753
6727,1,0.8670043216150427
6728,0,0.1176795192997801
6729,0,0.09339366284433909
6730,0,0.23657888196886023
6731,0,0.32800052690970455
6732,0,0.5580798351042107
6733,0,0.12262078154519822
6734,1,0.8678242109415526
6735,1,0.8561747779772663
6736,0,0.18721833941560104
6737,0,0.13543260736338414
6738,0,0.2701297319469377
6739,0,0.46727182363731273
6740,1,0.8442458616259534
6741,0,0.5535837828764569
6742,0,0.6176514978993535
6743,1,0.7990207770811343
6744,0,0.6175377392123921
6745,0,0.18324971905485918
6746,0,0.39225013902859734
6747,0,0.14800660561824674
6748,0,0.5743832927411455
6749,0,0.23466847471335142
6750,0,0.5979330503191754
6751,1,0.7537303664126107
6752,0,0.2939510932263549
6753,1,0.8739032620861378
6754,0,0.09819634983467404
6755,0,0.221681969179329
6756,0,0.266555650554146
6757,0,0.11888244727520045
6758,0,0.2928266313561536
6759,0,0.1746953033375468
6760,0,0.10811503336668377
6761,0,0.12809795180680603
6762,0,0.1235375134510414
6763,0,0.12418340566657587
6764,0,0.42914778163249884
6765,0,0.2304702507422775
6766,0,0.5471676673736765
6767,0,0.1924236305320777
6768,0,0.4428705488394082
6769,0,0.5969429706442865
6770,0,0.1753377743538357
6771,0,0.1746548607142708
6772,1,0.6689750619062362
6773,0,0.5053588711396305
6774,0,0.11656633978289331
6775,0,0.21997782179289377
6776,0,0.3634557345200979
6777,0,0.22639531954583053
6778,0,0.129616968373539
6779,0,0.12342135567119154
6780,1,0.7107188360837089
6781,0,0.5913902102930257
6782,0,0.09574903943410101
6783,0,0.12216663199983024
6784,0,0.3199940509739593
6785,0,0.142897305768341
6786,0,0.19058350633486326
6787,0,0.17428691695682533
6788,0,0.2729568348946604
6789,0,0.5578196797987736
6790,0,0.161711399330663
6791,1,0.7496031640363372
6792,0,0.5869310522708567
6793,1,0.8642935218596743
6794,0,0.2726629952824038
6795,0,0.11052411226207069
6796,0,0.4359175004682792
6797,0,0.10919236836920003
6798,0,0.15214353181320328
6799,1,0.881682511993841
6800,1,0.8234715938239663
6801,0,0.5530920304215684
6802,0,0.27186242632861873
6803,1,0.8466457195804319
6804,0,0.20001815837782183
6805,1,0.7238707067957408
6806,0,0.3864111028146458
6807,1,0.8506037412434745
6808,0,0.12695092564240268
6809,0,0.6161909582001394
6810,1,0.8731111706536385
6811,0,0.4306970528660061
6812,0,0.5736863671568464
6813,0,0.38010119499667994
6814,0,0.12344945637627558
6815,0,0.2875230814383998
6816,0,0.09457284037317312
6817,1,0.8251021641103564
6818,0,0.17342854907676744
6819,0,0.08877580793958156
6820,0,0.21621948300887503
6821,0,0.5307376167709359
6822,1,0.6968797446693382
6823,0,0.35559646315964005
6824,0,0.2256010756308682
6825,0,0.15385099676325764
6826,0,0.09361536120779239
6827,0,0.09715412454470308
6828,0,0.13364113843042444
6829,1,0.6524364850665239
6830,0,0.19086933911188678
6831,0,0.29995628585051987
6832,1,0.7841138040889998
6833,0,0.13004196593693154
6834,0,0.6430358897875684
6835,1,0.8378746564823517
6836,0,0.11820105985788833
6837,0,0.17936414856097543
6838,0,0.10568265160693278
6839,0,0.29605599564574775
6840,1,0.8597431415545004
6841,0,0.09894586264518643
6842,0,0.3040445310193368
6843,0,0.1095607781556786
6844,0,0.17732838117604305
6845,0,0.6080853719649991
6846,0,0.4799807621480209
6847,1,0.8788726760187858
6848,0,0.11698343909154658
6849,0,0.17534766072173197
6850,1,0.8460497606296302
6851,0,0.24299400624624176
6852,0,0.45524709443138434
6853,0,0.09458695472134986
6854,0,0.20568989526389234
6855,1,0.781597997313135
6856,0,0.0973391742221354
6857,0,0.24978717736632258
6858,0,0.10519742410325462
6859,0,0.09667027582489257
6860,0,0.2653147074164234
6861,0,0.11809583674169487
6862,0,0.1373515411906022
6863,0,0.1256216985115464
6864,0,0.2787604392948899
6865,1,0.851817213797328
6866,0,0.16762922462664173
6867,0,0.15016968012712095
6868,0,0.2857749135951507
6869,0,0.102000676048304
6870,0,0.21323863213984656
6871,0,0.12519288615099633
6872,0,0.14333040338529138
6873,0,0.4757827527290478
6874,0,0.10859500004396422
6875,1,0.7968209590931645
6876,0,0.43415528167999307
6877,0,0.15576149063193015
6878,0,0.356060962157548
6879,0,0.43290914156933336
6880,0,0.12874182456206043
6881,0,0.13676452565918223
6882,0,0.12184273714301927
6883,0,0.44402993950431285
6884,0,0.13102084691811636
6885,0,0.5473252012167202
6886,0,0.12563621465387934
6887,0,0.12334222828884119
6888,0,0.1384203250119344
6889,0,0.3025777866113204
6890,0,0.09008808502719912
6891,0,0.25816146980944604
6892,0,0.33707342136664625
6893,0,0.12290536891628187
6894,0,0.09519358100531959
6895,1,0.8734564745832939
6896,1,0.8769995372734465
6897,0,0.23400382524570476
6898,0,0.20157277693889397
6899,0,0.09269944218206347
6900,0,0.5512609788421263
6901,1,0.8442612393033962
6902,1,0.8517811241904307
6903,0,0.29995628585051987
6904,1,0.6500976397786752
6905,1,0.7617534673248997
6906,1,0.6825947602624179
6907,0,0.4621473791278512
6908,0,0.25549351153682986
6909,0,0.27350579244719164
6910,0,0.34920912624842554
6911,1,0.6520775284560764
6912,0,0.5568838231424417
6913,0,0.09510073899096678
6914,0,0.19992608298921016
6915,0,0.1466315780723948
6916,1,0.8357844586355475
6917,0,0.3356288761282739
6918,0,0.15757946469133144
6919,0,0.6336659250533723
6920,0,0.20561691815412603
6921,0,0.28381501145730476
6922,0,0.33957946064428357
6923,0,0.38881467272203246
6924,0,0.11132700610219458
6925,0,0.6351276843128816
6926,0,0.17521897288212396
6927,0,0.11705406789324987
6928,0,0.309087480774621
6929,0,0.4171487601749255
6930,0,0.1743641809578642
6931,0,0.1875172398085964
6932,1,0.7458688253589405
6933,1,0.7203884033381796
6934,0,0.13817534018157848
6935,0,0.14296301665223296
6936,0,0.10906397459204767
6937,0,0.12749841164579692
6938,0,0.09370926500154768
6939,0,0.3624252390682533
6940,1,0.8454616024863988
6941,0,0.44018336604579783
6942,1,0.8736795703037492
6943,0,0.11750932941535872
6944,0,0.12364619548850239
6945,0,0.11735471577250937
6946,0,0.40147235224569733
6947,0,0.11877922975294679
6948,0,0.2510998089407557
6949,1,0.7533220559233578
6950,0,0.12459515420582937
6951,0,0.4578162561454045
6952,0,0.3440078338850123
6953,1,0.863218822635664
6954,0,0.1233682176224918
6955,1,0.6956405045392017
6956,0,0.15205732070009548
6957,0,0.19064933048633703
6958,0,0.6484429336141293
6959,0,0.23428073880782038
6960,0,0.1643296630882854
6961,0,0.16798619347088628
6962,0,0.6441562218926139
6963,0,0.1289820400047464
6964,0,0.10131504610810406
6965,0,0.6017378384789136
6966,0,0.32087954397384977
6967,1,0.8492216860326279
6968,0,0.39456005356248997
6969,0,0.09395809634814382
6970,0,0.11253041416216683
6971,0,0.13234684213441872
6972,0,0.1287645245141512
6973,0,0.1297823921044416
6974,0,0.2817558273350294
6975,0,0.5325718610759115
6976,1,0.7926786952865289
6977,0,0.22125881524175556
6978,0,0.14614825748264954
6979,0,0.23900026282979403
6980,0,0.5180320038177837
6981,0,0.2914728414061601
6982,0,0.09299000028416127
6983,0,0.10715317131777369
6984,0,0.1424028021450185
6985,0,0.14207848347597937
6986,0,0.22386697224136992
6987,0,0.2352713330973735
6988,0,0.3328994356400587
6989,0,0.10806001638348094
6990,0,0.11800307943459366
6991,0,0.1986807101507018
6992,0,0.4406827379596524
6993,0,0.12059733408752248
6994,1,0.8690851745811511
6995,1,0.7924140502011202
6996,0,0.3423913589307604
6997,0,0.21884984539966065
6998,0,0.2301334582008567
6999,0,0.44903579023332396
7000,0,0.12640858783891573
7001,0,0.14819166811935358
7002,0,0.12930467678956378
7003,1,0.752233405499979
7004,0,0.2564239841064351
7005,0,0.43437848879648183
7006,1,0.8639979187478987
7007,0,0.2231513522319368
7008,0,0.1224697734249457
7009,1,0.778344348569277
7010,0,0.40147235224569733
7011,0,0.15611644965128849
7012,0,0.09350901777173347
7013,0,0.5379369672294021
7014,1,0.8133718885921674
7015,0,0.1302050775660088
7016,0,0.10369884996526839
7017,0,0.11677866331540247
7018,0,0.11216072218729602
7019,0,0.5977468152962233
7020,0,0.4030764531260101
7021,0,0.16688172117964253
7022,0,0.1264662703448893
7023,0,0.094155179531656
7024,0,0.13822528620608449
7025,0,0.10289298458354185
7026,0,0.09960295930409543
7027,0,0.2284438239108302
7028,0,0.3146307117959726
7029,0,0.09214612105166539
7030,0,0.1822105269101659
7031,0,0.16322299042582633
7032,0,0.15498618840012748
7033,0,0.12567625863610063
7034,1,0.8539657230015975
7035,0,0.22529476441282126
7036,0,0.32511663491135245
7037,1,0.8281023511373271
7038,0,0.17166724848243628
7039,0,0.4681238801415336
7040,0,0.12261996029784732
7041,0,0.16413828965715885
7042,0,0.1820878198231323
7043,0,0.5044174176108501
7044,0,0.1234345791370168
7045,1,0.8784020976417548
7046,0,0.11567824119480456
7047,1,0.7944500858976418
7048,0,0.29105704706650215
7049,0,0.28190665313526725
7050,0,0.09592802056088622
7051,1,0.735218197142492
7052,1,0.7980150377089166
7053,0,0.2451331773381829
7054,0,0.3944676434117305
7055,0,0.592753026254
7056,1,0.649889342454823
7057,0,0.1318658245676152
7058,0,0.5539181300953198
7059,1,0.8888095468616298
7060,0,0.38157451983268614
7061,0,0.5243208718397516
7062,0,0.3050654573195689
7063,0,0.4006094002826693
7064,0,0.23924777606846073
7065,0,0.12420130155465672
7066,0,0.09765955165192963
7067,1,0.8640449468709963
7068,0,0.2351283555435148
7069,0,0.21207059814457133
7070,0,0.5586348481036201
7071,0,0.13195717855346195
7072,0,0.30254211260087865
7073,0,0.15695832474183272
7074,0,0.0970409683663887
7075,0,0.16636656228205898
7076,0,0.10803211076022963
7077,1,0.8016519470377275
7078,0,0.24316058448225092
7079,0,0.14409331996050545
7080,0,0.35461972088586907
7081,0,0.5439807690979369
7082,0,0.10212749245809712
7083,0,0.1121817885618263
7084,1,0.8354483769114062
7085,0,0.1717766142023277
7086,0,0.43150804718636293
7087,0,0.5113975500765681
7088,0,0.10735583384326111
7089,0,0.523574672454516
7090,0,0.09020003232462598
7091,0,0.42122534816439444
7092,0,0.379508647195436
7093,0,0.100539065987757
7094,0,0.2893471440395228
7095,0,0.5613057987084636
7096,0,0.4426953774518022
7097,0,0.10170089491471536
7098,1,0.8881443736345677
7099,0,0.5678232054429354
7100,0,0.18034418296427288
7101,0,0.16536541007954159
7102,0,0.12039911892349447
7103,1,0.6748236674561765
7104,0,0.5200633471360805
7105,0,0.25476972691387345
7106,0,0.14712432702128017
7107,0,0.15829253213811417
7108,0,0.44181191195385155
7109,0,0.11833858990246339
7110,0,0.32487076257319963
7111,1,0.8764720194248755
7112,0,0.2744999461484504
7113,0,0.1697482195500901
7114,1,0.842208273063674
7115,1,0.8652328917668344
7116,0,0.11275693064016386
7117,1,0.8557337600059636
7118,0,0.32786211240677576
7119,0,0.10381578659772159
7120,0,0.2597350278495459
7121,0,0.08999109740615954
7122,0,0.2217429812138444
7123,0,0.2198903351079906
7124,0,0.3273822825258417
7125,0,0.13461977433846473
7126,0,0.14438621220970563
7127,0,0.43638326530151184
7128,1,0.88957999818451
7129,0,0.09555193852081323
7130,0,0.20492425040978174
7131,0,0.33267240051022284
7132,1,0.6893228906677688
7133,0,0.31450169149939877
7134,1,0.8683635657031538
7135,0,0.3376503453655896
7136,0,0.30203463840536393
7137,0,0.12071250095066251
7138,0,0.10267653365057289
7139,0,0.1072893099973104
7140,0,0.6342708150475365
7141,0,0.23622840363550177
7142,0,0.17404391708796016
7143,0,0.1292302561233173
7144,0,0.16010015260994273
7145,0,0.25463064920819417
7146,0,0.1241650177798629
7147,0,0.28685663958088287
7148,0,0.48033966273665024
7149,0,0.1386607244783629
7150,0,0.13973106182950615
7151,0,0.2501527259157209
7152,0,0.635974089227981
7153,1,0.694053208425284
7154,1,0.6584811408953527
7155,0,0.12327627236219812
7156,0,0.09488240062518966
7157,0,0.12984940917414564
7158,0,0.12213864640726027
7159,0,0.24861607583514586
7160,0,0.35840100022992827
7161,0,0.11138113175156229
7162,0,0.3062478294416294
7163,0,0.5225085963052793
7164,0,0.16410292180204464
7165,0,0.32800052690970455
7166,0,0.2409125280441867
7167,1,0.7466695684834113
7168,0,0.14180562314805326
7169,1,0.8820719851584338
7170,0,0.474237989600665
7171,0,0.24005639975469376
7172,0,0.16052732632049282
7173,0,0.20310529613507444
7174,0,0.299626550889416
7175,0,0.14289837993214266
7176,0,0.16190702792926331
7177,0,0.5315584927396192
7178,0,0.2509898882842084
7179,0,0.18673064208512427
7180,1,0.6550692500091624
7181,1,0.8135653596540925
7182,1,0.8345892081950345
7183,1,0.8745195495607477
7184,1,0.878055038196964
7185,1,0.8881933729319531
7186,0,0.3174437836381847
7187,0,0.32800052690970455
7188,1,0.8261026631790088
7189,1,0.6926072516256971
7190,0,0.10956904891414487
7191,1,0.8530501419585219
7192,1,0.8679512974635779
7193,0,0.15496674064888263
7194,0,0.4764309096774083
7195,0,0.47169847562712647
7196,1,0.863274432304317
7197,1,0.8283903966293936
7198,0,0.28669153570643485
7199,1,0.8783143681599961
7200,1,0.8452326103341192
7201,0,0.4108469817096886
7202,0,0.5794027179375301
7203,1,0.8456141530168151
7204,0,0.09700545175551582
7205,0,0.1509225453355649
7206,0,0.1731763003076569
7207,0,0.2314169533913425
7208,0,0.18763140891722893
7209,0,0.5293729881498578
7210,0,0.10707146595580642
7211,0,0.38343997061870766
7212,0,0.20937732149412502
7213,1,0.836594594629762
7214,0,0.37732632595973964
7215,0,0.32448426127160174
7216,0,0.1809443171646061
7217,0,0.2939457204446501
7218,0,0.42594222478420796
7219,0,0.5564935054913192
7220,0,0.11460664117387732
7221,0,0.19817936460027882
7222,0,0.11740262614070233
7223,0,0.32388545051665046
7224,1,0.8454315182637121
7225,0,0.09111987204188782
7226,0,0.47415601566788423
7227,0,0.31460909631812395
7228,0,0.12436042605483949
7229,0,0.12541269155130128
7230,0,0.5469853135016235
7231,0,0.1411603915333277
7232,0,0.3176353749216597
7233,0,0.41882905083000815
7234,0,0.3907747319049999
7235,0,0.09934654197804259
7236,0,0.14951315559203773
7237,0,0.13505837019177552
7238,0,0.5190482752052272
7239,0,0.09315565109784366
7240,0,0.247414604469517
7241,0,0.12195578852000288
7242,1,0.8432361367261768
7243,0,0.25945898810275103
7244,0,0.48980807505784396
7245,0,0.22704488685815033
7246,1,0.7173804426430171
7247,0,0.3987463326747312
7248,0,0.4998152694178539
7249,0,0.4978393403903838
7250,0,0.14952589320140647
7251,1,0.8345855671886127
7252,0,0.3632545442113665
7253,0,0.1073612989591544
7254,0,0.2818473647923421
7255,0,0.2562804034124834
7256,0,0.13302178401860265
7257,1,0.8099986411520703
7258,0,0.15024537702665097
7259,0,0.12976898979783708
7260,0,0.17655522885867664
7261,0,0.12811426672036072
7262,1,0.8572566825320685
7263,0,0.11614598158534804
7264,0,0.6240863379271613
7265,0,0.12558773157651393
7266,1,0.6530882131067315
7267,0,0.3171439220385283
7268,0,0.27362788406928223
7269,0,0.3941297707750042
7270,0,0.22468091294680143
7271,0,0.09647962580199822
7272,0,0.1848950075935726
7273,0,0.11353145299421381
7274,0,0.14708745923632824
7275,0,0.12500264731454114
7276,0,0.17697640519539676
7277,0,0.4169971253725513
7278,1,0.8424718045658832
7279,0,0.12615236516964737
7280,0,0.09400837349218065
7281,0,0.19401818599171844
7282,0,0.20780136934401208
7283,0,0.12697893144624964
7284,0,0.3695233122924016
7285,0,0.12676656706839579
7286,0,0.33312046873542817
7287,0,0.13327971330744873
7288,0,0.12650462190307277
7289,0,0.09810056549249094
7290,0,0.32800052690970455
7291,0,0.1454093428314957
7292,0,0.6121809978713686
7293,0,0.40056570582789053
7294,0,0.5010616603757619
7295,0,0.11128460902111202
7296,0,0.5767673099246894
7297,0,0.2436891686360498
7298,1,0.7893184390882366
7299,0,0.48074744660499347
7300,1,0.8335180688982098
7301,0,0.38287779964691837
7302,0,0.4594394300861331
7303,0,0.30109103622444167
7304,1,0.7351791516246233
7305,0,0.5013229960387805
7306,0,0.5392527626352017
7307,0,0.11680242548108745
7308,0,0.3385176641545017
7309,0,0.40147235224569733
7310,1,0.777210464539737
7311,0,0.3604842920840504
7312,0,0.566726254125868
7313,0,0.2579581126658227
7314,0,0.4762498883073611
7315,0,0.24760431704057267
7316,0,0.5249253416411168
7317,0,0.6425117355192418
7318,0,0.12361153553792593
7319,0,0.634451424926176
7320,0,0.45126527059572386
7321,0,0.31334499484416484
7322,0,0.10495813674858866
7323,0,0.1018853588528567
7324,0,0.2481626584173359
7325,0,0.18152222344808916
7326,0,0.23252986118916427
7327,0,0.6237660561518953
7328,1,0.7008119167255389
7329,0,0.18527788736735035
7330,0,0.1299814424388143
7331,0,0.5435173533158772
7332,1,0.85945582510516
7333,0,0.22319694928485714
7334,0,0.11231889585357831
7335,0,0.36063474044565663
7336,0,0.6336586182918865
7337,0,0.20083594898560544
7338,0,0.10325433532579925
7339,0,0.12735693327432604
7340,0,0.255807137406172
7341,0,0.32800052690970455
7342,0,0.46487222745894197
7343,0,0.15213322803578574
7344,0,0.12857000406320676
7345,0,0.09406563158560845
7346,0,0.5925297266398244
7347,0,0.19550557807065516
7348,1,0.8351155544027796
7349,0,0.10301205337820578
7350,0,0.14806800551174487
7351,0,0.3326546328687371
7352,0,0.4496201022656212
7353,0,0.2474060924419816
7354,1,0.7855429645098935
7355,0,0.22786917249668978
7356,0,0.21157853725790388
7357,0,0.10636112648566781
7358,0,0.40446364189028344
7359,1,0.8862690213255753
7360,0,0.17457548048333538
7361,1,0.7447599738049251
7362,0,0.12087914293579108
7363,0,0.5517066535510646
7364,0,0.5936733600698119
7365,0,0.1350209437304225
7366,0,0.0957012806258189
7367,0,0.16100305974236898
7368,0,0.1555836030738679
7369,0,0.45498474097922204
7370,1,0.8565342625511912
7371,0,0.6269064426511024
7372,0,0.16550126861018744
7373,0,0.31898268415747116
7374,0,0.12684892027344552
7375,0,0.594164445783097
7376,0,0.1722308752366023
7377,0,0.12135293894016785
7378,0,0.4528980168412945
7379,1,0.782506130285791
7380,0,0.4375615824385847
7381,1,0.8834921208058009
7382,0,0.569961673824551
7383,0,0.23817416582165435
7384,0,0.387730140351443
7385,0,0.17600592471173623
7386,0,0.16849243041317913
7387,0,0.21646872186949384
7388,0,0.10914827093979054
7389,0,0.12192692065050356
7390,1,0.8593369936012216
7391,0,0.15687309975737754
7392,0,0.22468506226358245
7393,0,0.1534537392385113
7394,1,0.7178415613777648
7395,0,0.12361153553792593
7396,0,0.23214965947132496
7397,1,0.8494717110522295
7398,0,0.21533685234812183
7399,0,0.11116909557875683
7400,0,0.12452505069646394
7401,1,0.827914960623439
7402,0,0.1031325458492151
7403,0,0.4092043935389538
7404,0,0.1509864783930633
7405,0,0.12282721764560055
7406,0,0.2181587494062967
7407,0,0.4474756530952614
7408,1,0.8577824815556906
7409,0,0.4214488195579149
7410,0,0.13531422738769575
7411,0,0.3080952183280315
7412,1,0.6959201001494552
7413,0,0.5744321392564452
7414,0,0.4333251171444007
7415,0,0.2085159251639064
7416,0,0.23365455325917803
7417,0,0.24863419843042367
7418,0,0.16026092409848613
7419,0,0.4920028754011654
7420,0,0.11953429999877317
7421,1,0.768914488874174
7422,0,0.11593185977499136
7423,0,0.19584204830140783
7424,0,0.43289209077539703
7425,0,0.2833841154898724
7426,0,0.36331152767890934
7427,0,0.32800052690970455
7428,0,0.10216568127883692
7429,1,0.8551116758302062
7430,0,0.2880299799644223
7431,0,0.29754639675741973
7432,0,0.09578933820310372
7433,0,0.26811996179638214
7434,0,0.2941553956549687
7435,0,0.23227392198162577
7436,0,0.16491278656343808
7437,0,0.25195022442744014
7438,0,0.09230874192091806
7439,0,0.10604111915580794
7440,1,0.8580828257672956
7441,0,0.32800052690970455
7442,0,0.13473091508800145
7443,0,0.14398511204234327
7444,1,0.8743308549284411
7445,0,0.12645695755018938
7446,1,0.7030371568803807
7447,0,0.5599814208786723
7448,0,0.12145113024277626
7449,0,0.12802505316803234
7450,0,0.12900514441348968
7451,1,0.6499608700346071
7452,0,0.21186690680742243
7453,1,0.6700792541034027
7454,0,0.6316375010147516
7455,1,0.8884425558573656
7456,0,0.11709624142137527
7457,0,0.4548495960366465
7458,0,0.19761078150448388
7459,0,0.09590889990218093
7460,1,0.8165142351109765
7461,0,0.15700286602575084
7462,0,0.341306532550698
7463,0,0.11845266290443664
7464,0,0.608440885377091
7465,0,0.41599922821859264
7466,0,0.1618364060564018
7467,0,0.11552395002562932
7468,0,0.18953639190859412
7469,0,0.23432781319928356
7470,1,0.8491989570640128
7471,1,0.7139839089689409
7472,0,0.45003574251272666
7473,1,0.7477191416910277
7474,0,0.14363053555712968
7475,0,0.40147235224569733
7476,1,0.8116956524683147
7477,0,0.1279832183779807
7478,0,0.12227162658816489
7479,0,0.3188463582358327
7480,0,0.09616079580701829
7481,0,0.23600591793873146
7482,1,0.8404683730000324
7483,0,0.12488895646018204
7484,1,0.80545684853373
7485,0,0.09528766285764809
7486,0,0.31935725650344676
7487,1,0.8585915493352435
7488,1,0.7398253591286357
7489,0,0.1932969598155638
7490,0,0.3413796266849928
7491,0,0.6323402210458661
7492,0,0.2609932384997714
7493,0,0.11848276969983981
7494,0,0.11714175889596061
7495,0,0.3296583857932996
7496,0,0.6415231221620157
7497,1,0.7114629971498508
7498,0,0.5520274632819825
7499,0,0.19186259188425173
7500,0,0.09544082886975372
7501,0,0.11348822482702187
7502,0,0.17468898571713012
7503,0,0.2133690637222784
7504,1,0.701811500110495
7505,0,0.37413929306989036
7506,0,0.4458622812929315
7507,0,0.5466260300623992
7508,0,0.3702998782991098
7509,0,0.290809049998603
7510,0,0.19986902767263112
7511,0,0.21446035542030364
7512,0,0.0936857778624841
7513,0,0.0979674788793928
7514,0,0.28901304214957013
7515,0,0.20467353154451967
7516,0,0.12505662468210157
7517,0,0.5538518519957154
7518,0,0.11112943317636338
7519,0,0.43858398187629416
7520,0,0.2667441735544431
7521,0,0.3188463582358327
7522,0,0.16213074225764973
7523,0,0.6350660542802395
7524,1,0.8272954678646306
7525,0,0.12252840411897403
7526,0,0.17361438667184445
7527,0,0.4890084352033257
7528,0,0.3216428492955725
7529,0,0.14511021602795252
7530,0,0.10569655334541993
7531,0,0.37091080589257225
7532,0,0.3904467704187391
7533,0,0.15346671451583369
7534,0,0.2785435520790029
7535,0,0.44983033311668547
7536,0,0.3359426048795674
7537,1,0.7314072589194802
7538,1,0.8275086114578848
7539,0,0.24165002974798766
7540,0,0.4276345702179737
7541,1,0.7597005277966098
7542,0,0.13071284584276188
7543,0,0.09732032391318629
7544,0,0.22818661559808087
7545,0,0.2237994560008559
7546,0,0.3122227449452098
7547,0,0.0919683503128587
7548,0,0.1956719489629678
7549,0,0.2132968142349273
7550,0,0.11202794387205406
7551,1,0.8345892081950345
7552,0,0.6171320744502714
7553,0,0.1332978564138337
7554,1,0.6901250066235741
7555,0,0.15751754070339558
7556,0,0.4185624252662393
7557,1,0.8660114376580165
7558,1,0.6921957539294027
7559,1,0.7565990681471444
7560,1,0.87783176788671
7561,0,0.251048607337458
7562,0,0.12800891230069603
7563,1,0.8798338156323773
7564,0,0.22973809907709505
7565,0,0.09077323830316505
7566,0,0.26410143584286316
7567,0,0.1715943993166942
7568,1,0.6557606280801018
7569,0,0.13279765955102787
7570,0,0.4098500532543124
7571,0,0.1919435879522023
7572,0,0.1791987547523343
7573,0,0.12032629520610497
7574,1,0.6896631426870821
7575,0,0.49787646342419595
7576,0,0.24675167940492415
7577,0,0.18227749827474551
7578,0,0.5599542767280354
7579,0,0.18335900585141499
7580,0,0.5487268405309703
7581,0,0.2608029477326839
7582,1,0.7121187018093464
7583,0,0.0993318324828556
7584,0,0.1827852728924398
7585,0,0.1463158057278527
7586,0,0.11785289566703917
7587,0,0.10953233377430648
7588,0,0.5193991073527433
7589,0,0.5534964901337028
7590,0,0.45082403000014765
7591,0,0.09642370699679392
7592,0,0.1186290333844193
7593,0,0.5792552510386667
7594,0,0.48325987102502194
7595,0,0.09418664101916394
7596,0,0.47125477556813833
7597,0,0.14555649046774644
7598,0,0.09454937692778204
7599,0,0.21449024166392985
7600,0,0.13511558177368835
7601,0,0.1611462426341968
7602,0,0.09222313381775674
7603,0,0.24899604195159933
7604,0,0.12788083672415393
7605,0,0.18525524577530958
7606,0,0.13050148003025383
7607,0,0.4048700097919675
7608,0,0.3774769629549021
7609,0,0.3075274677793758
7610,0,0.09120132794503688
7611,0,0.2508999192949854
7612,0,0.12709773510837752
7613,0,0.531266240231868
7614,0,0.21287482899434712
7615,0,0.2754330182790108
7616,0,0.2041271490119377
7617,0,0.10827338101287962
7618,0,0.15211015736393999
7619,0,0.10260769398728785
7620,0,0.10121934518812828
7621,0,0.13128600652850392
7622,1,0.7004179931167336
7623,0,0.3962628884175721
7624,1,0.7955860985487884
7625,0,0.19254520826116073
7626,0,0.19158492013776532
7627,0,0.14905306770751997
7628,0,0.09497554275335955
7629,1,0.8442612393033962
7630,0,0.4376090317081197
7631,1,0.8640912558542578
7632,0,0.32945324492653744
7633,0,0.1266865181241548
7634,0,0.0934288888258722
7635,0,0.616518511378276
7636,0,0.3087551071191174
7637,0,0.5979494600279179
7638,1,0.6904315545162332
7639,0,0.09937461509890266
7640,0,0.1125958640787588
7641,0,0.35752033695257884
7642,0,0.10134219672720954
7643,0,0.103561591185143
7644,0,0.288267451358077
7645,0,0.15258980610026
7646,0,0.1610905055772386
7647,0,0.17830789293120614
7648,1,0.8127088992563504
7649,1,0.8744679366980685
7650,0,0.33126586453279605
7651,1,0.8228617591278512
7652,0,0.12004845125173683
7653,0,0.35264290842437707
7654,0,0.3402514716993966
7655,0,0.30666702505856797
7656,1,0.8369351964973675
7657,1,0.85945582510516
7658,0,0.3575444245051081
7659,1,0.8081220303150237
7660,0,0.5691758769310976
7661,0,0.09947026174808635
7662,0,0.2542095515967686
7663,1,0.8269480212800759
7664,1,0.8506638390074848
7665,0,0.3587385848511951
7666,0,0.09345565753285756
7667,0,0.17510939628597846
7668,0,0.20477812989687189
7669,0,0.14157561656185566
7670,0,0.19378300263510936
7671,0,0.16180792077284317
7672,0,0.52214930467015
7673,0,0.33126798039116734
7674,0,0.12900514441348968
7675,0,0.5812996275557002
7676,0,0.5418341919435326
7677,0,0.5505065752648085
7678,0,0.5722481013356998
7679,0,0.15929498677862886
7680,0,0.19276850515554741
7681,0,0.09787891488601709
7682,0,0.1764262504251864
7683,0,0.09128309280880781
7684,1,0.8413139219025535
7685,0,0.12299472655620547
7686,0,0.15951544321299665
7687,0,0.4411654969930052
7688,0,0.160506965207922
7689,0,0.19520977363930525
7690,0,0.1269716929198223
7691,0,0.2030785171412392
7692,0,0.15337565049061982
7693,1,0.7283786427901059
7694,0,0.1460689810439617
7695,0,0.29594046907734944
7696,0,0.19831551204975625
7697,1,0.8409623519006888
7698,0,0.13779153354773566
7699,0,0.3196258832223921
7700,0,0.16047506874198963
7701,1,0.8592937147139027
7702,0,0.09503299522066619
7703,1,0.8182288816270309
7704,0,0.1098254445092904
7705,0,0.15771582544173063
7706,0,0.09489700091095496
7707,0,0.27383930029835707
7708,1,0.8549014912702544
7709,0,0.09726482322691823
7710,0,0.1652794057432102
7711,0,0.1463192627922945
7712,0,0.14921923056634076
7713,0,0.1261680266281282
7714,0,0.6038890368293998
7715,1,0.8936798039869676
7716,0,0.1319432285973097
7717,0,0.2534650665425183
7718,0,0.2102364237798388
7719,0,0.09945651970809448
7720,0,0.1345018972769941
7721,0,0.14586230516255244
7722,0,0.6187533792236516
7723,0,0.29403084188412515
7724,0,0.32800052690970455
7725,0,0.4516859190029893
7726,1,0.6787932433507515
7727,0,0.12440739476426627
7728,0,0.1569677338770223
7729,1,0.7224757096179716
7730,0,0.11910696679847158
7731,0,0.314980694595454
7732,0,0.11026307404432997
7733,0,0.12871132219128703
7734,0,0.18910794761422123
7735,0,0.40479191936342784
7736,0,0.11862945484260283
7737,0,0.5904994101837037
7738,0,0.1264662703448893
7739,0,0.23689109559474394
7740,0,0.5179963207340915
7741,0,0.09822870774935914
7742,0,0.45191171996162915
7743,0,0.34639872102860414
7744,0,0.559756098484128
7745,0,0.503258560218118
7746,0,0.1587130920191142
7747,0,0.24920446573497576
7748,0,0.11125956584981574
7749,1,0.8899396868973812
7750,0,0.19071206002547977
7751,1,0.6559935081495158
7752,0,0.1298890047034462
7753,0,0.3058204957723334
7754,0,0.12918484946370296
7755,0,0.3574026442763895
7756,1,0.7622563788064473
7757,0,0.1966604565371949
7758,0,0.47466778161279194
7759,0,0.2881538728860988
7760,0,0.12005890695772758
7761,0,0.6153131264207168
7762,0,0.17029548403367825
7763,0,0.27056310672038314
7764,0,0.5172837671379414
7765,1,0.8231274493997983
7766,0,0.4911441989846324
7767,0,0.18524366625311361
7768,0,0.4277572987453896
7769,0,0.26371155588266953
7770,0,0.26356078702864427
7771,0,0.18086508398612677
7772,0,0.10951912460763275
7773,1,0.8421042046924835
7774,0,0.11717461544560083
7775,1,0.7687631179520846
7776,0,0.2609983756323173
7777,0,0.0974346137039304
7778,0,0.5998934716202677
7779,0,0.09117860734291167
7780,0,0.1511368656421648
7781,0,0.3977800111203265
7782,1,0.7821806733256658
7783,1,0.8684530324516031
7784,1,0.8335180688982098
7785,0,0.11709413380436094
7786,0,0.09285651633828776
7787,0,0.41184561458368163
7788,0,0.23921150066042202
7789,0,0.34488629791432923
7790,0,0.1515637249811938
7791,0,0.2786421548055138
7792,0,0.1265644832321483
7793,1,0.807801836076147
7794,0,0.21812871235937617
7795,0,0.5483029692021405
7796,0,0.1382974392681462
7797,0,0.10554429605340161
7798,1,0.7890973644702426
7799,0,0.10817680630870233
7800,0,0.318423142805845
7801,0,0.17809856819716424
7802,0,0.3185616173003779
7803,0,0.15736808256991544
7804,0,0.16204656623273936
7805,0,0.3188463582358327
7806,0,0.48028289583351363
7807,0,0.6287296304869321
7808,0,0.3978576279237615
7809,1,0.7024810152717439
7810,1,0.8759301564822197
7811,0,0.32800052690970455
7812,0,0.5113513476297671
7813,0,0.09497803049301846
7814,1,0.735734538549518
7815,0,0.15155612162525278
7816,0,0.11857667681177066
7817,0,0.47716626021772096
7818,0,0.09381968290704587
7819,0,0.1369528703923995
7820,0,0.2132894361814053
7821,0,0.5959274172874867
7822,0,0.35918718831287194
7823,1,0.785522319325047
7824,0,0.20172105505148336
7825,0,0.09335292012959356
7826,0,0.5013406136798447
7827,0,0.12743024918625115
7828,0,0.25092478888408953
7829,0,0.6166664440577061
7830,0,0.14764961018264675
7831,0,0.4283925890968675
7832,0,0.6493560148788199
7833,0,0.2670075289641216
7834,0,0.1252079850517933
7835,0,0.5484312344805448
7836,1,0.7671818919227856
7837,0,0.3909909921989682
7838,0,0.1398504243147781
7839,0,0.2292893005635104
7840,0,0.10286878418675464
7841,0,0.14910520749050568
7842,1,0.7069248557963432
7843,0,0.5928449936725323
7844,0,0.3997487719066767
7845,0,0.4322785487746263
7846,0,0.10877346014648255
7847,1,0.8463105670950531
7848,0,0.1213038273141406
7849,0,0.38621727605084694
7850,0,0.1794531433143535
7851,1,0.8494639369929187
7852,0,0.4659360566681813
7853,1,0.7237079370185918
7854,0,0.0985998897334303
7855,1,0.8392186462314
7856,0,0.3433691437882607
7857,0,0.19546491626296097
7858,0,0.12036130388170115
7859,0,0.1099444538188127
7860,0,0.5744177456688437
7861,0,0.2739026657000307
7862,0,0.11697772413843037
7863,0,0.1325114222236715
7864,0,0.5221962524773124
7865,0,0.6256927300704146
7866,1,0.8499024556616959
7867,0,0.1231819185931731
7868,1,0.7345844384347971
7869,1,0.7968209590931645
7870,0,0.1314712357999186
7871,1,0.8612943079011713
7872,0,0.41180608844918143
7873,0,0.13312802264269807
7874,0,0.09631849122478546
7875,1,0.744591425154213
7876,1,0.8698839896164058
7877,1,0.8553030635515353
7878,0,0.21398636718143696
7879,1,0.7491531749137653
7880,0,0.1348681706522078
7881,0,0.09789274152590695
7882,0,0.1370661994065069
7883,0,0.1476261909306169
7884,0,0.1410099767003445
7885,0,0.4714487681958003
7886,1,0.8275720454150269
7887,1,0.8600551756241169
7888,0,0.3413114067630157
7889,0,0.32800052690970455
7890,0,0.27972556618496225
7891,0,0.4445377526069798
7892,0,0.2031766885300228
7893,0,0.2750896159791529
7894,0,0.18961231579405047
7895,0,0.15155612162525278
7896,1,0.7266177549313553
7897,0,0.4814334232064644
7898,0,0.3013738665184714
7899,0,0.13032229134682857
7900,0,0.11675792879970592
7901,0,0.09286226953200236
7902,0,0.40608390624817703
7903,0,0.14940287715768594
7904,0,0.4972083368421873
7905,0,0.4259688783737007
7906,0,0.11831198135299117
7907,0,0.6067334208128451
7908,1,0.8579205605265132
7909,0,0.1312090845950147
7910,1,0.7511167369831957
7911,0,0.18354903070696504
7912,0,0.2833623394038507
7913,0,0.26986654911720304
7914,0,0.11336773335708147
7915,1,0.8104027166427277
7916,0,0.14559551242498997
7917,1,0.717236742573578
7918,0,0.1192897327671565
7919,0,0.11798129944841071
7920,0,0.31396740617449875
7921,0,0.10202442534981047
7922,0,0.19694851797654947
7923,0,0.12581164395970082
7924,0,0.6431231202134726
7925,0,0.12381866908573821
7926,1,0.7636963592419401
7927,0,0.11978780849562631
7928,1,0.8709414849156645
7929,0,0.14973900749075394
7930,1,0.6589552124831439
7931,0,0.12378929327773604
7932,1,0.8595230885914598
7933,0,0.6469082498080753
7934,0,0.23032341103190426
7935,0,0.11632566406243909
7936,0,0.32253529587597185
7937,0,0.12440739476426627
7938,0,0.284922782966043
7939,0,0.14764361102351445
7940,0,0.176945124947462
7941,0,0.19969922925953373
7942,0,0.21407708986806007
7943,0,0.1693573550677153
7944,0,0.2964454680711159
7945,0,0.420881219280245
7946,1,0.7859069775632628
7947,1,0.8614939249104864
7948,0,0.18818807918042751
7949,0,0.2811633623643893
7950,0,0.21365839846892345
7951,0,0.5595132713494504
7952,0,0.5592223099938214
7953,0,0.45785042510230906
7954,1,0.8604466160324068
7955,0,0.14979602956961868
7956,0,0.09497667110878898
7957,0,0.09434466139057433
7958,0,0.12010173442070957
7959,1,0.6965041783300405
7960,0,0.1228358179496715
7961,0,0.16930880289065417
7962,0,0.23433359265974904
7963,0,0.17025503316135235
7964,0,0.23581517034611046
7965,0,0.22987510568662986
7966,0,0.13121081860560305
7967,0,0.15200827432203565
7968,0,0.5222478376675987
7969,0,0.44160850261511236
7970,0,0.559374709931315
7971,0,0.12099272421993791
7972,0,0.10173732734989802
7973,0,0.2072192874550098
7974,1,0.8668117761633274
7975,0,0.0980926671204469
7976,1,0.7625505199955795
7977,0,0.11050203522868667
7978,0,0.5162731461391415
7979,0,0.18415347560744033
7980,1,0.8557410745966213
7981,0,0.28060854772663324
7982,1,0.8488896620348382
7983,1,0.8925693415641074
7984,0,0.13064396987885574
7985,0,0.12832395358272697
7986,1,0.8220916859396628
7987,0,0.3005920297054831
7988,0,0.40391688080549143
7989,0,0.09647731498361693
7990,0,0.13201289566662147
7991,0,0.16128143334527378
7992,0,0.10990219212538252
7993,0,0.41297181065657734
7994,0,0.32800052690970455
7995,1,0.8600957851665728
7996,1,0.6864026501341259
7997,0,0.1678749977737554
7998,1,0.8454315182637121
7999,0,0.09006087840304086
8000,0,0.49654728857574937
8001,1,0.7408085100248053
8002,0,0.31903446515135514
8003,1,0.6708579651124801
8004,1,0.860001790737015
8005,0,0.3160610906757132
8006,0,0.5821381976386126
8007,0,0.12433268566689254
8008,0,0.11104603630076164
8009,0,0.09877962511509085
8010,0,0.18393613401692618
8011,0,0.1555516943320542
8012,1,0.8562053323384592
8013,0,0.4479195159289354
8014,1,0.8694544304770728
8015,0,0.33344661646681256
8016,0,0.1924866237320736
8017,0,0.29360306777656264
8018,0,0.11403337916190161
8019,1,0.8576254794825211
8020,1,0.8013098454919707
8021,0,0.56609621837311
8022,0,0.3479274545365853
8023,0,0.4459436099054379
8024,0,0.36509458564408737
8025,0,0.42588207139022755
8026,0,0.09703733128811531
8027,0,0.11751657845941885
8028,0,0.1269818859448025
8029,0,0.4854550568003138
8030,1,0.7152821358024333
8031,0,0.14480792594284553
8032,0,0.2193623732681392
8033,0,0.09609251462186441
8034,0,0.515418814646838
8035,0,0.09702744220717505
8036,1,0.7035332042340556
8037,0,0.5666204380737742
8038,0,0.539314251371704
8039,0,0.15589327883571918
8040,0,0.16793077496153908
8041,0,0.13209205178224226
8042,0,0.1625444833918888
8043,1,0.8395949349957496
8044,0,0.2550386057765343
8045,0,0.5911782669583626
8046,1,0.7256448469553032
8047,1,0.7497100477900498
8048,1,0.777973802815812
8049,0,0.09169021884527699
8050,1,0.8547240174770351
8051,1,0.74858738228139
8052,0,0.44700085454519156
8053,0,0.489031108500863
8054,0,0.3190040092207971
8055,0,0.38493500257034224
8056,1,0.7224111950756302
8057,1,0.7650568934691098
8058,0,0.21671092446141646
8059,1,0.7571873491899094
8060,0,0.09430017985032366
8061,0,0.09460736626961287
8062,0,0.6451835817528049
8063,1,0.8357852291712708
8064,0,0.3948897884173581
8065,0,0.3403658800136926
8066,0,0.12244371897279036
8067,0,0.12247013981102299
8068,0,0.10198222763248802
8069,1,0.8459351520336206
8070,1,0.8301708809807106
8071,1,0.8138303185626464
8072,0,0.09106282628343647
8073,0,0.13790502836676305
8074,0,0.6175370391361756
8075,0,0.16377511607294604
8076,0,0.16597331843163873
8077,0,0.10921877989956015
8078,0,0.6407061871120409
8079,0,0.1495453231533641
8080,0,0.22488245875229407
8081,0,0.4079956639750546
8082,0,0.13521444194292462
8083,0,0.39732386044742646
8084,0,0.1174246487841012
8085,0,0.12773665238302975
8086,0,0.12070130074287627
8087,1,0.8042208586925343
8088,0,0.3081916202357657
8089,0,0.40234033960498305
8090,0,0.14854978699923183
8091,0,0.15888050600367898
8092,0,0.35332063888101856
8093,1,0.7429236930050703
8094,0,0.2570313153177662
8095,0,0.19145382823080137
8096,1,0.8562348969846056
8097,0,0.5494674081091824
8098,0,0.08544144509506883
8099,1,0.7075107266463003
8100,0,0.18562911955616082
8101,0,0.3366361912690736
8102,0,0.15221734240834855
8103,0,0.5352464254630996
8104,1,0.698883229581661
8105,0,0.23390318198309923
8106,0,0.18765914330400776
8107,0,0.11798540067339973
8108,0,0.09570232075651108
8109,0,0.15842831226249002
8110,0,0.10927476803999758
8111,0,0.2964073799087905
8112,0,0.16268183415953125
8113,0,0.15821306929146117
8114,0,0.17301141777255266
8115,0,0.20800416567882796
8116,0,0.17577378858584133
8117,0,0.5199184808221927
8118,0,0.19298391121454145
8119,1,0.764168930749704
8120,1,0.8551116758302062
8121,0,0.10242521590546506
8122,0,0.17737040687175756
8123,1,0.7367249610148101
8124,0,0.14209514224606312
8125,0,0.5062987378065319
8126,0,0.21567926326242032
8127,1,0.8765205565968169
8128,0,0.16358517008200676
8129,1,0.8378573740259897
8130,1,0.7673598680538912
8131,1,0.7451402146598574
8132,0,0.17110057696385322
8133,0,0.17243567387968198
8134,0,0.5567495013517515
8135,0,0.1379007656911691
8136,0,0.11235869041881884
8137,1,0.6924332005463731
8138,0,0.09637698315247398
8139,0,0.3472556096792702
8140,1,0.850326925433946
8141,0,0.1768039453009186
8142,0,0.38766057468295884
8143,0,0.12984085214484922
8144,0,0.12344945637627558
8145,0,0.5374176662666553
8146,1,0.869985805992725
8147,1,0.8625803606908778
8148,0,0.6367366423416059
8149,0,0.09841932414255498
8150,0,0.12636013320212802
8151,1,0.7792560679780732
8152,0,0.13216326683690277
8153,0,0.32800052690970455
8154,0,0.21786255376692804
8155,0,0.1304609663288757
8156,0,0.09271232734139406
8157,0,0.2769951422855595
8158,0,0.49759605169983634
8159,0,0.44667298529660665
8160,0,0.0901433060155439
8161,0,0.47075860832922994
8162,0,0.26515300492597954
8163,0,0.3022517124267696
8164,0,0.11403461853459713
8165,0,0.10499982012425647
8166,0,0.3220122952270225
8167,1,0.7121187018093464
8168,0,0.10922539626717287
8169,0,0.4717112112421797
8170,0,0.42057828490263016
8171,0,0.3171439220385283
8172,0,0.475512395604904
8173,0,0.20141653501125606
8174,0,0.4221824363279591
8175,0,0.191491945408579
8176,0,0.1518428257292583
8177,0,0.515526155615146
8178,0,0.176512258195159
8179,0,0.20765383633070364
8180,1,0.6579490797823191
8181,0,0.331272327037604
8182,0,0.46011256226008995
8183,1,0.8579205605265132
8184,0,0.15244517036021013
8185,0,0.5393199280091796
8186,0,0.5802657459441851
8187,0,0.12081931930238395
8188,0,0.6204430107812056
8189,0,0.6148927915204382
8190,0,0.1288330309909307
8191,0,0.2171149481627086
8192,0,0.1479024158381662
8193,0,0.21253227513239212
8194,0,0.4999481989042133
8195,0,0.21387473291055062
8196,0,0.5260017831572646
8197,0,0.4993116706172929
8198,0,0.4410235140332987
8199,1,0.6928103730941401
8200,0,0.18338517294477633
8201,1,0.8898800365671727
8202,0,0.35406766661019023
8203,0,0.39212529661982815
8204,0,0.10520385916876974
8205,0,0.1266213256225513
8206,0,0.1924789089996067
8207,0,0.15182430364838284
8208,1,0.7988095343849556
8209,0,0.30203463840536393
8210,0,0.1574487394306978
8211,0,0.2311938395776742
8212,0,0.1356506942983415
8213,1,0.8421839605917519
8214,0,0.1133120962438059
8215,0,0.20507045101019128
8216,1,0.7754869207868696
8217,0,0.1547584221328615
8218,0,0.11388995251024808
8219,1,0.8644671025390134
8220,0,0.09972370168963146
8221,0,0.18337428635728426
8222,0,0.26355604366440766
8223,0,0.122082806009096
8224,1,0.6952744944909905
8225,0,0.11670068343821983
8226,0,0.3291087450104033
8227,1,0.8689416513917287
8228,0,0.12753522159177746
8229,0,0.32141993741007935
8230,0,0.42911752524950947
8231,0,0.25045094067386653
8232,0,0.12587405793105527
8233,0,0.11540137083823825
8234,0,0.2087020723731991
8235,0,0.33073555318017933
8236,0,0.3011535778439043
8237,0,0.4283122393105963
8238,0,0.09667027582489257
8239,0,0.09429790350925699
8240,0,0.11582190173789185
8241,0,0.561211239042389
8242,0,0.14306923333736116
8243,0,0.12364273747404887
8244,0,0.11469047527841461
8245,1,0.7776307137082988
8246,0,0.1611597942606535
8247,1,0.6956269506776197
8248,0,0.42600588119173005
8249,0,0.1567581481780721
8250,1,0.7228214111224598
8251,0,0.5948048340663682
8252,0,0.12186017640459351
8253,0,0.1827852728924398
8254,0,0.4224314689185051
8255,0,0.5659108411233869
8256,0,0.32800052690970455
8257,0,0.12071050049928488
8258,1,0.7818993290500598
8259,0,0.10041793423997912
8260,0,0.3429447864106135
8261,0,0.34007838916776256
8262,1,0.7832962590472994
8263,1,0.884906072574597
8264,0,0.3587714040737278
8265,0,0.1125346294907212
8266,0,0.6143908932792315
8267,0,0.3502363431754357
8268,0,0.12576840956530613
8269,0,0.18389256724506237
8270,0,0.22015817508443966
8271,0,0.09873027266813326
8272,1,0.8659408774437907
8273,1,0.7466718678501373
8274,0,0.1440299053177103
8275,1,0.7563096873475502
8276,0,0.24239737256308816
8277,0,0.118817033795956
8278,0,0.45538581997709704
8279,0,0.1697026625320459
8280,1,0.8384937035144205
8281,0,0.2717428813873276
8282,0,0.16451162194320623
8283,0,0.12695688140833086
8284,0,0.17395124475301363
8285,0,0.13615039994317218
8286,0,0.1066143549331918
8287,0,0.11971931390529944
8288,0,0.3511318980278044
8289,0,0.09784643377794978
8290,0,0.1514562966718805
8291,0,0.11731474514004919
8292,0,0.19435161753089766
8293,1,0.8420195120650841
8294,0,0.14888208241583786
8295,0,0.13119325241357335
8296,1,0.8910155634674871
8297,0,0.20587709535226334
8298,0,0.14708143510000882
8299,0,0.3450842871017369
8300,0,0.32002735985433256
8301,0,0.09657581886429893
8302,1,0.8442612393033962
8303,0,0.393343698494724
8304,0,0.20947109880281467
8305,1,0.8452898216636066
8306,0,0.4284112456125124
8307,1,0.7908092231500218
8308,0,0.2514490159799908
8309,0,0.14460955619905533
8310,0,0.2747809768880149
8311,0,0.19376976249866273
8312,1,0.7904978345464191
8313,0,0.12847754186724725
8314,0,0.11672951741115505
8315,0,0.41963827949880117
8316,0,0.11869965505746882
8317,0,0.1843461265987555
8318,0,0.5727036630868526
8319,0,0.1801071984775076
8320,0,0.2566753725243186
8321,0,0.12085092378885534
8322,1,0.855202873492019
8323,0,0.12456983623158954
8324,1,0.7419817972392027
8325,0,0.15483784892794775
8326,0,0.4894381270513191
8327,1,0.8240604377434103
8328,0,0.09370528470613985
8329,0,0.5119918294772463
8330,0,0.12664116639692136
8331,0,0.09400768584399323
8332,0,0.2629496519085321
8333,1,0.71697814820764
8334,0,0.18059800092391307
8335,0,0.33436678837533224
8336,0,0.2549506064515851
8337,1,0.7163216195810578
8338,0,0.11242385676689123
8339,0,0.10929576001629063
8340,0,0.207870258333957
8341,1,0.780910373542574
8342,0,0.13888021652006036
8343,0,0.26161386639638173
8344,0,0.37641255038749183
8345,0,0.5724344016296581
8346,0,0.6468738530173958
8347,1,0.7569297988009522
8348,0,0.12160647157923626
8349,0,0.1540790414281564
8350,0,0.5364044090688114
8351,0,0.6146811977914082
8352,0,0.2881813535702765
8353,0,0.10802317571607081
8354,0,0.2803666914702109
8355,0,0.4619943532105512
8356,0,0.2087064082330887
8357,0,0.18296052027478416
8358,0,0.32837107912553753
8359,0,0.39323029043622604
8360,1,0.7687866073385387
8361,0,0.15727042622438173
8362,0,0.43182989549511375
8363,0,0.17329166293524179
8364,0,0.27042141055827074
8365,0,0.4198676879711221
8366,1,0.7943461047107495
8367,0,0.5949129138850786
8368,0,0.12902021093758803
8369,0,0.1246986951376065
8370,0,0.1395667353498477
8371,0,0.09303070449772267
8372,0,0.2648171385324214
8373,1,0.8698988572968157
8374,0,0.23953206402521884
8375,0,0.33530141048122725
8376,0,0.11923081693479594
8377,1,0.8710511521583792
8378,0,0.387880945955581
8379,0,0.09778012423319607
8380,0,0.1273271230647768
8381,0,0.17644588576896594
8382,0,0.11022727761576243
8383,1,0.7437358133581108
8384,0,0.6327289066814901
8385,1,0.8185707613236937
8386,0,0.3339840715140199
8387,0,0.33067119082208535
8388,0,0.14103596095076626
8389,0,0.1774594640618445
8390,0,0.11231249981686842
8391,0,0.516244055406833
8392,0,0.10750282099742597
8393,0,0.23822472591477875
8394,0,0.15650026712088005
8395,0,0.24174297794363875
8396,0,0.10811013574851004
8397,0,0.13143404234072772
8398,0,0.18120242327470365
8399,0,0.13140405203379935
8400,0,0.12610254675080493
8401,1,0.8196027741519233
8402,1,0.8378746564823517
8403,1,0.6520525702039706
8404,0,0.10281503829041719
8405,0,0.23201894032214918
8406,0,0.09551431628200686
8407,1,0.7685891121778081
8408,0,0.1421385625354215
8409,0,0.6021869741247425
8410,0,0.10219733750602708
8411,0,0.38915861485120057
8412,0,0.3061218644417129
8413,0,0.27121114785461575
8414,0,0.09584032667308669
8415,0,0.4987081112723662
8416,1,0.7854724815322697
8417,0,0.32317152728972093
8418,0,0.5931781287460406
8419,0,0.12344389604515799
8420,1,0.7193585140582258
8421,0,0.23846192353816506
8422,1,0.8399858270570502
8423,0,0.2321700262961114
8424,0,0.09660660348185142
8425,0,0.501560648846039
8426,1,0.8052770285937212
8427,0,0.23765259587024332
8428,0,0.31449443817742867
8429,1,0.6642670364632289
8430,0,0.2830033137969243
8431,0,0.13197824363573332
8432,1,0.7883035716508852
8433,1,0.8372254241410377
8434,0,0.2223740945705076
8435,0,0.24933475199435196
8436,0,0.2958047936524425
8437,0,0.37669172580960036
8438,0,0.6483101199463946
8439,0,0.09629833835864403
8440,0,0.11091627562651847
8441,0,0.41060811789164786
8442,0,0.09750949363908182
8443,0,0.35701946722918093
8444,1,0.8453059492355907
8445,0,0.12816182571819107
8446,1,0.7495574214315006
8447,0,0.5221962524773124
8448,0,0.4839267478949614
8449,0,0.16387270308955457
8450,0,0.09110141630555338
8451,0,0.09774932015336284
8452,0,0.34649397868913256
8453,0,0.09680794166116409
8454,1,0.8213085767682067
8455,0,0.25922689326574905
8456,0,0.11758388886661349
8457,0,0.1408140497872689
8458,0,0.4143805390215965
8459,0,0.19456925571279712
8460,0,0.16733968734773594
8461,0,0.18931795888418387
8462,0,0.4172948267233577
8463,0,0.14499159296091071
8464,0,0.0952742662361583
8465,0,0.5354692003878855
8466,0,0.16458312367640088
8467,0,0.36667646291612044
8468,0,0.42614563910762615
8469,0,0.17630931153830917
8470,0,0.10485107768536128
8471,0,0.499635286851685
8472,0,0.5744340525944284
8473,0,0.14490186725167967
8474,0,0.3011535778439043
8475,0,0.636624882986161
8476,1,0.7039329423163561
8477,0,0.2086556142941118
8478,0,0.33198858443944895
8479,0,0.13844563844962432
8480,0,0.547603889314267
8481,0,0.09589384250522387
8482,0,0.1427801369807495
8483,0,0.12448241850846846
8484,0,0.24754379433731896
8485,0,0.1189790028969461
8486,0,0.11958790446777717
8487,0,0.24048417333140648
8488,0,0.12330853986258358
8489,0,0.11292876172926572
8490,0,0.54861166421741
8491,0,0.17773125093459324
8492,0,0.5986994336520949
8493,1,0.8624932345336682
8494,1,0.7795178357191962
8495,0,0.33874208532764893
8496,0,0.5041694738834355
8497,0,0.16455995408350607
8498,0,0.12432233353696606
8499,1,0.6911252632990992
8500,0,0.12456983623158954
8501,0,0.4485873968296545
8502,0,0.2857749135951507
8503,0,0.45351991317923457
8504,0,0.38733962477062134
8505,0,0.10455108290567376
8506,0,0.24698886168415107
8507,0,0.12028650094186918
8508,0,0.11788883618358263
8509,0,0.1171208135235572
8510,0,0.21214583207207582
8511,0,0.11696700584519021
8512,0,0.6338456099933524
8513,1,0.7778766216358379
8514,0,0.224593611765338
8515,0,0.13262516505071878
8516,0,0.20741970111307617
8517,0,0.5599381284165329
8518,0,0.09673367668676404
8519,1,0.8319336330591929
8520,0,0.40495314329552184
8521,0,0.12950141061737774
8522,0,0.23034725945886259
8523,0,0.10126357752013777
8524,1,0.6551171198369017
8525,0,0.12375128370104851
8526,0,0.3383449734088315
8527,0,0.3903658225191767
8528,0,0.44577300426529887
8529,0,0.5452842097601746
8530,0,0.12799837504333209
8531,0,0.1920891198885679
8532,0,0.17271805585743244
8533,0,0.09412930365806844
8534,0,0.205886602409298
8535,0,0.3523621551917094
8536,0,0.6047193242504517
8537,1,0.7833865778273448
8538,1,0.8328857985615847
8539,0,0.4476829534042076
8540,0,0.5182374147585967
8541,0,0.12273204350129797
8542,0,0.3663011294770069
8543,0,0.5396794179911352
8544,0,0.3188463582358327
8545,0,0.10440763323793191
8546,0,0.09511494973960291
8547,1,0.8796003785438968
8548,0,0.22384179909150634
8549,0,0.35884068725445106
8550,1,0.6982159487403973
8551,0,0.20170853978429412
8552,0,0.12892630696241186
8553,0,0.1749815116798334
8554,0,0.10744005384280704
8555,0,0.13956793359771966
8556,0,0.28535756274850943
8557,0,0.29995628585051987
8558,0,0.3013484719311644
8559,0,0.4615565020696327
8560,0,0.15046118265180802
8561,0,0.5494287105218207
8562,0,0.09348704781200248
8563,0,0.10788886028486111
8564,0,0.605947545168338
8565,1,0.6999662466739793
8566,0,0.09043472666384748
8567,0,0.19134130128532817
8568,0,0.20898255203139102
8569,0,0.08569306462860335
8570,0,0.31880988982645553
8571,0,0.16665470639556154
8572,0,0.1418048098808626
8573,0,0.39246896507336365
8574,1,0.8506065416686952
8575,0,0.10099490026327693
8576,1,0.8554676485893792
8577,0,0.23591130667787186
8578,0,0.16751374909128616
8579,0,0.10352697434514395
8580,0,0.15929838961661555
8581,0,0.09664998475636194
8582,1,0.843634404729758
8583,0,0.11616962287004476
8584,0,0.19771780751085333
8585,0,0.5361977805018981
8586,0,0.15106835702612734
8587,0,0.34221554033863216
8588,0,0.14918669370171544
8589,1,0.6507987385214118
8590,0,0.21590954616343871
8591,0,0.16858859371757975
8592,0,0.6397852189033577
8593,0,0.30141775475345833
8594,0,0.1484377046646148
8595,0,0.0918564577290553
8596,0,0.28558238799538677
8597,0,0.4269928355338208
8598,0,0.18645816958150385
8599,0,0.11668330656218066
8600,0,0.6174908133871521
8601,0,0.12265501396410151
8602,0,0.5468698528168722
8603,0,0.1635916167347415
8604,0,0.32800052690970455
8605,0,0.09102025068468159
8606,0,0.12285446803542201
8607,0,0.1677447314992191
8608,1,0.8273614664907872
8609,0,0.09909255497804761
8610,0,0.3746134806991157
8611,0,0.4045337855442537
8612,0,0.4438556327986469
8613,1,0.7550231432792668
8614,0,0.2070949217036257
8615,0,0.4774612329124747
8616,0,0.14389922608328717
8617,0,0.3592936039852049
8618,1,0.8398359227093525
8619,1,0.7859117628983048
8620,1,0.8736877777199213
8621,0,0.16027443600536037
8622,0,0.4948831372718004
8623,1,0.8083189407885558
8624,0,0.37644317483231055
8625,1,0.6873984989379399
8626,0,0.5650074314311206
8627,0,0.19026438483326155
8628,0,0.1872120768064832
8629,0,0.273440515741445
8630,0,0.16276077188514593
8631,0,0.2410538231176991
8632,0,0.4233710375167608
8633,0,0.17898022759108118
8634,0,0.2628192397263578
8635,0,0.22762466249804547
8636,0,0.20323421223984742
8637,0,0.17534801347253595
8638,0,0.32838981475509244
8639,0,0.5905218040087178
8640,0,0.13252262764437436
8641,0,0.21223194327131858
8642,0,0.11156351000668581
8643,0,0.12534248882761584
8644,0,0.4721232577688179
8645,0,0.5829739871399541
8646,1,0.8648223201532732
8647,0,0.1077626699453232
8648,1,0.8690226396686901
8649,0,0.600817448814652
8650,0,0.32399898464045085
8651,0,0.6208699205436627
8652,0,0.10296951032096724
8653,0,0.4159959345876402
8654,0,0.3616405021395555
8655,0,0.2512361316676461
8656,0,0.11658301257605531
8657,0,0.09755876272513708
8658,1,0.8410024385679656
8659,0,0.40628148116616425
8660,0,0.13861291115234217
8661,0,0.4328591457600245
8662,0,0.4549562728349426
8663,0,0.15771234263401568
8664,1,0.7968209590931645
8665,0,0.512650886506286
8666,0,0.5643769745669998
8667,0,0.5457638067728775
8668,1,0.7534792629164627
8669,0,0.09458897762446707
8670,0,0.17142560443594068
8671,0,0.12119068881456525
8672,0,0.10789933778873197
8673,0,0.24899750777758414
8674,0,0.2532887583061433
8675,0,0.5406368475798613
8676,0,0.26585445542301905
8677,1,0.8198907469827375
8678,0,0.1728000197477391
8679,0,0.12245066020238568
8680,0,0.29127568654572816
8681,0,0.2880285832624303
8682,0,0.5039558968343095
8683,0,0.49177080366444537
8684,0,0.19150321080937666
8685,0,0.18747792146936398
8686,0,0.12883670088117272
8687,0,0.502506047232924
8688,1,0.7671303463828888
8689,0,0.24078734960273546
8690,0,0.5313413181485079
8691,0,0.18551503700678604
8692,0,0.12811426672036072
8693,0,0.09641418852169438
8694,0,0.16738329775940008
8695,0,0.1942243984558652
8696,0,0.4812527379910137
8697,0,0.10422242122449216
8698,0,0.12300257382410051
8699,0,0.23408836346490033
8700,0,0.34637878462529337
8701,0,0.20109503809712415
8702,0,0.48029578918228183
8703,0,0.12022957657338139
8704,0,0.593797373967998
8705,0,0.4379402141405044
8706,0,0.12240094721229995
8707,0,0.18400009763330472
8708,0,0.20371982073003495
8709,0,0.3897333682859699
8710,0,0.09206394088636032
8711,0,0.37207364259454334
8712,0,0.12009558462668016
8713,0,0.5984322705757831
8714,0,0.1837969176401187
8715,0,0.22517158574890647
8716,0,0.561973333900239
8717,1,0.8866134684352005
8718,0,0.10599879710994871
8719,0,0.42163233216605206
8720,1,0.8378746564823517
8721,0,0.09704509077286518
8722,0,0.2562820321012589
8723,0,0.41299876405956004
8724,0,0.15619073932330405
8725,0,0.3809675176043043
8726,0,0.5104358854307273
8727,1,0.7829224087719322
8728,0,0.5616400312790208
8729,0,0.16176192994100302
8730,0,0.17536693484834937
8731,0,0.11720778577907193
8732,0,0.0939546058851408
8733,0,0.11334055297224939
8734,0,0.18201820332817187
8735,1,0.7249254937097331
8736,0,0.11865767553868714
8737,0,0.3025873791115501
8738,0,0.1767944725826796
8739,1,0.8599502253482569
8740,0,0.32800052690970455
8741,0,0.19193442761239873
8742,1,0.8491655264197331
8743,0,0.610008822998388
8744,1,0.7224584273914046
8745,0,0.3704301324130342
8746,0,0.4327002451888209
8747,0,0.13012035142273295
8748,0,0.1835703805356568
8749,0,0.40571659057498516
8750,1,0.8579864997475359
8751,0,0.15304191962397626
8752,0,0.1591701153903479
8753,0,0.11734302300684528
8754,0,0.6059927937593378
8755,0,0.10439115119585875
8756,0,0.10634267433140668
8757,0,0.16750741230024804
8758,0,0.5058398045016522
8759,0,0.12623740775039846
8760,0,0.09370322717573366
8761,1,0.7425473453886511
8762,0,0.12807235386417098
8763,1,0.8431009659744392
8764,0,0.3185503999575151
8765,0,0.369598716421474
8766,0,0.17870806531687147
8767,0,0.1666035204539378
8768,0,0.10953470127875391
8769,0,0.10603459252472812
8770,0,0.20098405014517676
8771,1,0.8805051214765649
8772,0,0.1718161721750002
8773,0,0.09841571150014258
8774,0,0.09546243774523841
8775,0,0.12167677377592913
8776,0,0.19780544645174328
8777,0,0.10535586807277392
8778,1,0.8567162995939887
8779,0,0.09324359370936659
8780,0,0.23236859233342685
8781,0,0.16297593262095822
8782,1,0.8166381471061445
8783,1,0.8412441687787714
8784,0,0.2587608621808104
8785,0,0.44650272492444365
8786,0,0.182261464464104
8787,0,0.3179675497566341
8788,0,0.3355908393291858
8789,0,0.26776454208086264
8790,1,0.7993326165471093
8791,0,0.14317542841139494
8792,0,0.12606002977770292
8793,0,0.09303955607340066
8794,0,0.13435476438804966
8795,0,0.09531671598984214
8796,0,0.1553622189159371
8797,0,0.4082614992616041
8798,1,0.8278067921519013
8799,0,0.3000139525215332
8800,0,0.19363620489984237
8801,0,0.11713460031262325
8802,0,0.4522577955578442
8803,0,0.24666185081390038
8804,0,0.5486401022147822
8805,0,0.19856878337704298
8806,0,0.15676790987545727
8807,0,0.09957365700946263
8808,1,0.8592035084535253
8809,1,0.8880597955361238
8810,0,0.28634930666026825
8811,0,0.17220460114593433
8812,0,0.1886809590610619
8813,0,0.4228054718365437
8814,0,0.308571446067268
8815,0,0.4160215914784492
8816,0,0.1982678247680598
8817,0,0.30588873669853445
8818,0,0.13963315798892506
8819,0,0.39868371926039314
8820,0,0.11938681666272538
8821,0,0.13365070348258418
8822,0,0.23987536180333255
8823,0,0.1087513944615026
8824,0,0.12506520231733706
8825,0,0.22514905683926895
8826,1,0.7828805145564481
8827,0,0.3273462753305065
8828,1,0.8343688236091696
8829,0,0.09957825160788529
8830,0,0.5847358096764108
8831,0,0.16607362365656514
8832,0,0.20675571051326774
8833,0,0.15585229209240084
8834,0,0.5630899627884556
8835,0,0.5637346187416341
8836,0,0.15053716168565148
8837,0,0.12580759138079656
8838,0,0.5484288215192116
8839,0,0.5085043701166406
8840,0,0.18923665644406418
8841,0,0.12726441402692637
8842,0,0.13943867657235065
8843,0,0.17120023345288332
8844,0,0.1668052848987139
8845,0,0.14529016935164268
8846,0,0.6257362677413948
8847,0,0.11414134791655758
8848,0,0.20778810112204676
8849,0,0.40123658272349416
8850,0,0.09483174641582175
8851,0,0.12334803923108208
8852,0,0.14927973716474754
8853,1,0.8529497407865144
8854,0,0.09528888764085365
8855,0,0.32800052690970455
8856,0,0.2349458544786418
8857,0,0.17348371942407506
8858,0,0.12876945830711872
8859,0,0.09371077705478692
8860,0,0.18124281917292806
8861,1,0.6741483310923011
8862,1,0.8369640308792602
8863,0,0.18313958859414373
8864,0,0.11684157109149693
8865,0,0.5151190715469879
8866,0,0.31117123272588687
8867,0,0.18748482562691773
8868,0,0.1361064841406092
8869,0,0.11388147386804094
8870,0,0.41985422298944963
8871,0,0.3428171303070054
8872,1,0.7872689003644561
8873,0,0.49734410129997714
8874,0,0.258222326371089
8875,0,0.10357200631034791
8876,0,0.3904600394290606
8877,1,0.8171643293049686
8878,0,0.24589698248155517
8879,0,0.1950558413346041
8880,0,0.2630508804019135
8881,0,0.30368505807602186
8882,1,0.8342801174990352
8883,1,0.80964035907344
8884,1,0.8504147173294555
8885,0,0.38281712631076315
8886,0,0.19402768806872076
8887,0,0.3923628977624538
8888,0,0.16027771793811962
8889,1,0.8861322340320809
8890,0,0.15664691315375384
8891,0,0.6433888121157397
8892,0,0.10524562595836068
8893,0,0.18744369448011924
8894,0,0.11753048935507535
8895,0,0.15848684916939987
8896,0,0.6040008774593156
8897,0,0.2080682684032601
8898,1,0.8790786459452272
8899,0,0.44619037885837304
8900,1,0.8695697613098898
8901,0,0.3947553121540676
8902,0,0.43395420228529025
8903,0,0.4120842035192439
8904,0,0.1774557198296939
8905,0,0.14534321447904208
8906,0,0.22038671345698094
8907,0,0.09212150739765206
8908,0,0.5172107535457497
8909,1,0.7095867564297695
8910,0,0.41152975512766093
8911,1,0.8442458616259534
8912,0,0.24842064570449576
8913,0,0.6221653522314586
8914,0,0.2238953559661996
8915,0,0.1990277532023863
8916,0,0.12546431470911182
8917,1,0.6930929806876199
8918,0,0.16204354575305516
8919,0,0.09964459087149015
8920,0,0.11335383285999602
8921,0,0.253087876460104
8922,0,0.09554975523778016
8923,1,0.8436529675428879
8924,0,0.23321795963019532
8925,0,0.10230288405104788
8926,0,0.11954728245436363
8927,0,0.31458126503104183
8928,1,0.7608700847623184
8929,1,0.8640153454312454
8930,1,0.6963374629581619
8931,0,0.6092680365513339
8932,0,0.4826323047043142
8933,0,0.4479843003729375
8934,0,0.10407049789670657
8935,0,0.3575948996080442
8936,0,0.20615932971304535
8937,0,0.17829840736813707
8938,0,0.18419120800681646
8939,0,0.20635044406896774
8940,0,0.1291625734047326
8941,0,0.10101791243513639
8942,0,0.10042651419216704
8943,0,0.17282651092247833
8944,0,0.33964382299929
8945,0,0.34878257045487837
8946,1,0.854445115065113
8947,0,0.41983582621123094
8948,0,0.2571786181692602
8949,0,0.46999361995931216
8950,0,0.15296677131366904
8951,0,0.12329563442822288
8952,0,0.10243440628101674
8953,0,0.1921056455631357
8954,0,0.11148648044917582
8955,1,0.8058202433444989
8956,0,0.23449767217588025
8957,1,0.8823474734304754
8958,0,0.18939658532330106
8959,0,0.5445644987866157
8960,1,0.8725279568044133
8961,0,0.22995896508594782
8962,0,0.29447828400358433
8963,0,0.2591223943412838
8964,1,0.7331315217143611
8965,1,0.856900799586768
8966,0,0.32331798473416584
8967,0,0.49140537264324646
8968,0,0.36301388414719904
8969,0,0.1973563999761497
8970,1,0.8127705770503603
8971,0,0.11596578034820754
8972,0,0.13763631060514755
8973,0,0.12432422087930638
8974,0,0.13618543160597443
8975,0,0.6120056669905871
8976,0,0.23395545164820408
8977,0,0.21214583207207582
8978,0,0.14885204554553072
8979,0,0.13207045150407945
8980,0,0.5179177980728832
8981,0,0.5886262376377395
8982,0,0.6150863257522761
8983,1,0.6918169385538145
8984,0,0.5497813543798786
8985,0,0.2007977604196729
8986,0,0.1710431612325908
8987,0,0.28712266945552517
8988,0,0.18141277456583507
8989,0,0.2288582381834467
8990,0,0.1482243420604989
8991,0,0.6295893265538486
8992,1,0.8792284649719704
8993,0,0.4681345661453502
8994,0,0.5321385966559746
8995,0,0.1623188424042114
8996,1,0.8445306924832846
8997,0,0.14765173357243827
8998,0,0.2716816300502938
8999,0,0.4799807621480209
9000,0,0.14708768025321703
9001,0,0.22914393098865962
9002,0,0.15323034991255305
9003,0,0.2596121277178028
9004,0,0.1286530928971583
9005,0,0.5284345553096997
9006,0,0.18493155856654822
9007,0,0.10172446956996369
9008,0,0.16244809285182302
9009,0,0.09301976521002549
9010,0,0.3162986216231113
9011,0,0.2413263483313475
9012,0,0.40147235224569733
9013,0,0.35277645896068655
9014,0,0.0979551230320376
9015,1,0.8534482545692502
9016,0,0.2778694892264667
9017,0,0.09099159972093374
9018,0,0.22973809907709505
9019,0,0.31276272939411887
9020,0,0.4326598606140167
9021,0,0.33053675409036287
9022,0,0.23601717242831075
9023,0,0.4995854671592904
9024,0,0.10169707518579191
9025,0,0.08827121059522987
9026,0,0.17153111523287967
9027,0,0.12533949752481047
9028,0,0.2834169635027002
9029,0,0.14881262384247376
9030,0,0.12251580857183154
9031,0,0.20033568409256636
9032,0,0.10606084321251451
9033,0,0.43331811406660176
9034,0,0.12069988251384961
9035,0,0.31873783953982915
9036,1,0.8705950938201835
9037,0,0.17933856604106385
9038,0,0.3046391470808266
9039,0,0.1516897789367416
9040,0,0.1937043397907615
9041,0,0.1242458792949575
9042,0,0.10706119099793249
9043,0,0.15823935469737135
9044,0,0.31074291517278047
9045,0,0.2081180087861524
9046,0,0.14880030880236436
9047,0,0.611869404379703
9048,1,0.860001790737015
9049,1,0.85945582510516
9050,0,0.4484125059528917
9051,0,0.2500311179072232
9052,1,0.8666231049157541
9053,0,0.32800052690970455
9054,1,0.8527368701171988
9055,1,0.7558983028617711
9056,0,0.2282236236397832
9057,1,0.7799258769791795
9058,0,0.2095678094603197
9059,0,0.15528383550631406
9060,0,0.5057940643378156
9061,1,0.8480092354675686
9062,0,0.11916869554736924
9063,0,0.12145583402209803
9064,0,0.18261257044905474
9065,0,0.11905190798615675
9066,0,0.47336643910675075
9067,0,0.18134865164956346
9068,0,0.10264848787983943
9069,0,0.18689550311411385
9070,0,0.14969052978673222
9071,0,0.6149903861731095
9072,0,0.12377370876008047
9073,1,0.8198907469827375
9074,0,0.4307636814399251
9075,0,0.12880731461814035
9076,1,0.760611943781843
9077,1,0.8277347171093687
9078,0,0.11285928277922216
9079,1,0.7477791375750239
9080,0,0.4858803121426838
9081,0,0.5348385511328303
9082,0,0.3328319344134653
9083,0,0.5606918655899286
9084,0,0.1573274979746527
9085,1,0.8037018804971563
9086,0,0.23858168065670587
9087,0,0.09587893599916356
9088,0,0.618697798268477
9089,0,0.1255976032912755
9090,0,0.19211112583015297
9091,0,0.3767262166972701
9092,0,0.3663011294770069
9093,0,0.15067097376776087
9094,0,0.19766553088560113
9095,0,0.10838270191454315
9096,0,0.3320875762644283
9097,0,0.32800052690970455
9098,0,0.1805540664789016
9099,0,0.6081676521103978
9100,0,0.17433347842779107
9101,1,0.7179437614832758
9102,0,0.18750225674485577
9103,0,0.5522877752447112
9104,0,0.5136269725422111
9105,0,0.1513802056354162
9106,0,0.3041035249623876
9107,0,0.3658421562097974
9108,0,0.5400926786737441
9109,1,0.7406742827029639
9110,0,0.32800052690970455
9111,0,0.20728857926493097
9112,0,0.44139544856099233
9113,0,0.42985246984979086
9114,1,0.7138312011893723
9115,1,0.8804344041118535
9116,0,0.10515453694360637
9117,0,0.09600602911552594
9118,1,0.7547223722823391
9119,1,0.8641545124708221
9120,0,0.32189318598999556
9121,0,0.1671903850778679
9122,0,0.12749841164579692
9123,0,0.19508571383536688
9124,1,0.7196042389875051
9125,1,0.7035647802427019
9126,0,0.21798865024164985
9127,0,0.1273782561748986
9128,0,0.1234619123744288
9129,1,0.7281391716518296
9130,0,0.2958035122101706
9131,0,0.19472063097209807
9132,0,0.19563818522258838
9133,0,0.09163202334261349
9134,0,0.3459879215075061
9135,0,0.10664534077412816
9136,0,0.32800052690970455
9137,1,0.8182288816270309
9138,0,0.08784764885682687
9139,0,0.2947106183888468
9140,0,0.11905901354946498
9141,1,0.6958387937693019
9142,0,0.10397102951387763
9143,0,0.5211434068539911
9144,0,0.2957857362330032
9145,0,0.09333632919569536
9146,0,0.2287818466836681
9147,0,0.20764252661362323
9148,0,0.21860160672298462
9149,0,0.29951470818892006
9150,0,0.09772912579360753
9151,0,0.2858691297432005
9152,0,0.42942948203312264
9153,0,0.31511514405813995
9154,0,0.10244237983723957
9155,0,0.5476355228467553
9156,0,0.20678403578204302
9157,0,0.14545373541902706
9158,0,0.10409513238128698
9159,0,0.20568172176045993
9160,0,0.578394592682734
9161,0,0.20864962153945765
9162,0,0.08635019975744893
9163,0,0.21329832960474615
9164,0,0.09307041535549933
9165,0,0.1170015424702342
9166,0,0.1281590909979428
9167,1,0.7836211581868575
9168,1,0.8616694469045478
9169,0,0.13960355986078035
9170,0,0.128107905639289
9171,1,0.8749423775289915
9172,0,0.5073158505471287
9173,0,0.27388372757151735
9174,0,0.10053782264804707
9175,0,0.12142590847784807
9176,0,0.10541756966066297
9177,1,0.8671769666942458
9178,0,0.17065941938088777
9179,0,0.12511419123582349
9180,0,0.19019130905079423
9181,0,0.39684886898241717
9182,0,0.21715992198207681
9183,0,0.21183721486105078
9184,0,0.1211607388882767
9185,0,0.3505843123477784
9186,0,0.1893868836655429
9187,0,0.41663207098159977
9188,0,0.23149019758750697
9189,0,0.3399444193729692
9190,0,0.10427274308731262
9191,0,0.2707078694108465
9192,0,0.19004286686651084
9193,0,0.2941308335779659
9194,0,0.17836564019386655
9195,0,0.12025135672375856
9196,0,0.4197188247544444
9197,0,0.15178494714389437
9198,0,0.1187674071880988
9199,0,0.3598116166472182
9200,0,0.1923348113836614
9201,0,0.5418213111301188
9202,0,0.13353722518366504
9203,0,0.22964664993324585
9204,0,0.20080955867960565
9205,0,0.10266621134969518
9206,1,0.774720320396602
9207,0,0.2172945851139185
9208,1,0.8690319964107783
9209,0,0.12292068720632231
9210,1,0.8600957851665728
9211,1,0.7254374366249455
9212,0,0.11871377511501875
9213,0,0.21478607103459355
9214,0,0.19146717577775285
9215,1,0.8749423775289915
9216,0,0.10593061736701395
9217,0,0.1575502312859504
9218,0,0.08874434699900788
9219,0,0.09458595066309311
9220,1,0.6650294809901848
9221,1,0.8643350829221109
9222,0,0.6320503507474354
9223,0,0.14739573517809398
9224,0,0.1819144268826234
9225,0,0.5734825833445466
9226,0,0.43755826592314534
9227,0,0.5620893845586493
9228,0,0.5525283555768511
9229,0,0.27815372684811035
9230,0,0.21986122876341394
9231,0,0.2581617410833955
9232,0,0.18749042884276673
9233,0,0.17117282607449502
9234,1,0.7985224325123103
9235,0,0.09376683028974796
9236,0,0.11775762599147753
9237,0,0.42342921906871694
9238,0,0.13692270600590023
9239,1,0.8555821703143794
9240,0,0.4799807621480209
9241,0,0.11164862495077617
9242,0,0.09835899824603045
9243,0,0.14009005859218052
9244,1,0.7344544328334305
9245,0,0.14656120403981546
9246,0,0.20492087556186117
9247,0,0.375104680670276
9248,0,0.35115334989033936
9249,0,0.11354109354682301
9250,0,0.4057979691718144
9251,0,0.09894706825047539
9252,0,0.1574332112170623
9253,1,0.848767559508745
9254,0,0.2833841154898724
9255,0,0.2193519158144466
9256,0,0.6258542921584288
9257,0,0.09315860441572685
9258,0,0.10166934800002413
9259,0,0.4976215001505914
9260,1,0.8569229121761301
9261,0,0.13032932284866033
9262,0,0.31921513755244846
9263,0,0.4883967365717355
9264,0,0.14413809443587938
9265,0,0.1438830899392824
9266,0,0.1416795765645338
9267,0,0.2049991815632823
9268,0,0.1698866589483619
9269,0,0.13998727120627266
9270,0,0.14784959929208705
9271,1,0.8600174245042108
9272,0,0.10521404551278497
9273,0,0.11863906954505957
9274,1,0.6788060275798488
9275,0,0.3544575447175854
9276,1,0.77170152748987
9277,1,0.7197903060054944
9278,0,0.11496586977734828
9279,0,0.16001420553848159
9280,0,0.12617052508439705
9281,0,0.0951046500216619
9282,0,0.1515576534645115
9283,0,0.21806496364483036
9284,0,0.26067105230762067
9285,0,0.12344391694916859
9286,0,0.18142715444283883
9287,0,0.12223705406930263
9288,0,0.16056168852006245
9289,0,0.4188969282185623
9290,0,0.14831722679516252
9291,0,0.14189027795156028
9292,0,0.14827857268676847
9293,0,0.14952618446726612
9294,0,0.643389846744937
9295,0,0.6119561637095254
9296,1,0.8362329626551462
9297,0,0.19914907062843365
9298,0,0.10410398695734323
9299,0,0.2796682950543599
9300,0,0.14192918981142913
9301,0,0.17261695354882184
9302,0,0.18289213826021355
9303,0,0.22517902936122453
9304,0,0.5393660721842011
9305,0,0.11230998648227743
9306,0,0.15755917820893067
9307,0,0.15790368895688595
9308,1,0.8655792795237071
9309,0,0.12586446141263302
9310,1,0.8442612393033962
9311,0,0.21056382685188918
9312,0,0.12141956604664883
9313,0,0.1924236305320777
9314,1,0.8594788714639958
9315,0,0.09947436173332086
9316,1,0.7600037163876527
9317,0,0.30398698139616387
9318,0,0.4375591243170874
9319,0,0.11979247887058884
9320,0,0.27022623535054136
9321,0,0.1230971139887208
9322,0,0.12276254629838583
9323,0,0.28012993740825026
9324,1,0.8533659042057392
9325,0,0.11533430299057496
9326,0,0.1111007144448622
9327,0,0.525479798081867
9328,0,0.2660670865918573
9329,1,0.8442612393033962
9330,0,0.2647050495629435
9331,0,0.11882594356404111
9332,0,0.184634510663625
9333,1,0.8892536879962472
9334,0,0.5868572806484961
9335,0,0.12060851144757119
9336,0,0.1216969799594225
9337,0,0.20295638608545064
9338,0,0.1671133302205793
9339,0,0.3632545442113665
9340,0,0.15736972808868932
9341,1,0.8804885878339553
9342,0,0.10842193433879045
9343,0,0.37996430594991726
9344,0,0.09180954480639572
9345,0,0.12088253994909579
9346,0,0.13163579837474929
9347,1,0.7684023484300874
9348,0,0.6293422370527794
9349,0,0.16900487851397344
9350,0,0.3025453542422246
9351,1,0.8852044608073237
9352,0,0.28783247116803096
9353,0,0.2615831012708575
9354,0,0.10875375958175901
9355,0,0.13802099000698248
9356,0,0.10884037538221315
9357,0,0.37699226402705505
9358,0,0.09676621305086555
9359,0,0.1154871340526134
9360,1,0.7140165164703742
9361,0,0.3046194028837534
9362,0,0.3471533789303596
9363,0,0.11023801657764094
9364,1,0.8833232098425126
9365,1,0.7095803611386888
9366,1,0.8855886251809494
9367,0,0.11586143906632593
9368,0,0.4212563965529969
9369,0,0.32377491789139634
9370,0,0.5081648125314502
9371,0,0.09593984283373126
9372,1,0.8162885074237822
9373,0,0.6276712855473652
9374,1,0.7071739597511202
9375,0,0.32350679549758415
9376,0,0.5675701056305796
9377,1,0.8545879372386882
9378,0,0.64623285818289
9379,0,0.12363479037996596
9380,0,0.37810961844186036
9381,1,0.7065703763508794
9382,0,0.1234619123744288
9383,0,0.206295495210519
9384,0,0.1451355920873202
9385,0,0.11909498070492408
9386,0,0.09503963182313595
9387,0,0.21106665063997884
9388,0,0.12264698298494645
9389,0,0.2239028872289988
9390,0,0.09118645895701555
9391,0,0.11006018797046953
9392,0,0.11722496002237805
9393,0,0.11590883612912567
9394,0,0.393788204596172
9395,0,0.2411462849968225
9396,0,0.186909936803607
9397,0,0.19560164450955564
9398,0,0.21911797104554415
9399,1,0.8743041766327063
9400,0,0.5153461441165311
9401,0,0.5024757624482383
9402,0,0.09641251679937224
9403,0,0.2290644290668245
9404,0,0.43716618722493683
9405,0,0.10318428563626915
9406,1,0.819821679830217
9407,0,0.49446393490466295
9408,0,0.26368338513219874
9409,1,0.6720596419035748
9410,0,0.1052669278513774
9411,0,0.20918529368234876
9412,0,0.6408931794016588
9413,0,0.31003664950401816
9414,0,0.5267830987316322
9415,0,0.3272004596016599
9416,1,0.8510375385578686
9417,1,0.8658790153506132
9418,0,0.24134453342546874
9419,0,0.32800052690970455
9420,1,0.8035910894513995
9421,0,0.22517158574890647
9422,0,0.10619540973372414
9423,0,0.12499004938551643
9424,0,0.1822745897517273
9425,0,0.5186376927537442
9426,0,0.35498329128942374
9427,0,0.13568519799402579
9428,0,0.32001095793772816
9429,0,0.41892843317038375
9430,0,0.11562829253374586
9431,0,0.09148214062711586
9432,0,0.592527369604466
9433,0,0.4722047355358912
9434,0,0.29542892334961185
9435,0,0.10512309698361924
9436,0,0.25157680469599764
9437,1,0.6923635804029346
9438,0,0.26005568360177866
9439,0,0.09631471813752703
9440,0,0.1544290703790333
9441,0,0.12287268125619266
9442,1,0.6942451805647609
9443,1,0.8873597390032021
9444,0,0.1612909307908063
9445,0,0.09429790350925699
9446,0,0.3683490612255579
9447,0,0.12127355628678325
9448,0,0.24453550498034232
9449,0,0.4895549087131985
9450,0,0.31862909894928343
9451,1,0.7852665616535862
9452,0,0.11455756838470475
9453,1,0.8650722196745172
9454,1,0.8519371813627525
9455,0,0.187989591822273
9456,0,0.3431416259510544
9457,0,0.1717748201704974
9458,1,0.8438358206309676
9459,1,0.7585103251058075
9460,0,0.22436935073933914
9461,0,0.13357510192513972
9462,0,0.47703667743845196
9463,0,0.18861506129705843
9464,0,0.1924595349642502
9465,0,0.4036073397626873
9466,1,0.76871361605423
9467,0,0.3370353962121792
9468,0,0.6241438697006805
9469,0,0.17723212668923682
9470,0,0.28535756274850943
9471,0,0.42500354741536644
9472,1,0.7055897987049569
9473,0,0.13562515589274438
9474,1,0.8442458616259534
9475,0,0.0868984623317162
9476,0,0.6122246749423137
9477,0,0.42536261356438443
9478,0,0.22520058091537673
9479,0,0.1320019914252509
9480,1,0.8893100077933539
9481,0,0.3204208716765833
9482,0,0.20928319761682682
9483,0,0.4343684149567087
9484,0,0.3190741167551778
9485,0,0.32800052690970455
9486,0,0.31557781917441324
9487,1,0.8836936275137044
9488,0,0.29724250781049655
9489,0,0.4025821824795918
9490,0,0.12291419422633217
9491,1,0.867070203283674
9492,1,0.850172270242015
9493,0,0.24793507343075843
9494,1,0.8458323609520061
9495,0,0.12753522159177746
9496,0,0.12531809919679926
9497,0,0.17241966646689535
9498,0,0.3602801548779367
9499,0,0.6475012768367489
9500,1,0.8802985149776077
9501,0,0.2265381200007782
9502,1,0.8663106879216202
9503,0,0.3569778074789175
9504,0,0.270687221532264
9505,0,0.32800052690970455
9506,1,0.7609295536268545
9507,1,0.8132138467633332
9508,0,0.1292714059242156
9509,0,0.12079807390793793
9510,0,0.4528038474872703
9511,0,0.512543378621214
9512,0,0.32800052690970455
9513,1,0.885714537952784
9514,0,0.1293541347814683
9515,0,0.17111699314275863
9516,0,0.1842459435909256
9517,1,0.6664167336758096
9518,1,0.8561396062337362
9519,1,0.6795634878826033
9520,0,0.5637575835365733
9521,0,0.10837387448818567
9522,1,0.8589229833779725
9523,0,0.4462733950845042
9524,0,0.10145100007910131
9525,1,0.8445484016598722
9526,0,0.1033700922232003
9527,0,0.10544928243634177
9528,0,0.15417743549474808
9529,1,0.833624701708137
9530,0,0.36794893524779043
9531,0,0.21236172943787535
9532,0,0.15537524061356991
9533,0,0.6066862947971042
9534,0,0.535222011391922
9535,0,0.5306854107258187
9536,0,0.16482775929368682
9537,1,0.8049624635773419
9538,0,0.5747562620205489
9539,0,0.11746122396353542
9540,0,0.21901349869857134
9541,0,0.12261760680713385
9542,0,0.27117894277328464
9543,0,0.0969585906227486
9544,0,0.31900022439247294
9545,0,0.09563429795267174
9546,0,0.09297693720017265
9547,0,0.1644628228098828
9548,1,0.8592754255027081
9549,1,0.8600839724047824
9550,0,0.37962306051118905
9551,0,0.15846022961712705
9552,1,0.8231792554826616
9553,0,0.18299265468760043
9554,0,0.47614674439943666
9555,0,0.28734964524831286
9556,0,0.40147235224569733
9557,0,0.32800052690970455
9558,0,0.17758069563116657
9559,0,0.3414330780743473
9560,0,0.2961347426461855
9561,0,0.11930076952959216
9562,0,0.10115566085057702
9563,0,0.1923451213604394
9564,0,0.36616074663425313
9565,0,0.280315655860555
9566,0,0.18904782656992647
9567,0,0.10015600659767267
9568,0,0.3711435953088463
9569,0,0.45493263598884137
9570,1,0.8744347524688341
9571,0,0.2029388520033159
9572,0,0.11431176666191438
9573,0,0.12365825408461312
9574,0,0.12468361087533629
9575,0,0.5804576340135714
9576,1,0.8766832502065044
9577,0,0.18818085487657796
9578,0,0.19382168848181178
9579,1,0.8470807011693511
9580,0,0.22231067757133446
9581,0,0.39433119802042393
9582,0,0.15915154181342236
9583,0,0.13712438141024144
9584,0,0.18891921010238683
9585,0,0.2819339365484871
9586,0,0.11942824817555114
9587,1,0.8229263032516255
9588,0,0.15090884651687997
9589,0,0.18212867743620922
9590,0,0.13029985029457544
9591,0,0.09402432876107451
9592,0,0.12196472700109
9593,0,0.6282063165765064
9594,0,0.09912487566964143
9595,0,0.12250028122994287
9596,0,0.10646078526224369
9597,0,0.4645947214119291
9598,0,0.5656971364778374
9599,0,0.21761089197940012
9600,0,0.22662466661955885
9601,0,0.15374329105201576
9602,0,0.09766565846774833
9603,0,0.4505528288906698
9604,0,0.10430499509734986
9605,0,0.3045205464482613
9606,0,0.39071885787346444
9607,0,0.3694530173564478
9608,0,0.32954957146244795
9609,1,0.7777266021638911
9610,0,0.6047885354430471
9611,0,0.32800052690970455
9612,0,0.09869119863022467
9613,0,0.39060264088512825
9614,0,0.277175719311254
9615,0,0.3222216815995953
9616,0,0.19728518891001762
9617,0,0.12499004938551643
9618,0,0.12473113037145796
9619,0,0.20588690794810646
9620,0,0.3457790824521764
9621,0,0.15329533950545804
9622,0,0.12450191675393424
9623,0,0.45488350019805357
9624,0,0.14932630159284024
9625,0,0.1326019409458192
9626,0,0.12145225117217706
9627,0,0.4922238085566895
9628,0,0.19319892218166426
9629,0,0.1637100272755885
9630,0,0.2743673323781255
9631,0,0.1577287186866296
9632,0,0.11823917514472727
9633,1,0.8431054442756623
9634,0,0.3747754364844597
9635,0,0.5816219001068578
9636,0,0.5171222472900038
9637,0,0.17464546792730695
9638,1,0.6562701379616617
9639,0,0.3087159746346513
9640,0,0.32800052690970455
9641,0,0.6326419583405548
9642,0,0.4890385866938303
9643,0,0.3261532416870333
9644,0,0.14054247404087958
9645,0,0.1305050056211925
9646,0,0.46087198604189666
9647,0,0.1186154760039042
9648,1,0.6843119808762979
9649,0,0.2821951748476415
9650,0,0.12470100096469355
9651,0,0.5426797905734979
9652,1,0.8582243087042192
9653,0,0.2623675856030805
9654,0,0.12393470281036546
9655,0,0.09439573089510771
9656,1,0.8500607639051417
9657,0,0.1262999002873181
9658,0,0.10233501395890643
9659,1,0.883941177817098
9660,0,0.15865624507495368
9661,0,0.23499644148223084
9662,1,0.8679324154057324
9663,0,0.09553392138290076
9664,0,0.12030714955379587
9665,0,0.16934123917779315
9666,0,0.10466254389044312
9667,1,0.8737170759296534
9668,0,0.4264572911446295
9669,0,0.13889404331554372
9670,0,0.3327703055857037
9671,0,0.09267748096088582
9672,0,0.13888028340490302
9673,0,0.11830442012901542
9674,0,0.3455895169862655
9675,0,0.20857789684878386
9676,0,0.46761777529901793
9677,0,0.4799807621480209
9678,0,0.25967846606094136
9679,0,0.4177964200432701
9680,1,0.6722584673387401
9681,0,0.5613705817496747
9682,1,0.864677585256191
9683,1,0.8000808131499708
9684,0,0.22254849843740546
9685,0,0.21178842631607356
9686,0,0.2497756305448359
9687,0,0.2878559832307335
9688,1,0.8452898216636066
9689,0,0.17802181790095892
9690,0,0.23295816841844189
9691,0,0.12927556052980074
9692,0,0.6352116883976949
9693,0,0.09247824704403915
9694,0,0.25346350045431365
9695,0,0.5109088822932357
9696,0,0.526360442653662
9697,0,0.1296262839556551
9698,1,0.8566667690102343
9699,0,0.12811987017535517
9700,0,0.35184135462403865
9701,1,0.7521655097755559
9702,0,0.09921628636983147
9703,0,0.48671941982778033
9704,0,0.2133247707282717
9705,0,0.12348944019234274
9706,0,0.2159586128569774
9707,0,0.09649914486073431
9708,0,0.14058154422135244
9709,0,0.3873901059671617
9710,0,0.3033258349565597
9711,1,0.698992727412299
9712,0,0.25753616184494976
9713,0,0.15756026110520957
9714,0,0.180644130365301
9715,1,0.7821412981415585
9716,0,0.42526119045745886
9717,0,0.12749841164579692
9718,0,0.14639756949629187
9719,0,0.18718274134099047
9720,0,0.09957578365940135
9721,0,0.13521287340097932
9722,0,0.09717614502246319
9723,0,0.2008534174098059
9724,0,0.31743451863206146
9725,0,0.15761454543342343
9726,1,0.6817970632844153
9727,1,0.665625768380598
9728,0,0.5557439157348628
9729,0,0.3025620568502585
9730,0,0.10167702164361601
9731,0,0.11295517289707857
9732,0,0.0913372557373447
9733,0,0.3477350791336213
9734,0,0.187179202404066
9735,0,0.15418683709313544
9736,0,0.15125922568403988
9737,1,0.7263396823545858
9738,1,0.8684332268112093
9739,0,0.5278976106634694
9740,0,0.1608215895430082
9741,0,0.11399067438431766
9742,0,0.17163059133857456
9743,0,0.1291760267126497
9744,0,0.14580684756034432
9745,0,0.11116043457442074
9746,0,0.1861261128449312
9747,0,0.13488319379138317
9748,0,0.18328992362733548
9749,0,0.09399433150567546
9750,0,0.49052866540564505
9751,0,0.09377993626966018
9752,0,0.5943554414146801
9753,0,0.0996130364401438
9754,0,0.1149020534308083
9755,0,0.18603282602408042
9756,0,0.4404510399957267
9757,0,0.1355856936580327
9758,0,0.41404536267747244
9759,0,0.11435731231455155
9760,1,0.8596752389245378
9761,1,0.7921970290136275
9762,1,0.855511457874806
9763,0,0.1219375265719067
9764,1,0.7767753591326215
9765,0,0.6408294474591659
9766,1,0.7659847612066522
9767,0,0.27875397367430876
9768,1,0.848065508280388
9769,0,0.2345144651228047
9770,0,0.28285874334854977
9771,0,0.32800052690970455
9772,0,0.32800052690970455
9773,0,0.5092509279169792
9774,1,0.8385329381010324
9775,0,0.12394542245049685
9776,0,0.24310447244495947
9777,0,0.15743393641891193
9778,0,0.2953711956175215
9779,0,0.4012219506749127
9780,0,0.12695746221798185
9781,0,0.09721511174336654
9782,0,0.1375292007207893
9783,0,0.11312284682158698
9784,0,0.576658033722282
9785,0,0.13057330874054762
9786,0,0.17066988236792852
9787,0,0.3527886593938329
9788,0,0.09441996567076807
9789,0,0.09482194723458366
9790,0,0.13314728952816188
9791,0,0.1277242587009717
9792,0,0.095679858432024
9793,0,0.1321339299466068
9794,0,0.09552814366762662
9795,0,0.16567917056161663
9796,0,0.11958126576643742
9797,0,0.11541531323910788
9798,1,0.6937063338700286
9799,0,0.13898766936631832
9800,0,0.11753994888475124
9801,0,0.4740502917513686
9802,0,0.2982095553869328
9803,0,0.12164753836099874
9804,0,0.09704029636471158
9805,0,0.12596450414325852
9806,0,0.11419644958795645
9807,0,0.13199631372899848
9808,0,0.1552490110274058
9809,1,0.8018776943803023
9810,0,0.12412833269620133
9811,1,0.6876691555680091
9812,1,0.8813155113201542
9813,0,0.19444821444235302
9814,0,0.3699664810377778
9815,0,0.13644700139926516
9816,0,0.18952007803525475
9817,0,0.10357818913569122
9818,0,0.4765541384352947
9819,1,0.7000247883235204
9820,0,0.15367009603717324
9821,0,0.13792879808050545
9822,0,0.15887867299485403
9823,0,0.19043967655295455
9824,0,0.3770003565311084
9825,0,0.11369231417979155
9826,0,0.22642011011625335
9827,0,0.14087870364575497
9828,0,0.3721142892865741
9829,0,0.10005674209538885
9830,0,0.5363400692213879
9831,0,0.1104450634259528
9832,0,0.14111094828994844
9833,0,0.09079847592134277
9834,0,0.29532815188374595
9835,0,0.3583006943716074
9836,0,0.11861923120933231
9837,0,0.45058554693865616
9838,0,0.15718563809427855
9839,0,0.2614061254486676
9840,0,0.24175668589421265
9841,0,0.2335866371126685
9842,1,0.7339183246926416
9843,0,0.3238484917799769
9844,1,0.7809903661984977
9845,0,0.4206386444355103
9846,0,0.48052662333810947
9847,0,0.09473604219355937
9848,0,0.316251674555848
9849,0,0.4387762518572245
9850,0,0.20843182798452028
9851,0,0.3674691758992514
9852,0,0.161250656557813
9853,0,0.15860978569733739
9854,0,0.20778248518354966
9855,0,0.13925383177408632
9856,0,0.3917829647125902
9857,0,0.12207612196340183
9858,0,0.5617635573858439
9859,0,0.14905997219077127
9860,0,0.13899808192050747
9861,0,0.14544197935083286
9862,0,0.17271015120890265
9863,0,0.25549351153682986
9864,0,0.4670155682131998
9865,0,0.32800052690970455
9866,0,0.4761369819855427
9867,0,0.30913907428004855
9868,0,0.1286861479969875
9869,0,0.14688524154267152
9870,0,0.13743423886559883
9871,0,0.30864196371903996
9872,1,0.8708721958044091
9873,0,0.29033346783317465
9874,0,0.16700642580106015
9875,0,0.1672170572192351
9876,0,0.3180435089020028
9877,1,0.75112200340513
9878,1,0.8667221439834701
9879,1,0.8551580224114453
9880,0,0.11582124461657892
9881,0,0.13636903587721236
9882,0,0.4093804573833786
9883,0,0.19004443962557774
9884,0,0.09644612152816329
9885,0,0.10906594413887942
9886,0,0.09886073316713653
9887,0,0.6424237305541319
9888,1,0.8725433775448723
9889,0,0.30255468140660297
9890,0,0.5955238410753989
9891,0,0.35608688291675195
9892,1,0.7997582619943487
9893,0,0.29637665557777293
9894,0,0.5742744591808755
9895,0,0.10176610575374936
9896,0,0.19198451544671033
9897,1,0.8584081656606669
9898,0,0.17920348309076095
9899,0,0.25918862279541377
9900,0,0.1785281740845605
9901,0,0.46711848258365224
9902,0,0.12773011612370874
9903,1,0.881928096194548
9904,0,0.2503871833036361
9905,0,0.11215198309180571
9906,0,0.21238564478791214
9907,0,0.19151133441823956
9908,0,0.2858691297432005
9909,0,0.24310447244495947
9910,0,0.09358020025714016
9911,0,0.6410770614928529
9912,0,0.09522752080246773
9913,0,0.4954154967571924
9914,1,0.8810385041300217
9915,0,0.3865864575452819
9916,0,0.32800052690970455
9917,0,0.15788990373016815
9918,0,0.08725794091383292
9919,1,0.8378746564823517
9920,1,0.6807743245583521
9921,0,0.09749205546064448
9922,0,0.18627098060350217
9923,0,0.18920532853666297
9924,0,0.15103028356936882
9925,0,0.10141588126231509
9926,0,0.5042657127039312
9927,0,0.09517612904750272
9928,0,0.1038376807371396
9929,0,0.5069387596882232
9930,0,0.49796809369143
9931,0,0.4993256268337746
9932,0,0.6408202975877875
9933,1,0.8836697893068048
9934,1,0.7914436648945257
9935,0,0.1668537610088452
9936,0,0.2642546036394306
9937,0,0.10804018878444224
9938,0,0.1631706310508625
9939,0,0.15083599535903583
9940,1,0.8990098003314949
9941,0,0.13271812689219048
9942,0,0.592145522449771
9943,1,0.8918629429188112
9944,1,0.6870272832029988
9945,0,0.605326816883442
9946,0,0.4250263642008013
9947,1,0.8508082388027942
9948,0,0.2119785182195051
9949,0,0.42764988672856263
9950,1,0.7482093750236247
9951,0,0.3812056427162132
9952,0,0.20415508841341198
9953,0,0.6306742421695337
9954,1,0.8182288816270309
9955,1,0.6971548643156029
9956,0,0.10574502141239735
9957,0,0.22807922447487136
9958,0,0.49998910787721684
9959,0,0.213472887692521
9960,0,0.13546454748329964
9961,0,0.19954837583453225
9962,0,0.264217599420577
9963,0,0.12218489539868646
9964,0,0.13360490651412685
9965,0,0.4687678521608199
9966,0,0.5664301569397396
9967,0,0.4476590159547098
9968,1,0.7920703143812715
9969,0,0.12420510843956592
9970,0,0.215801036848658
9971,1,0.8783720750137688
9972,0,0.11856480428690698
9973,0,0.3001089077470822
9974,0,0.12728140844540106
9975,0,0.11788826070099259
9976,0,0.19909028575588592
9977,0,0.12392312028534619
9978,0,0.5606091420471757
9979,0,0.2122247334517613
9980,0,0.4849636488296008
9981,0,0.11532067692206245
9982,0,0.3507434746528509
9983,0,0.43526478769675864
9984,0,0.2442753215241152
9985,0,0.42472839445068306
9986,0,0.3190163707320517
9987,1,0.6719043133572874
9988,1,0.7323327024716162
9989,0,0.1253291502318189
9990,0,0.12365825408461312
9991,0,0.13499919787106632
9992,0,0.27400168521682644
9993,1,0.8942990203472464
9994,0,0.20293710253744068
9995,0,0.10982213592711036
9996,0,0.45082403000014765
9997,0,0.19997380738015627
9998,0,0.2006736259802081
9999,0,0.12832904998527986
10000,0,0.43423392781003745
10001,0,0.2564269038495348
10002,1,0.8592754255027081
10003,0,0.19647491084012095
10004,0,0.4963674496165662
10005,0,0.12447165211590132
10006,0,0.1358555491137312
10007,1,0.8493050936646702
10008,0,0.25552913652595166
10009,0,0.09299927101578913
10010,0,0.13030946617120212
10011,0,0.225224103349222
10012,0,0.3287755500452303
10013,0,0.11829009964554311
10014,0,0.23072759102157708
10015,0,0.16663352830343425
10016,0,0.29922072233912506
10017,1,0.8249289713619321
10018,0,0.6201695719246899
10019,0,0.33285333746261614
10020,0,0.1267209072373667
10021,0,0.23849571289025948
10022,1,0.859629395168216
10023,0,0.2437003542795875
10024,0,0.09365757451901277
10025,0,0.3411695466934809
10026,1,0.8557788809025091
10027,0,0.1620538932815605
10028,0,0.4638718268670317
10029,0,0.09448755320057044
10030,0,0.12543958191994936
10031,0,0.11988930735109152
10032,0,0.2985922512540657
10033,0,0.28233617370187286
10034,1,0.841817248082483
10035,0,0.22796385128781665
10036,1,0.8689106945319933
10037,0,0.11797158522134843
10038,0,0.2758634253210414
10039,0,0.2068061564206001
10040,0,0.31321331656762164
10041,0,0.25693260251642014
10042,0,0.24109347597534633
10043,0,0.5056516086938017
10044,0,0.0914677496878369
10045,0,0.12125239494488362
10046,0,0.10588639014570606
10047,1,0.8616664501289927
10048,0,0.4105502179246769
10049,0,0.40436201811111033
10050,0,0.1391739531285493
10051,0,0.4717112112421797
10052,0,0.1331770059403958
10053,0,0.538445141665854
10054,0,0.28009542888957073
10055,0,0.09321629936094848
10056,0,0.36114715383227725
10057,0,0.24791264176010536
10058,0,0.4833455024844633
10059,1,0.6698941419596294
10060,0,0.33743697118558663
10061,0,0.35904280529892935
10062,0,0.17522791365554702
10063,0,0.2842324184930833
10064,0,0.18725450000538954
10065,0,0.32800052690970455
10066,0,0.1973636879329997
10067,1,0.8836376631797038
10068,1,0.768269340955494
10069,0,0.11676775758401806
10070,0,0.22973809907709505
10071,0,0.11124966049066323
10072,1,0.8577328877965374
10073,0,0.09434666297559212
10074,0,0.5889765593893884
10075,0,0.09732233879070697
10076,0,0.409955909954291
10077,0,0.13045588670197777
10078,0,0.21339145491741063
10079,0,0.17470931803916304
10080,0,0.14346099240731003
10081,0,0.12866615122594138
10082,1,0.6758597383306799
10083,1,0.7330306768881268
10084,0,0.3677945271113005
10085,0,0.19451279671733618
10086,0,0.09763468312248649
10087,0,0.10301421245645494
10088,0,0.20463314711006977
10089,0,0.22446697466275292
10090,0,0.1028951090444816
10091,1,0.8896005296691846
10092,0,0.26209937339912376
10093,0,0.46207072844881175
10094,0,0.6400414274028972
10095,1,0.8645772918566776
10096,0,0.32800052690970455
10097,0,0.23104374392865384
10098,1,0.776012525071148
10099,0,0.5200248870882183
10100,1,0.6848528034387271
10101,1,0.8802951230910906
10102,0,0.6146168938615746
10103,0,0.4569576304140216
10104,0,0.4023216007304703
10105,0,0.5693491550946063
10106,1,0.7915721338705284
10107,0,0.15316204531285207
10108,0,0.09279550821134491
10109,0,0.23646897144408074
10110,0,0.5408517230535442
10111,0,0.12281029087282062
10112,0,0.09060705580656353
10113,0,0.09817055850088519
10114,0,0.09723184489122937
10115,1,0.8800633559361629
10116,0,0.14560317800500738
10117,1,0.6538090367828461
10118,0,0.19256220517996392
10119,0,0.3199940509739593
10120,0,0.4736545364600412
10121,0,0.19155675362163246
10122,0,0.3049816077350084
10123,0,0.19014943776480078
10124,0,0.5392567576250417
10125,0,0.24299375678651408
10126,0,0.09367828192649642
10127,1,0.8567632308444698
10128,0,0.10810613626874513
10129,0,0.16054920734097822
10130,0,0.2563725282679358
10131,1,0.8738398085640574
10132,0,0.442916906030522
10133,1,0.8543040828554744
10134,0,0.10388750907585777
10135,1,0.8648089628658817
10136,0,0.10484653557835841
10137,0,0.4735457134291473
10138,0,0.3592688654767525
10139,0,0.10834275839787232
10140,0,0.5218806829419097
10141,0,0.5308591524865482
10142,0,0.5801708000168165
10143,0,0.15561572655141237
10144,1,0.749887179794563
10145,0,0.14251119800825143
10146,0,0.23879788253230447
10147,0,0.41810279301701164
10148,0,0.40524939890876394
10149,0,0.31881511644331806
10150,0,0.11544853668695189
10151,1,0.7245105671247685
10152,0,0.42982593793809964
10153,1,0.7542164545773626
10154,0,0.34359815042247693
10155,1,0.7506175329632065
10156,0,0.1539532295628367
10157,0,0.412677162446474
10158,0,0.2770419741983946
10159,0,0.10574378692036629
10160,0,0.1371379283740284
10161,0,0.13033961643509367
10162,0,0.4677903892467311
10163,0,0.332364619474117
10164,0,0.1577249687905842
10165,1,0.8368347774425711
10166,0,0.3405184066841658
10167,0,0.1518667446386328
10168,0,0.126313678622171
10169,0,0.12582674418210726
10170,0,0.12749841164579692
10171,1,0.8118446240289743
10172,0,0.6197402754714083
10173,0,0.19909028575588592
10174,0,0.13417344374977197
10175,0,0.15558778595533515
10176,1,0.7919948435407271
10177,0,0.09858181213520366
10178,0,0.15262803332757371
10179,0,0.15073846463069485
10180,1,0.6514924105149197
10181,0,0.1264662703448893
10182,1,0.8852708124338715
10183,0,0.11582190173789185
10184,0,0.23461847253300208
10185,0,0.6051602216522138
10186,0,0.15415016241568594
10187,0,0.1829930961820783
10188,0,0.12451929103072593
10189,1,0.6638111697280472
10190,0,0.10121470993908097
10191,0,0.34070037148878574
10192,0,0.401280270889689
10193,1,0.8600471217975548
10194,1,0.8856076999115996
10195,0,0.2463331487253615
10196,0,0.1524133062918864
10197,0,0.2370910985417327
10198,0,0.15547488381961672
10199,0,0.12834680096500695
10200,0,0.3689953441393702
10201,0,0.25067632015306646
10202,0,0.33922511037269876
10203,0,0.13484391042164603
10204,0,0.09812298673650943
10205,1,0.8223362443457944
10206,1,0.6776930679761125
10207,0,0.11900908553432601
10208,0,0.13161738836230052
10209,0,0.20122023345201268
10210,0,0.20596726772937549
10211,0,0.10396638840321923
10212,0,0.29491532021392275
10213,0,0.10219755948164018
10214,0,0.11800252355003972
10215,0,0.442916906030522
10216,1,0.8712591187813697
10217,0,0.26317567232878486
10218,0,0.12899874099816916
10219,1,0.8679019927273607
10220,0,0.5849383279225777
10221,0,0.1049106654229269
10222,0,0.6425672347989655
10223,0,0.2088314039830779
10224,0,0.12187921804847004
10225,0,0.3274222509034529
10226,0,0.5826242324008742
10227,0,0.09376836071974133
10228,0,0.4018135526995443
10229,0,0.20543151438464718
10230,1,0.6814365087713788
10231,0,0.10255299742229476
10232,0,0.2590975722657697
10233,1,0.859629395168216
10234,0,0.5500514275337912
10235,0,0.10475813873066835
10236,0,0.315229996042005
10237,1,0.6903770744767893
10238,1,0.726164905458482
10239,0,0.4531373475614926
10240,0,0.12145583402209803
10241,0,0.1748383708988446
10242,0,0.11908291412479101
10243,0,0.413590882167729
10244,0,0.13808636871700117
10245,0,0.09219219948831343
10246,1,0.6927880185017329
10247,0,0.2381521418858346
10248,0,0.13355246324033937
10249,0,0.3953533718323345
10250,1,0.8311173944757413
10251,1,0.8773909196657547
10252,0,0.6008318197133142
10253,0,0.24402099894017618
10254,0,0.5933986598303743
10255,0,0.10016158703479154
10256,0,0.5300383717277927
10257,0,0.5679083660350003
10258,1,0.790643094997765
10259,0,0.1967293820970055
10260,0,0.23608640478124912
10261,0,0.3587719111084903
10262,0,0.16407587451850375
10263,0,0.29724250781049655
10264,1,0.7960940476964945
10265,0,0.09780490206920509
10266,0,0.10407439407195768
10267,0,0.24601822837190943
10268,1,0.7147851623622716
10269,0,0.4676806984717207
10270,0,0.09595487337246968
10271,0,0.20996612318476787
10272,0,0.216190364145525
10273,0,0.2750762458262193
10274,0,0.10281306237228012
10275,0,0.5957488742210815
10276,0,0.2817964593722424
10277,1,0.8804823288799178
10278,0,0.17860072676236544
10279,0,0.20055850341656495
10280,0,0.1264662703448893
10281,0,0.2583718118113989
10282,0,0.32800052690970455
10283,1,0.6538859748692537
10284,0,0.22633551996629106
10285,1,0.7317063603398618
10286,0,0.5250842365553964
10287,1,0.8579205605265132
10288,0,0.12245435181665633
10289,0,0.29631332756744067
10290,0,0.13714128566858289
10291,1,0.8887101018637874
10292,1,0.8873775592118227
10293,1,0.7452550547675498
10294,0,0.37275830745883787
10295,0,0.2582917801701376
10296,0,0.11762841702884068
10297,0,0.3603118548349195
10298,0,0.34917130135280827
10299,0,0.45217868144110723
10300,0,0.1052401025957279
10301,0,0.5703318938459034
10302,0,0.10746317978398269
10303,0,0.1205421985725772
10304,1,0.7219239140783684
10305,1,0.8622573428517736
10306,0,0.1849740566417513
10307,0,0.40518437994290024
10308,0,0.2779148038419826
10309,0,0.137416075296896
10310,0,0.2526005555972811
10311,0,0.10426300790951461
10312,0,0.11611446360131046
10313,0,0.32800052690970455
10314,0,0.5171596696029707
10315,0,0.28009534657806395
10316,0,0.18965039542223214
10317,0,0.09807702616263969
10318,0,0.19512950161873535
10319,0,0.1548612649162994
10320,0,0.13079603195212353
10321,0,0.10687335603664487
10322,0,0.44232660541818464
10323,1,0.7168583929482018
10324,0,0.10010279030033128
10325,1,0.8513862770498491
10326,0,0.2741766075098757
10327,0,0.44008367104364393
10328,0,0.1292079401609738
10329,1,0.827344823199777
10330,0,0.0987594418387975
10331,0,0.09405191620134414
10332,0,0.16737012400293924
10333,0,0.5478657588858455
10334,1,0.859629395168216
10335,0,0.4368399121973383
10336,1,0.7894133874447425
10337,0,0.11790830976963719
10338,0,0.3594408387915718
10339,0,0.11144683717560554
10340,0,0.28535756274850943
10341,1,0.8850230293278176
10342,0,0.19752158344746065
10343,0,0.10745726581829569
10344,0,0.12767477012550457
10345,0,0.16179806503817004
10346,0,0.09599988471457638
10347,0,0.14346640921168027
10348,0,0.428045683154665
10349,0,0.5164466436020974
10350,0,0.09343880912029959
10351,0,0.15482257579488728
10352,0,0.13299806032630174
10353,0,0.10186278409777282
10354,0,0.40775690311161134
10355,0,0.4821817188017762
10356,1,0.7697108480136887
10357,1,0.7128044068796512
10358,0,0.1236171236008144
10359,0,0.3050231754300095
10360,0,0.37807286527192596
10361,0,0.10448957926628641
10362,0,0.17484061185351285
10363,0,0.08655804224991782
10364,0,0.09660266501136167
10365,0,0.11795953202593437
10366,0,0.44448679229673405
10367,0,0.2008226952919932
10368,0,0.20502631419640396
10369,0,0.18902065654992128
10370,0,0.5853367158560041
10371,1,0.8102129250095669
10372,0,0.09638364568249866
10373,1,0.7923980924159055
10374,0,0.20483357605516306
10375,0,0.12127934491034467
10376,0,0.18147731312454993
10377,0,0.4424828076480041
10378,0,0.34125039028799853
10379,0,0.3548890251175335
10380,0,0.12492586142510619
10381,1,0.7981789979483978
10382,0,0.44466546007103835
10383,1,0.8509246100062888
10384,0,0.09403181151652618
10385,0,0.34079279547625624
10386,0,0.6487676683704281
10387,0,0.33283146179944384
10388,0,0.5436249335163371
10389,1,0.8184384934187011
10390,0,0.24277827510382693
10391,0,0.25936654778661095
10392,0,0.1184336015000951
10393,0,0.6103819237508278
10394,0,0.4179229266160698
10395,0,0.22738641145848532
10396,0,0.4445547200659964
10397,0,0.12411060325728607
10398,0,0.106680666435268
10399,0,0.1305433000622962
10400,1,0.8463305776720652
10401,1,0.6534015904416989
10402,0,0.5460526546491702
10403,0,0.5897991261863875
10404,0,0.3227285212888214
10405,0,0.1637591676307996
10406,0,0.4464451543357914
10407,0,0.3882255646087625
10408,0,0.57290207135158
10409,0,0.4913173068825812
10410,0,0.6217839657238591
10411,1,0.8512196260458735
10412,0,0.40689717755178173
10413,0,0.4279414857614309
10414,0,0.09793522005084675
10415,1,0.8532581503535295
10416,0,0.11644697833241886
10417,0,0.1230961414389511
10418,0,0.0930513862339053
10419,1,0.8033679805023469
10420,0,0.2646847590162483
10421,0,0.37549943221512105
10422,0,0.4497748618086278
10423,0,0.14280422289411543
10424,0,0.09741564253494031
10425,1,0.7728407952304723
10426,1,0.6663165575484198
10427,1,0.6893722485761082
10428,0,0.0976007880147855
10429,0,0.196358221434124
10430,0,0.095007239507819
10431,0,0.3009831865535811
10432,0,0.10043117800755663
10433,0,0.5867028478159387
10434,0,0.5127430912719564
10435,0,0.10065963399593898
10436,0,0.4859109407905109
10437,1,0.7698603092347304
10438,1,0.706651975884071
10439,1,0.8451742372717035
10440,0,0.6262338611520136
10441,1,0.7158448001974437
10442,0,0.12282101707403384
10443,1,0.8475693082566923
10444,0,0.19202907859914914
10445,0,0.23782925727686224
10446,0,0.2489294089140859
10447,0,0.16266837155407637
10448,0,0.10310951759070071
10449,0,0.10016707532169629
10450,0,0.6093477702670885
10451,0,0.16566315496403913
10452,0,0.5383468968636981
10453,0,0.22973809907709505
10454,0,0.479706607025558
10455,0,0.3346890502537132
10456,1,0.6927609823315971
10457,0,0.12290367443001762
10458,1,0.7436317029653035
10459,0,0.16458956849879663
10460,0,0.13854246932655911
10461,0,0.3065417833393411
10462,0,0.14143528230446684
10463,0,0.10051539036732683
10464,0,0.0920535535053949
10465,0,0.09309031267664046
10466,0,0.41923721813148185
10467,0,0.45314754672520213
10468,1,0.7537985385575003
10469,0,0.13296293818546379
10470,0,0.2896418590544889
10471,0,0.3468859600244221
10472,0,0.11337731955131163
10473,0,0.10161331566078512
10474,1,0.8877489073879515
10475,0,0.3202112043801823
10476,0,0.23504675234283698
10477,1,0.812467684905851
10478,0,0.11129787087077905
10479,0,0.21509495092682815
10480,0,0.3174410484083909
10481,0,0.2715233222005506
10482,0,0.15550170489372825
10483,0,0.09574283892549991
10484,0,0.15416954381054665
10485,0,0.12586239815997538
10486,0,0.3885804246140883
10487,0,0.17477230904982785
10488,0,0.11623898900960898
10489,1,0.8441867326017595
10490,0,0.15499322061350826
10491,0,0.5096029293264563
10492,0,0.4714682752292551
10493,0,0.12159223444462099
10494,0,0.6136385190832263
10495,1,0.7366729655496194
10496,0,0.11158566223046847
10497,0,0.2504706011584291
10498,0,0.19779295475447786
10499,0,0.17490377088192788
10500,0,0.11543459874685268
10501,0,0.13385721117884625
10502,0,0.14765983450371098
10503,0,0.12519371661721893
10504,0,0.13719883236533914
10505,0,0.4020181757734192
10506,0,0.1768014562882306
10507,0,0.472855486397835
10508,0,0.2936595488230627
10509,0,0.526308274391179
10510,0,0.12800115385883154
10511,0,0.0989524307491774
10512,0,0.4701692148761709
10513,0,0.13644327119062036
10514,0,0.12551316913610866
10515,0,0.39068379764600664
10516,0,0.1310058162752788
10517,1,0.6495496170360882
10518,1,0.8620583602371945
10519,0,0.1844868564080264
10520,0,0.10919482058790567
10521,0,0.09872972722424787
10522,0,0.10553433328611804
10523,0,0.133230017587238
10524,0,0.38261082778583666
10525,1,0.8324105209356031
10526,1,0.763898653464688
10527,1,0.6655409024340418
10528,0,0.17973199965649533
10529,1,0.7825086857773139
10530,0,0.21459210514267743
10531,0,0.09179531931495281
10532,1,0.8584081656606669
10533,0,0.15423198219957046
10534,0,0.516402499332209
10535,0,0.3098808682076789
10536,0,0.2781304308912317
10537,0,0.09953040114136556
10538,0,0.33494919887712893
10539,0,0.172917281214169
10540,0,0.21400451511741445
10541,0,0.45217868144110723
10542,0,0.09010213612060618
10543,0,0.23956025167646905
10544,0,0.18542343579862233
10545,0,0.23488240602675667
10546,0,0.5068858116910204
10547,0,0.467877598933434
10548,0,0.16541807738042985
10549,0,0.1218178457298742
10550,0,0.23709719543252517
10551,0,0.12087663564530297
10552,1,0.8671886953568284
10553,0,0.3028454540342111
10554,0,0.09367828192649642
10555,0,0.18279478661399107
10556,0,0.21627927926741855
10557,0,0.5549056308210499
10558,0,0.5746303137753456
10559,0,0.21113275235086548
10560,0,0.241052786227394
10561,0,0.2880299799644223
10562,0,0.19156870620182173
10563,0,0.09506867273101956
10564,0,0.31873207270616044
10565,0,0.22676024861255134
10566,0,0.1211797446020758
10567,0,0.12820332669394735
10568,0,0.4304448123125281
10569,0,0.26123421595821905
10570,0,0.27963048318790024
10571,0,0.1387493100997048
10572,0,0.15888340490799327
10573,0,0.5079191385217431
10574,1,0.7795197360773978
10575,1,0.7274736158415553
10576,0,0.09113022245181449
10577,0,0.1780496317570208
10578,0,0.32800052690970455
10579,0,0.1266299060405085
10580,0,0.12454711359996196
10581,0,0.4426103114048439
10582,0,0.09318989306855914
10583,0,0.24923112913636813
10584,1,0.8464346730837492
10585,0,0.4734857767591553
10586,0,0.14483752420199109
10587,0,0.5185596982817778
10588,0,0.23043198070050747
10589,0,0.19020509234241242
10590,0,0.4139776620698845
10591,1,0.8592035084535253
10592,0,0.11649494338215506
10593,0,0.12289639888507918
10594,1,0.838165169436185
10595,0,0.28123121468000833
10596,0,0.12461817966352756
10597,1,0.8390510554723898
10598,0,0.32800052690970455
10599,0,0.119919413467491
10600,0,0.32800052690970455
10601,1,0.8593369936012216
10602,0,0.1216405120762074
10603,0,0.11908430164184844
10604,0,0.47995179258235404
10605,1,0.8494639369929187
10606,0,0.16394818238803832
10607,0,0.2611627895026381
10608,0,0.28397572391968595
10609,1,0.6954234380050881
10610,0,0.17897144979574578
10611,0,0.4693072854834573
10612,0,0.1378771768058374
10613,0,0.2645449351384625
10614,0,0.30991035879848156
10615,0,0.2163117079860439
10616,0,0.18103733441080574
10617,1,0.8775988966640434
10618,0,0.1364974483173037
10619,0,0.2680744539121684
10620,0,0.16720892706697232
10621,1,0.8046903168307078
10622,1,0.7762997170217802
10623,1,0.7811013163856636
10624,0,0.4763044965238358
10625,0,0.1193007129816177
10626,1,0.7584938931845402
10627,0,0.10548904180888778
10628,0,0.12047124034708301
10629,1,0.8366039796307846
10630,0,0.46412134576264513
10631,0,0.13941706137328452
10632,0,0.20126230957581137
10633,0,0.09796291184504562
10634,0,0.11769753946172859
10635,0,0.09501443384204807
10636,0,0.1354336421887064
10637,1,0.7438492342904391
10638,1,0.7490157528981435
10639,1,0.8744957721384381
10640,0,0.20242141200399688
10641,1,0.8850270434987891
10642,1,0.8302462588983999
10643,1,0.7859089162362046
10644,0,0.1268106280803927
10645,0,0.12714640539474234
10646,0,0.1930875582559513
10647,0,0.09482933655185023
10648,1,0.774860714848531
10649,0,0.385758132759301
10650,1,0.8881112700604612
10651,0,0.20778810112204676
10652,1,0.8046671891239074
10653,0,0.09423689741276954
10654,1,0.8472374225952171
10655,0,0.6246199933911386
10656,0,0.19126911751395953
10657,0,0.17768658077711058
10658,0,0.40912761438718115
10659,0,0.23928781923170173
10660,0,0.542200406410897
10661,0,0.4262223799100976
10662,0,0.44703368500864843
10663,0,0.5290841447121974
10664,0,0.2664063052614984
10665,0,0.17462293079168467
10666,0,0.5285528693116688
10667,1,0.7663180510278096
10668,0,0.17893406659457736
10669,1,0.8738847005444201
10670,1,0.6817621840239253
10671,1,0.8450682254811996
10672,1,0.8452468078297005
10673,0,0.24537721269927837
10674,0,0.19574826733005254
10675,0,0.15030942779179762
10676,0,0.46328490318552246
10677,1,0.8233102163331572
10678,1,0.8519371813627525
10679,0,0.37029218943112946
10680,0,0.4883783197206892
10681,0,0.16734870235684393
10682,0,0.08700641253130412
10683,0,0.3944178012914222
10684,0,0.4522705370739224
10685,0,0.17498405761629268
10686,1,0.7419921420816649
10687,0,0.11730821671955653
10688,1,0.8557970062967082
10689,0,0.22663991671479575
10690,0,0.2016640068046052
10691,1,0.7658740651903162
10692,0,0.3376824390714905
10693,0,0.16159891801701876
10694,0,0.32800052690970455
10695,0,0.16606839984363775
10696,0,0.4985458458563982
10697,1,0.8378746564823517
10698,0,0.195349277897258
10699,0,0.265987588965432
10700,0,0.11399547423395283
10701,0,0.11968540469087811
10702,0,0.11686885344292161
10703,0,0.27578848045373944
10704,0,0.32278436756191287
10705,0,0.3183433305792967
10706,0,0.38678393283758566
10707,0,0.5790452123700609
10708,1,0.7332175269088528
10709,0,0.15895524188665056
10710,0,0.23908826927351534
10711,0,0.12998587930767921
10712,0,0.18923896983114957
10713,0,0.15456462033149063
10714,0,0.11219412613002638
10715,0,0.3197587467697351
10716,0,0.28394698816798364
10717,0,0.3746958011183428
10718,0,0.12462281815486982
10719,0,0.21919260791939482
10720,1,0.8455109302105195
10721,0,0.3333932380234382
10722,0,0.420881219280245
10723,0,0.19150321080937666
10724,0,0.10852875159788396
10725,0,0.5432345723162383
10726,0,0.097633532338351
10727,0,0.2812693074633174
10728,0,0.09557981650618344
10729,0,0.28322615062487405
10730,1,0.8518840826934571
10731,1,0.7634403509415272
10732,1,0.841388341023449
10733,1,0.8523625300855524
10734,0,0.14266341838518012
10735,0,0.15143959337501864
10736,0,0.2762010828406195
10737,0,0.15969401482594142
10738,0,0.13633614246795595
10739,1,0.8152708606575444
10740,0,0.10128898390597608
10741,0,0.5911081032268957
10742,0,0.5943583556312815
10743,0,0.10558926858746324
10744,0,0.18469245804167608
10745,0,0.14286843547178027
10746,0,0.15224068867318127
10747,0,0.5139455661167632
10748,1,0.7047816127312371
10749,0,0.3914448615340671
10750,1,0.6738745745565515
10751,0,0.1706553408471552
10752,0,0.2429911599773533
10753,0,0.6282494659569527
10754,0,0.1057774494373679
10755,0,0.27375786665591423
10756,0,0.09844841149518532
10757,0,0.4644690023845971
10758,0,0.4736762129477204
10759,0,0.21718713811205168
10760,1,0.8592336550362663
10761,0,0.35856881725803924
10762,0,0.29995628585051987
10763,0,0.2093632379003573
10764,0,0.12696401986604755
10765,0,0.13338373108188206
10766,0,0.12811987017535517
10767,0,0.16902137694418845
10768,0,0.09815145918431384
10769,0,0.35234454510836205
10770,0,0.12355297876818779
10771,0,0.17809584552127325
10772,1,0.8551580224114453
10773,0,0.49140703350755005
10774,0,0.5337840051578068
10775,1,0.8593369936012216
10776,0,0.33443000713282733
10777,0,0.11771424038665496
10778,1,0.8593118776295929
10779,0,0.28305190765888366
10780,0,0.09527254909740379
10781,1,0.7849928650912981
10782,0,0.09878015042489999
10783,0,0.41856565252537337
10784,0,0.2563919067955528
10785,0,0.31705403656250986
10786,0,0.09531836433833327
10787,0,0.11776064083138198
10788,1,0.7431209030678021
10789,1,0.7598276258431675
10790,1,0.8261026631790088
10791,0,0.4589267540163526
10792,0,0.22649312813923403
10793,1,0.8648869714465685
10794,1,0.8345892081950345
10795,0,0.12344945637627558
10796,1,0.8232818865772018
10797,0,0.1197083928657829
10798,1,0.847172223660801
10799,0,0.44987141854442936
10800,0,0.10875027249241105
10801,0,0.24174508495330968
10802,0,0.4636382561238853
10803,0,0.15247419418236643
10804,0,0.47919839553180205
10805,0,0.09486765710392546
10806,0,0.1481803448002139
10807,0,0.58150067156769
10808,0,0.3533061950299313
10809,0,0.6239141917674532
10810,0,0.424529822229121
10811,0,0.3119314338914404
10812,0,0.1279832183779807
10813,0,0.3291685999582605
10814,0,0.0919974001185143
10815,0,0.19118160644575238
10816,0,0.20348328208236038
10817,1,0.6570434645670464
10818,0,0.2839819550625248
10819,0,0.10516627133448395
10820,0,0.1048024255489443
10821,0,0.5991907340665754
10822,0,0.10216515576584516
10823,1,0.8568303509099305
10824,0,0.21651234662465185
10825,0,0.33194285845846483
10826,1,0.8345892081950345
10827,0,0.12091244977581214
10828,0,0.09455788767086638
10829,1,0.840591898817241
10830,1,0.7656434460008551
10831,0,0.11825447634325166
10832,0,0.09293191189448695
10833,1,0.89029917007411
10834,0,0.12636625456914485
10835,0,0.37512101631187433
10836,0,0.12513220676446557
10837,0,0.09579866165793122
10838,0,0.141730192874226
10839,0,0.22308203364719992
10840,0,0.1338525831146791
10841,0,0.10705990892822459
10842,0,0.20825874192432628
10843,1,0.8599449328066049
10844,0,0.32125624314680434
10845,0,0.343636897897665
10846,0,0.5509465638217473
10847,0,0.21258951138032733
10848,0,0.19560100869472946
10849,0,0.11582190173789185
10850,0,0.09743718668229269
10851,0,0.10661027361153486
10852,0,0.43500354426330123
10853,0,0.3549371773310348
10854,0,0.5492475027823099
10855,0,0.33287079496192823
10856,0,0.14504865486615812
10857,0,0.2409321400910595
10858,0,0.5396607405598007
10859,0,0.19628247698270793
10860,0,0.23693895730842982
10861,0,0.1793960358981581
10862,0,0.12141929164963201
10863,0,0.14467013975347748
10864,1,0.7781816247433648
10865,0,0.5466140060435574
10866,0,0.11749750975422847
10867,0,0.5683153837905729
10868,0,0.5298178711144346
10869,0,0.4477203332677615
10870,0,0.4753245719929827
10871,0,0.32800052690970455
10872,0,0.09273636883499395
10873,0,0.363349205522879
10874,0,0.33912289354025976
10875,0,0.16662593350891172
10876,0,0.62026377738485
10877,1,0.851876896554154
10878,1,0.7726416749505747
10879,1,0.8540979674510658
10880,0,0.6399797298733393
10881,0,0.09377946134832088
10882,0,0.10832162760512339
10883,1,0.8113146680311257
10884,0,0.1621638408953931
10885,0,0.49011177098892117
10886,0,0.26799367418711795
10887,0,0.17729412958596732
10888,0,0.6004672809355333
10889,1,0.7121187018093464
10890,0,0.2362363697237581
10891,0,0.5983429390413675
10892,0,0.594982583791521
10893,0,0.12994170182943202
10894,0,0.09946788325920292
10895,0,0.6236521035616543
10896,0,0.18411439518265396
10897,0,0.5212913628242131
10898,1,0.8829972698570009
10899,0,0.0945506755605418
10900,0,0.3189916666919269
10901,0,0.4229063751573053
10902,0,0.14715432522265512
10903,0,0.09003421985630759
10904,1,0.7292386874181289
10905,1,0.7224497116735447
10906,1,0.8524420660750791
10907,0,0.2510781231384928
10908,0,0.12047301023461851
10909,0,0.12429961293187289
10910,0,0.5155065601018699
10911,0,0.4832669262413325
10912,1,0.8626943187449616
10913,0,0.25910634351793416
10914,0,0.5642624365333538
10915,1,0.847169454095068
10916,0,0.09546454849807266
10917,0,0.12535701411355255
10918,0,0.1536211961977851
10919,0,0.09803991568458102
10920,0,0.5922384528709329
10921,1,0.8566395597647563
10922,0,0.17992251477251733
10923,0,0.5126785166453584
10924,0,0.3478496819057503
10925,0,0.09552911222626272
10926,0,0.12775379277141471
10927,0,0.3197179805911406
10928,1,0.6977962708163433
10929,0,0.1727282847560297
10930,0,0.2346934651093656
10931,0,0.20072700547372388
10932,0,0.16390373845820133
10933,1,0.8601239457456765
10934,0,0.1144417315516217
10935,1,0.8718418500560182
10936,0,0.261246190869088
10937,1,0.8336588604346206
10938,1,0.8390187003451829
10939,0,0.6313800633209616
10940,0,0.11950251189615708
10941,0,0.20804496527450453
10942,1,0.8345892081950345
10943,0,0.13222944001293516
10944,1,0.6946571837953197
10945,0,0.32800052690970455
10946,0,0.1921056455631357
10947,1,0.7521647053203817
10948,0,0.3619179891766929
10949,0,0.23422765585142305
10950,1,0.8579394128854355
10951,1,0.8674673896733562
10952,1,0.8451742372717035
10953,0,0.19253328037242926
10954,0,0.12663757729702113
10955,1,0.8600839724047824
10956,1,0.8700873119155261
10957,0,0.5895837449816553
10958,0,0.25461552332060705
10959,0,0.42506191182718406
10960,0,0.19146527688396336
10961,0,0.15036756156707737
10962,0,0.17052115852612895
10963,0,0.2705065629595947
10964,0,0.41017965736205514
10965,0,0.09660106676117663
10966,0,0.4549586313161542
10967,1,0.8878598433862162
10968,0,0.09623200049241101
10969,0,0.09356351213528982
10970,0,0.09957825160788529
10971,0,0.09221762913948857
10972,0,0.17339142253963413
10973,0,0.15961413935023394
10974,0,0.17116652121578127
10975,0,0.45887136501365705
10976,0,0.22973809907709505
10977,0,0.23704953717288454
10978,1,0.6672827938851389
10979,1,0.7074591730059054
10980,0,0.10209489253830903
10981,0,0.30012619787887473
10982,0,0.1441524636303706
10983,0,0.4238976851234645
10984,0,0.3315766828344468
10985,0,0.44379003940079864
10986,0,0.20098842257989472
10987,0,0.17712616797944902
10988,0,0.33138335757519377
10989,0,0.11305988050048499
10990,1,0.7302490306677403
10991,0,0.0929301215298106
10992,0,0.1056009490452782
10993,0,0.19746763775962903
10994,0,0.13709626358294041
10995,0,0.319707153144857
10996,0,0.09012747546708985
10997,0,0.22973809907709505
10998,0,0.252357145109189
10999,0,0.18233455623342473
11000,0,0.15543862890823618
11001,0,0.23136746933515392
11002,0,0.6182508498383166
11003,0,0.4645520265744247
11004,0,0.1114340426101112
11005,0,0.23311023038694115
11006,0,0.09448831272664632
11007,0,0.10148562799094042
11008,0,0.6353476526055574
11009,0,0.13274763082485058
11010,0,0.1039319178234761
11011,1,0.8418467724288876
11012,0,0.09195383070887438
11013,0,0.45052814227297555
11014,0,0.12176766141708145
11015,0,0.10313616988484314
11016,0,0.2017260764816029
11017,0,0.09410473270440943
11018,1,0.851198396947919
11019,0,0.2739915122582208
11020,0,0.22973809907709505
11021,0,0.6166654497708213
11022,0,0.635356901350396
11023,1,0.866476293295621
11024,0,0.3749357758508707
11025,1,0.7898652904370356
11026,0,0.10750064868200718
11027,1,0.8881744459095414
11028,1,0.8575077714542251
11029,0,0.09571289879693544
11030,1,0.7460522947999215
11031,0,0.09005241551849974
11032,0,0.10969586254037116
11033,0,0.11406047922420408
11034,1,0.675247232264579
11035,0,0.29995628585051987
11036,0,0.15827677525019185
11037,0,0.12151983167337549
11038,0,0.3761197102216513
11039,0,0.21699804064295147
11040,0,0.32800052690970455
11041,1,0.7412765652192091
11042,0,0.11530514914155528
11043,0,0.21151031709089135
11044,0,0.11336039654393376
11045,1,0.8867733057499648
11046,0,0.6194104040588134
11047,0,0.14497656331676886
11048,0,0.09742922283164926
11049,1,0.8096230206300354
11050,0,0.21967590034615647
11051,1,0.7813464792768731
11052,0,0.15909153967942566
11053,0,0.09570741206290438
11054,0,0.23422657620759865
11055,0,0.48719503031110667
11056,0,0.2968146948024519
11057,0,0.11945596561186474
11058,1,0.7680614450464702
11059,0,0.1652529493724893
11060,1,0.6611193977711013
11061,0,0.18209118557835416
11062,0,0.48958476196829037
11063,0,0.16651470026975354
11064,0,0.35532726843066537
11065,0,0.1958824575902947
11066,0,0.09208376267341109
11067,0,0.11712985722471465
11068,1,0.8056637899702244
11069,1,0.8701770331746671
11070,0,0.09624116132697762
11071,0,0.11253126180582584
11072,0,0.12152345093769808
11073,0,0.1362383290312734
11074,1,0.8646281027221067
11075,0,0.1027512642810628
11076,0,0.16646465726554888
11077,0,0.10587048009481169
11078,0,0.11220380429215902
11079,0,0.4263445368382623
11080,0,0.09648554133508239
11081,0,0.44672623873566064
11082,0,0.311525823217657
11083,0,0.1282258250989242
11084,0,0.12136480614765037
11085,1,0.8402783648997112
11086,0,0.14967449011758088
11087,0,0.09473259235849217
11088,1,0.7159342665448635
11089,0,0.1407224012842508
11090,0,0.4682513796333769
11091,0,0.10927372385131999
11092,0,0.20596726772937549
11093,0,0.3128816053220732
11094,0,0.10934769878576103
11095,0,0.15793898820691643
11096,0,0.21316910432418942
11097,0,0.10512928652597123
11098,0,0.25461817073276494
11099,1,0.8577549506826184
11100,1,0.8047140257958884
11101,0,0.32800052690970455
11102,0,0.0853304584675414
11103,0,0.24208362320020343
11104,0,0.16686035338563804
11105,0,0.3663473872469032
11106,0,0.14809132136203818
11107,0,0.342450196377363
11108,0,0.21291980117765946
11109,1,0.8223253685898089
11110,0,0.4413522918396553
11111,1,0.843514596377178
11112,0,0.23330571912820372
11113,0,0.42173013184891767
11114,0,0.10276374627008787
11115,0,0.2083793232282279
11116,1,0.653478090058134
11117,0,0.4262003798007122
11118,1,0.8720415245505034
11119,0,0.4883077597833472
11120,1,0.8595272139899637
11121,0,0.22042735278859837
11122,0,0.1330297519246846
11123,0,0.09220268994530571
11124,0,0.22094154088359866
11125,0,0.3284168049762676
11126,0,0.20596726772937549
11127,0,0.2903438384222679
11128,0,0.16992445358693126
11129,0,0.08823480772718405
11130,0,0.11242381607668094
11131,0,0.16024397671738924
11132,0,0.11183567163911312
11133,0,0.3805151417361393
11134,0,0.17986903985058061
11135,0,0.18586667413288607
11136,0,0.1875533330754097
11137,0,0.2781107821896851
11138,0,0.2606147519696306
11139,1,0.7590355701109716
11140,0,0.4056055969670743
11141,0,0.23320216488933235
11142,1,0.8768877687718561
11143,1,0.788872042600838
11144,0,0.4840709255519135
11145,1,0.7333823626162906
11146,0,0.2302894595005164
11147,1,0.7102537507845261
11148,0,0.12765433313849078
11149,0,0.31656739075045587
11150,0,0.34474761693684514
11151,0,0.5356196308281429
11152,0,0.16590454668611457
11153,0,0.5539598210559606
11154,0,0.25265220962940543
11155,1,0.8859695993592489
11156,0,0.20426421417690369
11157,0,0.40561251027364575
11158,0,0.15835426033708377
11159,1,0.8184712812900972
11160,0,0.43998863933979804
11161,1,0.8763437909358899
11162,1,0.8495862173222458
11163,0,0.10545369781924002
11164,0,0.3422286701808062
11165,0,0.11849443451074844
11166,0,0.45156049037161666
11167,1,0.8707086219753768
11168,0,0.09304539002839471
11169,0,0.37852491542695305
11170,1,0.8754394293993966
11171,0,0.5914908600698141
11172,0,0.2860326402405664
11173,0,0.21589208507316326
11174,0,0.3502113427409336
11175,1,0.8776959053310195
11176,0,0.43518812148859676
11177,0,0.0995698441503448
11178,0,0.1444122167234176
11179,0,0.5143877334506425
11180,0,0.10720043610334054
11181,1,0.8659137476900436
11182,0,0.21132786632617315
11183,0,0.3371172984982242
11184,0,0.09489700091095496
11185,0,0.1341219322618253
11186,0,0.14101489763601738
11187,0,0.11785972329650837
11188,0,0.32800052690970455
11189,1,0.6556484625390698
11190,0,0.11597587181986892
11191,0,0.09815883520760674
11192,0,0.2387740057733506
11193,0,0.3674283272316927
11194,1,0.8663974799444999
11195,0,0.2134470222488074
11196,0,0.11299084177363784
11197,1,0.8067228592210455
11198,0,0.18493774664311502
11199,0,0.5157178094017666
11200,0,0.24091701608653351
11201,0,0.6329860521731698
11202,0,0.11788000758616013
11203,0,0.34371625122581084
11204,1,0.8343299748099341
11205,0,0.16980312074055762
11206,1,0.874203493094954
11207,0,0.21257577140232067
11208,0,0.12157041719636509
11209,0,0.21503666982982406
11210,0,0.15275061830586942
11211,0,0.5042635715237925
11212,1,0.6739768098377784
11213,1,0.7372294316410534
11214,0,0.4267274022368303
11215,0,0.08999066039874246
11216,0,0.09586539907457976
11217,0,0.11025259501729101
11218,0,0.5610348946180977
11219,0,0.13007695882597625
11220,0,0.5248293627954136
11221,0,0.2834955660281239
11222,0,0.10970695843332551
11223,0,0.18484630557079346
11224,0,0.16122585864475075
11225,0,0.20114893679041435
11226,0,0.15704936343015136
11227,0,0.11107164023835865
11228,1,0.8643867422673964
11229,0,0.33256223978782273
11230,0,0.2868417012500053
11231,0,0.601883172855542
11232,0,0.10028187056836371
11233,0,0.15381320872550586
11234,0,0.2512715974713364
11235,0,0.10344947809685812
11236,0,0.16909572450183594
11237,0,0.12189774194036425
11238,0,0.12291753634341374
11239,0,0.48505918201053533
11240,0,0.14035604915234925
11241,1,0.6851936652230318
11242,0,0.15021270695190814
11243,0,0.15858964621402818
11244,0,0.3325667082216157
11245,0,0.2564215246689644
11246,0,0.5292814108922356
11247,1,0.7647874363704594
11248,1,0.7250099161950135
11249,0,0.1998263320970291
11250,0,0.1005501318045184
11251,0,0.21214583207207582
11252,0,0.11727697620833331
11253,0,0.40254366812377196
11254,0,0.09535282742881905
11255,0,0.2194441104277216
11256,0,0.10470422353264668
11257,0,0.2277618886240802
11258,0,0.15501518578101642
11259,0,0.12174548832552887
11260,0,0.6291699828597339
11261,0,0.18015091634807068
11262,0,0.19896182461615386
11263,0,0.6453316538833352
11264,0,0.12952157865767439
11265,0,0.6457096891705335
11266,0,0.24122173572290864
11267,0,0.21037515896455866
11268,0,0.2606547532389121
11269,0,0.1398717643407304
11270,0,0.2852061163470256
11271,0,0.09922832280135362
11272,0,0.4216560285826125
11273,0,0.18045879471673945
11274,0,0.2020440680027761
11275,0,0.11111691267910585
11276,0,0.5352244858194488
11277,0,0.3537415688340053
11278,0,0.16903842724019713
11279,0,0.26638154900840444
11280,0,0.4713170576677042
11281,0,0.14953379760973312
11282,0,0.11640093088772954
11283,0,0.41613917677646806
11284,0,0.09678290125492456
11285,0,0.46566203610767737
11286,1,0.7359312360031559
11287,0,0.1129243612848979
11288,0,0.09831282970691725
11289,0,0.09587244684997506
11290,0,0.18268131401187593
11291,0,0.11949804761307736
11292,0,0.09580972190422489
11293,0,0.12066279178035572
11294,0,0.32515981887615236
11295,0,0.289309025662098
11296,1,0.6948466220920307
11297,0,0.11758790695130059
11298,0,0.35682291056618815
11299,0,0.11232189907708987
11300,0,0.24298503950744102
11301,0,0.12410716855898385
11302,0,0.4248798333226027
11303,0,0.30650883828387193
11304,0,0.16620882255795513
11305,1,0.763850400545085
11306,0,0.344479357891739
11307,0,0.1553067723671991
11308,0,0.13276326580439066
11309,0,0.12508284210030382
11310,0,0.25452405294194275
11311,0,0.5853367158560041
11312,0,0.1223708943240275
11313,0,0.121211992967725
11314,1,0.7743728020545319
11315,0,0.21697059909461625
11316,0,0.08569351761031425
11317,1,0.793848855658508
11318,0,0.520913871410324
11319,0,0.2563127649805138
11320,0,0.5876503101207562
11321,1,0.8693232989905144
11322,0,0.2804351285258054
11323,0,0.16399718679649225
11324,0,0.11667341630509552
11325,0,0.21545390375144235
11326,0,0.09700013103388468
11327,0,0.09285266707601218
11328,0,0.562292166323784
11329,0,0.6293651831561469
11330,1,0.6631973979898352
11331,1,0.8901547265437391
11332,1,0.8669520696326649
11333,1,0.8349523080381589
11334,0,0.1269956154375583
11335,1,0.8594395459576295
11336,0,0.11832113168015954
11337,0,0.11268865269491787
11338,0,0.47268093603698774
11339,1,0.7832528382755057
11340,1,0.8001015188772674
11341,0,0.1085816326335245
11342,0,0.32479299293266267
11343,0,0.09419214984906471
11344,0,0.0950384208804697
11345,0,0.18524366625311361
11346,0,0.12135098260246761
11347,0,0.2565414709168205
11348,0,0.4411283889400405
11349,1,0.7968209590931645
11350,1,0.8067731947853711
11351,0,0.336751004468943
11352,0,0.16832256067726248
11353,0,0.1069497272167833
11354,0,0.14289024240711448
11355,0,0.1583343731096746
11356,1,0.8671913524135327
11357,0,0.2550170108974982
11358,1,0.8232818865772018
11359,0,0.0972550376836926
11360,0,0.12788327638850788
11361,1,0.8525037536589142
11362,0,0.32800052690970455
11363,0,0.32985772743451947
11364,0,0.13837279109081227
11365,0,0.16118542708394645
11366,0,0.12056213236099148
11367,0,0.32984905826430294
11368,0,0.44726575897877896
11369,0,0.2778098246130733
11370,0,0.2546749970342007
11371,0,0.43378021646505144
11372,0,0.26184451107239265
11373,0,0.4246370601455265
11374,0,0.4020181757734192
11375,0,0.6229003475770204
11376,1,0.7212590946073304
11377,0,0.1266834661582674
11378,0,0.2358951721834277
11379,0,0.09324760221440603
11380,0,0.18326007100168093
11381,0,0.1568479913191534
11382,0,0.4488914320968477
11383,0,0.33102971066495884
11384,0,0.17185804297963303
11385,0,0.345805055498937
11386,0,0.09444276293270866
11387,1,0.7515426563280887
11388,1,0.8634624246389079
11389,0,0.30101988836171134
11390,0,0.4832357019238883
11391,1,0.8099346687628038
11392,0,0.14764042561281443
11393,0,0.12869001747816902
11394,0,0.09691979550014143
11395,0,0.29995628585051987
11396,0,0.23728887578565144
11397,0,0.35838267073768165
11398,0,0.09251652843162488
11399,0,0.5074415323363294
11400,0,0.5192506091622517
11401,0,0.09592695930157147
11402,0,0.46576464219108255
11403,0,0.38067590124971196
11404,1,0.7555248627061679
11405,1,0.8173249545393518
11406,0,0.5957985444270726
11407,0,0.10212145948838681
11408,0,0.3264714363073559
11409,0,0.24207098604855842
11410,0,0.46585821914878595
11411,1,0.7457850951623776
11412,0,0.44601855711010313
11413,0,0.3158362548955122
11414,0,0.16669055242668346
11415,0,0.09730543941706304
11416,0,0.22062564326871545
11417,0,0.22192000324015054
11418,0,0.3158014921936164
11419,0,0.19526066367818906
11420,0,0.09023671967371304
11421,0,0.12802141738698505
11422,0,0.19154744788516972
11423,1,0.7916579669839868
11424,1,0.6966715597272196
11425,0,0.3770061465015852
11426,0,0.12125239494488362
11427,0,0.203509735515191
11428,1,0.7307192419602375
11429,0,0.1259356118188329
11430,0,0.2617055427024543
11431,0,0.32800052690970455
11432,0,0.4951842799327735
11433,0,0.2365630948384219
11434,1,0.8135464766825827
11435,0,0.3499898131420054
11436,0,0.32800052690970455
11437,1,0.8866892141907234
11438,1,0.7653423863466825
11439,0,0.10223032939955123
11440,1,0.7916733548853341
11441,0,0.39280186493515806
11442,0,0.5975642902001279
11443,0,0.39119498567020367
11444,0,0.35408740163833824
11445,0,0.10302083376764079
11446,0,0.1926909885629677
11447,1,0.8022136707000002
11448,0,0.19233648895195732
11449,0,0.5976171122310848
11450,1,0.8657611033753366
11451,0,0.32800052690970455
11452,0,0.0982911072341557
11453,1,0.7596442814711126
11454,1,0.7365802679081387
11455,1,0.8846019674023803
11456,0,0.10229923168445765
11457,0,0.6459556959319996
11458,0,0.14857096124228777
11459,1,0.7013101467346361
11460,0,0.17729350700544688
11461,0,0.6368935035664101
11462,0,0.17868403393189436
11463,0,0.1776402495848673
11464,0,0.4003587584516031
11465,0,0.270051115542015
11466,0,0.35266384154238095
11467,0,0.20508924505464954
11468,0,0.2470715935344554
11469,0,0.36255673821601836
11470,1,0.8376224773789629
11471,1,0.8454661400629374
11472,1,0.6941367251908629
11473,1,0.8584883683414383
11474,0,0.32271750718641923
11475,0,0.3232735073105644
11476,1,0.781921937058877
11477,0,0.13527842243056748
11478,1,0.7569139256438041
11479,0,0.10818243234166755
11480,1,0.855804113697874
11481,1,0.6848729231924883
11482,0,0.13139903623654545
11483,0,0.19692968981094874
11484,0,0.09731114908024735
11485,0,0.11944538312706063
11486,0,0.10471611344072713
11487,0,0.5396234431881062
11488,0,0.15970405098751347
11489,0,0.16538446490036776
11490,0,0.4441551203417648
11491,0,0.17511975278437672
11492,1,0.6887549067727198
11493,0,0.12424182711336731
11494,0,0.4937409436549125
11495,0,0.17694720982991238
11496,0,0.57363323894219
11497,0,0.6033085891629719
11498,0,0.20429669780454432
11499,0,0.19260733922983572
11500,0,0.12125239494488362
11501,0,0.31249744160333787
11502,0,0.35542925168590206
11503,0,0.30126901724596294
11504,0,0.11247472039178713
11505,0,0.23962517407949555
11506,0,0.12745279733674006
11507,1,0.8759017623748484
11508,0,0.15483194557534735
11509,0,0.11878427688863866
11510,1,0.776206127287157
11511,1,0.8705675993153997
11512,1,0.8487681969727474
11513,0,0.11931791387231248
11514,1,0.7531574057434365
11515,0,0.47187891962672723
11516,0,0.15305288625055272
11517,0,0.24401807616978316
11518,0,0.14728119724389097
11519,0,0.49809875187682334
11520,0,0.11842172388308948
11521,1,0.8518709749158745
11522,0,0.3327633513790255
11523,0,0.10570723554150224
11524,0,0.13546591991865103
11525,0,0.5014003620908425
11526,0,0.3355408267767231
11527,0,0.09287967229573219
11528,0,0.26016025359550926
11529,0,0.2857749135951507
11530,0,0.19560164450955564
11531,0,0.19665670892236833
11532,1,0.8090182696590285
11533,0,0.1279832183779807
11534,0,0.20152037707046924
11535,0,0.12498618083444289
11536,0,0.32775560490266975
11537,0,0.3188421165117104
11538,0,0.12481459843786857
11539,1,0.7738881497044168
11540,0,0.40348917816625696
11541,0,0.09454334087487916
11542,0,0.19211112583015297
11543,0,0.2336299032333722
11544,0,0.4641614531006751
11545,0,0.0943001871639268
11546,0,0.10983313752885024
11547,0,0.09727510693489715
11548,0,0.23486178170426336
11549,1,0.8892142355006715
11550,0,0.24921798712577659
11551,0,0.3836707419154082
11552,0,0.10131707916031603
11553,0,0.1114545909051566
11554,0,0.09313413462134239
11555,0,0.12324160822620371
11556,0,0.09291279434824562
11557,0,0.3755361587372858
11558,0,0.3482840954624964
11559,0,0.0964761141469106
11560,0,0.42127628944405554
11561,0,0.2071644705831415
11562,0,0.23209544263828247
11563,0,0.2326025102021995
11564,0,0.32800052690970455
11565,1,0.8113515535295599
11566,0,0.14855982449973565
11567,0,0.47998972963962827
11568,0,0.45110493934302187
11569,0,0.5134558379586691
11570,0,0.5806883828589433
11571,0,0.547995362888428
11572,0,0.13545710152146268
11573,0,0.3654819988163343
11574,0,0.3329088495126094
11575,0,0.43707235660864946
11576,0,0.11896249076400728
11577,0,0.12788786476219013
11578,0,0.6403322717692546
11579,0,0.19026102817480045
11580,0,0.11681628280972843
11581,0,0.12537936053138604
11582,0,0.1339290330455521
11583,0,0.22308550712738695
11584,1,0.740988094723482
11585,0,0.31830312633337804
11586,0,0.6203392101073049
11587,0,0.1274256231971079
11588,0,0.26156563614205885
11589,0,0.11620987475648359
11590,0,0.5177151855280695
11591,0,0.12530812041393694
11592,0,0.4967548571512641
11593,0,0.12135964914525528
11594,0,0.3380045445377473
11595,0,0.1228261980097079
11596,0,0.1134742146696326
11597,0,0.2938504544128891
11598,0,0.5812761205717267
11599,0,0.2740692739472052
11600,0,0.1588738675194714
11601,0,0.16131788234316388
11602,0,0.31019264260936874
11603,0,0.12623740775039846
11604,0,0.2146126833032275
11605,1,0.8816981446631347
11606,0,0.17239240488352375
11607,1,0.767180352053619
11608,0,0.17404577385317008
11609,0,0.5656467991957356
11610,0,0.12109406592315891
11611,0,0.18276075679193204
11612,0,0.10925901983541092
11613,0,0.1335110863570694
11614,1,0.8223637875823252
11615,0,0.12895371862573518
11616,1,0.8345892081950345
11617,0,0.5099841012640236
11618,0,0.5193728301357547
11619,0,0.1383827372359072
11620,0,0.09398688281071634
11621,0,0.40431988113319534
11622,0,0.3547722298427917
11623,0,0.5159310204511515
11624,0,0.14132377062539386
11625,0,0.18180567412376353
11626,0,0.13351412882899294
11627,0,0.528222432571553
11628,0,0.5484371210189833
11629,1,0.6881561820772851
11630,0,0.09396501186134557
11631,0,0.27630073232465385
11632,0,0.19171973609667256
11633,0,0.6036194649884171
11634,0,0.2581303759052775
11635,0,0.6326573776483009
11636,0,0.14745663598611486
11637,0,0.13026593454318375
11638,0,0.28686296819570384
11639,0,0.6374887536882443
11640,0,0.09950529067271562
11641,0,0.42305626250111816
11642,0,0.22160625047440874
11643,1,0.8698681552725841
11644,1,0.8555251050207108
11645,1,0.885916948591344
11646,0,0.5395599307442267
11647,1,0.8482676545854263
11648,1,0.755949473417163
11649,0,0.5241092422782294
11650,0,0.38869311265920137
11651,1,0.7129022429749139
11652,1,0.7934885508840303
11653,0,0.13601652480843282
11654,0,0.12773011612370874
11655,0,0.2857749135951507
11656,0,0.09439928345101753
11657,0,0.46027572857606464
11658,1,0.8830241874764926
11659,1,0.6640042266009006
11660,0,0.47141314123805117
11661,0,0.17232986719085067
11662,0,0.12434148468083597
11663,0,0.18597103227142384
11664,0,0.336758708312413
11665,0,0.1009436606815511
11666,0,0.28591040940717977
11667,0,0.2688087213676763
11668,0,0.09483950138881139
11669,0,0.6053779631786842
11670,0,0.5424298589782173
11671,0,0.14069515659207954
11672,0,0.39663321080692315
11673,0,0.2510182857637728
11674,0,0.10607867617658072
11675,1,0.8584907302054445
11676,0,0.1322440316188741
11677,0,0.42320894719129865
11678,1,0.8112813583814722
11679,0,0.4522450560091356
11680,0,0.4243472357926467
11681,0,0.33529779691577916
11682,0,0.14002862639432065
11683,0,0.19150321080937666
11684,0,0.0937839083064796
11685,1,0.8362295755078117
11686,0,0.6246161949617814
11687,0,0.23923151128138828
11688,0,0.6062141074347267
11689,0,0.2561847750708523
11690,0,0.32730382888925663
11691,0,0.11634362144463778
11692,0,0.5173343013078189
11693,0,0.12008435269738235
11694,1,0.7894239676191223
11695,0,0.487949687508619
11696,0,0.21850337778168644
11697,0,0.37207364259454334
11698,0,0.30254166572576385
11699,0,0.22781181285841903
11700,1,0.8705326786688454
11701,0,0.09313464578919893
11702,0,0.32800052690970455
11703,1,0.8594571068195314
11704,0,0.11736017220088589
11705,0,0.614894125379399
11706,1,0.8638783142236229
11707,1,0.6685518047474939
11708,0,0.1512368658007048
11709,0,0.09472674286786784
11710,1,0.6605541945130978
11711,0,0.30771367429233504
11712,0,0.4243622771437284
11713,0,0.28189134719194786
11714,0,0.11015853958229978
11715,0,0.49387948469525317
11716,0,0.10800984510532716
11717,0,0.24063077306770916
11718,0,0.1196191964159809
11719,0,0.1487986467105077
11720,0,0.2594331076228936
11721,0,0.10970316054553442
11722,1,0.88811838644469
11723,1,0.7541447500114238
11724,0,0.4462868491859084
11725,0,0.3987588907862546
11726,1,0.6723464900505037
11727,0,0.16606385768662515
11728,0,0.6097236335432653
11729,0,0.13636495240350494
11730,0,0.25487101518408595
11731,1,0.7464648801504808
11732,0,0.4142091056693769
11733,1,0.8737793325405947
11734,0,0.4188599195719946
11735,0,0.11549177760372119
11736,0,0.217292788208184
11737,0,0.14459430184919012
11738,0,0.217137762319928
11739,0,0.1861355481810614
11740,0,0.4018708519113447
11741,0,0.5934868317960686
11742,0,0.5858349532792164
11743,1,0.7521715573759865
11744,0,0.2889015426743341
11745,0,0.10843361747580134
11746,0,0.19188823823816364
11747,0,0.09482248992577584
11748,1,0.6781345640512282
11749,0,0.32800052690970455
11750,1,0.719575009756554
11751,0,0.11207333693087415
11752,0,0.09992676656199549
11753,0,0.32800052690970455
11754,0,0.41942729334287476
11755,0,0.12101723617440734
11756,0,0.23840371210403702
11757,0,0.4785349486708451
11758,0,0.1558694015332115
11759,0,0.09376836071974133
11760,0,0.09253969334264583
11761,0,0.1221348592962132
11762,0,0.14187626418316157
11763,0,0.14113464045269333
11764,1,0.7115793778294185
11765,0,0.11945921951270262
11766,0,0.6302886364387114
11767,0,0.16369017278440778
11768,0,0.5908031152627621
11769,0,0.32800052690970455
11770,1,0.8250707301202642
11771,0,0.14087663674882206
11772,0,0.3221848315250516
11773,0,0.10259670545290621
11774,0,0.3956511771243932
11775,0,0.14522453801564977
11776,1,0.678608567301762
11777,0,0.20951786382867718
11778,1,0.6691826784258238
11779,0,0.14897987605525242
11780,0,0.09244160135932473
11781,0,0.1503838210571151
11782,0,0.18599737591766563
11783,0,0.0988847314797273
11784,0,0.4390234693595054
11785,0,0.4799807621480209
11786,0,0.17927474429253093
11787,0,0.2583476973250432
11788,0,0.1362443792270647
11789,0,0.5966966081752009
11790,0,0.15126127664193711
11791,0,0.33383869833659807
11792,0,0.2736844506572627
11793,0,0.444967074028833
11794,0,0.19205212760916024
11795,0,0.1898649663500001
11796,1,0.8856312876724451
11797,1,0.8829346159428945
11798,0,0.12105376814700997
11799,1,0.8107116810867669
11800,0,0.2095678094603197
11801,0,0.6312276560540712
11802,1,0.6846370649271237
11803,1,0.732254940476023
11804,0,0.09717231174609745
11805,0,0.14068123005972658
11806,1,0.6987555316975035
11807,0,0.46002069398796225
11808,1,0.7713474891582571
11809,0,0.5053143093737141
11810,0,0.161301242204756
11811,0,0.09533532451086635
11812,0,0.34109852736455004
11813,0,0.14439246085224902
11814,0,0.3031469899726771
11815,1,0.8187136385272477
11816,0,0.2908652157909569
11817,0,0.6102863407167801
11818,1,0.8721726317222658
11819,0,0.2086668766318262
11820,0,0.10992914560382043
11821,0,0.36145017540720337
11822,0,0.30607399521433903
11823,0,0.13149467889636401
11824,0,0.10233155113421888
11825,0,0.15128093637574544
11826,0,0.4535048552805064
11827,0,0.35162863501575264
11828,0,0.41331626400708915
11829,1,0.6914443147804432
11830,0,0.5929505576564118
11831,0,0.1258338644704806
11832,0,0.14267211627668658
11833,0,0.10399110475011038
11834,0,0.09487309648291399
11835,0,0.2884917823376242
11836,0,0.36614262431901257
11837,0,0.5386697545382557
11838,0,0.20190253984263243
11839,0,0.3000917997028324
11840,0,0.5547874442821572
11841,0,0.5748172536908427
11842,0,0.13139105735257645
11843,0,0.2652796726582565
11844,0,0.13031687615278698
11845,0,0.10632747614861439
11846,1,0.7968209590931645
11847,0,0.10857153563947093
11848,0,0.09289134675645244
11849,1,0.72247340529346
11850,0,0.2519519966590335
11851,1,0.8613897209073799
11852,0,0.12959518906057163
11853,0,0.22973809907709505
11854,0,0.5134552739032523
11855,0,0.18099995289914797
11856,1,0.8791902925741818
11857,0,0.1700010292476927
11858,1,0.8444860555575897
11859,0,0.22973809907709505
11860,0,0.28391920729148445
11861,0,0.116934856581577
11862,1,0.666092102678583
11863,0,0.09564429209799474
11864,0,0.32441068574124543
11865,0,0.09730025652603702
11866,0,0.1115766484233132
11867,0,0.0955353071760242
11868,0,0.15307325490756238
11869,0,0.29179570701403584
11870,0,0.13036300910342158
11871,0,0.195349277897258
11872,0,0.2079160521547112
11873,0,0.14291831119880719
11874,0,0.09827197811903492
11875,0,0.14908787507150564
11876,0,0.24359884264956927
11877,0,0.3084621447237075
11878,1,0.7583708767829632
11879,0,0.08632099914265104
11880,0,0.2654562666514626
11881,1,0.7648816202719944
11882,0,0.10455464811049146
11883,1,0.7172664185950426
11884,0,0.6490578745823453
11885,0,0.1256829314406073
11886,0,0.17555144798622646
11887,0,0.40343750270544165
11888,0,0.45314754672520213
11889,0,0.5965737387606249
11890,0,0.32800052690970455
11891,0,0.12983830466678536
11892,0,0.25514293406345917
11893,0,0.10364743737432214
11894,0,0.4283925890968675
11895,0,0.30623882428555116
11896,0,0.14601412364537808
11897,0,0.11906620907982066
11898,0,0.37427441557697033
11899,0,0.09456946470633985
11900,0,0.28529208946189166
11901,0,0.5983550026868726
11902,0,0.31772336207108726
11903,0,0.30348482878424515
11904,0,0.3797053906611736
11905,1,0.729383558290546
11906,0,0.11813524734099373
11907,1,0.8786232552097551
11908,1,0.6562673783009566
11909,1,0.7253631610203999
11910,1,0.8367232864538408
11911,0,0.4684606867692454
11912,0,0.12975206648095464
11913,0,0.13305185171181255
11914,0,0.09746218557464617
11915,0,0.1696025946926717
11916,0,0.5431183857959491
11917,0,0.3768612729945578
11918,0,0.203509735515191
11919,0,0.18416525310781112
11920,1,0.8327199879338715
11921,0,0.09659161065034179
11922,0,0.25728037482652605
11923,0,0.12901052364256393
11924,0,0.34036627435437605
11925,1,0.8707134803895006
11926,0,0.14411071335591832
11927,0,0.17245217311112887
11928,1,0.8668956054222152
11929,0,0.17903680345028325
11930,0,0.36159924429308304
11931,0,0.08547862984661188
11932,0,0.18478413322118864
11933,0,0.27056841805102855
11934,0,0.1511413941479445
11935,0,0.11295988496494738
11936,0,0.6095399363448529
11937,1,0.8462215141832274
11938,0,0.4480913670710672
11939,1,0.8493664249958849
11940,0,0.13799937694792444
11941,1,0.7662114110817023
11942,0,0.11099977143253685
11943,1,0.8522227671265113
11944,0,0.21214583207207582
11945,0,0.30562439735404207
11946,0,0.10592363435690905
11947,0,0.12005382032550997
11948,0,0.280348777153724
11949,0,0.2049228884735916
11950,0,0.20019297708562675
11951,0,0.11536828984141616
11952,0,0.14305532049864858
11953,0,0.12927539892370804
11954,0,0.117408619181565
11955,0,0.12730771393328272
11956,0,0.32129114907096556
11957,0,0.19853922293291093
11958,0,0.5007885424768541
11959,0,0.14729374840040416
11960,0,0.3628896446379628
11961,0,0.10073465110155379
11962,1,0.7226352200473999
11963,0,0.6480588959229172
11964,0,0.5796171800027107
11965,0,0.4037171856733133
11966,0,0.4929114166386099
11967,0,0.2695720624971706
11968,0,0.4463132642075691
11969,0,0.5139559006186647
11970,0,0.6081676521103978
11971,1,0.8465542508984496
11972,0,0.5374792281945782
11973,0,0.26379285183598833
11974,0,0.4527692663305768
11975,0,0.38627871663329116
11976,0,0.09859095139061942
11977,1,0.8900417070364187
11978,0,0.39290727724384805
11979,0,0.0931119485450193
11980,1,0.8753551779130985
11981,0,0.30101163401939834
11982,0,0.11749185862833735
11983,0,0.19857777578144256
11984,0,0.38184468496711677
11985,0,0.425295784119852
11986,0,0.11821846296980894
11987,0,0.20869147055685627
11988,0,0.3708119527809942
11989,0,0.15246223372093962
11990,0,0.12417248580086068
11991,1,0.8231016554472692
11992,0,0.11339809229238745
11993,0,0.18517784417977723
11994,0,0.12075351823299989
11995,0,0.4775585388344215
11996,0,0.22544366258753795
11997,0,0.12067378551215781
11998,0,0.19816594521368594
11999,1,0.8060491456494085
12000,0,0.17505883510284406
12001,1,0.7520392796758104
12002,0,0.17526754988240395
12003,0,0.5840729556009139
12004,0,0.25329580236227905
12005,0,0.5005604702196128
12006,0,0.08991350677829811
12007,0,0.09600495293368522
12008,0,0.11964043732722206
12009,0,0.316105359121132
12010,0,0.12109326393526287
12011,0,0.137057148707019
12012,0,0.4548085301479916
12013,0,0.5074172587337494
12014,1,0.8596752389245378
12015,0,0.4162592134523692
12016,0,0.17247420878518135
12017,0,0.12920024543669464
12018,0,0.0973780640389319
12019,0,0.36651260587132795
12020,0,0.24771887904469014
12021,0,0.13682874700937675
12022,0,0.13632518696691603
12023,1,0.6939619405122278
12024,0,0.17201068657518656
12025,0,0.31743451863206146
12026,0,0.3397668621777928
12027,0,0.32802932507788624
12028,0,0.2960207432014524
12029,0,0.15849175059257226
12030,0,0.1726014137752336
12031,1,0.877936146883665
